ESTU_CONSECUTIVO,PUNT_GLOBAL_PREDIC
EK202310003556,138.3
EK202310170625,164.7
EK202310167359,167.9
EK202310118370,130.3
EK202320006361,144.1
EK202310003542,132.55
EK202310125266,142.1
EK202310144740,134.25
EK202310137443,133.6
EK202310159067,149.7
EK202310245067,134.65
EK202310240556,127.1
EK202310166743,136.2
EK202310247454,137.9
EK202310215702,155.5
EK202310142190,164.75
EK202310205417,137.0
EK202310119601,135.05
EK202310190356,129.25
EK202310158758,136.55
EK202310145496,133.75
EK202310164763,152.3
EK202310200188,137.05
EK202310238803,178.2
EK202320005607,156.4
EK202310225681,142.25
EK202310127174,128.4
EK202310204317,158.85
EK202310179355,123.5
EK202310176524,152.8
EK202310237228,133.8
EK202310172549,169.95
EK202310168863,140.45
EK202310185904,157.45
EK202310133615,161.1
EK202310122063,130.5
EK202310121770,140.45
EK202310125590,137.2
EK202310172269,144.1
EK202310147894,136.35
EK202310137986,132.2
EK202310150838,148.3
EK202310104915,119.85
EK202310170090,136.35
EK202310165637,129.75
EK202310134467,126.75
EK202310182637,177.45
EK202310112116,161.0
EK202310241220,164.45
EK202310103801,150.5
EK202310177448,121.35
EK202310157860,175.6
EK202310211985,135.8
EK202310232907,137.55
EK202310162917,150.25
EK202310211786,129.3
EK202310132171,145.15
EK202310153694,149.35
EK202310174960,154.7
EK202310121096,131.35
EK202310222475,126.2
EK202310146254,143.55
EK202310111466,130.2
EK202310004385,168.2
EK202310108961,130.6
EK202310203170,133.85
EK202310161424,154.8
EK202310206583,144.45
EK202310138840,125.55
EK202310221976,139.05
EK202310143972,148.35
EK202310175420,138.65
EK202310227655,142.1
EK202310163389,140.3
EK202310239480,143.7
EK202310146467,146.6
EK202310162597,146.35
EK202310194862,130.35
EK202310152448,150.6
EK202310245431,145.55
EK202310206822,179.95
EK202310166559,163.15
EK202310221701,144.35
EK202310231403,134.6
EK202310156027,130.35
EK202310135956,132.75
EK202310183176,125.1
EK202310206055,183.05
EK202310167360,132.65
EK202310142701,135.2
EK202310156629,176.8
EK202310241352,145.2
EK202310123587,149.4
EK202310003639,139.8
EK202310158269,132.8
EK202320007090,134.95
EK202310111707,136.1
EK202310104096,141.65
EK202310235404,126.1
EK202310108783,135.3
EK202310116298,131.25
EK202310156281,169.45
EK202310164483,136.2
EK202310108212,120.4
EK202310233950,141.45
EK202310157041,145.85
EK202310104522,126.75
EK202310175972,153.4
EK202310225965,130.15
EK202310138403,132.25
EK202310234452,121.35
EK202310104614,137.9
EK202310117970,145.3
EK202310128727,126.4
EK202310190230,132.75
EK202310201465,158.6
EK202310197534,176.35
EK202310171846,128.2
EK202310193751,157.75
EK202310242967,138.3
EK202310112852,153.0
EK202310132804,123.05
EK202310127612,138.35
EK202310136082,172.9
EK202310186665,153.45
EK202310156519,129.85
EK202310108430,138.3
EK202310164930,145.8
EK202310153971,160.1
EK202310129412,136.1
EK202310124383,140.85
EK202310215858,145.95
EK202310104131,148.95
EK202310185040,150.6
EK202310119251,141.2
EK202310191724,153.0
EK202310149922,128.25
EK202310176193,128.6
EK202310204311,150.4
EK202310248324,154.7
EK202310120496,130.9
EK202310233548,132.15
EK202310219178,138.6
EK202310114723,132.8
EK202310185832,177.2
EK202310106587,171.9
EK202310239252,141.3
EK202310208710,132.15
EK202310244056,131.15
EK202310223702,133.0
EK202310236969,130.35
EK202310196070,136.65
EK202310227710,135.75
EK202310119702,143.6
EK202310143351,152.15
EK202310144967,143.7
EK202310207097,139.75
EK202310193281,134.55
EK202310223068,128.85
EK202310158743,116.6
EK202310142353,143.8
EK202310154024,179.1
EK202310136326,133.05
EK202320006526,146.9
EK202310240160,145.95
EK202310230270,137.3
EK202310209591,130.75
EK202310201937,148.15
EK202310138686,138.25
EK202310125946,145.5
EK202310112949,130.8
EK202310128660,175.45
EK202310223565,138.8
EK202310155372,159.4
EK202310229467,139.2
EK202310232289,141.7
EK202310142439,152.6
EK202310128595,142.95
EK202310228661,129.5
EK202310220811,132.3
EK202310104677,170.55
EK202310108708,143.2
EK202310235044,133.55
EK202310141363,139.25
EK202310174855,141.95
EK202310154755,137.6
EK202310157326,135.0
EK202310228659,139.45
EK202310215026,161.7
EK202310177129,141.15
EK202310178830,175.35
EK202310222959,122.5
EK202320007347,138.65
EK202310153807,164.4
EK202310165563,145.4
EK202310240070,112.75
EK202310171642,128.75
EK202310221419,133.7
EK202310210258,139.4
EK202310108225,140.3
EK202310156515,143.25
EK202320006021,172.3
EK202310214746,147.6
EK202310166648,126.6
EK202310243041,144.1
EK202310227731,127.7
EK202310118513,124.95
EK202310240129,146.05
EK202310140813,130.95
EK202310181628,139.25
EK202310126085,124.4
EK202310246101,142.6
EK202310113312,141.5
EK202310217968,132.8
EK202310213114,133.55
EK202310219800,142.55
EK202310184495,158.6
EK202310119316,135.65
EK202310180007,148.9
EK202310199156,137.55
EK202310177234,139.75
EK202310226743,141.15
EK202310189141,142.6
EK202320006005,150.25
EK202310227823,134.7
EK202310174022,162.0
EK202310134374,136.55
EK202310200180,126.15
EK202310161433,143.9
EK202310121700,139.9
EK202310237451,134.0
EK202310192827,137.95
EK202310160428,162.15
EK202310205223,123.65
EK202310111659,161.2
EK202310218773,140.25
EK202310161247,137.55
EK202310109618,140.05
EK202310155619,142.9
EK202310135096,159.65
EK202310188704,152.9
EK202310198311,170.2
EK202310138345,131.8
EK202310187653,149.55
EK202310223676,163.85
EK202310165688,130.2
EK202310104779,134.55
EK202320007241,151.85
EK202310247012,120.65
EK202310115649,132.35
EK202310158687,136.4
EK202310139898,142.05
EK202310183012,149.1
EK202310189323,170.65
EK202310236084,138.25
EK202310187745,158.7
EK202310213754,146.5
EK202310207691,141.25
EK202310213360,128.5
EK202310134511,144.25
EK202310162421,147.55
EK202310137854,125.3
EK202310150901,141.4
EK202310114810,136.05
EK202310110564,141.2
EK202310188498,121.1
EK202310122137,131.4
EK202310234827,137.3
EK202310123845,155.8
EK202310117679,132.3
EK202310226733,136.8
EK202310146806,136.1
EK202310186532,144.1
EK202310198523,127.35
EK202310169242,134.95
EK202310189605,157.65
EK202310177460,128.8
EK202310156053,158.1
EK202310138997,153.65
EK202310231114,136.0
EK202310147763,141.75
EK202310119709,149.05
EK202310121129,144.25
EK202310137901,139.6
EK202310144077,144.65
EK202310110337,129.6
EK202310184408,135.05
EK202310215841,123.85
EK202310157214,163.2
EK202310193140,136.4
EK202310216105,142.95
EK202310246420,121.35
EK202310118424,132.95
EK202310144290,137.6
EK202310236171,136.5
EK202310161913,149.1
EK202310116195,152.65
EK202310140252,141.55
EK202310238025,139.7
EK202310146861,125.0
EK202310125756,133.55
EK202310211082,136.65
EK202310202590,128.55
EK202310212292,138.35
EK202310151188,141.45
EK202310186431,158.85
EK202310197054,137.3
EK202310229535,132.3
EK202310237693,123.15
EK202310127899,141.65
EK202310125513,134.35
EK202310143417,165.9
EK202310114922,135.6
EK202310185011,151.0
EK202310157380,147.2
EK202310242841,139.2
EK202310128764,125.95
EK202310160302,135.45
EK202310132265,128.55
EK202310142152,135.8
EK202310184138,141.85
EK202310218922,165.35
EK202310105732,132.25
EK202310202421,126.95
EK202310204745,144.45
EK202310231651,132.0
EK202310206373,146.25
EK202310231327,137.1
EK202310129440,136.15
EK202310229405,139.95
EK202310233561,128.6
EK202310141433,139.7
EK202310164651,144.95
EK202310201935,128.15
EK202310184574,123.4
EK202310223915,154.3
EK202310200908,150.4
EK202310128941,146.6
EK202310186952,140.5
EK202310193974,157.45
EK202310169879,170.0
EK202310172093,133.7
EK202310184529,128.5
EK202310230089,141.85
EK202310181118,159.9
EK202310204225,144.4
EK202310112100,161.2
EK202310222373,161.3
EK202310182126,149.65
EK202310169072,146.4
EK202310203100,160.15
EK202310228065,155.9
EK202310003374,130.45
EK202310231993,144.8
EK202310166999,135.35
EK202310113561,158.55
EK202310150384,149.45
EK202310204151,134.0
EK202310243179,151.85
EK202310229664,145.8
EK202310214850,139.9
EK202310203348,150.7
EK202310146725,135.8
EK202310134763,137.45
EK202310145729,158.3
EK202310246535,138.75
EK202310141577,134.0
EK202310216160,124.25
EK202310116782,132.85
EK202310211327,144.15
EK202310204090,157.7
EK202310175898,158.05
EK202310226259,132.05
EK202310151274,148.4
EK202310154215,142.8
EK202310174277,149.15
EK202320006496,147.45
EK202310141969,148.15
EK202320005622,131.45
EK202310157093,160.15
EK202310139909,125.25
EK202310209908,152.95
EK202310218730,137.75
EK202310229718,139.3
EK202310111615,148.55
EK202310138168,127.8
EK202310162118,144.05
EK202310164185,137.55
EK202310123341,142.55
EK202310154152,133.9
EK202310169662,142.05
EK202310195289,146.65
EK202310247758,171.85
EK202310223580,136.6
EK202310104690,148.35
EK202310234439,127.3
EK202310225052,167.25
EK202310139674,163.85
EK202310186662,137.2
EK202310198339,146.5
EK202310219978,142.35
EK202310205279,141.65
EK202310241147,152.0
EK202310225981,151.45
EK202310168112,130.9
EK202310226106,139.15
EK202310116095,137.1
EK202310114593,136.35
EK202310175636,130.75
EK202310117905,142.1
EK202310200614,153.35
EK202310137390,138.3
EK202310196458,152.45
EK202310212839,152.25
EK202310149449,144.45
EK202310172721,140.45
EK202310133382,127.1
EK202310171991,161.8
EK202310178147,144.85
EK202310210822,125.5
EK202310169958,138.65
EK202310216612,132.9
EK202310190351,139.35
EK202310128333,128.25
EK202310156052,142.3
EK202310207300,136.35
EK202310148098,140.95
EK202310236834,139.95
EK202310206502,125.0
EK202310232490,143.15
EK202310115920,132.05
EK202310155557,133.05
EK202310118792,163.3
EK202310213449,140.95
EK202310157956,146.35
EK202310202461,148.2
EK202310210080,174.1
EK202310123713,125.75
EK202310138636,141.45
EK202310197194,135.35
EK202310136131,176.0
EK202310194280,132.05
EK202310144073,167.5
EK202310196767,158.65
EK202310152659,125.85
EK202310119318,139.5
EK202310175079,147.1
EK202310246973,137.85
EK202310177069,138.4
EK202310228915,146.25
EK202310237967,143.6
EK202310004766,150.1
EK202310197580,193.5
EK202310163370,142.2
EK202310126258,129.95
EK202320006245,138.9
EK202310214455,134.2
EK202310225077,168.6
EK202310121345,122.95
EK202310118753,117.15
EK202310209148,140.65
EK202310235651,127.95
EK202310195584,161.15
EK202310131541,142.05
EK202310167958,138.95
EK202310232848,128.8
EK202310112373,142.3
EK202310247588,165.65
EK202310124781,134.2
EK202310187345,173.65
EK202310117200,148.25
EK202310103838,130.85
EK202310123310,149.7
EK202310193567,148.75
EK202310176987,151.8
EK202310217483,128.55
EK202310219653,139.95
EK202310189258,146.95
EK202310213235,144.45
EK202310148485,141.65
EK202310243846,140.25
EK202310157685,142.9
EK202310228217,171.45
EK202310167414,156.35
EK202310116553,139.3
EK202310154306,146.35
EK202310218246,150.45
EK202310214924,146.3
EK202310124301,120.05
EK202310132969,121.45
EK202310116665,140.75
EK202310126109,152.4
EK202310246626,143.1
EK202310165655,125.6
EK202310222900,139.7
EK202310183920,156.3
EK202310188655,127.5
EK202310140837,134.15
EK202310110105,119.35
EK202310166926,171.95
EK202310222571,140.5
EK202310130862,148.5
EK202310159918,142.9
EK202310191732,154.9
EK202310154430,150.0
EK202310209379,131.75
EK202310242826,154.85
EK202310127621,139.65
EK202310144269,141.05
EK202310168554,169.45
EK202310225096,134.4
EK202310004191,130.8
EK202310198832,142.65
EK202310166122,162.95
EK202310197812,190.85
EK202310173577,135.45
EK202310107780,134.4
EK202310200080,152.75
EK202310244832,160.6
EK202310153701,159.4
EK202310248897,160.0
EK202310238758,145.65
EK202310180956,165.6
EK202310133597,173.65
EK202310165926,143.6
EK202310113563,160.3
EK202310219177,153.9
EK202310215546,164.65
EK202310239803,125.85
EK202310170081,116.6
EK202310206625,127.0
EK202310104069,137.7
EK202310186393,164.95
EK202310173267,137.8
EK202310110426,139.1
EK202310164765,138.75
EK202310158220,134.05
EK202310168816,152.9
EK202310204071,147.2
EK202310157259,138.55
EK202310156843,135.5
EK202310223529,139.3
EK202310149961,143.25
EK202310108241,135.45
EK202310168245,150.65
EK202310191021,148.35
EK202310165776,143.2
EK202310172874,126.85
EK202310163779,135.85
EK202310188731,142.3
EK202310105850,139.8
EK202310129025,161.85
EK202310122251,122.9
EK202310233739,131.75
EK202310145467,134.15
EK202310125541,131.75
EK202310128736,123.75
EK202310157339,158.5
EK202310204674,178.75
EK202310199931,132.45
EK202310159776,148.8
EK202310233618,157.95
EK202310209554,155.6
EK202310147590,135.6
EK202310233558,125.75
EK202310141475,142.35
EK202310192184,145.45
EK202310121465,128.25
EK202310144674,163.7
EK202310225145,155.5
EK202310211862,134.4
EK202310218476,125.85
EK202310227106,179.25
EK202310184475,133.4
EK202310132027,137.6
EK202310134826,135.55
EK202310182784,155.2
EK202310236142,136.6
EK202310215997,166.35
EK202310218885,156.05
EK202310189497,147.3
EK202310242392,140.35
EK202310139831,130.25
EK202310159899,120.8
EK202320007536,141.75
EK202310205864,138.25
EK202310205412,150.35
EK202310178623,140.1
EK202310144137,133.35
EK202310156851,158.05
EK202310200692,138.9
EK202310221442,148.6
EK202310225402,153.3
EK202310128314,159.75
EK202310135585,142.0
EK202310230304,168.85
EK202310106564,156.3
EK202310195276,122.45
EK202310168561,144.45
EK202310238035,147.2
EK202310210412,133.75
EK202310193015,132.7
EK202310160429,174.25
EK202310203227,140.1
EK202310144260,128.55
EK202310231994,135.1
EK202310169556,147.65
EK202310112231,145.5
EK202310179305,136.8
EK202310111693,121.95
EK202310163778,136.75
EK202310197562,154.9
EK202310147780,142.85
EK202310165497,178.2
EK202310191527,135.7
EK202310106149,140.05
EK202310179787,127.3
EK202310247018,155.1
EK202310177578,152.95
EK202310138872,178.3
EK202310204378,142.05
EK202310146296,132.5
EK202310110160,147.55
EK202310179095,158.8
EK202310220481,127.0
EK202310227227,144.65
EK202310234336,164.15
EK202310145809,126.95
EK202310209306,161.4
EK202310225649,125.85
EK202310226704,146.0
EK202310157072,153.6
EK202310121530,139.05
EK202310165600,129.45
EK202310197233,138.85
EK202310184332,127.0
EK202310143743,141.95
EK202310154640,155.45
EK202310158286,134.6
EK202310123880,148.5
EK202310182423,163.55
EK202310124053,127.3
EK202310206144,124.8
EK202310140890,143.0
EK202310127015,135.0
EK202310134941,149.05
EK202310119304,130.3
EK202310212796,142.4
EK202310108377,126.5
EK202310174180,137.25
EK202310239157,146.2
EK202310216632,134.6
EK202310172285,139.3
EK202310150279,162.0
EK202310186491,128.8
EK202310197932,156.15
EK202310120172,143.75
EK202310216664,157.5
EK202320006884,161.2
EK202310178918,143.7
EK202310144935,142.8
EK202310141510,142.5
EK202310216762,132.35
EK202310106406,130.9
EK202310111996,120.1
EK202310208681,152.8
EK202310226247,129.85
EK202310113253,159.05
EK202310122999,159.8
EK202310155079,138.55
EK202310160222,134.65
EK202310210742,143.7
EK202310156801,155.3
EK202310159360,137.65
EK202310180024,123.9
EK202310213928,144.3
EK202310152334,146.05
EK202310245937,136.5
EK202310164808,151.85
EK202310146870,125.6
EK202310163950,137.25
EK202310195716,139.65
EK202310150305,147.7
EK202310229713,130.95
EK202310188916,159.9
EK202310121395,144.3
EK202310160376,139.85
EK202310244651,142.85
EK202310150169,124.55
EK202310110958,136.2
EK202310143966,134.85
EK202310221741,160.5
EK202310187012,143.15
EK202310193822,187.6
EK202310172094,146.25
EK202310178633,138.85
EK202310117674,154.1
EK202310133805,139.95
EK202310180948,154.2
EK202310203849,145.1
EK202310149491,168.15
EK202310216830,155.2
EK202310229432,138.1
EK202310109652,138.0
EK202310181925,173.6
EK202310196245,142.9
EK202310248098,153.5
EK202310183221,163.85
EK202310196195,161.4
EK202310197137,139.9
EK202310110247,142.0
EK202310144126,140.8
EK202310156911,170.0
EK202310224215,138.05
EK202310236337,124.4
EK202310188431,150.25
EK202310137114,154.95
EK202310115030,140.1
EK202310117460,129.35
EK202310162361,151.85
EK202310130281,164.2
EK202310148428,159.2
EK202310163311,140.85
EK202310145526,129.2
EK202310235374,139.2
EK202310156223,163.9
EK202310151269,142.25
EK202310150741,143.4
EK202310225372,138.75
EK202310133344,140.4
EK202310127071,135.05
EK202310152237,144.7
EK202310244229,142.75
EK202310167190,141.65
EK202310154488,142.45
EK202310211108,137.25
EK202310114416,158.25
EK202310222978,165.35
EK202310187337,167.3
EK202310195712,160.05
EK202310176238,159.45
EK202310204719,142.75
EK202310184298,137.4
EK202310215525,164.45
EK202310154861,131.3
EK202310200739,125.35
EK202310242424,134.7
EK202310247300,123.2
EK202310116475,143.55
EK202310225458,133.1
EK202310126918,129.7
EK202310185579,131.05
EK202310241455,138.5
EK202310209465,124.8
EK202310142842,146.85
EK202310185122,147.55
EK202310223530,137.25
EK202310188514,146.2
EK202310171731,135.9
EK202310130376,163.75
EK202310222189,121.9
EK202310106430,158.8
EK202310127369,146.1
EK202310236443,137.75
EK202310182405,156.6
EK202310210187,122.25
EK202310116888,145.05
EK202310173132,152.65
EK202310108743,137.75
EK202310125006,134.4
EK202310213574,131.5
EK202310165356,140.45
EK202310149418,150.4
EK202310198882,124.5
EK202310231320,143.15
EK202310205653,138.9
EK202310198599,140.3
EK202310199963,128.35
EK202310173699,124.35
EK202310245726,144.75
EK202320006040,170.55
EK202310154743,139.45
EK202310188160,149.55
EK202310214367,158.45
EK202310103702,118.9
EK202310127965,137.95
EK202310203245,158.15
EK202310139888,124.5
EK202310108972,146.15
EK202310004612,131.6
EK202310143552,145.15
EK202310120024,151.55
EK202310221518,130.7
EK202310180966,161.5
EK202310193489,133.2
EK202310117005,137.0
EK202310213271,146.5
EK202310120394,131.4
EK202310183259,149.8
EK202310125697,156.1
EK202310110553,133.1
EK202310150138,145.05
EK202310169349,129.4
EK202310224959,132.1
EK202310003872,146.45
EK202310189922,178.35
EK202310196746,164.25
EK202310189397,129.8
EK202310154076,156.55
EK202310003409,130.65
EK202310132461,147.55
EK202310114430,143.35
EK202310207939,134.8
EK202310219274,126.1
EK202310226342,149.55
EK202310127397,142.6
EK202310237125,134.65
EK202310214068,162.45
EK202310184942,144.05
EK202310113334,123.1
EK202310121808,126.8
EK202310134472,143.7
EK202310213189,131.75
EK202310200986,134.35
EK202310183319,154.75
EK202310138451,142.6
EK202310134480,139.9
EK202310248001,138.35
EK202310215511,151.2
EK202310148692,159.5
EK202310003356,126.75
EK202310186363,119.55
EK202310117649,133.9
EK202310107222,109.95
EK202310140103,128.1
EK202310162055,170.7
EK202310160543,165.05
EK202310104526,141.65
EK202310111072,152.15
EK202310144115,129.7
EK202310227753,167.35
EK202310168401,154.1
EK202310225278,132.95
EK202310121727,132.2
EK202310209068,150.85
EK202310117324,148.8
EK202310119649,156.55
EK202310154151,133.25
EK202310235668,127.6
EK202310197052,131.2
EK202310133218,156.0
EK202310228623,137.45
EK202310236771,132.45
EK202320007756,138.6
EK202310123680,128.75
EK202310153796,153.2
EK202310184256,179.7
EK202310189360,177.6
EK202310169170,154.0
EK202310238568,169.9
EK202310147463,148.65
EK202310246348,134.25
EK202310146645,135.3
EK202310112043,118.4
EK202310126693,141.75
EK202310105633,137.25
EK202310108187,137.3
EK202310142659,148.7
EK202310154109,161.65
EK202310187961,176.0
EK202310138151,132.8
EK202310145768,129.7
EK202310204437,139.0
EK202310234444,122.3
EK202310146920,127.4
EK202310191972,138.8
EK202310135664,143.15
EK202310136647,164.05
EK202310149136,140.55
EK202310004755,136.25
EK202310003806,137.05
EK202320005862,143.1
EK202310238222,135.75
EK202310165638,157.8
EK202310195278,169.4
EK202310191050,148.95
EK202310165081,170.3
EK202310141108,131.4
EK202310225501,136.25
EK202310190006,155.4
EK202310232901,164.0
EK202310183145,132.95
EK202310133834,178.4
EK202310111865,140.1
EK202310233162,136.6
EK202310144096,121.6
EK202310241460,154.6
EK202310148061,139.25
EK202310123096,135.3
EK202310168745,123.5
EK202310232533,129.95
EK202310238139,158.5
EK202310107671,135.25
EK202310003635,132.4
EK202310160939,143.9
EK202310165138,146.15
EK202310177363,156.95
EK202310140380,130.6
EK202310127640,138.5
EK202310145483,142.55
EK202310144142,127.1
EK202310182466,153.0
EK202310134774,130.75
EK202310239504,142.05
EK202310179694,136.35
EK202310105818,142.55
EK202310206801,140.35
EK202310133427,151.3
EK202310172349,140.0
EK202310144166,145.05
EK202310118960,129.35
EK202310199115,153.4
EK202310213777,166.55
EK202310232118,147.25
EK202310204757,140.25
EK202310241858,139.15
EK202310204589,166.25
EK202310224131,146.2
EK202310160384,168.15
EK202310158733,139.7
EK202310139320,120.6
EK202310186373,146.1
EK202310207408,138.8
EK202310202032,126.4
EK202310191726,127.55
EK202310237659,138.55
EK202310202929,156.6
EK202310138221,135.25
EK202310213944,143.05
EK202310217592,126.65
EK202310156873,149.55
EK202310154026,129.05
EK202310227896,136.65
EK202310165724,169.65
EK202310160534,129.25
EK202310238733,153.3
EK202310187242,166.55
EK202310160829,142.15
EK202310160276,139.5
EK202310137939,121.6
EK202310200291,139.1
EK202310238138,127.3
EK202310217144,152.75
EK202310196491,139.0
EK202320006298,137.0
EK202310228178,138.9
EK202310138802,134.5
EK202310240713,131.9
EK202310175243,140.3
EK202310207967,128.3
EK202310107352,146.8
EK202310211309,138.25
EK202310131783,157.9
EK202310166826,140.85
EK202310112512,137.25
EK202310153955,167.7
EK202310223762,133.65
EK202310220803,134.7
EK202310191806,136.45
EK202310139794,131.8
EK202310004495,133.3
EK202310165321,142.0
EK202310152644,135.85
EK202310107844,136.25
EK202310224636,141.25
EK202310182912,151.6
EK202310227725,135.15
EK202310129401,132.4
EK202310132710,147.9
EK202310167591,153.6
EK202310209362,139.55
EK202310191553,147.55
EK202310191129,142.3
EK202310229273,132.2
EK202310177141,133.35
EK202310210987,133.6
EK202310246808,119.6
EK202310186424,138.5
EK202310243671,140.2
EK202310157978,125.6
EK202310141176,142.85
EK202310166632,156.05
EK202310188518,137.85
EK202310176726,146.2
EK202310232858,178.2
EK202310203103,141.15
EK202310172581,147.7
EK202310129669,133.05
EK202310149026,149.6
EK202310151271,138.8
EK202310164311,137.95
EK202310193156,184.55
EK202310183315,138.8
EK202310129742,165.9
EK202310244163,135.8
EK202310162820,135.65
EK202310158627,148.2
EK202310195793,140.1
EK202310243898,166.0
EK202310211036,124.15
EK202310231066,125.35
EK202310188792,158.35
EK202310181166,152.55
EK202310240476,132.4
EK202310197771,195.05
EK202310141037,160.95
EK202310204780,146.5
EK202310191058,142.2
EK202310173228,156.1
EK202310197491,159.4
EK202310156720,146.5
EK202310244219,149.95
EK202310119128,149.7
EK202310241327,177.65
EK202310152238,144.75
EK202310179839,122.5
EK202310238196,131.9
EK202310153091,172.4
EK202320006753,169.15
EK202310123570,136.2
EK202310163341,138.45
EK202310162440,173.3
EK202310151053,143.7
EK202310188188,159.8
EK202310127289,160.1
EK202310248374,132.45
EK202310167393,139.9
EK202310192930,138.25
EK202310113187,164.4
EK202310174516,138.4
EK202310187588,128.0
EK202320007750,147.05
EK202310189741,174.9
EK202310174859,144.9
EK202310195086,149.8
EK202310183873,175.6
EK202310171631,143.2
EK202310123283,137.45
EK202320006306,162.5
EK202310139834,132.8
EK202310239785,140.4
EK202310153276,139.55
EK202310180328,147.6
EK202310207645,158.0
EK202310130192,169.15
EK202310154977,137.55
EK202310139793,130.8
EK202310243107,146.85
EK202310209482,137.95
EK202310241115,129.35
EK202310214880,133.1
EK202310240253,128.5
EK202310226088,152.2
EK202320006633,170.7
EK202310245104,162.3
EK202310112870,145.25
EK202310161734,156.7
EK202310225927,123.4
EK202310145336,149.15
EK202310137212,106.3
EK202310190306,138.05
EK202310172851,157.25
EK202310231101,142.9
EK202310212990,129.05
EK202310122658,124.05
EK202310176278,156.15
EK202310200882,138.8
EK202310152325,143.8
EK202310151272,159.95
EK202310194215,169.05
EK202310185678,159.65
EK202310243281,149.1
EK202310120514,132.35
EK202310126433,137.95
EK202310122944,128.25
EK202310236394,133.15
EK202310218087,145.95
EK202310151593,156.35
EK202310110201,135.3
EK202310131708,149.45
EK202310111333,130.6
EK202310183969,164.0
EK202310161113,177.85
EK202310184302,157.15
EK202310152148,132.05
EK202310236146,132.65
EK202310229823,137.95
EK202310133950,169.45
EK202310176959,155.35
EK202310003859,155.85
EK202310185070,144.55
EK202310004826,142.5
EK202310192593,135.15
EK202310212457,135.25
EK202310133750,129.7
EK202320007484,159.5
EK202310190675,154.4
EK202310129882,158.05
EK202310216142,135.0
EK202310197446,150.95
EK202310243332,144.1
EK202310139113,162.55
EK202320007314,149.25
EK202310192244,156.15
EK202310209792,131.85
EK202310218921,128.8
EK202310128700,123.4
EK202310219548,135.7
EK202310230864,125.55
EK202310141941,157.35
EK202310206423,134.05
EK202310188250,138.45
EK202310180278,140.25
EK202310123620,136.5
EK202310180928,129.95
EK202310148298,131.15
EK202310124265,129.1
EK202310125883,136.25
EK202310128123,127.7
EK202310234185,121.95
EK202310141809,156.8
EK202310125724,160.25
EK202320006085,160.4
EK202310232099,140.5
EK202310193331,138.3
EK202310205400,143.75
EK202310160975,131.85
EK202310203863,151.7
EK202310126413,127.3
EK202310118450,153.3
EK202310133563,140.05
EK202310239448,127.55
EK202310114694,133.55
EK202310158288,188.35
EK202310122422,120.3
EK202310235320,140.9
EK202310201960,124.8
EK202310194645,144.2
EK202310214962,143.95
EK202310247868,170.5
EK202310126826,134.55
EK202310120690,160.05
EK202320006557,161.45
EK202310224482,125.8
EK202310188666,124.1
EK202310167967,136.9
EK202310240200,138.6
EK202310183867,161.8
EK202310195682,121.0
EK202310108034,156.6
EK202310143324,127.2
EK202310139977,143.15
EK202310134578,159.25
EK202310003485,132.35
EK202310127332,153.1
EK202310195959,148.85
EK202310173389,130.85
EK202310120326,133.65
EK202310228101,133.4
EK202310194577,153.05
EK202310230845,139.7
EK202310144430,134.75
EK202310155784,125.1
EK202310160254,162.2
EK202310118458,132.2
EK202310134107,173.6
EK202310247672,180.15
EK202310233715,139.5
EK202310192802,181.6
EK202310226073,128.55
EK202310112128,153.65
EK202310214142,163.0
EK202310205070,165.7
EK202310191656,137.85
EK202310108700,138.75
EK202310121333,148.1
EK202310153942,129.7
EK202310228151,128.9
EK202310185062,134.0
EK202310133213,148.75
EK202310242233,140.55
EK202310143796,138.9
EK202310202444,134.65
EK202310166800,164.8
EK202310191020,141.75
EK202310122069,130.4
EK202310221793,159.2
EK202310235848,149.0
EK202310205016,143.6
EK202310119021,166.3
EK202310222995,174.65
EK202310114479,127.3
EK202310182453,154.75
EK202310143133,135.6
EK202310175194,126.4
EK202310144671,154.4
EK202310245023,140.15
EK202310144979,127.45
EK202310235216,123.9
EK202310247586,139.2
EK202310105223,150.45
EK202310163741,161.5
EK202310141732,150.6
EK202310142505,140.65
EK202310131799,156.6
EK202310209090,150.65
EK202310159139,151.5
EK202310214093,150.3
EK202310199515,134.2
EK202310228095,138.9
EK202310173578,144.15
EK202310170010,151.45
EK202310164861,142.25
EK202310167580,148.0
EK202310225936,134.85
EK202310147008,140.65
EK202310187537,153.1
EK202310170479,153.4
EK202310238268,134.6
EK202310231268,139.45
EK202310167280,148.8
EK202310203266,134.65
EK202310179810,135.4
EK202310107445,157.95
EK202310107969,151.95
EK202310127481,134.35
EK202310180706,135.5
EK202310125230,132.8
EK202310127751,139.3
EK202310172588,152.35
EK202310202984,157.9
EK202310104212,129.45
EK202310106923,139.3
EK202310147971,151.95
EK202310243146,122.05
EK202310171023,137.5
EK202310109775,150.1
EK202310205700,141.1
EK202310143997,137.6
EK202310132126,127.8
EK202310127316,161.6
EK202310107147,135.75
EK202310151185,131.8
EK202310228200,129.8
EK202310117856,152.55
EK202320005717,147.3
EK202310129616,136.65
EK202310232791,137.2
EK202310243834,141.7
EK202310246208,144.95
EK202310160233,159.1
EK202310149219,137.75
EK202310108589,133.4
EK202310204725,143.7
EK202310243502,145.25
EK202310114320,125.55
EK202310202291,135.5
EK202310237771,136.85
EK202310216760,125.35
EK202310244222,138.3
EK202310113733,141.55
EK202310138119,128.6
EK202310219085,125.65
EK202310153944,136.85
EK202310161644,179.65
EK202310204382,129.15
EK202310229663,128.3
EK202310156198,139.9
EK202310148211,132.65
EK202310152274,133.5
EK202310197042,134.05
EK202310163556,149.75
EK202310197960,149.0
EK202310232731,127.65
EK202310147947,151.65
EK202310144176,132.8
EK202310237272,136.95
EK202310195596,153.7
EK202310231682,135.15
EK202310114178,136.25
EK202310165798,129.2
EK202310177163,129.8
EK202310161995,159.95
EK202310130803,128.1
EK202310225601,124.6
EK202310139718,133.45
EK202310146622,136.35
EK202310113181,124.65
EK202310179401,170.4
EK202310202908,164.3
EK202310171925,146.7
EK202310136543,122.1
EK202310119266,140.2
EK202310144770,136.55
EK202310217594,152.0
EK202310224918,141.55
EK202310116728,133.9
EK202310136368,156.2
EK202310242872,148.3
EK202310226098,134.6
EK202310243029,125.5
EK202310234838,136.05
EK202310103797,156.55
EK202310159666,120.3
EK202310234494,121.65
EK202310134806,120.45
EK202310191437,148.5
EK202310125110,137.8
EK202310217366,161.0
EK202310191101,124.0
EK202310179382,139.55
EK202310137469,138.4
EK202310137658,138.3
EK202310134629,131.25
EK202310104525,132.5
EK202310151444,180.6
EK202310237636,153.5
EK202310143439,140.65
EK202310149845,131.25
EK202310128851,151.5
EK202310237330,136.35
EK202310117295,141.95
EK202310243270,136.75
EK202310187106,124.15
EK202310137652,138.7
EK202310217947,131.95
EK202310215368,141.15
EK202310113202,144.0
EK202310122109,129.6
EK202310121040,129.1
EK202310226711,126.8
EK202310132709,152.9
EK202310169984,170.75
EK202310198212,150.35
EK202310158003,155.3
EK202310214974,152.6
EK202310134360,148.45
EK202310178688,168.75
EK202310171682,165.95
EK202310103768,132.4
EK202310209555,151.6
EK202310151086,134.8
EK202310201836,141.5
EK202310174895,140.0
EK202310138537,150.35
EK202310111581,143.25
EK202310219638,145.1
EK202310154214,142.25
EK202310200463,135.95
EK202310172356,137.6
EK202310164996,136.45
EK202310140375,139.2
EK202310216009,129.85
EK202310113207,126.35
EK202310132100,142.5
EK202310126863,157.8
EK202310146868,121.45
EK202310108177,152.25
EK202310166280,153.95
EK202310182008,180.15
EK202310162197,132.5
EK202310147752,148.3
EK202310003947,129.65
EK202310176472,126.35
EK202310234387,120.35
EK202310170022,138.4
EK202310171056,141.15
EK202310180973,176.4
EK202310166464,136.35
EK202310123184,129.2
EK202310192128,152.7
EK202310207232,127.85
EK202310133397,132.5
EK202310113037,145.1
EK202320007617,155.6
EK202310128691,125.0
EK202310234443,128.7
EK202310163599,152.25
EK202310124529,154.4
EK202310195861,139.65
EK202310004652,135.3
EK202310128598,134.5
EK202310219754,145.7
EK202310153907,146.35
EK202310210564,151.1
EK202310119285,133.1
EK202310236273,131.2
EK202310205597,157.05
EK202310232930,124.65
EK202310191886,162.0
EK202310236382,129.3
EK202310174764,145.9
EK202310105490,146.35
EK202310177012,171.15
EK202310128378,151.5
EK202310165398,136.15
EK202310142395,153.45
EK202310220861,138.05
EK202310209523,157.85
EK202310122997,140.6
EK202310205282,148.6
EK202310131435,146.75
EK202310203906,128.25
EK202310236413,137.9
EK202310156951,159.9
EK202310106622,135.7
EK202310189975,172.3
EK202310225784,132.5
EK202310219294,137.55
EK202310105442,133.1
EK202310132208,130.25
EK202310105616,140.9
EK202310174736,126.05
EK202310196913,162.5
EK202310137961,132.4
EK202310176163,157.45
EK202310110032,129.2
EK202310157504,147.55
EK202310233635,134.2
EK202310248436,155.7
EK202310202168,130.1
EK202310155766,139.8
EK202310139190,131.15
EK202310178893,142.0
EK202310194060,154.9
EK202310118567,119.45
EK202310127903,144.0
EK202310236053,119.1
EK202310156969,158.75
EK202310113094,149.5
EK202310117682,141.55
EK202310175150,135.15
EK202310190181,134.15
EK202310144477,126.05
EK202310167953,157.35
EK202310123207,135.6
EK202310211120,132.35
EK202310158476,158.15
EK202310245986,135.85
EK202310141979,145.9
EK202310210627,140.3
EK202310131358,125.75
EK202310108863,138.0
EK202310106507,161.95
EK202310219636,137.3
EK202310206075,139.55
EK202310164374,163.0
EK202310247640,124.6
EK202310128033,184.25
EK202310202213,159.65
EK202320007199,140.25
EK202310148351,141.95
EK202310167191,159.85
EK202310191728,154.1
EK202310200275,122.25
EK202310240207,157.1
EK202310169132,122.55
EK202310144609,152.0
EK202310198534,151.25
EK202310117322,143.95
EK202310111311,145.7
EK202310132198,131.7
EK202310123213,140.7
EK202310175579,145.85
EK202310179611,158.9
EK202310162505,162.4
EK202310192578,131.55
EK202310106746,141.4
EK202310131965,118.8
EK202310193615,127.2
EK202310196394,155.4
EK202310219201,131.0
EK202310223123,131.4
EK202310193426,174.1
EK202310118739,129.75
EK202310106117,146.5
EK202310104981,126.25
EK202310210450,136.6
EK202310174407,156.5
EK202310104567,142.05
EK202310127432,132.55
EK202320005737,142.45
EK202310191941,147.7
EK202310153855,136.7
EK202310207694,139.2
EK202310227244,142.95
EK202310153520,138.05
EK202310160923,162.45
EK202310105321,134.35
EK202310134289,148.2
EK202310221860,139.95
EK202310127051,135.65
EK202310004011,145.2
EK202310106438,130.05
EK202310223885,128.55
EK202310147175,151.75
EK202310172305,142.55
EK202310233355,132.25
EK202310175639,155.9
EK202310119187,132.2
EK202310208266,153.5
EK202310218780,141.05
EK202310208314,149.4
EK202310231800,143.45
EK202310128055,170.7
EK202310239898,128.6
EK202310216957,143.1
EK202310209441,138.35
EK202310123208,138.1
EK202310209923,130.8
EK202310133751,146.05
EK202310245312,133.5
EK202310115764,149.85
EK202310207764,126.6
EK202310240599,164.8
EK202310147315,140.5
EK202310131500,131.75
EK202310176669,151.85
EK202310123945,136.55
EK202310209731,138.1
EK202310144605,155.4
EK202310122549,122.75
EK202310145497,130.2
EK202310140293,132.7
EK202310139650,131.8
EK202310157829,124.1
EK202310106995,150.1
EK202310124413,183.3
EK202310214088,145.65
EK202310164191,163.85
EK202310226197,132.75
EK202310004226,142.85
EK202310108441,127.6
EK202310135386,152.9
EK202310129306,137.75
EK202310235944,138.65
EK202310247944,134.1
EK202310165677,131.1
EK202310199534,151.75
EK202310126380,129.25
EK202310154011,127.45
EK202310132506,165.2
EK202310108076,153.8
EK202310160457,134.3
EK202310208714,163.3
EK202310154569,154.05
EK202310144642,136.3
EK202310190051,185.1
EK202310117172,146.85
EK202310177405,165.5
EK202310213301,149.5
EK202310137198,160.35
EK202310151042,142.25
EK202310168461,138.95
EK202310243164,133.0
EK202310179023,125.5
EK202310160904,169.6
EK202310171189,136.25
EK202310239158,139.6
EK202310167988,163.15
EK202310226837,158.5
EK202310135580,132.7
EK202310246488,133.55
EK202310003762,145.85
EK202310134904,135.25
EK202310136330,142.1
EK202310217816,129.35
EK202310122041,116.75
EK202310246474,135.1
EK202310157040,143.2
EK202310198401,173.35
EK202310117127,130.65
EK202310105754,164.8
EK202310166261,141.2
EK202310168044,166.0
EK202310220538,137.15
EK202310139280,151.75
EK202310135523,143.5
EK202310236682,142.3
EK202310244877,136.9
EK202310107483,127.0
EK202310175451,124.55
EK202310180461,180.25
EK202310144697,139.65
EK202310123532,133.25
EK202310123754,157.5
EK202310206309,167.05
EK202310239121,138.65
EK202310104310,150.7
EK202310211761,146.85
EK202310191013,160.4
EK202310240312,148.45
EK202310217200,135.9
EK202310114563,137.75
EK202310161367,134.1
EK202310144122,139.25
EK202310212504,128.6
EK202310177497,147.9
EK202310236237,145.25
EK202310198587,145.3
EK202310163062,152.35
EK202310164746,149.45
EK202310201875,140.3
EK202310172081,150.1
EK202310239571,150.75
EK202310135582,140.65
EK202310168412,158.6
EK202310207958,140.9
EK202310192851,140.75
EK202310192868,138.8
EK202310240745,141.6
EK202320007142,141.3
EK202310242152,145.15
EK202310158334,141.2
EK202310202840,142.65
EK202310135210,159.3
EK202310140844,146.3
EK202310231684,133.85
EK202310220876,129.5
EK202310135369,137.8
EK202310163963,144.25
EK202310126679,132.7
EK202310162655,149.95
EK202310154642,136.15
EK202310178024,131.35
EK202310168498,150.25
EK202310220365,132.45
EK202310111380,137.85
EK202310152697,157.25
EK202310246759,146.1
EK202310111419,151.0
EK202310218578,133.5
EK202310110262,135.9
EK202310112025,150.85
EK202310219733,134.35
EK202310188715,156.65
EK202310120824,164.4
EK202310115460,116.3
EK202310243920,138.95
EK202310177399,148.75
EK202310187981,174.95
EK202310245247,140.85
EK202310121751,131.1
EK202310157398,139.75
EK202310146316,143.7
EK202310147009,140.65
EK202310186969,167.55
EK202310137065,156.55
EK202310121746,128.2
EK202310156291,136.45
EK202310214011,150.25
EK202310214233,143.0
EK202310119619,148.15
EK202310179742,139.5
EK202310182000,156.85
EK202310200585,154.0
EK202310152222,147.75
EK202310149190,161.45
EK202310187819,156.9
EK202310124003,179.9
EK202310201545,139.5
EK202310171385,140.7
EK202310238751,143.05
EK202310140367,123.5
EK202310237130,158.55
EK202310198345,150.2
EK202310247133,133.75
EK202310137734,131.95
EK202310148474,132.7
EK202310150325,147.9
EK202310208250,145.65
EK202310232333,144.75
EK202310226045,127.9
EK202310158994,156.65
EK202310198109,140.45
EK202310193685,184.7
EK202310178796,159.5
EK202310168028,156.6
EK202310106830,132.65
EK202310181540,129.15
EK202310182066,162.75
EK202310206663,145.05
EK202310219839,161.35
EK202310201710,159.4
EK202310187487,131.65
EK202310202274,156.35
EK202310137558,136.75
EK202310190906,142.8
EK202310223424,147.3
EK202310178941,129.45
EK202310184440,140.45
EK202310155782,127.3
EK202310122432,155.0
EK202310182848,142.4
EK202310164226,147.6
EK202310173490,138.25
EK202310213090,125.5
EK202310153722,156.6
EK202310173472,150.05
EK202310167875,138.45
EK202310133234,137.35
EK202310223308,126.25
EK202310205100,144.8
EK202310198402,134.55
EK202310110225,151.9
EK202310171586,143.1
EK202310122356,134.0
EK202310163392,137.45
EK202310183719,164.2
EK202310003951,155.25
EK202310138515,138.8
EK202310170831,142.3
EK202310133182,129.55
EK202310111516,133.75
EK202310125263,132.05
EK202310240055,132.9
EK202310180483,142.4
EK202310204716,124.0
EK202310187018,143.15
EK202310158527,164.85
EK202310122260,147.05
EK202310234650,140.6
EK202310144474,124.75
EK202310237894,134.45
EK202310106091,132.55
EK202310188317,134.2
EK202310158850,131.45
EK202310186426,163.5
EK202310169750,119.25
EK202310206676,148.35
EK202310155928,144.85
EK202310230978,134.55
EK202310233369,127.8
EK202310129476,136.0
EK202310133048,151.55
EK202310165488,134.6
EK202310143637,173.0
EK202310214266,145.2
EK202310126225,135.6
EK202310152458,161.45
EK202310223231,139.25
EK202310120167,143.35
EK202310143015,134.55
EK202310158308,139.95
EK202310173081,141.8
EK202310189028,123.25
EK202310132273,155.0
EK202310128353,152.2
EK202310174810,156.85
EK202310239062,151.0
EK202310120641,133.6
EK202310244227,153.65
EK202310118757,127.25
EK202310129075,143.95
EK202310224814,134.3
EK202310004731,140.7
EK202310156915,155.85
EK202310115641,135.05
EK202310118147,188.8
EK202310248390,177.05
EK202310218403,126.6
EK202310155441,134.95
EK202310230283,141.55
EK202310162794,143.05
EK202310182211,176.15
EK202310143073,153.45
EK202310177848,143.85
EK202310003966,172.6
EK202310194839,173.2
EK202310233597,132.9
EK202310160959,134.4
EK202310225528,142.65
EK202310108255,147.8
EK202310166709,150.6
EK202310203616,132.95
EK202310189898,169.15
EK202310135324,156.8
EK202310183856,167.95
EK202310178334,154.35
EK202310112277,140.65
EK202310116332,130.5
EK202310174408,147.7
EK202310225395,141.9
EK202310179921,145.8
EK202310136896,134.1
EK202310246946,158.65
EK202310132878,136.4
EK202310132936,137.7
EK202310117215,124.7
EK202310194744,160.8
EK202310239667,150.9
EK202310137081,121.25
EK202310195120,158.95
EK202310244943,129.4
EK202310216463,144.0
EK202310175023,151.85
EK202310123452,136.35
EK202310120759,151.8
EK202310200555,173.55
EK202310183159,144.65
EK202310237119,137.25
EK202310241465,136.2
EK202310185913,132.45
EK202310207534,154.9
EK202310158605,147.75
EK202310193608,137.85
EK202310238219,148.4
EK202310142209,173.45
EK202310158659,131.2
EK202310196102,161.3
EK202310244335,125.4
EK202310151300,146.0
EK202310135647,107.1
EK202310208600,140.45
EK202320006689,161.2
EK202310208813,158.1
EK202310154438,141.35
EK202310165804,132.25
EK202310124724,139.1
EK202320005923,156.7
EK202310193868,141.55
EK202310243558,126.55
EK202310213393,140.6
EK202310142913,150.65
EK202310168870,153.4
EK202310246882,155.4
EK202310123829,140.2
EK202310125993,139.75
EK202310148678,133.0
EK202310214338,133.75
EK202310118609,134.1
EK202310223350,160.6
EK202310161314,134.1
EK202310172634,168.3
EK202310218585,132.2
EK202310004027,135.65
EK202310177913,137.75
EK202310195749,136.95
EK202310176453,135.1
EK202310213885,149.15
EK202310137118,152.15
EK202310219450,130.15
EK202310228378,161.6
EK202310157141,166.5
EK202310131718,158.35
EK202310165083,128.65
EK202310004821,132.35
EK202310115195,123.05
EK202310179460,126.0
EK202310204918,156.3
EK202310126066,129.1
EK202310147822,154.25
EK202310233974,138.95
EK202310152337,147.85
EK202310121597,143.15
EK202310113315,137.0
EK202310172487,170.55
EK202310208865,137.05
EK202310178856,125.95
EK202310163216,134.7
EK202310192275,138.35
EK202310123629,137.9
EK202310118365,151.2
EK202310205626,154.45
EK202310197305,127.25
EK202310168104,124.0
EK202310147731,161.8
EK202310202905,131.45
EK202310240860,152.7
EK202310003646,143.6
EK202310241992,125.65
EK202310139823,127.25
EK202310229599,132.5
EK202310183516,170.6
EK202310224914,116.6
EK202310191077,146.0
EK202320006964,158.6
EK202310237895,133.8
EK202310176057,137.8
EK202310165954,122.45
EK202310122162,140.05
EK202310126238,142.1
EK202310121795,151.7
EK202310161976,163.25
EK202310191508,140.1
EK202310176644,153.75
EK202310152467,163.5
EK202310219240,130.5
EK202310208125,133.8
EK202310159439,170.15
EK202310112020,145.5
EK202310131152,154.3
EK202310231176,136.45
EK202310119600,143.65
EK202310142740,178.35
EK202310190305,140.6
EK202310181410,143.7
EK202310195269,132.7
EK202310154821,112.75
EK202310247409,141.4
EK202310146034,130.95
EK202310193073,140.65
EK202310184666,182.2
EK202310107982,141.9
EK202310118565,129.35
EK202310189557,145.3
EK202310176523,159.95
EK202310199098,155.85
EK202310192444,159.45
EK202310201510,156.75
EK202310152404,139.25
EK202310159084,152.6
EK202310241360,132.65
EK202310216628,146.15
EK202310228907,138.75
EK202310129890,166.6
EK202310151590,146.55
EK202310145359,125.8
EK202310157050,136.1
EK202310176488,136.65
EK202310130834,145.75
EK202310209574,133.4
EK202310111176,144.0
EK202310147278,133.15
EK202310208597,160.65
EK202310196533,130.05
EK202310195547,164.85
EK202310176613,140.15
EK202310164726,138.5
EK202310243633,149.05
EK202310196133,148.1
EK202310147029,153.55
EK202310218892,152.7
EK202310140920,128.95
EK202310155482,141.95
EK202310135200,139.05
EK202310172820,137.35
EK202310105543,129.55
EK202310172387,136.75
EK202310176697,142.95
EK202310218951,158.9
EK202310103784,146.85
EK202310230023,131.05
EK202310164692,135.95
EK202310104542,138.65
EK202310176068,141.0
EK202310244683,139.95
EK202310119149,146.05
EK202310191861,130.95
EK202310199949,126.05
EK202310161393,149.3
EK202310125111,135.65
EK202310199054,155.6
EK202310004487,140.1
EK202310183184,135.45
EK202310201897,176.15
EK202310210681,123.1
EK202310171699,124.1
EK202310136344,130.2
EK202310142799,135.45
EK202310003358,127.75
EK202310177915,140.1
EK202310233198,145.5
EK202310180154,126.85
EK202310174450,131.1
EK202310136841,141.75
EK202310121016,141.1
EK202310165032,132.05
EK202310228963,136.75
EK202310121559,151.55
EK202310181916,143.95
EK202310145575,147.6
EK202310239181,145.5
EK202310188158,139.05
EK202310128251,130.55
EK202310132218,144.15
EK202310171818,144.85
EK202310104717,123.4
EK202310166536,144.05
EK202310165544,182.4
EK202310106140,144.8
EK202310120542,129.1
EK202310200432,135.15
EK202310137688,138.55
EK202310199770,134.4
EK202310151234,140.1
EK202310239824,147.8
EK202310109979,147.9
EK202310222377,127.45
EK202310129765,144.05
EK202310004768,130.2
EK202310161683,162.9
EK202310111657,150.1
EK202310233223,139.95
EK202310191113,165.65
EK202310133283,160.9
EK202310196259,129.1
EK202310180866,136.2
EK202310219289,125.8
EK202310195465,166.0
EK202310163110,148.15
EK202310236924,127.25
EK202310175544,156.15
EK202310106368,152.55
EK202310187622,154.75
EK202310204563,153.2
EK202310169494,139.65
EK202310151846,151.65
EK202310239299,138.15
EK202310145012,134.4
EK202310110945,134.55
EK202310198659,150.25
EK202310130369,109.1
EK202310191235,140.05
EK202310171717,129.9
EK202310235589,150.25
EK202310114348,132.85
EK202310232893,147.05
EK202310164789,142.25
EK202310236042,183.15
EK202310004445,129.2
EK202310172245,142.0
EK202310224823,135.45
EK202310136877,138.35
EK202310123423,157.05
EK202310153225,141.95
EK202310145756,136.85
EK202310146568,146.3
EK202310163087,139.4
EK202310245297,177.15
EK202310209644,157.6
EK202310140290,128.85
EK202310221072,146.9
EK202310135414,153.25
EK202310187378,175.45
EK202310133530,154.5
EK202310224364,145.75
EK202310195517,144.95
EK202310204169,124.3
EK202310210323,127.25
EK202310200422,141.7
EK202310151056,134.05
EK202310227277,134.25
EK202310247028,145.7
EK202310180050,140.2
EK202310127868,146.75
EK202310234685,151.25
EK202310223304,137.8
EK202310222628,126.75
EK202310132162,141.7
EK202310107313,164.7
EK202310193034,127.15
EK202320006263,150.75
EK202310180508,141.95
EK202310126699,134.9
EK202310161588,140.5
EK202310230044,133.8
EK202310131679,150.5
EK202310130402,141.15
EK202310186216,140.95
EK202310104460,153.35
EK202310138193,130.45
EK202310190994,153.5
EK202310235895,135.75
EK202310129828,152.0
EK202310188700,176.1
EK202310162187,139.45
EK202310137095,133.05
EK202310142210,124.2
EK202310197331,144.85
EK202310224439,170.05
EK202310202545,174.5
EK202310172841,154.9
EK202310185316,139.0
EK202310193096,133.25
EK202310239366,127.55
EK202310157680,160.85
EK202310216245,137.55
EK202310122188,134.7
EK202310229644,132.9
EK202310205871,129.15
EK202310215556,156.9
EK202310158679,191.55
EK202310147755,130.2
EK202310186194,181.0
EK202310117620,132.0
EK202310194359,144.5
EK202310198922,124.85
EK202310116214,154.95
EK202310162259,150.3
EK202310157059,164.85
EK202310128924,160.6
EK202310141619,162.0
EK202310221578,132.4
EK202310138618,128.2
EK202310183482,125.35
EK202310152447,129.7
EK202310237940,138.45
EK202310150193,137.9
EK202310183803,172.9
EK202310111372,130.8
EK202310201263,150.2
EK202310124638,156.95
EK202310178960,142.95
EK202310210327,137.05
EK202310201273,146.0
EK202310222624,154.9
EK202310180840,135.0
EK202310185078,148.3
EK202310168572,166.75
EK202310170490,129.05
EK202310232989,125.15
EK202310162228,153.9
EK202310175459,154.65
EK202310165474,134.2
EK202310243395,142.05
EK202310127631,132.75
EK202310186924,136.45
EK202310163431,127.5
EK202310189463,179.6
EK202310190842,151.05
EK202310185696,160.5
EK202310111713,142.35
EK202310193617,146.7
EK202310125805,127.85
EK202310151745,144.45
EK202310175297,139.3
EK202310196724,130.05
EK202310233146,171.0
EK202310143125,155.9
EK202310162683,143.7
EK202310105844,148.45
EK202310137395,130.55
EK202310234360,165.25
EK202310169711,166.35
EK202310229840,136.45
EK202310108815,136.7
EK202310173350,143.95
EK202310221654,131.2
EK202310117503,129.1
EK202310118377,133.9
EK202310193948,153.55
EK202310157293,144.6
EK202310229924,147.1
EK202310207252,133.45
EK202310112063,143.95
EK202310211575,135.5
EK202310121865,128.7
EK202310229242,125.85
EK202310217753,121.7
EK202310154203,155.2
EK202310119526,140.65
EK202310233019,142.6
EK202310110136,142.55
EK202310136917,169.8
EK202310232125,145.55
EK202310195652,137.75
EK202310003341,160.0
EK202310172729,143.85
EK202310106011,143.85
EK202310226908,130.6
EK202310160952,164.45
EK202310123901,134.1
EK202310219883,147.4
EK202310239294,137.2
EK202310191292,141.35
EK202310242675,143.25
EK202310159365,145.95
EK202310207357,142.75
EK202310134219,156.05
EK202310204692,169.75
EK202310145833,142.65
EK202310232367,130.65
EK202310133942,178.45
EK202310116957,136.55
EK202310113990,132.9
EK202310110317,136.5
EK202310183678,130.1
EK202310210475,131.0
EK202310215753,131.85
EK202310172041,158.65
EK202310127368,145.2
EK202310133141,166.95
EK202310166184,173.4
EK202310123460,131.95
EK202310159288,170.8
EK202310224966,163.15
EK202310169548,139.85
EK202310157945,158.25
EK202310208906,131.4
EK202320005732,136.25
EK202310140120,146.45
EK202310153086,153.75
EK202310230330,126.95
EK202310213318,129.0
EK202310178418,158.3
EK202310155143,128.0
EK202310183350,158.7
EK202310171243,155.15
EK202310241995,140.4
EK202310166956,134.25
EK202310239455,168.8
EK202310230110,142.4
EK202310232654,134.4
EK202310230579,132.9
EK202310230165,141.05
EK202310150438,137.45
EK202310114432,132.3
EK202310178701,169.8
EK202310193862,167.9
EK202310133458,136.75
EK202310126585,136.05
EK202310114949,135.5
EK202310239835,131.4
EK202310198418,152.4
EK202310164005,140.75
EK202310108538,142.7
EK202310248296,140.6
EK202310164825,134.4
EK202310202468,127.9
EK202310179750,136.8
EK202310178078,146.55
EK202310224170,160.2
EK202310108711,131.55
EK202310107024,142.55
EK202310229155,133.15
EK202310109556,136.65
EK202310202152,140.6
EK202310237189,139.2
EK202310147644,156.6
EK202310161108,177.95
EK202310122907,163.9
EK202310108647,134.35
EK202310116234,139.55
EK202310180820,138.7
EK202310185427,137.05
EK202310156227,152.55
EK202310121246,142.5
EK202310135704,127.6
EK202310225359,133.1
EK202310205195,151.75
EK202310201515,148.25
EK202310195070,142.35
EK202310185184,151.7
EK202310233163,135.4
EK202310169236,142.05
EK202310113651,151.3
EK202310105373,127.7
EK202310106115,130.25
EK202310245413,135.15
EK202310219987,150.0
EK202310142576,169.45
EK202310158268,143.85
EK202310156894,159.85
EK202310004886,152.55
EK202310154420,122.8
EK202310210832,132.1
EK202310220049,143.15
EK202310181921,174.2
EK202310201324,157.25
EK202310191459,150.6
EK202310128368,133.65
EK202310175128,126.3
EK202310172288,138.95
EK202310216634,137.15
EK202320007004,174.95
EK202310244935,123.65
EK202310176831,138.15
EK202310119255,138.5
EK202310225916,134.25
EK202310159227,148.7
EK202310208285,153.8
EK202310139560,160.2
EK202310122710,129.15
EK202310121289,130.25
EK202310124642,147.25
EK202310232850,121.85
EK202310162749,141.75
EK202310114861,135.35
EK202310147672,155.05
EK202310146693,138.25
EK202310229560,141.85
EK202310153109,155.55
EK202310159133,138.45
EK202310147681,120.85
EK202310154454,145.7
EK202310215971,137.45
EK202310176116,149.0
EK202310108965,152.65
EK202310117311,134.65
EK202310205689,149.15
EK202310196959,175.95
EK202310208747,180.05
EK202310220306,136.95
EK202310229825,124.4
EK202310156765,145.5
EK202310123916,138.35
EK202310208563,144.25
EK202310176612,143.9
EK202310150270,153.5
EK202310167920,116.5
EK202310004780,133.05
EK202310228392,139.95
EK202310162764,148.2
EK202310178248,147.3
EK202310161854,134.3
EK202310184896,140.55
EK202310196454,135.4
EK202310166252,159.25
EK202310224266,138.15
EK202310228300,153.05
EK202310228517,132.7
EK202310119762,137.7
EK202310197634,136.7
EK202310163433,132.95
EK202310205791,151.9
EK202310198433,137.45
EK202310205023,137.5
EK202310139454,135.0
EK202310201839,143.45
EK202310197547,180.3
EK202310233724,145.0
EK202310153252,157.3
EK202310190922,119.0
EK202310142523,132.15
EK202310219846,140.95
EK202310198901,126.4
EK202310167227,146.75
EK202310111384,136.75
EK202310136046,158.2
EK202310214121,154.7
EK202310118169,129.8
EK202310183250,135.0
EK202310188579,144.95
EK202310131031,139.7
EK202310104480,141.4
EK202310239710,137.0
EK202310234691,133.8
EK202310168972,133.4
EK202310120008,128.7
EK202310212233,128.7
EK202310215929,145.35
EK202310211484,132.55
EK202310222506,126.4
EK202310202763,174.0
EK202310220490,146.25
EK202310116375,128.9
EK202310175337,159.9
EK202310240580,149.45
EK202310109905,139.15
EK202310192597,144.75
EK202310114800,134.95
EK202310132205,125.85
EK202310110193,133.3
EK202310165102,150.95
EK202310116663,132.7
EK202310218315,137.25
EK202310113156,157.2
EK202310231146,130.7
EK202310180373,133.3
EK202310232424,128.0
EK202310224878,137.15
EK202310103830,126.8
EK202310240706,131.6
EK202310120776,144.45
EK202310160117,126.1
EK202310132998,130.15
EK202310003968,167.9
EK202310209613,133.5
EK202310241092,131.75
EK202310123771,132.5
EK202310245280,133.7
EK202310244377,146.35
EK202310109713,185.95
EK202310228232,131.9
EK202310148652,154.95
EK202310243472,137.15
EK202310170765,141.85
EK202310170088,135.6
EK202310004315,123.8
EK202310217178,136.05
EK202310108775,145.6
EK202310180920,149.1
EK202310246305,136.05
EK202310206922,160.65
EK202310167783,146.5
EK202310129574,143.6
EK202310174308,137.5
EK202310161413,166.35
EK202310148150,166.95
EK202310141044,170.0
EK202310231588,139.45
EK202310118970,128.45
EK202310181033,156.2
EK202310194383,143.5
EK202310183986,156.5
EK202310150419,132.8
EK202310194684,146.35
EK202310123982,169.55
EK202310167254,134.2
EK202310170710,135.05
EK202310112450,133.05
EK202310220586,143.25
EK202310189665,145.25
EK202310117974,139.75
EK202310131602,148.8
EK202310162096,141.85
EK202310243659,152.6
EK202310187107,120.75
EK202310188591,129.65
EK202310130729,139.55
EK202310207612,129.05
EK202310190165,134.9
EK202310240918,138.0
EK202310138933,138.1
EK202310124424,135.2
EK202310207452,154.75
EK202310149692,144.95
EK202310122269,151.3
EK202310178206,162.55
EK202310236928,127.0
EK202310108129,140.8
EK202310242986,156.6
EK202310153555,134.1
EK202310135472,145.2
EK202310135151,149.8
EK202310121132,149.95
EK202310159808,140.6
EK202310111940,133.85
EK202310211823,126.5
EK202310208954,170.05
EK202310174925,169.8
EK202310139934,129.35
EK202310128204,153.9
EK202310207948,133.3
EK202310194132,164.85
EK202310213757,137.25
EK202310210438,140.5
EK202310144525,146.7
EK202310125105,134.5
EK202310120299,138.25
EK202310246727,134.0
EK202310200847,156.15
EK202310181091,149.25
EK202310130669,125.9
EK202310164111,132.1
EK202310141945,150.65
EK202310238865,171.3
EK202310107320,127.75
EK202310220000,145.4
EK202310180826,135.35
EK202310117534,148.7
EK202310148403,149.0
EK202310235756,142.85
EK202310215153,136.8
EK202310215909,110.65
EK202310232668,121.6
EK202310169331,169.7
EK202310168151,135.95
EK202310218890,139.55
EK202310186779,142.15
EK202310114858,127.3
EK202310152341,128.05
EK202310128217,129.55
EK202310193271,132.3
EK202310180464,147.8
EK202310205276,119.85
EK202310125640,124.35
EK202310141600,143.45
EK202310141981,177.6
EK202310167795,152.7
EK202310192334,133.55
EK202310241694,138.4
EK202310196935,130.2
EK202310180151,128.1
EK202310106774,154.0
EK202310215027,165.15
EK202310216078,127.55
EK202310163711,142.4
EK202310109770,159.3
EK202310215501,131.1
EK202310163977,138.5
EK202320007174,158.15
EK202310205844,131.65
EK202310139223,135.45
EK202310244458,125.55
EK202310131387,140.8
EK202310143831,118.6
EK202310147793,139.5
EK202310219748,120.2
EK202310155389,145.8
EK202310134466,168.35
EK202310151903,142.9
EK202310234772,135.9
EK202310131775,164.85
EK202310134952,158.1
EK202310118242,121.2
EK202310107035,132.8
EK202310131515,137.4
EK202310244132,141.8
EK202310201654,146.8
EK202310237041,173.75
EK202310171334,144.3
EK202310104916,137.45
EK202310182983,136.9
EK202310164359,149.4
EK202310112552,144.8
EK202310201546,142.25
EK202310202954,130.25
EK202310134253,151.35
EK202310004718,163.55
EK202310242169,163.4
EK202310188966,153.15
EK202310179423,135.3
EK202310218744,160.2
EK202310193025,161.05
EK202310232272,130.95
EK202310217104,120.0
EK202310245973,143.6
EK202310108124,142.2
EK202310195074,163.65
EK202310177534,170.4
EK202310220572,133.1
EK202310176418,146.0
EK202310159967,160.4
EK202310163800,168.0
EK202310154402,165.25
EK202310212424,138.1
EK202310115194,137.25
EK202310157002,146.3
EK202310236493,141.65
EK202310209384,129.35
EK202310153699,129.5
EK202310140162,130.55
EK202310191690,175.1
EK202310164321,145.35
EK202310167679,120.75
EK202310118401,128.2
EK202320006231,142.0
EK202310158105,135.7
EK202310179352,126.9
EK202310112735,158.0
EK202310144319,139.65
EK202310173893,145.65
EK202310160526,140.25
EK202310147338,129.2
EK202310164737,154.65
EK202310226429,119.5
EK202310119510,137.75
EK202310111353,144.95
EK202310121601,123.85
EK202310138216,118.5
EK202310222532,135.85
EK202310138949,141.85
EK202310214912,146.45
EK202310121057,138.2
EK202310231318,139.4
EK202310137231,122.15
EK202310136824,128.05
EK202310115476,128.9
EK202310195522,153.85
EK202310130890,115.2
EK202310161838,172.05
EK202310158188,142.1
EK202310184190,133.2
EK202310106659,155.3
EK202310134400,136.6
EK202310209267,137.7
EK202310241209,145.8
EK202310214760,145.6
EK202310151809,149.05
EK202310198002,139.1
EK202310228621,130.25
EK202310162885,142.4
EK202310133298,150.15
EK202310126484,133.55
EK202310196380,124.9
EK202310143373,146.15
EK202310202385,147.85
EK202310131648,133.35
EK202310116966,141.35
EK202310134410,151.4
EK202310191544,135.2
EK202310196047,147.7
EK202310119440,151.8
EK202310132919,152.55
EK202310156448,157.55
EK202310198177,140.2
EK202310148838,143.75
EK202310171364,134.9
EK202310120500,128.7
EK202310247151,136.9
EK202310144904,124.35
EK202310174989,127.85
EK202310133355,147.8
EK202310226353,174.6
EK202310176858,131.5
EK202310227114,136.8
EK202310187693,134.8
EK202310109711,183.2
EK202310181780,153.6
EK202310163147,172.1
EK202310190696,143.0
EK202310165868,157.85
EK202310110400,131.9
EK202310135537,143.45
EK202310169217,172.25
EK202310195878,157.65
EK202310189489,135.2
EK202310205257,122.0
EK202310239304,153.75
EK202310132417,128.65
EK202310221095,131.9
EK202310110398,128.75
EK202310240389,143.05
EK202310185614,167.15
EK202310213110,130.8
EK202310154463,140.95
EK202310177140,175.9
EK202310175268,150.8
EK202310199152,135.2
EK202310128676,161.85
EK202310168399,156.3
EK202310201459,143.75
EK202310235106,151.75
EK202310232368,131.65
EK202310127908,123.15
EK202310182464,145.5
EK202310184852,131.45
EK202310170955,136.0
EK202310185265,150.4
EK202310114431,128.95
EK202310124741,173.75
EK202310193561,149.15
EK202310113830,135.75
EK202310229300,143.9
EK202310176918,148.75
EK202310222543,137.85
EK202310240095,148.8
EK202310208448,145.05
EK202310201172,181.75
EK202310125525,138.2
EK202310221529,127.15
EK202310120352,156.1
EK202310140711,134.05
EK202310211389,130.4
EK202310124018,178.6
EK202310143340,130.6
EK202310180385,150.3
EK202320006974,138.45
EK202310159693,140.15
EK202310181459,126.65
EK202310182182,131.2
EK202310141048,159.25
EK202310211604,131.3
EK202310141173,143.7
EK202310151648,140.45
EK202310243583,142.1
EK202310133700,129.05
EK202310152960,152.8
EK202310192543,140.15
EK202310131141,106.7
EK202310134377,130.3
EK202310174653,130.25
EK202310218574,143.85
EK202310191005,144.65
EK202310104855,127.05
EK202310178218,153.05
EK202310166318,151.7
EK202310202248,128.95
EK202310234490,164.5
EK202310225442,141.4
EK202310123331,136.1
EK202310238951,134.2
EK202310114122,122.85
EK202310202645,143.9
EK202310221624,132.95
EK202310147534,152.75
EK202310197356,167.75
EK202310222430,135.0
EK202310225523,122.15
EK202310177178,153.3
EK202310153665,124.7
EK202310196238,137.0
EK202310244577,139.8
EK202310172448,178.6
EK202310225799,130.95
EK202310183968,131.45
EK202310203019,155.1
EK202310109776,147.05
EK202310111537,146.65
EK202310124731,176.35
EK202310213643,136.8
EK202310146267,133.3
EK202310245701,139.65
EK202310177157,122.6
EK202310153114,154.9
EK202310004024,177.8
EK202310240323,133.5
EK202310116344,130.9
EK202310174344,128.45
EK202310166165,134.45
EK202310122743,142.3
EK202310226015,145.2
EK202310152541,149.1
EK202310189773,126.1
EK202310232097,148.95
EK202310155304,134.05
EK202310200289,139.35
EK202310208997,130.9
EK202310176430,142.7
EK202310205504,134.4
EK202310241123,136.8
EK202310160664,132.0
EK202310235837,142.2
EK202310190225,130.85
EK202310218794,133.55
EK202310244811,145.3
EK202310144333,140.0
EK202310134916,155.25
EK202310133279,150.75
EK202310230299,133.2
EK202310181539,157.6
EK202310137837,139.5
EK202310142434,163.25
EK202310108559,135.65
EK202310172173,133.25
EK202310170541,164.35
EK202310106066,131.55
EK202310242004,130.0
EK202310114374,157.3
EK202310147018,147.4
EK202310193730,136.95
EK202310155054,130.45
EK202310211249,127.2
EK202310203058,153.9
EK202310224924,177.7
EK202310153934,150.8
EK202310192789,143.0
EK202310176566,129.45
EK202310215186,140.6
EK202310159944,137.3
EK202310209677,134.45
EK202310137062,148.1
EK202310209003,168.8
EK202310236143,140.1
EK202310159540,140.05
EK202310141923,147.75
EK202310214900,134.25
EK202310150311,146.5
EK202310145121,171.9
EK202310138102,141.5
EK202310195227,164.1
EK202310215003,165.85
EK202310133345,138.3
EK202310241621,159.7
EK202310232734,140.0
EK202310192752,175.05
EK202310155287,146.55
EK202310230367,136.2
EK202310204826,145.5
EK202310217569,171.3
EK202310239151,134.95
EK202310225087,167.4
EK202310142211,157.2
EK202310143872,164.5
EK202320006692,149.45
EK202310243470,142.4
EK202310202312,148.4
EK202310172400,139.35
EK202310175257,154.95
EK202310156574,156.05
EK202310195996,166.1
EK202310207174,156.55
EK202310221440,145.6
EK202310229365,136.8
EK202310184849,127.75
EK202310186317,132.6
EK202310122351,135.7
EK202310147942,144.5
EK202310204767,133.2
EK202310151776,140.05
EK202310162542,171.4
EK202310149376,157.4
EK202310188687,129.75
EK202310126040,127.15
EK202310132787,146.5
EK202320007196,152.85
EK202310194184,148.05
EK202310148035,148.75
EK202310242086,151.6
EK202310158984,161.85
EK202310123998,186.3
EK202310143322,164.65
EK202310169220,183.6
EK202310163343,134.25
EK202310195035,168.95
EK202310244095,128.7
EK202310004865,153.95
EK202310202516,144.5
EK202310170156,147.9
EK202310217210,137.8
EK202310139116,165.3
EK202310181676,177.95
EK202310117650,134.55
EK202310126117,127.2
EK202310145631,128.85
EK202310194552,156.4
EK202310231065,127.9
EK202310243723,152.15
EK202310150462,139.5
EK202310175160,139.35
EK202310145549,138.7
EK202310218100,125.3
EK202310172122,130.9
EK202310195049,144.15
EK202310179443,159.65
EK202310149733,152.85
EK202310115695,130.9
EK202310149488,136.85
EK202310154087,176.3
EK202320006192,138.4
EK202310125278,136.5
EK202310241332,161.75
EK202310143810,141.35
EK202310105018,134.55
EK202310237785,139.35
EK202310223864,163.25
EK202310226433,166.3
EK202310157972,146.35
EK202310174015,139.15
EK202310183160,133.5
EK202310191076,157.65
EK202310172756,138.3
EK202310104599,133.0
EK202310238264,136.8
EK202310127187,156.7
EK202310165833,160.2
EK202310195179,151.3
EK202310153898,166.8
EK202310170585,146.9
EK202310245910,128.65
EK202310170174,155.25
EK202310115207,134.45
EK202310120317,160.7
EK202310236898,153.4
EK202310146305,148.7
EK202310112140,156.35
EK202310143217,132.4
EK202310150540,150.4
EK202310223717,132.5
EK202310219843,134.05
EK202310198855,143.15
EK202310191446,154.85
EK202310190334,147.55
EK202310184752,144.65
EK202310160416,132.45
EK202310173011,133.0
EK202310128863,133.6
EK202310190262,138.85
EK202310110902,138.05
EK202310193520,153.85
EK202320006543,135.4
EK202310187711,143.6
EK202310200254,137.95
EK202310155513,136.55
EK202310180642,166.65
EK202310196569,135.2
EK202320007271,146.45
EK202310179403,142.75
EK202310241241,168.6
EK202310192182,159.55
EK202310203673,142.2
EK202310163605,145.15
EK202310108085,142.4
EK202310195692,174.3
EK202310190401,140.35
EK202310192575,135.0
EK202310227513,156.05
EK202310130882,149.85
EK202310104224,142.05
EK202310144297,119.25
EK202310210525,135.7
EK202320006267,144.05
EK202310150061,126.75
EK202310189465,165.65
EK202310239884,140.1
EK202310137344,149.65
EK202310212273,130.45
EK202310205202,171.6
EK202310147736,131.4
EK202310138489,135.9
EK202310169998,166.2
EK202310123563,127.45
EK202310162573,149.2
EK202310122865,165.0
EK202310189811,143.55
EK202310160895,160.25
EK202310153256,145.1
EK202310216969,140.6
EK202310152260,156.7
EK202310141709,148.45
EK202320007373,124.9
EK202310193336,188.85
EK202310164703,148.9
EK202310103814,134.2
EK202310200017,136.1
EK202310218767,136.1
EK202310188858,155.0
EK202310192187,144.95
EK202310194207,136.3
EK202310130206,160.1
EK202310110494,135.8
EK202320006130,145.45
EK202310211320,131.95
EK202310224161,156.45
EK202310240472,136.9
EK202310209032,157.7
EK202310167634,122.6
EK202310180571,137.2
EK202310229017,128.85
EK202310131345,128.4
EK202310138019,123.15
EK202310004554,134.4
EK202310132971,133.6
EK202310141635,141.0
EK202310194247,145.1
EK202310148311,177.75
EK202310121972,141.2
EK202310142685,172.15
EK202310106949,143.05
EK202310163326,146.65
EK202310220547,136.25
EK202310104514,126.1
EK202310145431,150.05
EK202310117273,138.1
EK202310166607,132.45
EK202310189589,137.15
EK202310196074,138.6
EK202310153363,147.0
EK202310162392,163.9
EK202310229624,129.7
EK202310195898,151.75
EK202310219784,127.15
EK202310184116,142.3
EK202310223449,131.5
EK202310163821,135.85
EK202310183192,138.55
EK202310226918,134.5
EK202310154785,138.7
EK202310179367,147.55
EK202310195531,145.4
EK202310130452,129.5
EK202310121734,131.55
EK202310133991,133.85
EK202310210591,156.0
EK202310139555,177.2
EK202310228357,152.75
EK202310125608,135.45
EK202310107185,125.25
EK202310235572,143.4
EK202310230158,134.0
EK202310145383,126.75
EK202310143147,136.6
EK202310164771,141.1
EK202310144247,137.9
EK202310220979,148.3
EK202310149131,134.05
EK202310196632,167.5
EK202310131051,157.5
EK202310134659,147.3
EK202310200213,128.75
EK202310146862,125.85
EK202310188949,137.05
EK202310137016,158.1
EK202310239591,140.55
EK202310160714,167.3
EK202310120187,131.45
EK202310171815,143.7
EK202310197107,160.1
EK202310135357,140.65
EK202310139656,143.2
EK202310210779,157.15
EK202310238374,140.25
EK202310232468,136.0
EK202310170608,130.75
EK202310161875,134.2
EK202310154794,140.6
EK202310178981,129.6
EK202310115024,133.4
EK202310198317,165.3
EK202310176549,138.9
EK202310125448,139.4
EK202310223899,129.4
EK202310240237,150.2
EK202310194815,193.3
EK202310245437,128.5
EK202310109463,137.85
EK202310126220,138.5
EK202310162672,138.35
EK202310106706,106.1
EK202310230813,140.45
EK202310229853,149.8
EK202310183987,153.5
EK202310130317,166.9
EK202310104984,133.55
EK202310174152,128.2
EK202310228308,131.6
EK202310111938,146.1
EK202310191965,176.9
EK202310125325,133.6
EK202310235246,135.25
EK202310108851,139.5
EK202310139648,161.55
EK202310116135,136.55
EK202310195391,136.15
EK202310139056,164.7
EK202310201109,141.05
EK202310247192,178.0
EK202310119623,147.7
EK202310174223,127.7
EK202310150628,171.3
EK202310166077,178.0
EK202310178835,148.8
EK202310184672,187.15
EK202310245587,137.65
EK202310211153,144.25
EK202310148852,133.35
EK202310237982,131.0
EK202310212607,144.25
EK202310188439,165.1
EK202310244428,127.3
EK202310187031,131.85
EK202310114894,156.25
EK202310140044,151.9
EK202310223861,149.15
EK202310184954,136.7
EK202310229341,150.1
EK202310193100,139.45
EK202310154175,139.55
EK202310103979,140.3
EK202310210100,176.85
EK202310112422,130.25
EK202310147941,148.45
EK202310109450,138.6
EK202310227736,136.65
EK202310147053,155.85
EK202310219645,137.0
EK202310213369,130.55
EK202310154826,160.4
EK202310119234,151.75
EK202310210678,119.85
EK202310106182,147.5
EK202310132534,128.4
EK202310220157,141.85
EK202310108493,137.7
EK202310192669,188.4
EK202310172385,151.9
EK202310133787,122.55
EK202310172222,133.95
EK202310183649,152.7
EK202310135892,121.2
EK202310129170,170.4
EK202310209741,160.2
EK202310129427,137.6
EK202310192393,155.75
EK202310245714,140.4
EK202310130517,132.4
EK202310178411,153.75
EK202310189618,152.7
EK202310143288,189.4
EK202310199193,130.15
EK202310227313,176.95
EK202310213919,153.4
EK202310244481,144.3
EK202310120478,126.4
EK202310107634,137.95
EK202310157691,131.2
EK202310215874,141.35
EK202310246981,134.65
EK202310153195,148.35
EK202310242256,156.2
EK202310123017,124.45
EK202310205136,146.55
EK202310170231,162.85
EK202310168120,126.8
EK202310003727,129.3
EK202310217369,171.2
EK202320006688,174.6
EK202310230112,138.8
EK202310177152,143.45
EK202310106847,109.45
EK202310228061,149.1
EK202310233311,138.75
EK202310226138,141.65
EK202310200931,151.05
EK202310219804,146.7
EK202310141658,154.3
EK202310207757,124.9
EK202310147486,157.4
EK202310239005,149.2
EK202310129712,165.5
EK202310148369,150.7
EK202310155404,129.6
EK202310218716,138.45
EK202310188882,131.95
EK202310221316,123.9
EK202310137120,143.0
EK202310217405,158.95
EK202310149231,132.6
EK202310174189,143.45
EK202310138929,141.6
EK202310123610,138.15
EK202310200717,143.65
EK202310190751,146.8
EK202310146784,132.85
EK202310132879,163.95
EK202310133709,168.35
EK202310128722,127.0
EK202310103790,151.85
EK202310218931,140.35
EK202310218663,139.75
EK202310247844,175.25
EK202310190812,143.35
EK202310208756,155.25
EK202310156744,129.15
EK202310228838,150.85
EK202310136171,147.25
EK202310126151,140.35
EK202310173890,133.2
EK202310235680,129.15
EK202310156616,176.4
EK202310134563,158.5
EK202310211003,129.75
EK202310185632,159.05
EK202310241758,141.35
EK202310148534,138.45
EK202310182316,134.9
EK202310191280,151.0
EK202310129812,163.3
EK202310004693,130.05
EK202310172541,173.05
EK202310201639,124.95
EK202310204202,142.9
EK202310129486,127.15
EK202310203423,180.95
EK202310169919,141.3
EK202310174297,148.85
EK202310172937,144.25
EK202310109427,136.6
EK202310131119,155.35
EK202310151810,149.95
EK202310137213,129.15
EK202310136572,139.95
EK202310132184,133.25
EK202310238825,131.05
EK202310160725,174.6
EK202310127240,161.5
EK202310115224,143.3
EK202310127515,138.2
EK202310130232,162.35
EK202310176152,124.7
EK202310189265,147.95
EK202310121845,139.9
EK202310248808,132.85
EK202310216603,136.4
EK202310106462,138.85
EK202310186070,143.5
EK202310200271,145.6
EK202310222232,139.9
EK202310224303,151.1
EK202310108205,137.2
EK202310213223,148.1
EK202320007747,138.45
EK202310195798,137.2
EK202310172690,140.1
EK202310139602,150.15
EK202310124892,131.15
EK202310136630,146.95
EK202310133236,133.3
EK202310109780,155.05
EK202310139773,128.75
EK202310138601,129.75
EK202310192309,134.1
EK202310201720,137.45
EK202310246040,149.9
EK202320005733,157.05
EK202310119837,150.8
EK202310235139,144.85
EK202310129171,136.65
EK202310204107,141.65
EK202310206346,166.0
EK202310126908,124.25
EK202310201951,129.25
EK202310185504,133.4
EK202310139015,168.05
EK202310164756,148.85
EK202310207001,124.45
EK202310217541,145.05
EK202310149840,131.45
EK202310218711,131.4
EK202310133519,145.75
EK202310168888,163.6
EK202310209126,158.65
EK202310189031,150.75
EK202310217455,150.2
EK202310155271,143.7
EK202310215067,159.3
EK202310161595,118.45
EK202310120502,129.9
EK202310241869,176.2
EK202310103712,147.4
EK202310150266,174.35
EK202310119972,132.7
EK202310179290,128.05
EK202310192440,155.95
EK202310131793,141.45
EK202310109571,159.05
EK202310230188,167.45
EK202310119855,145.1
EK202310138704,151.7
EK202310118159,125.55
EK202310166249,141.65
EK202310187053,146.95
EK202310165742,156.05
EK202310183750,155.85
EK202310205405,130.35
EK202310131038,151.1
EK202310207627,154.95
EK202310220460,147.15
EK202310239483,129.8
EK202310141073,166.85
EK202310217239,131.3
EK202310146989,155.35
EK202310160800,130.85
EK202310190813,154.65
EK202320006164,123.4
EK202310143973,179.1
EK202310111799,137.0
EK202310208269,153.8
EK202310159828,172.0
EK202310113945,135.4
EK202310168361,120.1
EK202310176103,152.0
EK202310136310,129.75
EK202310200326,140.5
EK202310179044,152.15
EK202310197944,141.9
EK202310183295,170.3
EK202310240215,164.55
EK202310225695,130.0
EK202310138029,126.25
EK202310208987,152.2
EK202310156602,173.55
EK202310239059,132.9
EK202310185901,165.35
EK202310200662,125.6
EK202310109920,110.45
EK202310188247,139.75
EK202310183201,170.0
EK202310104073,149.2
EK202310183040,138.85
EK202310200329,140.45
EK202310108982,150.5
EK202310214848,142.45
EK202310194212,132.4
EK202310155460,158.1
EK202310179825,128.45
EK202310183614,159.5
EK202310233580,141.4
EK202310223060,133.65
EK202310110018,145.7
EK202310219086,129.3
EK202310210708,125.3
EK202310206894,147.25
EK202310176692,158.35
EK202310211237,128.6
EK202310216145,132.25
EK202310174790,126.8
EK202310130432,120.75
EK202310176912,151.7
EK202310239861,140.85
EK202310201821,138.1
EK202310194140,147.25
EK202310201014,138.8
EK202310211210,146.8
EK202310210215,129.9
EK202310109048,155.7
EK202310115364,137.35
EK202310125998,137.4
EK202310113308,131.0
EK202310166014,153.1
EK202310240961,133.1
EK202310192526,137.4
EK202310118614,137.55
EK202310208485,134.2
EK202310113185,142.4
EK202310123009,137.2
EK202310131866,142.4
EK202310246596,134.65
EK202310144786,121.75
EK202310188069,155.05
EK202310161238,175.9
EK202310108065,152.75
EK202310176554,146.25
EK202310172801,166.5
EK202310231997,144.3
EK202310150544,144.2
EK202310242116,152.5
EK202310228121,129.0
EK202310163938,137.4
EK202310208770,153.85
EK202310162906,141.6
EK202310171122,128.0
EK202310136574,110.35
EK202310168247,156.45
EK202310116653,141.3
EK202310225365,142.2
EK202310154568,132.0
EK202310144616,128.35
EK202310123329,137.25
EK202310184908,149.8
EK202310176975,155.7
EK202310244230,141.45
EK202310139801,162.7
EK202310140231,140.75
EK202310163109,139.65
EK202310133245,129.3
EK202310003719,135.45
EK202310128658,127.7
EK202310196514,155.45
EK202310136745,128.95
EK202310135739,130.45
EK202310167219,144.5
EK202310188340,155.65
EK202310233341,138.1
EK202310207484,133.7
EK202310145893,128.85
EK202310137850,146.45
EK202310228098,161.35
EK202310123631,145.65
EK202310233006,139.15
EK202310236781,137.75
EK202310184351,137.3
EK202310197215,160.65
EK202310134606,129.25
EK202310124613,169.65
EK202310176760,137.05
EK202310181242,165.8
EK202310146018,126.45
EK202310118057,144.6
EK202310241929,145.65
EK202310134625,173.8
EK202310226675,156.75
EK202310200650,158.25
EK202310202459,132.45
EK202310165871,157.4
EK202310190177,137.55
EK202310221650,129.6
EK202310195755,135.5
EK202310128800,147.1
EK202310103775,137.95
EK202310117228,136.2
EK202310151800,135.2
EK202310210424,134.6
EK202310208507,124.4
EK202310003803,123.0
EK202310171322,162.0
EK202310168526,167.15
EK202310197721,137.6
EK202310238027,140.65
EK202310172276,140.2
EK202310124247,134.75
EK202310158194,138.85
EK202310167282,142.4
EK202310173439,158.15
EK202310125677,145.35
EK202310210177,142.35
EK202310238899,140.5
EK202310113985,125.35
EK202310209990,142.95
EK202310228124,139.35
EK202310104190,129.4
EK202310201389,129.95
EK202310123163,131.3
EK202310191131,153.45
EK202310203502,149.0
EK202310123878,141.6
EK202310247275,142.05
EK202310227023,133.7
EK202310175135,133.75
EK202310226835,147.5
EK202310109034,147.9
EK202310186583,167.7
EK202310107744,145.3
EK202310220042,137.95
EK202310202298,142.8
EK202310189344,177.7
EK202310148801,153.15
EK202310172716,141.25
EK202310179116,140.75
EK202310174016,150.9
EK202310108847,135.65
EK202310232003,137.9
EK202310126703,140.65
EK202310106477,155.3
EK202310123106,130.65
EK202310169334,176.25
EK202310231339,137.85
EK202310175772,151.3
EK202310196241,171.6
EK202310143871,146.95
EK202310142265,135.5
EK202310163563,127.7
EK202310244604,138.7
EK202310247610,138.9
EK202310116133,132.6
EK202310144893,127.15
EK202310138511,136.65
EK202310178199,156.2
EK202310238970,189.95
EK202310137277,137.2
EK202310195419,127.95
EK202310234603,134.1
EK202310137485,138.35
EK202310221268,128.7
EK202310166447,154.75
EK202310163342,129.2
EK202310160258,151.3
EK202320007173,156.7
EK202310166608,135.95
EK202310190777,142.8
EK202310228415,129.65
EK202310160470,138.1
EK202310199928,137.0
EK202310139397,132.1
EK202310103828,132.2
EK202310198546,149.85
EK202310168601,154.35
EK202310199500,142.0
EK202310130735,118.7
EK202310203344,147.75
EK202310149177,130.25
EK202320006908,155.3
EK202310182119,146.55
EK202310108526,143.3
EK202310123316,129.15
EK202310175509,138.85
EK202310115166,146.55
EK202310169504,146.8
EK202310191512,138.05
EK202310111425,118.8
EK202310192823,173.9
EK202310159703,141.3
EK202310110465,130.8
EK202310217003,152.65
EK202310187166,140.85
EK202310225739,135.4
EK202310125501,138.95
EK202310118486,134.2
EK202310221279,128.05
EK202310194956,139.6
EK202310178722,130.5
EK202310182533,149.7
EK202310138053,134.35
EK202310231131,142.9
EK202310212157,142.9
EK202310125603,143.8
EK202310136248,146.7
EK202310115244,129.4
EK202310132254,132.05
EK202310178792,174.05
EK202310191023,115.7
EK202310162415,131.25
EK202310125102,136.7
EK202310208134,132.7
EK202310105586,132.55
EK202310213166,146.4
EK202310247801,127.35
EK202310247262,137.15
EK202310126467,135.8
EK202310176266,151.2
EK202310109933,149.7
EK202310161495,166.1
EK202310205248,160.55
EK202310224138,129.5
EK202310212586,134.25
EK202310131904,131.45
EK202310120534,138.65
EK202310109184,153.7
EK202310198723,181.0
EK202310190770,139.9
EK202310114461,146.3
EK202310223578,129.1
EK202310133222,144.25
EK202310136866,126.85
EK202310176700,153.25
EK202310126084,146.0
EK202310196727,155.5
EK202310225009,130.35
EK202310207005,166.55
EK202310222794,148.0
EK202310171893,157.9
EK202310172296,127.65
EK202310139698,151.3
EK202310128914,125.25
EK202310235545,131.75
EK202310109242,127.15
EK202310177486,133.35
EK202310199539,139.9
EK202310188301,129.05
EK202310201859,142.8
EK202310170159,163.75
EK202310148167,155.1
EK202310155933,148.75
EK202310149269,148.0
EK202310188885,133.55
EK202310109274,134.5
EK202310162745,165.0
EK202310146260,142.8
EK202310168090,117.6
EK202310219761,119.85
EK202310230205,126.5
EK202310114523,136.5
EK202310201162,187.7
EK202310188350,151.45
EK202310178664,129.5
EK202310125253,134.6
EK202310194315,132.1
EK202310178855,144.6
EK202310114913,144.95
EK202310209479,152.55
EK202310207800,151.1
EK202310205487,129.95
EK202310168431,153.4
EK202310235593,134.9
EK202310235602,133.8
EK202320007124,175.3
EK202310207771,135.8
EK202310228788,122.45
EK202310227982,133.5
EK202310194813,191.95
EK202310241087,137.75
EK202310148405,135.35
EK202310140778,159.4
EK202310198551,137.9
EK202310120216,156.05
EK202310154323,133.55
EK202310158123,156.3
EK202310215528,155.8
EK202310237307,156.05
EK202310144499,155.55
EK202310200349,151.65
EK202310199428,157.3
EK202310205917,143.85
EK202310123848,136.55
EK202310171335,156.95
EK202310113026,145.75
EK202310227460,135.45
EK202310218273,160.85
EK202310211553,155.15
EK202310196786,156.0
EK202310237300,135.5
EK202310125146,146.75
EK202310118100,129.15
EK202310186326,132.9
EK202310128919,127.1
EK202310198759,133.4
EK202310236246,145.9
EK202310149187,144.9
EK202310182726,159.2
EK202310152601,133.95
EK202310220436,130.35
EK202310193514,156.45
EK202310246478,134.2
EK202310243128,163.25
EK202310127415,136.4
EK202310213162,155.05
EK202310137235,129.5
EK202310178654,140.0
EK202310118153,141.55
EK202310004571,130.05
EK202310151403,178.5
EK202310245278,149.7
EK202310143897,141.5
EK202310218277,128.5
EK202310162879,145.1
EK202310136599,126.55
EK202320006442,169.75
EK202320007344,143.5
EK202310189969,177.7
EK202310166949,165.25
EK202310114939,139.05
EK202310226036,151.15
EK202310166986,137.2
EK202310217723,131.1
EK202310137499,153.2
EK202310132371,141.3
EK202310197508,138.6
EK202320006448,165.2
EK202310217287,131.7
EK202310210663,134.5
EK202310104277,149.0
EK202310200683,143.45
EK202310225623,155.45
EK202310207191,140.55
EK202310129539,135.65
EK202310128514,163.75
EK202310140966,141.15
EK202310129386,137.55
EK202310179691,133.9
EK202310188920,143.85
EK202310247484,142.0
EK202310193673,146.75
EK202310170091,134.95
EK202310172920,161.0
EK202310223477,137.15
EK202310171073,157.35
EK202310194158,140.25
EK202310207919,155.3
EK202310120306,142.7
EK202310207223,131.4
EK202310244280,139.85
EK202310106527,144.55
EK202310142859,165.65
EK202310168389,150.4
EK202310143594,139.6
EK202310167480,159.1
EK202310156995,132.25
EK202310119214,145.35
EK202310148853,147.05
EK202310217497,133.8
EK202310120366,134.5
EK202310217526,166.8
EK202310195002,133.35
EK202310169241,165.35
EK202310159114,143.75
EK202310192176,134.5
EK202310159110,163.0
EK202310158664,136.85
EK202310192338,135.05
EK202310230524,131.5
EK202310210362,159.1
EK202310212895,157.8
EK202310193440,131.8
EK202320007869,136.6
EK202310167916,153.35
EK202310206630,136.55
EK202310157459,151.9
EK202310216902,148.4
EK202310198965,156.95
EK202310201874,137.65
EK202310117999,138.25
EK202310204212,141.5
EK202310183852,145.85
EK202310219321,136.3
EK202310235218,141.15
EK202310106655,137.95
EK202310109169,152.3
EK202310229525,137.7
EK202310234441,121.5
EK202310119016,123.4
EK202310003723,130.75
EK202310177973,131.95
EK202310143560,144.55
EK202310245405,152.45
EK202310123670,124.85
EK202310125143,152.15
EK202310162721,151.9
EK202310121368,144.65
EK202310207810,153.3
EK202310110877,155.05
EK202310207642,152.25
EK202310236676,136.25
EK202310178731,168.05
EK202310166361,157.9
EK202310221798,133.65
EK202310177403,169.1
EK202310134022,133.55
EK202310167333,145.75
EK202310166210,124.15
EK202310110220,132.2
EK202310145795,122.7
EK202310164123,152.35
EK202310196621,172.4
EK202310120415,124.75
EK202310148912,149.45
EK202310179102,148.05
EK202310196322,160.5
EK202310157568,178.5
EK202310146998,148.3
EK202310223698,155.8
EK202310234532,131.5
EK202310138792,174.3
EK202310246869,145.9
EK202310126504,139.1
EK202310113606,151.35
EK202310131578,129.05
EK202310156389,140.35
EK202310138943,127.45
EK202310105288,147.95
EK202310188558,179.35
EK202310234995,130.75
EK202310181950,174.9
EK202310157098,136.85
EK202310132543,142.7
EK202310174319,132.9
EK202310225811,150.85
EK202310157066,146.85
EK202310205138,142.55
EK202320007203,151.6
EK202310227039,139.1
EK202310106033,131.05
EK202310146183,163.9
EK202310226180,137.0
EK202310162385,141.85
EK202310235946,125.3
EK202310182408,156.05
EK202310155735,142.1
EK202310190520,154.25
EK202310146058,138.55
EK202310202633,136.45
EK202310196099,153.9
EK202310129632,127.2
EK202310138166,117.35
EK202310148720,156.8
EK202310145781,134.35
EK202310140364,136.6
EK202310152526,131.4
EK202310109041,132.25
EK202310239518,150.55
EK202310187894,133.95
EK202310140674,149.9
EK202310133919,134.55
EK202310183378,135.45
EK202310232538,139.1
EK202310203159,149.5
EK202310114364,141.5
EK202310165382,145.9
EK202310212412,132.2
EK202310106291,124.85
EK202310136964,159.7
EK202310114872,127.65
EK202310211044,144.85
EK202310196962,172.65
EK202310229743,137.85
EK202310180091,137.4
EK202310113899,146.25
EK202310238528,156.75
EK202310167500,148.95
EK202310184018,154.0
EK202310194972,134.6
EK202310120304,163.8
EK202310142049,126.7
EK202310178765,176.15
EK202310182864,137.9
EK202310192331,167.75
EK202310164774,144.45
EK202310156817,168.8
EK202310237151,138.25
EK202310234802,144.0
EK202310210106,167.65
EK202310195014,129.05
EK202310147893,150.7
EK202310113010,134.85
EK202310183485,137.9
EK202310123549,141.2
EK202310215820,147.2
EK202310174861,148.9
EK202310170243,140.7
EK202310139779,134.75
EK202310226387,142.95
EK202310126951,136.15
EK202310122461,126.35
EK202310137617,151.05
EK202310232607,153.2
EK202310188917,152.55
EK202310230010,129.1
EK202320007620,146.15
EK202310179514,134.3
EK202310200726,144.95
EK202310145542,139.0
EK202310140934,152.5
EK202310141993,140.6
EK202310202052,130.45
EK202310206128,126.05
EK202310129191,176.4
EK202310132531,144.85
EK202310145895,141.95
EK202310150717,148.8
EK202310238478,120.25
EK202310215961,149.4
EK202310140355,155.6
EK202310107109,107.2
EK202310245704,134.3
EK202310140078,141.6
EK202310201205,180.0
EK202310105811,135.25
EK202310213056,153.05
EK202310218710,138.9
EK202310212505,136.95
EK202310222413,126.75
EK202310172293,135.75
EK202310109647,132.45
EK202310188891,142.35
EK202310137965,133.05
EK202310107117,107.8
EK202310207869,138.7
EK202310169495,153.05
EK202310114538,148.2
EK202310165920,131.1
EK202310130807,142.1
EK202310170628,155.1
EK202310117370,137.4
EK202310239420,149.5
EK202310108908,147.8
EK202310124380,143.6
EK202310114384,147.75
EK202310176015,163.55
EK202310213032,140.55
EK202310191795,153.95
EK202310203571,140.85
EK202310138185,127.5
EK202310182667,142.65
EK202310178540,149.85
EK202310173419,155.95
EK202310171759,127.95
EK202310230057,147.9
EK202310239289,141.6
EK202310203690,166.45
EK202310109021,133.5
EK202310126805,158.35
EK202310213809,129.2
EK202310174863,168.4
EK202310221636,130.1
EK202310171548,121.85
EK202310194319,143.95
EK202310233853,166.8
EK202310158671,145.7
EK202310230596,128.85
EK202310221893,119.2
EK202310227172,132.75
EK202310231306,134.5
EK202310158074,133.45
EK202310104860,155.55
EK202310216640,166.3
EK202310200103,134.0
EK202310141785,154.7
EK202310145978,119.25
EK202310004077,162.0
EK202310133888,143.45
EK202310125723,155.55
EK202310136090,174.05
EK202310246571,140.3
EK202310243027,131.05
EK202310109649,149.45
EK202310176461,132.8
EK202310122952,136.7
EK202310243326,144.9
EK202310135058,165.75
EK202310200094,135.1
EK202310146558,132.85
EK202310121295,124.15
EK202310214783,150.0
EK202310172681,132.9
EK202310241971,146.35
EK202310188843,151.7
EK202310136447,130.7
EK202310231662,135.8
EK202310157790,130.55
EK202310120107,134.25
EK202310225152,164.2
EK202310200264,157.9
EK202310134521,131.9
EK202310173584,139.7
EK202310196666,148.0
EK202310164106,119.65
EK202310138379,158.1
EK202310228204,139.35
EK202310125152,135.15
EK202310216720,140.6
EK202310228063,138.45
EK202310169786,140.9
EK202310176342,152.95
EK202310163187,154.25
EK202310124025,169.6
EK202310171872,158.65
EK202310137265,133.95
EK202310209292,142.35
EK202310137925,124.4
EK202310199295,137.85
EK202310152826,179.05
EK202310104368,130.45
EK202310187730,141.2
EK202310181862,138.8
EK202310165938,125.4
EK202310183431,131.0
EK202310236615,141.65
EK202310189593,126.1
EK202310221069,126.5
EK202310205373,149.05
EK202310142031,141.5
EK202310128716,123.4
EK202310202961,174.7
EK202310205295,158.4
EK202310116568,151.0
EK202310209928,136.2
EK202320005639,144.85
EK202310133603,175.25
EK202310196192,163.25
EK202310133688,160.65
EK202310107855,158.8
EK202310138935,146.3
EK202310204089,142.1
EK202310219313,137.65
EK202310189726,150.65
EK202310152282,149.2
EK202310180251,140.05
EK202310165981,154.6
EK202310137451,139.9
EK202310126122,137.0
EK202310243998,138.8
EK202310184231,184.1
EK202310228417,136.6
EK202310241091,141.9
EK202310190393,148.5
EK202310211537,139.15
EK202310147678,139.5
EK202310242270,143.55
EK202310149069,172.85
EK202310163921,172.95
EK202310133083,133.65
EK202310224140,139.55
EK202310152867,122.95
EK202310203736,125.8
EK202310165596,125.1
EK202310214453,137.95
EK202310164740,141.15
EK202310214137,178.0
EK202310146679,137.45
EK202310104097,124.7
EK202310200834,150.95
EK202310163017,168.3
EK202310165977,155.4
EK202310243475,123.75
EK202310241365,169.25
EK202310244319,140.5
EK202310120396,153.15
EK202310241624,133.0
EK202310198761,185.6
EK202310150943,126.15
EK202310248679,167.45
EK202310215685,138.15
EK202310104356,136.0
EK202310206239,126.85
EK202310157180,136.5
EK202310131514,157.25
EK202310244801,149.5
EK202310116569,147.45
EK202310123027,124.4
EK202310223311,142.3
EK202310174904,143.45
EK202310133194,148.2
EK202310184130,136.45
EK202310194455,152.5
EK202310106381,153.65
EK202310227001,142.3
EK202310153912,160.25
EK202310193865,147.55
EK202310232459,131.0
EK202310198400,127.15
EK202310182607,143.0
EK202310225129,144.3
EK202310197516,143.1
EK202310131801,163.8
EK202310212554,149.05
EK202310227543,149.85
EK202310130530,123.8
EK202310193825,166.05
EK202310211045,146.4
EK202310129373,139.65
EK202310147392,134.2
EK202310187904,153.25
EK202310208503,144.2
EK202310110837,158.15
EK202310229225,126.05
EK202310164336,118.95
EK202310195313,157.5
EK202320006926,137.6
EK202310174594,130.9
EK202310187599,154.35
EK202310198391,153.5
EK202310224871,123.2
EK202310128469,165.2
EK202310108118,128.0
EK202310164855,139.75
EK202310157619,150.0
EK202310212148,125.3
EK202310241888,134.85
EK202310200720,151.15
EK202310178703,170.0
EK202310208199,143.75
EK202310200707,146.65
EK202310222186,154.05
EK202310235687,157.95
EK202310169723,162.0
EK202310242395,140.4
EK202310202866,165.6
EK202310137258,130.2
EK202310209819,153.4
EK202310111291,145.2
EK202310210190,137.8
EK202310181968,141.3
EK202310173847,151.35
EK202310170341,131.5
EK202310112839,144.15
EK202310207240,132.1
EK202310122514,128.95
EK202310190722,137.15
EK202310186422,129.85
EK202310154379,173.45
EK202310245323,141.65
EK202310122299,136.95
EK202310125100,131.15
EK202310118253,144.6
EK202310238969,181.75
EK202310168188,160.6
EK202310160206,157.4
EK202310222871,164.5
EK202310209611,158.25
EK202310212974,127.65
EK202310128407,152.1
EK202310222412,127.15
EK202310200939,125.8
EK202310003959,138.0
EK202310190302,152.25
EK202310186405,168.65
EK202310138957,129.1
EK202310105023,130.6
EK202310236632,135.95
EK202310162662,136.2
EK202310198218,161.5
EK202310186500,148.55
EK202310138863,131.8
EK202310241224,168.1
EK202310171644,145.65
EK202310239875,133.55
EK202310187156,151.8
EK202310174507,132.1
EK202310139245,157.5
EK202310161355,163.9
EK202310131302,129.8
EK202310106366,141.85
EK202310180236,160.1
EK202310146739,135.3
EK202310122526,131.05
EK202310171449,127.3
EK202310158382,140.3
EK202310003648,125.9
EK202310203626,137.45
EK202310105539,132.5
EK202310172856,154.75
EK202310247114,177.7
EK202310169299,175.0
EK202310216048,132.8
EK202320007664,138.95
EK202310106821,141.4
EK202310201424,137.05
EK202310177794,140.65
EK202310225174,143.85
EK202310236955,134.2
EK202310216158,126.5
EK202310176370,134.85
EK202310139805,130.25
EK202310129688,132.2
EK202310114179,139.15
EK202310004734,133.0
EK202310153706,159.6
EK202310159985,131.45
EK202310207436,145.35
EK202310172357,136.75
EK202310137540,156.25
EK202310246082,135.5
EK202310231504,128.8
EK202310180342,177.85
EK202310149538,146.55
EK202310236300,151.8
EK202310184866,140.45
EK202310236107,177.05
EK202310177453,151.65
EK202310171178,148.2
EK202310146756,140.1
EK202310147896,148.55
EK202310167599,158.25
EK202310165277,138.95
EK202310213182,148.95
EK202310231983,137.7
EK202310119961,131.6
EK202310168921,154.45
EK202310152986,139.35
EK202310222123,133.55
EK202310165121,127.4
EK202320006143,139.6
EK202310136406,122.65
EK202310113171,141.45
EK202310178750,176.65
EK202310184720,139.0
EK202310135947,131.75
EK202310106555,143.6
EK202310147773,164.0
EK202310166654,133.75
EK202310231220,137.9
EK202310179554,148.1
EK202310121805,123.15
EK202310221539,141.4
EK202310109095,136.3
EK202310228094,157.15
EK202310128632,137.85
EK202310168239,160.9
EK202310229923,138.55
EK202310182545,142.75
EK202310111819,136.9
EK202320007299,184.15
EK202310113423,132.45
EK202310141017,163.5
EK202310236316,131.8
EK202310108216,133.05
EK202310192703,155.9
EK202310123050,126.45
EK202310221659,131.8
EK202310195354,187.9
EK202310218205,153.65
EK202310142204,152.45
EK202310169069,139.85
EK202310110164,141.65
EK202310242272,130.8
EK202310171541,163.05
EK202310164252,161.3
EK202310230378,132.75
EK202310162807,107.75
EK202310125970,150.9
EK202310232037,138.55
EK202310179302,127.5
EK202310113416,129.75
EK202310120907,143.3
EK202310131914,135.1
EK202310246477,133.3
EK202310210578,149.4
EK202310224656,141.25
EK202310134643,140.55
EK202310165344,134.5
EK202310128094,141.4
EK202310212344,143.95
EK202310163429,137.8
EK202310142109,130.6
EK202310148011,151.95
EK202310177720,128.4
EK202310130679,145.95
EK202310128185,189.7
EK202310157906,144.95
EK202310219715,121.0
EK202310107586,133.35
EK202310236962,135.75
EK202310133594,165.0
EK202310124136,128.3
EK202310147276,151.3
EK202310209860,155.45
EK202310170014,127.15
EK202310125838,137.1
EK202310176810,150.05
EK202310104451,146.9
EK202310181648,154.5
EK202310148857,145.85
EK202310161540,171.05
EK202310109347,124.1
EK202310143168,126.9
EK202310182799,148.7
EK202310183847,152.1
EK202310231882,126.0
EK202310236483,135.8
EK202320007850,150.35
EK202310171115,129.45
EK202310138799,164.2
EK202310229790,139.75
EK202310120135,134.2
EK202310165362,143.6
EK202310160759,129.25
EK202310128908,153.5
EK202310126950,130.55
EK202310210878,128.5
EK202310144127,124.8
EK202310103769,142.3
EK202310224658,166.6
EK202310158660,147.6
EK202310115044,134.2
EK202310225928,133.45
EK202310131183,159.9
EK202310191329,143.6
EK202310247806,147.2
EK202310128359,133.05
EK202310158015,140.55
EK202310216742,135.5
EK202310180156,125.15
EK202310156742,170.7
EK202310206889,128.05
EK202310141595,143.05
EK202310213331,136.6
EK202310110177,130.75
EK202310177752,157.75
EK202310143528,125.05
EK202310121245,138.6
EK202310121730,121.0
EK202310166696,163.85
EK202310139416,139.3
EK202310137350,146.7
EK202310173056,143.3
EK202310183242,149.05
EK202310181856,138.65
EK202310187043,143.15
EK202310146563,140.25
EK202310210145,145.15
EK202310149292,154.65
EK202310219306,145.4
EK202310180670,134.55
EK202310154730,140.5
EK202310220947,123.4
EK202310202735,136.3
EK202310123527,135.7
EK202310120644,134.15
EK202310129017,157.15
EK202310162431,175.55
EK202310150024,145.55
EK202310237610,156.8
EK202310228863,128.5
EK202310114239,141.0
EK202310111704,139.3
EK202310175377,136.6
EK202310128857,132.5
EK202310141561,130.65
EK202310133921,140.75
EK202310143422,122.55
EK202310222897,132.2
EK202310127138,145.9
EK202310185976,149.7
EK202310118702,154.4
EK202310112998,151.3
EK202310134460,163.0
EK202310198419,135.35
EK202310116533,139.85
EK202310152035,129.85
EK202310186167,141.75
EK202310174777,139.15
EK202310241957,123.45
EK202310194759,138.5
EK202310209627,143.85
EK202310110386,146.5
EK202310183168,142.95
EK202310230042,145.4
EK202310173070,151.05
EK202310118014,139.35
EK202310201071,133.85
EK202310151104,120.5
EK202310150451,134.8
EK202310185662,171.65
EK202310152420,127.85
EK202310004807,144.85
EK202310123731,152.65
EK202320007290,148.4
EK202310159273,170.6
EK202310241776,165.35
EK202310240911,135.5
EK202310128834,151.0
EK202310128400,141.95
EK202310233118,148.2
EK202310234404,127.45
EK202310158169,139.45
EK202310168826,133.35
EK202310223636,158.7
EK202310228740,175.45
EK202310115835,143.6
EK202310131407,139.65
EK202310150935,138.5
EK202310225345,162.7
EK202310146990,148.95
EK202310227539,147.05
EK202310145038,134.7
EK202310134905,125.0
EK202310176247,146.75
EK202310238587,162.8
EK202310208338,147.75
EK202310202600,156.25
EK202310244941,131.85
EK202310121341,176.5
EK202310142598,177.65
EK202310198678,119.95
EK202310243034,145.0
EK202310188200,139.95
EK202310248513,133.95
EK202310247587,132.25
EK202310175167,126.05
EK202310248135,146.4
EK202310116341,118.1
EK202310187249,163.45
EK202310117946,143.85
EK202310120013,122.75
EK202310168464,130.95
EK202310188127,119.9
EK202310234954,139.55
EK202310240694,151.75
EK202310156774,146.1
EK202310242931,132.95
EK202310120909,133.0
EK202310213600,132.0
EK202310185790,163.75
EK202310189010,134.75
EK202310198849,135.65
EK202310110578,148.3
EK202310197754,137.95
EK202310224146,133.2
EK202310174258,140.65
EK202310190295,153.65
EK202310215366,147.2
EK202310236141,142.05
EK202310235081,137.5
EK202310113404,124.45
EK202310147836,135.0
EK202310119847,153.7
EK202320006154,136.0
EK202310181606,152.4
EK202310108458,150.8
EK202310191692,157.35
EK202310137028,144.05
EK202310186568,119.3
EK202310193659,179.1
EK202310201443,139.55
EK202310171284,157.35
EK202310162022,150.2
EK202310124310,138.65
EK202310150577,134.7
EK202310180293,147.05
EK202310233601,138.1
EK202310218244,145.1
EK202310147274,135.8
EK202310144827,127.65
EK202310188705,123.6
EK202310171879,137.65
EK202310004380,147.95
EK202310124117,125.65
EK202310139515,153.7
EK202310223076,128.4
EK202310189237,142.2
EK202310158900,155.0
EK202310172965,146.6
EK202310133331,126.5
EK202310139550,149.85
EK202310182260,141.6
EK202310240459,129.1
EK202310129723,165.15
EK202310140428,137.6
EK202310116169,130.75
EK202310121335,123.75
EK202310154424,121.45
EK202310171495,162.45
EK202310230777,143.6
EK202310207460,158.95
EK202310194955,125.05
EK202310233382,143.65
EK202310126476,133.75
EK202310112541,145.0
EK202310211941,156.7
EK202310160649,171.55
EK202310147152,149.2
EK202310226978,146.0
EK202310156779,128.55
EK202310160400,152.3
EK202310113592,151.8
EK202310173652,151.95
EK202310159519,140.0
EK202310124262,131.85
EK202310205506,129.65
EK202310219097,151.6
EK202310226057,134.95
EK202310153736,135.7
EK202310180775,135.85
EK202310169348,176.3
EK202310131502,152.25
EK202310121729,121.35
EK202310159565,131.7
EK202310204448,127.6
EK202310153462,129.05
EK202310144316,139.5
EK202310135075,170.6
EK202310221375,145.3
EK202310163745,160.05
EK202310128307,134.5
EK202310117545,182.8
EK202310135049,169.4
EK202310168241,160.4
EK202310212910,137.05
EK202310201819,140.25
EK202310159317,141.6
EK202310205644,139.65
EK202310154083,135.4
EK202310229522,139.2
EK202310110884,152.95
EK202310157913,150.05
EK202310178487,167.4
EK202310159316,148.4
EK202310109379,145.4
EK202310188031,120.4
EK202310198040,150.2
EK202310175083,157.7
EK202310155364,137.5
EK202310204163,129.65
EK202310199502,143.95
EK202310204489,137.95
EK202310179081,143.15
EK202310233796,132.2
EK202310166659,156.9
EK202310160108,132.65
EK202310189609,154.4
EK202310104591,128.4
EK202310241388,126.25
EK202310141772,146.75
EK202310193970,156.95
EK202310115247,128.9
EK202310205518,130.55
EK202310169284,144.1
EK202310148744,147.6
EK202310190361,136.45
EK202310174521,158.35
EK202320005722,155.05
EK202310223637,143.75
EK202310206779,139.35
EK202310205588,121.6
EK202310173304,135.2
EK202310168176,149.8
EK202310213786,166.4
EK202310193979,152.1
EK202310126924,129.7
EK202310130529,140.05
EK202310119471,149.4
EK202310196749,152.45
EK202310113250,156.95
EK202310155906,132.2
EK202310105766,129.85
EK202310201584,141.3
EK202310106175,132.05
EK202310178826,150.8
EK202310184322,132.05
EK202310106188,134.8
EK202310124482,136.25
EK202310186934,136.1
EK202310190559,129.3
EK202310247940,129.85
EK202310161261,153.0
EK202310167492,123.8
EK202310117822,121.95
EK202310185255,149.4
EK202310209656,124.8
EK202310161945,146.65
EK202310214665,152.2
EK202310146073,126.7
EK202310160721,168.15
EK202310245095,148.35
EK202310239697,135.75
EK202310196401,135.95
EK202310245200,149.5
EK202310151874,169.85
EK202310127590,152.15
EK202310172784,133.2
EK202310217741,141.3
EK202310118696,152.25
EK202310175680,136.6
EK202310248407,129.75
EK202310116779,145.0
EK202310230914,147.3
EK202310121682,133.05
EK202310124137,126.85
EK202310138758,132.65
EK202310115217,157.35
EK202310165227,139.15
EK202310198606,140.6
EK202310139887,143.45
EK202310235696,129.05
EK202310140862,143.45
EK202310245296,149.85
EK202310178643,146.15
EK202310109769,111.95
EK202310168383,124.2
EK202310173293,142.75
EK202310199278,143.45
EK202310188364,167.0
EK202310226539,136.4
EK202310104626,147.25
EK202310113611,160.95
EK202310155381,133.9
EK202310207381,159.75
EK202310232919,152.3
EK202310239683,138.05
EK202310131225,125.4
EK202310173001,144.1
EK202310194749,129.55
EK202310103766,136.1
EK202310173848,147.15
EK202310134143,125.5
EK202310233093,149.7
EK202310184337,158.15
EK202310129410,135.55
EK202310118391,134.75
EK202310222008,136.45
EK202310172498,143.3
EK202310187928,134.15
EK202310159483,118.25
EK202310110871,169.2
EK202310146779,133.7
EK202310155616,133.45
EK202310137460,157.0
EK202310209877,139.55
EK202310140666,156.5
EK202310122918,144.3
EK202310170046,131.2
EK202310143434,165.8
EK202310140495,121.7
EK202310174705,148.5
EK202310228168,143.65
EK202310127824,129.4
EK202310235975,143.95
EK202310190602,143.75
EK202310106408,140.85
EK202310233717,137.4
EK202310203927,131.6
EK202310106512,128.55
EK202310208972,134.7
EK202310156588,174.45
EK202310242168,137.8
EK202310123091,142.05
EK202310199389,145.5
EK202310154978,139.95
EK202310158716,123.35
EK202310159396,163.2
EK202320005678,180.65
EK202310110183,126.2
EK202310225959,130.65
EK202310225303,129.5
EK202310108877,130.9
EK202310237629,142.65
EK202310211593,131.45
EK202310151540,176.1
EK202310149041,159.65
EK202310147417,145.15
EK202310229267,141.95
EK202310194169,132.35
EK202310130855,136.9
EK202310218381,152.1
EK202310131759,153.4
EK202310159130,156.85
EK202310181380,145.6
EK202310154840,156.15
EK202310155113,133.25
EK202310190213,126.0
EK202310125761,159.55
EK202310228436,136.05
EK202310245583,145.1
EK202310138440,131.9
EK202310153292,133.7
EK202310114994,129.3
EK202310172366,142.65
EK202310124479,149.7
EK202310184003,172.2
EK202310179734,134.65
EK202310185315,150.8
EK202310247954,180.65
EK202310146620,150.5
EK202310171244,161.7
EK202310134666,143.65
EK202310220005,137.55
EK202310156110,137.45
EK202310207825,166.05
EK202310168883,125.05
EK202310136483,112.2
EK202310196952,179.15
EK202310196373,139.3
EK202310118816,145.35
EK202310165110,147.3
EK202310142607,136.4
EK202310168946,141.5
EK202310105295,144.1
EK202310106334,132.0
EK202310105612,136.3
EK202310119938,139.45
EK202310192361,159.2
EK202310195020,143.35
EK202310129686,134.95
EK202320005926,167.65
EK202310210500,131.0
EK202310139090,146.2
EK202310138528,133.55
EK202310201466,143.7
EK202310230750,152.35
EK202310148719,129.1
EK202310150803,144.2
EK202310216988,146.85
EK202310111431,133.9
EK202310185972,118.0
EK202310195667,181.25
EK202310140854,164.95
EK202310210882,137.55
EK202310233837,138.75
EK202320006073,160.95
EK202310196309,163.7
EK202310206916,156.25
EK202310226122,147.05
EK202320006289,157.45
EK202310226436,158.15
EK202310169442,178.95
EK202310241543,135.65
EK202310217591,137.3
EK202310140276,127.05
EK202320007784,132.9
EK202310149529,137.75
EK202320007633,128.25
EK202310119859,150.45
EK202310230599,126.45
EK202310140256,134.95
EK202310155491,137.45
EK202310132167,141.95
EK202310224240,165.6
EK202310110704,146.95
EK202310140659,121.85
EK202310209654,130.75
EK202310210751,125.2
EK202310114252,138.05
EK202310131050,117.75
EK202310176400,128.45
EK202310225146,140.65
EK202310218218,142.15
EK202310199879,148.0
EK202310233661,130.55
EK202310225646,120.95
EK202310141379,133.1
EK202320006182,139.65
EK202310173692,128.15
EK202310177607,152.0
EK202310233946,151.0
EK202310126324,136.7
EK202310191584,149.25
EK202310162051,155.0
EK202310217086,137.95
EK202310175283,138.3
EK202310161464,152.6
EK202310175429,146.1
EK202310162548,163.1
EK202310124184,143.4
EK202310175929,154.7
EK202310162414,137.45
EK202310243129,124.65
EK202310157428,174.1
EK202310155573,130.25
EK202310163052,139.85
EK202310206064,137.4
EK202310248323,128.45
EK202310168056,151.9
EK202310128927,137.75
EK202310139485,151.8
EK202310242735,139.0
EK202310134082,126.2
EK202310104455,132.9
EK202310159631,137.7
EK202310212803,143.75
EK202310104486,165.45
EK202310194508,127.7
EK202310147608,165.1
EK202310150343,139.75
EK202310231361,128.8
EK202310170149,151.3
EK202320005932,173.95
EK202310211081,119.25
EK202310164819,172.8
EK202310182415,154.15
EK202310129406,147.6
EK202310186466,133.25
EK202310116340,122.1
EK202310177218,137.35
EK202310207532,144.2
EK202310222391,127.6
EK202310176449,159.3
EK202310245955,141.2
EK202310193130,131.25
EK202310158757,133.7
EK202310227627,127.45
EK202310136426,128.75
EK202310130279,147.9
EK202310140320,128.7
EK202310208976,142.85
EK202310140233,152.0
EK202310111236,138.1
EK202310106947,141.95
EK202310225392,131.9
EK202310156828,139.35
EK202310169518,129.05
EK202310112332,142.65
EK202310157079,167.75
EK202310113908,134.45
EK202310228518,125.85
EK202310162931,136.9
EK202310209191,130.35
EK202310170787,148.5
EK202310123235,137.35
EK202310155678,132.75
EK202310164712,145.95
EK202310124306,132.15
EK202310209118,155.0
EK202310198258,125.3
EK202310234831,131.2
EK202310226914,152.8
EK202310202181,127.65
EK202310181074,128.7
EK202310231524,118.9
EK202310159999,166.3
EK202310214159,161.7
EK202310104655,119.5
EK202310191665,144.6
EK202310226912,134.7
EK202310229568,129.65
EK202320006366,133.65
EK202310158803,140.5
EK202310218310,137.45
EK202310204232,142.0
EK202310186641,137.65
EK202310145275,157.75
EK202310215048,163.1
EK202310155714,134.95
EK202310154842,140.7
EK202310131202,146.5
EK202310166844,151.25
EK202310209974,131.75
EK202310111411,146.4
EK202310208383,137.45
EK202310228239,132.6
EK202310220185,139.3
EK202310177863,129.8
EK202310191386,146.65
EK202310176540,145.3
EK202310128361,143.85
EK202310127737,137.7
EK202310205567,177.7
EK202310110038,135.4
EK202310135018,175.35
EK202310152829,180.3
EK202310106061,150.0
EK202310234328,179.7
EK202310179105,192.1
EK202310106635,139.0
EK202310133437,123.15
EK202310163497,156.35
EK202310170389,131.25
EK202310176900,150.15
EK202310218778,157.65
EK202310188856,156.85
EK202310195987,175.6
EK202310139386,156.8
EK202310220080,137.05
EK202310132718,151.6
EK202310184630,178.5
EK202310175811,132.35
EK202310109074,133.25
EK202310237543,134.1
EK202310229949,139.15
EK202310174243,131.4
EK202310185313,146.3
EK202310150933,150.35
EK202310114721,141.25
EK202310168635,142.95
EK202310188341,148.25
EK202310213705,136.85
EK202310239073,138.45
EK202310163500,139.45
EK202310208351,138.15
EK202310106450,147.1
EK202310115408,121.65
EK202310223788,137.65
EK202310243905,134.95
EK202310173232,130.85
EK202310147240,152.35
EK202310170514,155.1
EK202310150951,125.9
EK202310116493,151.5
EK202310195983,165.8
EK202310152131,129.05
EK202310104754,153.7
EK202310205406,140.85
EK202310160153,146.4
EK202310221221,125.5
EK202310160257,166.9
EK202310137708,146.7
EK202310115489,130.1
EK202310137151,121.6
EK202310227780,129.15
EK202310214472,156.6
EK202310133088,158.9
EK202310239663,160.2
EK202310215474,133.95
EK202310183236,127.6
EK202310214837,141.3
EK202310187923,136.95
EK202310197935,177.75
EK202310140273,143.8
EK202310117788,124.3
EK202310170592,138.5
EK202310156315,141.7
EK202310166296,148.6
EK202310156678,148.8
EK202310197364,171.15
EK202310004739,142.0
EK202310133626,149.85
EK202310199623,138.3
EK202310159296,170.45
EK202310192767,149.75
EK202310148778,144.5
EK202310156041,149.85
EK202310186950,131.1
EK202310236558,140.2
EK202310213585,135.35
EK202310184418,139.45
EK202310140115,143.05
EK202310163224,137.8
EK202310228835,136.35
EK202310162030,149.95
EK202310168987,141.9
EK202310221729,152.75
EK202310181909,128.3
EK202310149566,168.4
EK202310149852,134.9
EK202310246189,136.45
EK202310173822,148.45
EK202320006684,148.5
EK202310151342,146.5
EK202310004964,133.75
EK202310167966,143.15
EK202310184397,123.3
EK202310200638,138.95
EK202310181195,152.95
EK202310149384,139.55
EK202310192111,165.4
EK202310119248,145.6
EK202310150757,128.1
EK202310105899,131.35
EK202310109147,140.1
EK202310003890,141.25
EK202310136861,166.55
EK202310209403,159.1
EK202310143496,127.65
EK202310171668,143.75
EK202310168536,156.75
EK202310216195,151.45
EK202310117347,140.35
EK202310208923,140.1
EK202310239643,137.95
EK202310206445,138.2
EK202310104049,125.35
EK202310228180,129.9
EK202310116347,129.8
EK202310205059,137.45
EK202310248120,142.15
EK202310171398,147.75
EK202310161887,134.8
EK202310208795,151.6
EK202310211198,135.1
EK202310175547,131.7
EK202310168520,158.1
EK202310212595,127.95
EK202310116251,133.05
EK202320007851,144.55
EK202310106764,107.5
EK202310187318,130.05
EK202310158705,146.45
EK202310185110,137.45
EK202310170152,149.85
EK202310195607,155.1
EK202310111449,128.25
EK202310153841,152.4
EK202310167617,157.65
EK202310114265,142.65
EK202310133143,160.2
EK202310158293,143.05
EK202310181702,138.1
EK202310212416,132.55
EK202310231600,132.35
EK202310230507,131.3
EK202310223031,133.35
EK202310180391,129.6
EK202310177543,155.9
EK202310218831,147.95
EK202310223265,137.6
EK202310109405,130.95
EK202310138084,129.45
EK202310144834,139.4
EK202310119130,145.2
EK202310241445,139.25
EK202310187813,136.85
EK202310233825,158.9
EK202310163582,149.7
EK202310152391,131.75
EK202310236241,147.95
EK202310179557,137.7
EK202310004239,145.05
EK202310218905,137.75
EK202310132305,130.6
EK202310230005,145.2
EK202310210560,156.5
EK202310216882,163.65
EK202310176911,130.95
EK202310136229,131.25
EK202310106054,139.15
EK202310195370,141.6
EK202310173198,136.0
EK202310173224,128.05
EK202310192049,150.45
EK202310119480,130.8
EK202310173031,135.1
EK202310141972,167.85
EK202310146369,134.6
EK202310242801,133.35
EK202310206809,138.05
EK202310185734,125.45
EK202310139207,169.55
EK202310210887,128.0
EK202310105956,144.05
EK202310163503,148.45
EK202310123765,132.95
EK202310232619,144.4
EK202310205867,138.2
EK202310158665,150.15
EK202310236631,144.25
EK202310190792,144.7
EK202310210386,132.7
EK202310200450,143.25
EK202310174140,128.95
EK202310138770,139.25
EK202310237110,137.35
EK202310164459,152.25
EK202310132579,130.95
EK202310196378,137.55
EK202310193320,158.65
EK202310232595,178.7
EK202310130509,134.45
EK202310109357,148.1
EK202310231395,149.7
EK202310193035,163.4
EK202310213027,149.3
EK202310138622,127.6
EK202310193234,171.45
EK202310185497,126.95
EK202310228201,131.8
EK202310230916,137.95
EK202310219136,127.5
EK202310229694,128.15
EK202310242998,137.55
EK202310118461,162.5
EK202310147273,136.95
EK202310112383,146.7
EK202310161078,173.75
EK202310164392,171.6
EK202310111127,128.8
EK202310169688,133.9
EK202310111033,140.3
EK202310118526,146.0
EK202310190143,163.85
EK202310232739,139.85
EK202310199403,154.75
EK202310168879,166.85
EK202310140593,129.9
EK202310003734,151.25
EK202310234646,121.15
EK202310133170,144.3
EK202310181389,132.6
EK202310173177,150.0
EK202310164882,130.6
EK202310191760,161.7
EK202310234933,152.0
EK202310164012,139.8
EK202310207434,159.65
EK202310198243,129.75
EK202310162062,143.25
EK202310124086,129.85
EK202310159310,144.85
EK202310241058,133.8
EK202310179083,143.8
EK202310175051,134.15
EK202310149452,140.65
EK202310230416,139.8
EK202310187500,148.9
EK202310183313,147.45
EK202310237296,136.7
EK202310214789,142.6
EK202310180222,153.3
EK202310122939,152.5
EK202310181965,136.7
EK202310228380,149.65
EK202310159058,134.95
EK202310188976,147.5
EK202310172452,138.75
EK202310215052,153.2
EK202310247517,162.05
EK202310156349,142.8
EK202310242723,140.35
EK202310107972,133.05
EK202310153284,156.8
EK202310142419,137.4
EK202310202260,140.65
EK202310169840,151.55
EK202310229959,140.95
EK202310112101,147.05
EK202310170405,135.8
EK202310187604,136.55
EK202310226938,123.7
EK202310170407,132.8
EK202310188787,149.3
EK202310157751,135.0
EK202310110049,136.4
EK202310171605,139.55
EK202310225647,124.8
EK202310160034,134.8
EK202310104086,143.3
EK202310133846,136.35
EK202310149687,152.6
EK202310237643,139.75
EK202310240693,140.15
EK202310209107,156.1
EK202310152954,150.45
EK202310107042,142.6
EK202310147766,135.25
EK202310157864,132.55
EK202310132609,152.0
EK202310198224,146.3
EK202310181372,151.1
EK202310107536,151.25
EK202310107339,132.6
EK202310231880,154.45
EK202310121562,130.15
EK202310219911,131.95
EK202310111456,152.9
EK202310230174,125.1
EK202310123273,137.9
EK202310130394,132.25
EK202310125858,139.6
EK202310148270,149.25
EK202310158632,149.95
EK202310131026,133.35
EK202310204177,137.35
EK202310116255,154.45
EK202310149497,152.25
EK202310105304,149.25
EK202310188432,132.6
EK202310153241,137.2
EK202310143739,142.65
EK202310157045,156.1
EK202310221281,140.25
EK202310183812,161.65
EK202310237731,165.95
EK202310157369,150.0
EK202310162985,151.1
EK202310120645,122.5
EK202310222168,129.25
EK202310185855,136.95
EK202310208538,150.1
EK202310176660,135.75
EK202310004357,147.7
EK202310131180,153.15
EK202310239429,142.75
EK202310143219,134.4
EK202310117261,138.05
EK202310185385,149.8
EK202320006967,131.75
EK202310133649,125.8
EK202310124686,140.2
EK202310158040,131.45
EK202310196688,141.2
EK202310191616,151.6
EK202310115678,127.95
EK202310147246,140.9
EK202310143506,137.25
EK202310151678,131.65
EK202310154413,154.75
EK202310140205,128.35
EK202310220100,144.15
EK202310125163,145.1
EK202310220961,132.0
EK202310230382,125.75
EK202310235095,134.5
EK202310161057,165.75
EK202310118114,130.25
EK202310170808,136.7
EK202310134456,151.85
EK202310200301,141.05
EK202310159200,174.4
EK202310238472,139.75
EK202310128987,138.65
EK202310108858,129.3
EK202310226102,132.95
EK202310113124,128.75
EK202310225235,141.85
EK202310179343,130.0
EK202310178389,151.55
EK202310119599,127.15
EK202310244023,136.95
EK202310156102,141.05
EK202310130216,170.05
EK202310234897,130.45
EK202310187102,121.6
EK202310239290,133.2
EK202310136586,121.2
EK202310108466,139.85
EK202310230613,135.85
EK202310152593,150.6
EK202310196010,167.75
EK202310226253,130.1
EK202310203216,164.65
EK202310166883,141.05
EK202310129487,139.4
EK202310105043,145.45
EK202310138902,131.95
EK202310202724,134.75
EK202310201811,146.2
EK202310175242,138.7
EK202310114269,127.75
EK202310231260,137.05
EK202310104135,149.95
EK202310157818,134.25
EK202310182339,141.2
EK202310147937,138.15
EK202310200292,138.95
EK202310230177,125.75
EK202310162469,135.3
EK202310204330,152.2
EK202310139204,132.35
EK202310130100,128.75
EK202310155710,150.05
EK202310233995,136.35
EK202310184497,141.25
EK202310164378,128.25
EK202310219862,140.8
EK202310125493,139.85
EK202310154947,139.15
EK202310177743,128.8
EK202310183365,131.95
EK202310195017,140.65
EK202310111369,144.7
EK202310225082,174.1
EK202310155429,135.95
EK202310226852,135.3
EK202310180504,148.8
EK202310181743,186.55
EK202310003997,153.1
EK202310205645,136.25
EK202310115820,143.85
EK202310162941,127.5
EK202310180586,132.3
EK202310220916,130.15
EK202310202555,174.25
EK202310149995,137.55
EK202310119295,150.75
EK202310187858,121.75
EK202310237992,137.95
EK202310213952,149.3
EK202310123029,124.0
EK202310147096,151.0
EK202310223097,125.8
EK202310166215,138.05
EK202310004720,151.2
EK202310163572,132.0
EK202310162607,146.25
EK202310126965,145.9
EK202310140141,136.2
EK202310177046,155.65
EK202310197851,149.55
EK202310117189,146.6
EK202310210540,134.3
EK202310177596,143.9
EK202310155696,147.9
EK202310175690,132.65
EK202310219739,134.35
EK202310003649,124.0
EK202310175576,146.1
EK202310178878,140.75
EK202310211266,134.9
EK202310141670,138.8
EK202310159615,155.25
EK202310234233,142.2
EK202310229461,138.6
EK202310205036,157.0
EK202310225181,140.1
EK202310191452,152.4
EK202310146939,133.9
EK202310182164,163.2
EK202310170225,157.7
EK202310194220,146.8
EK202310197061,137.3
EK202310173373,135.5
EK202310209119,152.3
EK202320006628,166.95
EK202310136886,116.05
EK202310159668,132.05
EK202310204891,157.4
EK202310246209,142.9
EK202310198151,158.1
EK202310111528,154.3
EK202310181657,114.8
EK202310110692,133.35
EK202310187777,166.95
EK202310180038,137.45
EK202310107931,130.7
EK202310186808,147.25
EK202310229289,142.3
EK202310223469,128.1
EK202310124329,130.3
EK202310181534,147.4
EK202310132729,139.05
EK202310121382,146.1
EK202320006815,162.35
EK202310199820,141.15
EK202310148775,147.0
EK202310160487,139.85
EK202310225148,159.7
EK202310144291,122.25
EK202310177549,154.6
EK202310195485,149.95
EK202310183864,155.3
EK202310120532,124.75
EK202310170076,135.9
EK202310195740,144.1
EK202310179595,134.75
EK202320007837,138.55
EK202310184046,138.25
EK202310171869,150.95
EK202310223256,131.1
EK202310233904,145.15
EK202310247327,169.5
EK202310127761,127.05
EK202310131174,139.15
EK202310112799,131.9
EK202310121242,137.05
EK202310220124,146.85
EK202310118386,151.45
EK202310111074,150.95
EK202310182197,134.1
EK202310138009,132.9
EK202310205273,157.4
EK202310118039,132.4
EK202310126134,135.25
EK202310130337,130.45
EK202310106788,136.4
EK202310167682,160.95
EK202310146264,126.25
EK202310138461,141.6
EK202310218689,127.05
EK202310176319,166.7
EK202310118958,123.95
EK202310167604,156.5
EK202310205793,130.0
EK202310104740,133.2
EK202310166561,122.8
EK202310110675,125.25
EK202310201775,143.85
EK202310188302,172.0
EK202310167994,140.45
EK202310135487,147.65
EK202310168143,135.15
EK202310204808,135.6
EK202310151944,164.85
EK202310224341,138.85
EK202310111538,155.5
EK202310122316,138.05
EK202310178272,147.05
EK202310174655,147.3
EK202320006786,170.4
EK202310170761,152.45
EK202310117836,128.75
EK202310197808,172.05
EK202310236038,180.8
EK202310147177,149.65
EK202310226210,147.5
EK202310128001,128.05
EK202310150524,165.95
EK202310128526,162.1
EK202310126204,129.55
EK202310117271,142.7
EK202310176809,139.95
EK202310169896,139.55
EK202310241503,135.95
EK202310159411,147.65
EK202310168543,181.7
EK202310196558,136.05
EK202310163150,136.1
EK202310235581,135.05
EK202310233161,129.65
EK202310190473,135.8
EK202310196173,138.3
EK202310208613,131.4
EK202310177724,135.25
EK202310175056,153.05
EK202310111228,142.7
EK202310234828,137.2
EK202310121915,149.95
EK202310220373,148.1
EK202310145989,143.85
EK202310246664,145.75
EK202310239676,143.1
EK202310223963,138.05
EK202310210083,173.1
EK202310165601,136.45
EK202310211271,148.25
EK202310179038,144.85
EK202310112961,156.0
EK202310141004,150.65
EK202310150784,154.45
EK202310174865,158.1
EK202310123688,125.75
EK202310190962,145.65
EK202310192255,147.85
EK202310192265,146.75
EK202310193019,131.3
EK202310114602,140.25
EK202310110286,136.15
EK202310163569,134.25
EK202310174927,157.55
EK202310204027,153.2
EK202310197637,134.75
EK202310190376,148.3
EK202310146945,141.7
EK202310149841,127.55
EK202310170965,161.7
EK202310107183,142.7
EK202310163517,155.65
EK202310203286,151.65
EK202310146022,129.95
EK202310111432,134.7
EK202310202147,142.8
EK202310139521,158.95
EK202310214439,154.4
EK202310178903,134.0
EK202310123729,155.4
EK202310199058,148.9
EK202310136770,126.5
EK202310226727,150.1
EK202310223073,122.7
EK202310200813,143.0
EK202310123891,147.2
EK202310122410,151.65
EK202310213591,131.55
EK202310247671,191.4
EK202310168753,136.3
EK202310227492,137.05
EK202310121230,116.9
EK202310162300,153.9
EK202310138673,142.1
EK202310177419,136.8
EK202310221047,132.95
EK202310199069,146.2
EK202310124433,146.65
EK202310152193,170.55
EK202310221750,142.2
EK202310111508,144.7
EK202310225858,133.2
EK202310244419,157.25
EK202310139413,139.75
EK202310156930,142.85
EK202310160323,151.2
EK202310140167,127.05
EK202310106834,133.6
EK202310116024,127.3
EK202310221867,126.15
EK202310158833,157.7
EK202310123702,137.8
EK202310192686,132.9
EK202310210956,143.2
EK202310142282,134.05
EK202310138282,163.2
EK202310224531,140.1
EK202310165971,123.55
EK202310161662,144.3
EK202310109830,128.6
EK202310149086,157.55
EK202310128457,166.8
EK202310146894,141.75
EK202310153536,131.7
EK202310137317,117.7
EK202310109096,125.85
EK202310188535,148.6
EK202310193279,134.3
EK202310229951,142.3
EK202310110507,130.3
EK202310158912,109.55
EK202310121939,141.75
EK202310133006,154.2
EK202310123534,137.2
EK202310116590,122.25
EK202310225727,153.05
EK202310121585,115.15
EK202310204778,131.75
EK202310185473,163.0
EK202310210130,138.75
EK202310148836,148.55
EK202310119653,145.6
EK202310198898,142.85
EK202310248089,150.05
EK202310139296,145.2
EK202310179982,173.55
EK202310237915,127.1
EK202310158701,134.75
EK202310200383,135.9
EK202310123263,136.0
EK202310120640,132.5
EK202310164686,150.45
EK202310172560,150.8
EK202310112120,153.9
EK202310111450,138.2
EK202310127176,164.3
EK202310155228,129.0
EK202310122785,146.5
EK202310129726,163.95
EK202310202138,150.35
EK202310174059,122.3
EK202310241322,155.3
EK202310240201,135.4
EK202310152861,180.05
EK202310190128,150.65
EK202310142222,145.65
EK202310239282,146.75
EK202310123815,134.8
EK202310135342,157.65
EK202310165056,140.65
EK202310197918,153.9
EK202310152287,145.0
EK202310118776,136.8
EK202310204594,142.25
EK202310207755,132.55
EK202310202942,134.2
EK202310115468,120.65
EK202310196078,149.85
EK202310208592,159.05
EK202310138579,133.8
EK202310221870,131.8
EK202310104365,143.05
EK202310240461,141.95
EK202310189760,129.8
EK202310190187,149.85
EK202310221590,163.75
EK202310195095,139.9
EK202310209962,132.2
EK202310236666,132.2
EK202310163532,151.95
EK202310200231,126.75
EK202310166801,146.05
EK202310137829,137.75
EK202310178645,143.05
EK202310132257,128.75
EK202310116109,133.1
EK202310170340,140.25
EK202320005685,136.5
EK202310110254,131.3
EK202310142286,128.8
EK202310113972,142.3
EK202310173627,166.7
EK202310161526,147.95
EK202310199255,146.05
EK202310127635,128.75
EK202310230652,138.9
EK202310162047,159.15
EK202310187427,154.55
EK202310183777,161.05
EK202310209587,142.1
EK202310206498,133.55
EK202310212354,133.3
EK202310124840,129.85
EK202310120474,129.0
EK202310145470,128.2
EK202310193235,132.15
EK202310173946,140.35
EK202310139407,129.85
EK202310172298,132.6
EK202310172477,165.85
EK202310136836,128.75
EK202310153000,149.0
EK202310227011,139.5
EK202310116524,138.85
EK202310182080,145.3
EK202310172447,142.15
EK202310202778,139.3
EK202310173634,140.7
EK202310233498,153.65
EK202310147033,151.0
EK202310229276,135.5
EK202310149539,140.9
EK202310169898,158.65
EK202310140444,136.8
EK202310148794,143.8
EK202310168225,151.35
EK202310122509,127.75
EK202310200433,155.35
EK202310147275,137.7
EK202310173524,153.4
EK202310172383,142.55
EK202310162443,168.0
EK202310136680,161.45
EK202310145392,107.25
EK202310128822,156.25
EK202310178947,121.2
EK202310161017,131.9
EK202310117154,137.8
EK202310191847,148.3
EK202310235861,137.9
EK202310144219,135.95
EK202310163279,145.45
EK202310123158,125.25
EK202310130523,149.4
EK202310149646,134.75
EK202310135587,142.8
EK202310206712,179.6
EK202310114144,157.3
EK202310143984,129.3
EK202310247715,143.0
EK202310166729,155.05
EK202310166588,172.1
EK202310104103,152.3
EK202310180245,150.7
EK202310147372,147.05
EK202310153045,143.2
EK202310218342,125.2
EK202310178452,137.45
EK202310215610,145.95
EK202310125820,134.5
EK202310145000,145.5
EK202310123565,137.0
EK202310119232,146.4
EK202310121655,130.25
EK202310220009,147.0
EK202310108478,159.15
EK202320006810,168.6
EK202310164302,121.15
EK202310127527,135.4
EK202310158421,139.3
EK202310130473,124.7
EK202310191209,163.85
EK202310151031,130.7
EK202310242418,127.9
EK202310117038,143.45
EK202310169468,166.65
EK202310155518,136.45
EK202310160439,139.65
EK202310137675,140.85
EK202310129243,153.7
EK202310161476,164.7
EK202310117393,143.8
EK202310183468,127.4
EK202310136137,138.25
EK202310186954,164.65
EK202310149506,144.6
EK202310138751,163.7
EK202310210563,157.95
EK202310153823,155.6
EK202310109991,135.5
EK202310163957,160.1
EK202310213655,123.45
EK202310200962,152.1
EK202310161409,156.7
EK202310153656,149.05
EK202310135461,122.7
EK202310192428,138.3
EK202310125512,142.0
EK202310217273,155.15
EK202310154096,178.05
EK202310230788,123.4
EK202310178884,128.55
EK202310172461,180.75
EK202320007592,138.15
EK202310199895,142.2
EK202310239443,132.15
EK202310123294,131.2
EK202310177951,145.65
EK202310203901,156.95
EK202310133270,143.55
EK202310150003,137.9
EK202310173535,149.0
EK202310177996,136.15
EK202310177998,131.4
EK202310105111,138.5
EK202310132782,146.6
EK202310147465,141.7
EK202310189373,128.3
EK202310212915,150.95
EK202310192950,140.9
EK202310116860,141.5
EK202310219235,132.9
EK202310159602,158.0
EK202310004247,141.05
EK202310108971,141.7
EK202310188852,163.05
EK202310139403,151.4
EK202310234630,141.25
EK202310003419,147.65
EK202310240718,139.1
EK202310139149,167.45
EK202310191432,158.8
EK202310150654,181.35
EK202310106818,135.1
EK202310238168,142.45
EK202310164496,152.2
EK202310187495,152.05
EK202310103974,145.6
EK202310109251,155.9
EK202310120857,134.45
EK202310170330,145.75
EK202310173297,145.15
EK202310140255,136.6
EK202310139229,130.45
EK202310174339,147.3
EK202310241642,145.8
EK202310124888,144.5
EK202310182131,156.35
EK202310204239,147.2
EK202310168111,142.45
EK202310121789,133.5
EK202310140719,127.95
EK202310192995,141.3
EK202310117846,120.95
EK202310116879,124.8
EK202310146348,130.55
EK202310161368,173.9
EK202310176187,157.0
EK202310003798,125.65
EK202310147169,152.95
EK202310130622,123.0
EK202310246544,175.9
EK202310153051,150.2
EK202310185995,150.45
EK202310110814,143.5
EK202310151121,140.25
EK202310219095,124.95
EK202310110404,109.2
EK202310144409,143.55
EK202310187391,142.5
EK202310149764,149.8
EK202310201310,146.45
EK202310236862,139.55
EK202310137394,138.65
EK202310141967,147.7
EK202310116050,132.5
EK202310207103,137.75
EK202310004907,134.65
EK202310151090,147.0
EK202310172058,158.0
EK202310115937,133.25
EK202310200500,140.1
EK202310197265,154.75
EK202310156808,143.05
EK202310210778,148.8
EK202310178848,131.15
EK202310189222,164.1
EK202310245286,144.8
EK202310201625,139.15
EK202310245649,140.15
EK202310149643,122.25
EK202310136510,146.9
EK202310122753,121.8
EK202310246817,145.15
EK202310210226,139.75
EK202310172695,140.15
EK202310170665,166.8
EK202310142911,142.2
EK202310169874,141.8
EK202310198233,146.4
EK202310207245,130.6
EK202310123010,141.6
EK202310237178,122.65
EK202310199794,142.75
EK202310150744,126.1
EK202310230791,137.3
EK202310219009,132.45
EK202310156827,144.6
EK202310128134,146.95
EK202310106985,139.45
EK202310169339,161.2
EK202310235910,132.4
EK202310234586,137.35
EK202310225660,130.05
EK202310004833,143.5
EK202310197506,152.05
EK202310165175,151.15
EK202310133623,154.55
EK202310188944,125.0
EK202310195388,152.8
EK202310136775,153.95
EK202310123115,127.3
EK202310236860,140.75
EK202310144494,124.65
EK202310229026,138.6
EK202310135882,140.3
EK202310212362,137.5
EK202310159458,140.2
EK202310208432,147.85
EK202310157240,137.45
EK202310209343,156.6
EK202310214206,160.3
EK202310178372,155.95
EK202310243735,136.7
EK202310148264,125.5
EK202310137796,135.45
EK202310124924,161.2
EK202310236432,138.45
EK202310175676,150.1
EK202310235955,143.6
EK202310198947,158.05
EK202310134055,137.1
EK202310174001,149.5
EK202310115167,136.45
EK202310127593,138.7
EK202310158302,141.3
EK202310212755,153.25
EK202310240947,129.1
EK202310149996,129.2
EK202310150238,126.65
EK202310235315,142.1
EK202310112303,132.45
EK202310162832,170.15
EK202310168734,155.05
EK202310144612,125.8
EK202310141463,158.75
EK202310186157,138.95
EK202310196629,166.05
EK202310177781,139.35
EK202310214576,168.35
EK202310213457,130.25
EK202310109319,136.6
EK202310140409,153.3
EK202310159595,152.55
EK202310221635,138.5
EK202310156425,139.45
EK202310151139,137.1
EK202310122849,127.95
EK202310149074,138.35
EK202310242259,162.95
EK202310164229,163.15
EK202310193843,186.8
EK202310206163,157.35
EK202310226035,128.5
EK202310152221,157.4
EK202310105803,144.95
EK202310226363,142.9
EK202310154688,160.4
EK202310176650,123.8
EK202310145747,136.8
EK202310211584,129.45
EK202310220442,144.3
EK202310205364,137.2
EK202310247943,149.05
EK202310211494,128.0
EK202310223193,138.95
EK202310192188,164.25
EK202310182827,147.95
EK202310232562,148.6
EK202310133290,134.9
EK202310158696,136.75
EK202310217289,133.35
EK202310160255,165.85
EK202310153931,136.35
EK202310152474,133.65
EK202310202098,168.9
EK202310222372,156.45
EK202310122551,134.9
EK202310189977,161.75
EK202310235124,143.6
EK202310230811,132.95
EK202310139101,142.7
EK202310172491,142.05
EK202310217910,130.35
EK202310111343,134.7
EK202310003655,141.6
EK202310143114,140.35
EK202310199189,131.6
EK202310216615,129.75
EK202310191841,142.05
EK202310125751,133.15
EK202310138803,174.35
EK202310164581,135.45
EK202310208664,151.05
EK202310110520,130.25
EK202310121702,146.45
EK202310217544,122.15
EK202310230128,141.6
EK202310143116,142.35
EK202310240904,125.8
EK202310119417,163.75
EK202310140166,131.5
EK202310173685,128.4
EK202310183555,149.2
EK202310184119,133.4
EK202310107937,142.4
EK202310212966,137.15
EK202310161552,143.1
EK202310176844,145.3
EK202310106215,131.35
EK202310114075,152.65
EK202310130063,140.75
EK202310205703,147.6
EK202310197515,147.55
EK202310211815,133.45
EK202310201003,144.1
EK202310230991,129.4
EK202310117518,148.6
EK202310197246,176.25
EK202310172663,140.85
EK202310139483,150.1
EK202310129316,155.25
EK202310152009,146.05
EK202310202611,138.9
EK202310226354,136.35
EK202310117193,142.6
EK202310118713,139.55
EK202310172411,162.8
EK202310219644,135.45
EK202310213531,135.5
EK202310242803,131.15
EK202310152661,148.0
EK202310152241,136.0
EK202310229787,143.2
EK202310242437,140.65
EK202310108706,164.85
EK202310185541,142.4
EK202310164254,157.7
EK202310169434,146.9
EK202310140161,127.45
EK202310140926,159.7
EK202310144378,145.3
EK202310207675,128.25
EK202310176041,111.3
EK202310179507,134.4
EK202310217262,132.4
EK202310212384,123.45
EK202310236809,135.55
EK202310210937,126.2
EK202310146509,145.0
EK202310208359,140.9
EK202310196964,190.75
EK202310121297,146.85
EK202310125054,137.85
EK202310150801,126.65
EK202310124068,148.25
EK202310217152,152.1
EK202310213127,143.8
EK202310138002,118.75
EK202310137999,126.8
EK202310120368,130.2
EK202310139442,131.3
EK202310130726,129.3
EK202310227013,129.95
EK202310120427,123.6
EK202310178312,147.95
EK202310174421,147.4
EK202310152720,158.55
EK202310244641,130.05
EK202310207759,135.75
EK202310150664,143.85
EK202310130175,154.95
EK202310218396,136.25
EK202310200848,153.45
EK202310169858,130.9
EK202310167529,134.5
EK202310105681,130.7
EK202310120146,130.9
EK202310119589,152.05
EK202310116721,143.85
EK202310167292,133.7
EK202310184949,157.2
EK202310114495,146.15
EK202310196817,136.05
EK202310247795,134.1
EK202310182295,152.55
EK202310104403,137.95
EK202310145319,129.1
EK202310180791,161.55
EK202320006323,153.0
EK202310240533,153.7
EK202310127909,137.75
EK202310127901,142.7
EK202310152050,126.6
EK202310129455,134.9
EK202310109106,152.5
EK202310131756,148.75
EK202310237136,138.9
EK202310120314,134.15
EK202310148251,163.7
EK202310138226,134.95
EK202310109018,149.0
EK202310208749,151.85
EK202310003722,131.85
EK202310231839,138.2
EK202310221232,137.45
EK202310216059,128.8
EK202310225575,136.1
EK202310106813,127.7
EK202310165461,137.35
EK202310233667,140.75
EK202310155049,136.95
EK202310114377,153.25
EK202310231905,138.5
EK202310205554,149.35
EK202310158652,131.8
EK202310178116,137.2
EK202310206509,161.9
EK202310203355,159.45
EK202310242205,161.3
EK202310133154,141.35
EK202310227076,144.45
EK202310138977,140.8
EK202310227762,135.05
EK202310176853,135.85
EK202310162306,163.7
EK202310210652,135.0
EK202310231471,122.1
EK202310198811,145.75
EK202310194755,144.45
EK202310213637,139.5
EK202310216935,179.6
EK202310148553,160.05
EK202310118079,138.6
EK202320006148,168.1
EK202310169315,136.0
EK202310215478,132.6
EK202310193163,186.6
EK202310166480,148.2
EK202310121860,126.15
EK202310229325,138.7
EK202310178140,143.1
EK202310217881,141.55
EK202310172603,148.2
EK202310172232,142.9
EK202310215413,148.2
EK202310200194,137.05
EK202310212870,117.15
EK202310152587,139.5
EK202310138105,130.7
EK202310184620,143.7
EK202310120222,157.0
EK202310181510,159.65
EK202310209297,138.9
EK202310114316,128.2
EK202310122992,135.25
EK202310169594,123.7
EK202310130080,131.35
EK202310133522,132.45
EK202310248335,128.95
EK202310146609,141.5
EK202310125379,139.5
EK202310138254,154.45
EK202310148644,138.6
EK202310142229,147.25
EK202310179390,165.5
EK202310122502,127.05
EK202310132067,143.0
EK202310139033,129.75
EK202310174868,148.4
EK202310135426,135.8
EK202310159611,130.3
EK202310201750,148.45
EK202310182771,136.2
EK202310168375,140.3
EK202310238925,137.15
EK202310220283,131.3
EK202310141586,139.35
EK202310121160,137.85
EK202310231913,141.1
EK202310180283,130.95
EK202310131842,167.95
EK202310188406,143.45
EK202310154032,154.8
EK202310108823,180.1
EK202310120117,137.15
EK202310247965,194.95
EK202310229128,165.85
EK202310150441,133.75
EK202310211128,139.05
EK202310185601,125.0
EK202310160008,147.0
EK202310229066,138.85
EK202310180392,134.1
EK202310119754,151.2
EK202310156284,140.55
EK202310202853,174.3
EK202310122376,180.0
EK202310233034,137.85
EK202310201718,143.55
EK202310195404,139.9
EK202320006623,142.25
EK202310172346,132.75
EK202310220369,139.0
EK202310133576,161.15
EK202310203386,166.4
EK202310125524,138.3
EK202310183338,128.45
EK202310199400,169.15
EK202310232929,124.6
EK202310144777,127.25
EK202310206148,125.95
EK202310163892,121.95
EK202310226194,142.1
EK202310229083,127.5
EK202310242355,147.7
EK202310153019,139.15
EK202310133725,168.45
EK202310237397,130.45
EK202310108761,144.1
EK202310202125,146.95
EK202310223149,146.35
EK202310211064,144.95
EK202310206726,173.0
EK202310239457,126.65
EK202310131359,120.4
EK202310225966,165.35
EK202310162670,153.05
EK202310112377,149.0
EK202310161138,118.8
EK202310143575,121.15
EK202310140582,135.4
EK202310106691,137.45
EK202310106388,126.7
EK202310132651,129.25
EK202310235986,138.6
EK202310116284,152.25
EK202310243775,162.5
EK202310129332,146.3
EK202310004513,136.1
EK202310148366,123.85
EK202310127277,154.0
EK202310197024,136.25
EK202310132043,128.55
EK202310109603,135.75
EK202310119816,153.8
EK202310183299,157.95
EK202310157782,134.9
EK202310240073,145.0
EK202310124263,142.65
EK202310118878,130.75
EK202310159933,135.2
EK202310235851,141.65
EK202310199705,160.1
EK202310121857,147.25
EK202310135337,162.8
EK202310116218,154.1
EK202310247152,135.8
EK202310213364,167.3
EK202310117331,146.75
EK202310220060,146.9
EK202310113433,147.3
EK202310200316,150.3
EK202310204117,129.6
EK202310142962,139.25
EK202310149474,149.1
EK202310156319,138.7
EK202310111297,139.15
EK202310149401,134.1
EK202310141738,154.2
EK202310219293,141.25
EK202310228805,146.1
EK202310232975,118.95
EK202310238431,139.05
EK202310191477,154.0
EK202310107521,159.25
EK202310126862,162.75
EK202310116842,147.5
EK202310220332,141.75
EK202310191222,131.15
EK202310142584,162.65
EK202310181821,140.15
EK202310193376,144.7
EK202310220744,130.2
EK202310146397,127.8
EK202310168910,137.35
EK202310230593,142.7
EK202310228617,130.9
EK202310155826,129.3
EK202310211936,139.7
EK202310210374,146.6
EK202310143369,123.15
EK202310226681,141.5
EK202310222110,136.95
EK202310237461,140.05
EK202310004906,117.25
EK202310242700,139.3
EK202310205947,127.5
EK202310178378,144.55
EK202310165711,146.25
EK202310169499,127.2
EK202310146580,136.0
EK202310213522,133.8
EK202310236119,174.8
EK202310223991,135.9
EK202310121767,140.9
EK202310188210,133.4
EK202310160523,132.1
EK202310109762,151.3
EK202310171055,146.35
EK202320006726,137.2
EK202310210705,126.55
EK202310152215,137.3
EK202310125726,141.75
EK202310172100,148.35
EK202310003880,144.15
EK202310128330,131.55
EK202310112999,145.05
EK202310201791,172.3
EK202310124897,144.9
EK202310218886,175.45
EK202310166286,150.25
EK202310214269,129.8
EK202310131160,154.35
EK202310189137,128.6
EK202310118145,140.65
EK202310182255,134.8
EK202310177007,151.4
EK202310205755,134.45
EK202310135629,126.0
EK202310232047,138.65
EK202310171967,154.1
EK202310184827,180.7
EK202310131897,169.2
EK202310152600,158.0
EK202310184315,169.3
EK202310106757,133.0
EK202310145774,132.9
EK202310134477,153.35
EK202310221434,135.55
EK202310183603,134.1
EK202310191157,132.65
EK202310182657,137.85
EK202310174889,169.4
EK202310118138,137.25
EK202310157349,140.9
EK202310143539,148.45
EK202310106752,135.8
EK202310163158,139.5
EK202310132302,136.75
EK202310198764,171.4
EK202310237390,132.75
EK202320006875,168.8
EK202310144420,125.55
EK202310238324,129.9
EK202310199756,155.05
EK202310226741,128.9
EK202310207205,170.95
EK202310180418,128.05
EK202310110312,133.7
EK202310119768,146.9
EK202310225430,143.75
EK202310217204,142.0
EK202320005824,160.85
EK202310199269,141.9
EK202310199501,127.25
EK202310158676,163.5
EK202310224293,138.9
EK202310232892,142.25
EK202310225252,166.85
EK202310113567,151.3
EK202310224840,127.0
EK202310109292,137.9
EK202310226200,125.7
EK202310239680,135.25
EK202310173548,136.8
EK202310235032,138.75
EK202310153501,132.3
EK202310124943,133.5
EK202310164539,129.05
EK202310230792,123.25
EK202310218099,136.7
EK202310229998,132.85
EK202310157394,140.4
EK202310226677,126.75
EK202310165785,146.1
EK202310148800,150.6
EK202310140528,150.5
EK202310110007,133.65
EK202310218212,131.4
EK202310237319,137.0
EK202310113425,124.55
EK202310193343,137.6
EK202310111647,139.2
EK202310219959,132.85
EK202310171010,161.8
EK202310113418,136.45
EK202310220109,143.65
EK202310231986,135.0
EK202310163423,133.2
EK202310155174,128.7
EK202310184525,136.0
EK202310229347,143.2
EK202310142923,133.35
EK202310210269,130.75
EK202310196636,134.15
EK202310158355,135.9
EK202310150025,167.6
EK202310208520,161.3
EK202310144006,129.1
EK202310142308,135.0
EK202310205760,143.1
EK202310237299,131.9
EK202310163552,146.85
EK202310221189,137.95
EK202310129583,138.5
EK202320007854,131.1
EK202310177946,134.5
EK202310184968,158.5
EK202310146300,149.75
EK202310104019,131.8
EK202310197813,135.9
EK202310175869,131.8
EK202310179266,125.1
EK202310167362,136.3
EK202310104210,143.5
EK202310202549,144.2
EK202310191743,149.25
EK202310166413,143.8
EK202310203749,133.55
EK202310165306,159.4
EK202310216846,148.2
EK202310198888,131.9
EK202310229697,139.5
EK202310105578,147.55
EK202310214588,160.05
EK202310201136,178.65
EK202310228123,137.25
EK202310110127,139.1
EK202310247206,154.3
EK202310121901,139.45
EK202310166880,149.4
EK202310118097,139.3
EK202310142606,137.8
EK202310181131,146.35
EK202310211240,129.3
EK202310240803,152.85
EK202310188331,155.55
EK202310190398,136.5
EK202310192965,146.75
EK202310238010,139.6
EK202310184509,164.05
EK202310156014,131.6
EK202310175583,159.2
EK202310155000,140.05
EK202310243443,162.05
EK202310218044,125.95
EK202310170653,167.75
EK202310182360,161.95
EK202310170068,121.35
EK202310217301,140.5
EK202310227388,141.1
EK202310168221,167.5
EK202310182297,137.35
EK202310222399,127.5
EK202310231989,147.85
EK202310170400,125.7
EK202310192873,139.25
EK202310227069,130.75
EK202310167053,123.9
EK202310127994,136.5
EK202310158796,167.95
EK202310185789,139.15
EK202310111478,134.6
EK202310175233,157.15
EK202310129973,124.55
EK202310172495,139.8
EK202310107866,148.45
EK202310124298,128.0
EK202310225001,125.5
EK202310124145,128.0
EK202310127463,128.8
EK202310136106,182.0
EK202310105453,133.25
EK202310175015,117.35
EK202310230922,143.35
EK202310238898,186.45
EK202310208522,159.95
EK202310178681,175.4
EK202310141116,141.1
EK202310004001,169.9
EK202310191798,136.75
EK202310201918,158.6
EK202310108606,145.95
EK202310220064,143.3
EK202310120614,125.4
EK202310131340,129.05
EK202310151419,171.95
EK202310221165,145.15
EK202310192641,141.0
EK202310191435,139.4
EK202310232224,134.15
EK202310224387,126.25
EK202310145906,129.3
EK202310230764,143.35
EK202310236583,131.95
EK202310157601,129.45
EK202310166668,150.85
EK202310244790,144.8
EK202310127133,140.7
EK202310004413,181.4
EK202310238475,122.7
EK202310136559,124.15
EK202310152026,162.55
EK202310180741,129.0
EK202310221752,140.45
EK202310228294,131.3
EK202310231601,138.0
EK202310238106,132.3
EK202310175909,157.95
EK202310165153,143.6
EK202310105565,145.1
EK202310185347,166.05
EK202310184004,182.5
EK202310183138,135.45
EK202310113152,130.05
EK202310199569,163.05
EK202310151037,156.35
EK202310106219,129.6
EK202310106185,137.25
EK202310164530,147.95
EK202310166239,137.8
EK202310108760,150.05
EK202310108861,134.45
EK202310177413,163.9
EK202310211129,127.65
EK202310229184,138.6
EK202310209428,152.55
EK202310228583,134.8
EK202310120692,135.65
EK202310137642,126.15
EK202310245435,143.6
EK202310159599,153.0
EK202310148010,149.3
EK202310129728,164.5
EK202310114201,156.6
EK202310207474,172.95
EK202310158602,168.1
EK202310197691,169.55
EK202310235040,148.85
EK202310129119,152.0
EK202310142174,146.0
EK202310191253,144.95
EK202310241141,145.3
EK202310144017,132.95
EK202310182852,139.9
EK202310243301,137.5
EK202310176307,156.8
EK202310209283,142.4
EK202310216003,129.55
EK202310246200,140.1
EK202310173196,131.65
EK202310122833,128.2
EK202310118540,140.95
EK202310168622,169.05
EK202310174271,134.9
EK202310201560,151.3
EK202310113325,119.35
EK202310172664,141.65
EK202310192162,166.5
EK202310134544,130.65
EK202310222337,136.55
EK202310199226,146.85
EK202310214101,167.1
EK202310188611,154.45
EK202310220799,134.65
EK202310184861,142.75
EK202310106782,127.35
EK202310232084,138.9
EK202310178435,147.1
EK202310165952,145.55
EK202310141382,137.7
EK202310163439,159.75
EK202310205428,130.55
EK202310178086,137.0
EK202310004022,164.5
EK202310114303,128.85
EK202310104436,132.95
EK202310240015,165.25
EK202310202741,177.85
EK202310226747,142.4
EK202310148639,143.5
EK202310117683,140.35
EK202310232945,122.45
EK202310220108,160.65
EK202310172683,140.05
EK202310104609,119.55
EK202310182165,133.35
EK202310112029,125.95
EK202310157969,164.95
EK202310120703,129.35
EK202310191410,135.1
EK202310156166,135.15
EK202310248074,153.85
EK202310175176,123.4
EK202310194239,131.15
EK202310162582,134.45
EK202310218787,134.05
EK202310228638,127.3
EK202310139489,184.45
EK202310210571,139.05
EK202310143902,132.9
EK202310198163,142.45
EK202310166041,169.8
EK202310242789,145.3
EK202310202040,154.6
EK202310194102,158.95
EK202310210845,133.8
EK202310193409,178.9
EK202310241561,154.25
EK202310129327,142.2
EK202310145599,148.85
EK202310155246,136.15
EK202310204706,134.2
EK202310218784,149.1
EK202310243990,156.0
EK202310137899,128.9
EK202310175650,132.45
EK202310234991,129.75
EK202310221501,138.05
EK202310117760,124.2
EK202310209924,130.0
EK202310158508,138.4
EK202310188607,149.45
EK202310176707,160.35
EK202310241804,168.45
EK202310130229,156.0
EK202310196748,133.7
EK202310226961,131.4
EK202310126275,132.2
EK202310182346,171.25
EK202310215287,154.7
EK202310186469,183.5
EK202310147351,137.1
EK202310227063,138.5
EK202310239630,134.8
EK202310202315,139.95
EK202310151573,134.65
EK202310229182,125.9
EK202310197801,134.6
EK202310247336,178.15
EK202310183064,128.0
EK202310200957,155.95
EK202310112953,130.2
EK202310185221,142.75
EK202310176129,150.9
EK202310171777,143.0
EK202310186071,140.35
EK202310206123,123.2
EK202310217431,145.0
EK202310171470,116.8
EK202310246028,143.45
EK202310145970,136.0
EK202310234938,138.8
EK202310156116,135.25
EK202310116714,151.6
EK202310212797,135.95
EK202310138938,158.95
EK202310148128,145.95
EK202310175673,135.65
EK202310238664,144.25
EK202310190836,139.95
EK202310196156,137.1
EK202310132459,131.8
EK202310159062,143.45
EK202310147832,163.15
EK202310116029,128.85
EK202310203822,141.1
EK202310223388,135.3
EK202310208656,147.15
EK202310003650,124.95
EK202310163159,126.0
EK202310188703,150.5
EK202310144864,141.85
EK202310156884,142.95
EK202310216506,144.95
EK202310220197,136.45
EK202310234667,133.3
EK202310203255,153.6
EK202310105960,131.1
EK202310115804,137.4
EK202310246112,140.65
EK202310168025,163.8
EK202310178472,146.05
EK202310181975,135.2
EK202310132905,143.45
EK202310113841,137.8
EK202320007828,177.8
EK202310192867,138.2
EK202310109054,128.05
EK202310236216,165.25
EK202310170777,137.0
EK202310166144,132.9
EK202310201844,128.1
EK202310123470,135.95
EK202310224526,139.2
EK202310151158,128.95
EK202310184295,149.45
EK202310124272,139.3
EK202310162944,146.05
EK202310224817,133.75
EK202310172859,137.65
EK202310137191,123.85
EK202310140281,138.05
EK202310114907,139.65
EK202310122165,136.45
EK202310215454,141.95
EK202310243142,132.1
EK202310164187,142.2
EK202310225253,137.9
EK202310174458,156.85
EK202310176969,151.4
EK202310219479,114.3
EK202310119494,128.65
EK202310123405,142.3
EK202310231534,120.0
EK202310222489,139.4
EK202310111149,173.45
EK202310184714,131.85
EK202310196844,163.25
EK202310232521,133.0
EK202310184622,176.5
EK202310118852,131.75
EK202310168516,157.65
EK202310178071,137.1
EK202310149839,135.3
EK202310184305,175.95
EK202310222961,130.65
EK202310197108,134.5
EK202310244680,129.35
EK202310164685,152.05
EK202310153568,142.85
EK202310204533,154.2
EK202310243304,147.1
EK202310122606,132.9
EK202310107843,143.8
EK202310195481,130.25
EK202310195622,125.9
EK202310185200,146.7
EK202310127597,140.85
EK202310145627,127.0
EK202310157400,141.75
EK202310226857,138.6
EK202310127964,131.75
EK202310179573,151.95
EK202310212013,143.85
EK202310226545,138.25
EK202310166825,122.1
EK202310163867,164.1
EK202310196745,133.25
EK202310109208,122.85
EK202310205143,144.45
EK202310136525,140.1
EK202310159137,142.75
EK202310238980,148.25
EK202310121185,143.95
EK202310142061,156.4
EK202310198507,139.35
EK202310184870,151.4
EK202310155208,154.35
EK202310124725,127.4
EK202310103880,143.15
EK202310246880,157.6
EK202310190191,134.15
EK202310241383,143.0
EK202310109761,142.1
EK202310218045,144.9
EK202310208985,142.3
EK202310126092,132.55
EK202310247678,168.15
EK202310137747,133.85
EK202310201825,139.5
EK202310130845,161.3
EK202310239295,141.25
EK202310166294,143.75
EK202310211671,133.15
EK202310248376,141.85
EK202310188903,141.65
EK202320006661,167.2
EK202310157204,143.65
EK202310222542,133.3
EK202310182598,136.9
EK202310128634,165.05
EK202310137926,132.9
EK202310197018,132.4
EK202310184643,178.5
EK202310217014,153.75
EK202310200280,140.2
EK202310183028,140.8
EK202310106142,122.5
EK202310103822,140.3
EK202310157052,131.85
EK202310122614,147.1
EK202310155664,140.95
EK202310165913,135.2
EK202310191203,147.35
EK202310119226,127.1
EK202310234080,146.45
EK202310196735,132.6
EK202310149314,147.8
EK202310155188,131.75
EK202310114860,145.8
EK202310118865,160.8
EK202310160832,140.5
EK202320006619,160.6
EK202310127739,130.2
EK202310115501,136.15
EK202310166491,174.25
EK202310197828,157.9
EK202310242137,135.95
EK202310235787,137.7
EK202310220464,139.85
EK202310112649,151.0
EK202310110214,127.05
EK202310164835,149.1
EK202310204462,132.25
EK202310187862,153.9
EK202310131273,133.65
EK202310128020,132.8
EK202310204211,151.4
EK202310208246,131.85
EK202310166450,144.75
EK202310171141,137.15
EK202310159355,150.4
EK202310194303,160.2
EK202310214928,140.55
EK202310122215,137.45
EK202310175732,136.7
EK202310195150,159.6
EK202310160826,141.3
EK202310159966,170.1
EK202310158608,138.1
EK202310243112,159.4
EK202310109607,153.25
EK202310149652,145.35
EK202310110860,149.25
EK202310232156,145.7
EK202310178087,128.7
EK202310196125,140.5
EK202310178589,150.25
EK202310146655,128.35
EK202310176638,144.2
EK202310183451,132.75
EK202310238783,127.45
EK202310180591,133.5
EK202310180161,154.0
EK202310160060,150.55
EK202310234699,146.85
EK202310113916,152.65
EK202310227268,140.5
EK202310237635,153.0
EK202310182258,138.9
EK202310193859,184.15
EK202310153659,162.85
EK202310203955,135.25
EK202310236094,145.85
EK202310187734,160.85
EK202310216149,132.15
EK202310168413,158.35
EK202310116401,136.75
EK202310201191,190.7
EK202310190480,141.2
EK202310161074,179.45
EK202310140353,122.95
EK202310173633,141.0
EK202310158068,132.2
EK202310154103,142.8
EK202310113546,151.15
EK202310204238,143.95
EK202310104944,124.5
EK202310234535,130.55
EK202310126859,163.1
EK202310117542,151.9
EK202310210903,140.95
EK202310157130,148.6
EK202310145116,154.9
EK202310208124,130.75
EK202310245982,175.0
EK202310133043,151.35
EK202310149054,159.05
EK202310190190,134.15
EK202320006047,135.05
EK202310134850,132.8
EK202310202384,129.65
EK202310154117,149.0
EK202310133365,131.7
EK202310108193,147.6
EK202310203056,151.95
EK202310149046,156.6
EK202310165578,170.6
EK202310186659,159.05
EK202310196955,181.0
EK202310197552,190.55
EK202310212202,137.0
EK202310224513,133.3
EK202310004468,169.9
EK202310216094,128.75
EK202310230966,125.5
EK202310118412,134.3
EK202310247101,137.65
EK202310178117,143.8
EK202310219876,136.85
EK202310215307,164.45
EK202310218134,148.4
EK202310221530,143.0
EK202310154982,137.5
EK202310182970,136.25
EK202310214235,184.6
EK202310220158,139.25
EK202310104394,140.1
EK202310111159,123.1
EK202310158577,137.8
EK202310110382,136.45
EK202310133639,141.9
EK202310246509,153.75
EK202310149660,176.5
EK202310168884,131.9
EK202310243940,139.55
EK202310191906,138.35
EK202310127477,134.9
EK202310225432,140.55
EK202310233319,138.0
EK202310162668,164.45
EK202310148695,152.85
EK202310178807,143.1
EK202310106771,138.65
EK202310155396,136.15
EK202310189899,169.8
EK202310106717,150.65
EK202310232588,134.8
EK202310226348,148.85
EK202310109931,130.0
EK202310226884,153.75
EK202310213466,143.8
EK202310121691,126.3
EK202310198701,173.1
EK202310131737,159.15
EK202310166136,163.05
EK202310116855,138.65
EK202310138351,132.5
EK202310191381,149.25
EK202310003663,124.0
EK202310172884,161.7
EK202310185550,144.95
EK202310148380,152.15
EK202310149387,180.75
EK202310236333,144.45
EK202310199352,150.75
EK202310137894,131.85
EK202310133727,164.4
EK202310178526,157.95
EK202310189610,172.15
EK202310109350,141.15
EK202310218617,137.55
EK202310109125,191.1
EK202310163826,132.2
EK202310130248,174.0
EK202310221541,146.2
EK202320006518,139.25
EK202310229391,134.15
EK202310211450,143.1
EK202310193482,149.95
EK202310198828,151.1
EK202310183006,127.0
EK202310003501,138.35
EK202310121041,147.6
EK202310211350,140.8
EK202310246075,147.95
EK202310127204,164.1
EK202310234563,140.0
EK202310139042,124.75
EK202310171256,148.05
EK202310139647,153.7
EK202310122462,141.3
EK202310144293,128.25
EK202310168436,145.3
EK202310120536,134.3
EK202310166379,140.6
EK202310180256,131.4
EK202310246761,152.5
EK202310219864,138.35
EK202310190068,180.6
EK202310181556,144.95
EK202310230597,129.3
EK202310130866,164.8
EK202310205037,139.4
EK202310209585,159.35
EK202310185564,160.1
EK202310176944,146.2
EK202310176381,134.95
EK202310141448,136.2
EK202310148056,153.3
EK202310182965,144.7
EK202310135422,152.35
EK202310122191,126.75
EK202310145667,144.3
EK202310202035,141.3
EK202310136887,132.95
EK202310200020,133.35
EK202310184127,155.2
EK202310107122,128.55
EK202310134379,128.8
EK202310211319,138.85
EK202310212855,152.45
EK202310242461,175.4
EK202310200853,125.1
EK202310200401,155.75
EK202310189295,179.5
EK202310105500,133.25
EK202310128584,143.85
EK202310209825,141.8
EK202310204586,147.35
EK202310179426,153.45
EK202310180912,142.55
EK202310173571,152.85
EK202310112070,143.1
EK202310199038,164.2
EK202310126021,132.35
EK202310155509,124.7
EK202310197401,134.75
EK202310107626,154.9
EK202310105142,139.2
EK202310243059,140.9
EK202310174039,144.55
EK202310201047,158.2
EK202310204579,146.75
EK202310187739,148.3
EK202310181773,126.85
EK202310128097,145.65
EK202310222975,170.85
EK202310132503,154.3
EK202310188182,165.35
EK202310133046,148.85
EK202310176947,167.5
EK202310167628,135.15
EK202310134899,125.85
EK202310115714,126.55
EK202310225258,135.95
EK202310181522,156.0
EK202310190839,160.55
EK202310217264,154.0
EK202310123146,159.05
EK202310142906,153.8
EK202310165063,141.6
EK202310004149,139.9
EK202310222025,123.25
EK202310201396,140.4
EK202310140521,175.35
EK202310190410,148.4
EK202310237623,134.4
EK202310207648,151.05
EK202310150068,158.5
EK202310199516,161.1
EK202310214499,165.95
EK202310193968,137.3
EK202310199178,125.6
EK202310226312,135.05
EK202310171202,143.85
EK202310136385,153.35
EK202310240675,143.9
EK202310131075,120.45
EK202310213481,134.75
EK202310212831,154.4
EK202310163142,132.3
EK202310107446,133.85
EK202310157890,142.75
EK202310214663,136.45
EK202310163666,129.3
EK202310117353,138.05
EK202310209794,142.0
EK202310123734,139.85
EK202310224602,136.6
EK202310218073,146.55
EK202310247816,180.4
EK202310234711,141.2
EK202310145443,141.85
EK202310246298,168.2
EK202310110010,147.75
EK202310159895,174.9
EK202310111143,141.85
EK202310209834,138.85
EK202310209444,139.45
EK202310192938,139.4
EK202310132559,132.3
EK202310152101,155.65
EK202310180196,132.6
EK202310194423,127.9
EK202310200390,154.85
EK202310180474,135.25
EK202310116603,152.6
EK202310171924,136.65
EK202310212746,160.8
EK202310146529,136.9
EK202310215859,168.35
EK202310141533,137.5
EK202310233067,136.2
EK202310214675,146.4
EK202310148386,147.95
EK202310168758,152.1
EK202310222971,135.55
EK202310109333,155.45
EK202310243241,141.2
EK202310146985,147.95
EK202310232878,179.5
EK202310234120,142.85
EK202310162882,145.75
EK202310190206,131.9
EK202310159348,174.95
EK202310201231,143.6
EK202310178530,172.95
EK202310189794,140.4
EK202310236784,138.1
EK202310175553,129.2
EK202310241797,134.1
EK202310114344,132.55
EK202310239590,160.5
EK202310227224,185.2
EK202310121744,149.75
EK202310003715,152.85
EK202310116073,125.45
EK202310197067,134.45
EK202310115532,138.2
EK202310217365,160.6
EK202310148754,146.2
EK202310109024,133.85
EK202310004073,141.9
EK202310198767,134.55
EK202310125904,144.6
EK202310189747,115.35
EK202310121824,141.75
EK202310183939,148.7
EK202310207963,145.5
EK202310004477,129.1
EK202310184855,143.55
EK202310121710,131.55
EK202310155103,124.95
EK202310127606,143.05
EK202310237460,129.25
EK202310189005,135.65
EK202310163144,182.15
EK202310195358,186.0
EK202310114203,126.05
EK202310200907,163.5
EK202310149290,144.9
EK202310186674,163.75
EK202310219434,137.4
EK202310113939,148.4
EK202310144604,127.4
EK202310202520,139.9
EK202310199251,149.85
EK202310171909,155.85
EK202310197493,141.8
EK202310200738,154.15
EK202310242193,165.45
EK202310166469,129.8
EK202310179577,151.6
EK202310199333,144.7
EK202310208438,140.25
EK202310243666,146.15
EK202310113305,139.3
EK202310189666,179.35
EK202310233041,138.0
EK202310127498,143.25
EK202310208207,129.2
EK202310161596,126.4
EK202310175979,146.25
EK202310222437,142.55
EK202310139352,140.95
EK202310120360,120.6
EK202310183484,161.8
EK202310206451,137.75
EK202310163448,160.2
EK202310113067,150.5
EK202310217739,128.8
EK202310120891,135.95
EK202310144456,130.55
EK202310243976,136.55
EK202310126697,145.5
EK202310221562,132.8
EK202310245501,128.75
EK202310227085,140.15
EK202310124539,138.95
EK202310113359,139.95
EK202310127238,144.75
EK202310186281,165.3
EK202310231780,143.3
EK202310218693,125.0
EK202310166062,145.85
EK202310194807,191.7
EK202310145164,136.65
EK202310139520,132.95
EK202310202232,159.25
EK202310106234,119.4
EK202310150099,115.55
EK202310148854,141.8
EK202310207751,153.25
EK202310119385,168.65
EK202310247407,139.55
EK202310187815,162.8
EK202310180649,124.3
EK202310169614,131.65
EK202320007494,159.6
EK202310123604,144.85
EK202310115115,132.35
EK202310247203,125.95
EK202310128939,133.45
EK202310151766,161.85
EK202310154684,144.1
EK202310147564,161.55
EK202310217040,152.4
EK202310219269,124.3
EK202310177587,137.45
EK202310172628,129.25
EK202310193264,188.45
EK202310204129,136.45
EK202310227714,140.25
EK202310174368,163.45
EK202310115514,134.5
EK202310114314,119.75
EK202320007053,154.65
EK202310196358,158.0
EK202310223590,123.1
EK202310186191,158.1
EK202310169460,169.3
EK202310206652,167.5
EK202310176776,174.95
EK202310112945,130.15
EK202310243798,139.25
EK202310173522,128.0
EK202310147691,150.25
EK202310221131,125.45
EK202310193542,126.55
EK202310110806,145.75
EK202310140872,144.15
EK202310115723,125.65
EK202310227673,141.45
EK202310104188,169.75
EK202310176128,126.15
EK202310179757,143.7
EK202310217690,129.65
EK202310114918,144.85
EK202310160022,137.05
EK202310117222,137.3
EK202310181651,157.15
EK202310202302,144.0
EK202310141935,149.55
EK202310166006,133.8
EK202310141835,161.65
EK202310113039,144.2
EK202310171526,143.95
EK202310231390,146.3
EK202310111326,131.05
EK202310104950,132.5
EK202310234139,142.25
EK202310207302,149.8
EK202310202018,129.75
EK202310205260,150.25
EK202310221441,144.7
EK202310174816,133.0
EK202310138649,143.6
EK202310208013,145.85
EK202310181493,155.95
EK202310243648,114.75
EK202310113262,156.3
EK202310171352,152.7
EK202310189555,140.6
EK202310154506,151.7
EK202310227922,131.55
EK202310243180,148.35
EK202310145403,123.2
EK202310229261,133.95
EK202310125086,134.6
EK202310188059,127.25
EK202310175935,148.9
EK202310104930,146.1
EK202310207696,145.0
EK202310176769,134.5
EK202310241580,132.2
EK202310128189,122.9
EK202310116358,131.7
EK202310203206,145.75
EK202310224617,128.05
EK202310216139,121.2
EK202310175157,135.55
EK202310148792,147.35
EK202310127748,129.8
EK202310183427,174.9
EK202310151784,128.7
EK202310202141,144.6
EK202310211204,144.2
EK202310230323,123.6
EK202310109892,135.0
EK202310187574,139.4
EK202310174395,150.8
EK202310205384,139.85
EK202310139355,127.6
EK202310161479,164.7
EK202310135561,125.85
EK202310165218,146.2
EK202310183022,163.0
EK202310125772,125.3
EK202310105325,133.35
EK202310205291,157.1
EK202310183115,135.35
EK202310142673,133.55
EK202310144959,129.85
EK202310156704,118.35
EK202310132122,128.15
EK202310174428,145.1
EK202310238510,153.65
EK202310004299,142.45
EK202310225687,148.95
EK202310152553,155.0
EK202310180231,152.45
EK202310189895,163.4
EK202310115789,131.3
EK202310107016,152.95
EK202310174702,132.35
EK202310184083,126.75
EK202310193580,154.35
EK202310217608,164.4
EK202310143791,138.95
EK202310171379,146.1
EK202310151018,153.35
EK202310167547,130.4
EK202310113875,145.25
EK202310242027,136.6
EK202310236948,146.6
EK202310241638,129.35
EK202320006399,132.55
EK202310155475,138.75
EK202310183498,137.9
EK202310175183,124.9
EK202310212112,133.2
EK202310219895,147.45
EK202310136160,179.3
EK202310237484,141.1
EK202310165481,141.0
EK202310240928,133.35
EK202310103807,126.8
EK202310138400,136.15
EK202310206371,145.75
EK202310194193,150.0
EK202310148048,155.55
EK202310215728,150.6
EK202310131760,152.25
EK202310123574,138.4
EK202310141515,138.75
EK202310237561,147.5
EK202310217955,136.0
EK202310208062,137.25
EK202310163578,138.5
EK202310116460,133.5
EK202310181932,177.3
EK202310190411,142.3
EK202310229861,139.4
EK202310246656,135.7
EK202310118260,143.75
EK202310115843,138.65
EK202310170542,157.05
EK202310189836,145.2
EK202310176951,152.7
EK202310116213,154.55
EK202310128876,130.9
EK202310210854,131.05
EK202310217897,148.35
EK202310213279,150.45
EK202310203346,146.85
EK202310111168,138.2
EK202310205607,144.85
EK202310181632,163.1
EK202310163875,150.3
EK202310106796,156.5
EK202310172056,165.7
EK202310195599,133.75
EK202310140727,155.15
EK202310208341,154.45
EK202310129380,136.05
EK202310140408,145.7
EK202310196671,172.25
EK202310164630,135.1
EK202310147505,154.0
EK202310110408,109.35
EK202310189343,173.05
EK202310232277,145.75
EK202310113134,134.05
EK202310154457,147.6
EK202310192875,141.75
EK202310116376,122.15
EK202310198131,135.15
EK202310200171,130.55
EK202310200642,155.5
EK202310123172,163.05
EK202310182386,154.15
EK202310148751,146.9
EK202310109301,130.8
EK202320007005,138.05
EK202310118442,147.55
EK202310132586,131.95
EK202310137853,140.15
EK202310175957,153.0
EK202310137878,135.85
EK202310141392,149.75
EK202310150895,126.5
EK202310234943,129.4
EK202310180019,145.85
EK202310118936,141.4
EK202310140493,135.4
EK202310175748,142.8
EK202310139140,133.55
EK202310194407,128.9
EK202310174235,128.9
EK202310171740,144.45
EK202310135496,143.05
EK202310219315,133.15
EK202310209481,161.4
EK202310142378,162.75
EK202310213131,141.3
EK202310126847,151.05
EK202310139757,139.3
EK202310166582,166.1
EK202310177776,148.5
EK202310179499,146.2
EK202310243445,125.35
EK202310176421,121.55
EK202310219058,123.4
EK202310108023,130.45
EK202310140417,173.0
EK202310130436,139.4
EK202320006321,152.05
EK202310220044,142.6
EK202310131037,127.4
EK202310248111,125.5
EK202310106861,135.15
EK202310110253,150.75
EK202310201245,148.85
EK202310138402,130.75
EK202310233866,170.35
EK202310003560,133.2
EK202310120345,129.0
EK202310201242,110.05
EK202310190427,152.6
EK202310148725,118.75
EK202320006763,138.7
EK202310196906,182.8
EK202310241763,141.15
EK202310204305,149.85
EK202310190705,139.95
EK202310107647,135.55
EK202310178205,153.35
EK202310226329,141.0
EK202310155075,147.75
EK202310161375,149.7
EK202310184194,158.35
EK202310146287,130.8
EK202310151428,182.7
EK202310169581,137.2
EK202310159986,132.7
EK202310235054,149.3
EK202310232794,152.6
EK202310237245,136.75
EK202310159951,174.7
EK202310137689,140.25
EK202310104122,129.3
EK202310237215,128.4
EK202310224167,153.35
EK202310165353,138.2
EK202310003464,124.65
EK202310146423,140.85
EK202310175125,142.4
EK202310229556,154.9
EK202310227408,134.85
EK202310243062,146.7
EK202310213464,139.5
EK202310111472,142.75
EK202310108233,133.2
EK202310223065,124.95
EK202310230558,139.2
EK202320006897,129.9
EK202310200032,140.8
EK202310187191,151.2
EK202310161900,157.2
EK202310121241,132.4
EK202310225448,131.55
EK202310227739,141.45
EK202310216508,155.15
EK202310233619,145.05
EK202310233918,136.4
EK202310202411,133.2
EK202310186765,143.75
EK202310241519,127.6
EK202310203547,144.7
EK202310186570,169.1
EK202310146153,127.35
EK202310226412,140.55
EK202310214773,152.95
EK202310141684,143.6
EK202310149333,143.4
EK202310144706,132.95
EK202310104027,146.5
EK202310109413,142.55
EK202310193755,158.4
EK202310166019,153.55
EK202310203410,167.7
EK202310211531,138.05
EK202310196157,142.5
EK202310244349,166.55
EK202310145494,129.1
EK202310212588,148.25
EK202310139780,125.4
EK202310240088,159.25
EK202310111166,141.6
EK202310188435,158.45
EK202310177633,138.2
EK202310112926,152.45
EK202310234867,131.3
EK202310185802,133.0
EK202310162594,171.6
EK202310180089,146.05
EK202310217336,130.1
EK202310192546,127.85
EK202310214169,134.05
EK202310140770,163.8
EK202310133498,143.4
EK202310118801,162.55
EK202310142404,158.35
EK202310147891,157.35
EK202310210538,133.35
EK202320007456,130.15
EK202310144587,120.05
EK202310124235,125.55
EK202310158438,141.6
EK202310215490,134.45
EK202310174451,147.85
EK202310212066,128.95
EK202310222526,130.6
EK202310188934,134.6
EK202310227893,136.25
EK202310181260,151.5
EK202310202577,140.5
EK202310120212,146.55
EK202310149119,159.5
EK202310154393,170.3
EK202310152225,126.6
EK202310105646,129.0
EK202310119351,124.75
EK202310148657,155.4
EK202310196509,148.85
EK202310194902,142.25
EK202310148288,129.95
EK202310215542,159.75
EK202310167939,154.9
EK202310167455,151.15
EK202310117792,125.35
EK202310173362,148.9
EK202310124739,174.9
EK202310175587,144.2
EK202310213185,138.25
EK202310152468,137.9
EK202310131120,154.9
EK202310124976,134.7
EK202310112499,133.15
EK202310195528,140.95
EK202310239210,128.85
EK202310142674,159.85
EK202310243104,132.4
EK202310237267,133.8
EK202310169374,136.6
EK202310234090,128.9
EK202310233816,155.15
EK202310196376,150.85
EK202310148225,143.85
EK202310228837,132.25
EK202310181830,144.25
EK202310191899,145.15
EK202310229263,132.45
EK202310141990,123.95
EK202310169654,165.15
EK202310123584,139.55
EK202310109674,134.8
EK202310106658,143.15
EK202310237324,132.3
EK202310133847,179.45
EK202310177544,126.4
EK202310123823,133.4
EK202310240866,130.75
EK202310200799,152.35
EK202310004956,127.0
EK202310109116,163.0
EK202310181159,151.15
EK202310128546,153.75
EK202310206764,138.15
EK202310203787,127.2
EK202310193227,133.45
EK202310157337,170.75
EK202310190691,159.35
EK202310126193,145.85
EK202310223219,124.9
EK202310161546,147.1
EK202310220676,144.8
EK202310142344,125.95
EK202310182666,136.75
EK202310217828,136.55
EK202310240257,132.85
EK202310125068,133.35
EK202310166358,159.5
EK202310177216,174.65
EK202310146952,141.3
EK202310199886,157.55
EK202310147741,133.85
EK202310143091,147.85
EK202310199575,145.9
EK202310187305,152.25
EK202310222496,138.0
EK202310216424,132.25
EK202310104377,128.75
EK202310227219,132.8
EK202310140922,121.85
EK202310165008,180.15
EK202310135583,137.55
EK202310171535,140.9
EK202310219272,131.8
EK202310120647,156.9
EK202310140490,132.5
EK202310173840,135.6
EK202310208109,136.65
EK202310175605,145.5
EK202310194297,136.3
EK202310116012,130.45
EK202310133738,133.4
EK202310003422,144.05
EK202310186980,151.45
EK202310157421,145.15
EK202310145922,132.55
EK202310203349,148.75
EK202310230457,164.9
EK202310230009,135.55
EK202310144393,156.45
EK202310155684,141.2
EK202310243499,153.6
EK202310148155,139.3
EK202310162141,139.2
EK202310202043,136.45
EK202310165608,136.6
EK202310193544,132.4
EK202310164222,136.3
EK202310154530,151.3
EK202310185022,137.1
EK202310167516,175.75
EK202310165006,145.1
EK202310138314,173.4
EK202310213702,132.2
EK202310223111,173.45
EK202310183009,129.65
EK202310175427,143.65
EK202310198303,128.75
EK202310142355,177.35
EK202310190847,152.6
EK202310165750,161.25
EK202310163376,146.45
EK202310146237,131.15
EK202310228171,135.9
EK202310222340,158.05
EK202310119317,129.0
EK202310209759,143.5
EK202310188992,140.7
EK202310236787,141.05
EK202310235111,141.6
EK202310192259,135.7
EK202320005738,153.7
EK202310143173,182.15
EK202310188740,155.2
EK202310106354,139.4
EK202310235348,138.1
EK202310234038,134.0
EK202310172622,153.2
EK202310172486,143.7
EK202310121194,121.95
EK202310221290,141.55
EK202310207879,134.75
EK202310114510,136.5
EK202310179068,152.05
EK202310163368,148.4
EK202310232807,144.2
EK202310120523,129.95
EK202310103969,147.9
EK202310004188,158.8
EK202310170648,158.0
EK202310139767,119.9
EK202310138473,139.15
EK202310235505,138.1
EK202310178729,127.5
EK202310246801,131.55
EK202310120603,130.45
EK202310114895,145.8
EK202310223798,137.05
EK202310128963,133.95
EK202310133013,131.7
EK202310180731,181.3
EK202310113860,128.35
EK202310201583,132.75
EK202310137449,126.85
EK202310149678,166.4
EK202310199061,150.2
EK202310206139,131.9
EK202310178048,161.35
EK202310206902,129.45
EK202310135879,156.2
EK202310118974,120.7
EK202310240661,141.95
EK202310247702,134.45
EK202310108959,143.8
EK202310139148,141.5
EK202310213608,138.25
EK202310200833,132.6
EK202310205491,158.0
EK202310151833,165.85
EK202310170507,138.35
EK202310204695,163.2
EK202310190993,154.4
EK202310181846,146.9
EK202310191614,153.85
EK202310146281,135.15
EK202310239715,140.65
EK202310224583,127.85
EK202310225752,138.1
EK202310004050,153.1
EK202310112334,132.4
EK202310178782,125.95
EK202310162090,131.6
EK202310221447,143.85
EK202310219812,152.05
EK202310161855,147.65
EK202310127861,148.1
EK202310114282,149.85
EK202310105617,136.9
EK202310209302,130.45
EK202310115118,154.8
EK202310003916,136.9
EK202310153698,148.45
EK202310229027,132.05
EK202310125705,155.6
EK202310123526,140.9
EK202310226530,141.2
EK202310136267,105.55
EK202310126875,154.0
EK202310219223,122.25
EK202310169669,152.15
EK202310136907,125.7
EK202310167168,125.05
EK202310225793,125.95
EK202310178640,152.9
EK202310130165,151.2
EK202310154261,139.55
EK202310220444,145.75
EK202310237028,150.75
EK202310165818,126.75
EK202310122598,138.45
EK202310220372,153.15
EK202310137417,139.45
EK202310143378,160.0
EK202310175009,147.45
EK202310211432,128.75
EK202310207842,138.75
EK202310180149,138.35
EK202310190554,142.25
EK202310223988,135.8
EK202310130954,129.85
EK202310116904,143.8
EK202310161528,152.35
EK202310148911,133.25
EK202310153873,139.35
EK202310144622,140.5
EK202320007179,164.0
EK202310213291,135.7
EK202310248459,132.25
EK202310129665,129.05
EK202310105584,137.05
EK202310223037,116.75
EK202310173189,133.3
EK202310174998,153.8
EK202310128550,128.6
EK202310192354,131.0
EK202310118760,123.6
EK202310131373,128.35
EK202310168865,134.0
EK202310105103,139.45
EK202310242757,128.75
EK202310164146,161.45
EK202310165707,145.05
EK202310157341,150.15
EK202310161673,166.2
EK202310203730,133.05
EK202310165334,137.35
EK202310149964,142.4
EK202310109435,124.6
EK202310105784,138.9
EK202310004512,127.0
EK202310129345,138.75
EK202310168741,139.1
EK202310225441,145.5
EK202310189863,130.5
EK202310181790,147.6
EK202310223107,143.05
EK202310117337,133.3
EK202310247125,144.35
EK202310146172,126.15
EK202310229871,143.1
EK202310167352,157.65
EK202310197659,181.65
EK202310237148,146.65
EK202310204685,139.2
EK202310241003,126.35
EK202310148969,136.5
EK202310217817,150.15
EK202310154285,147.25
EK202310241422,155.35
EK202310238083,138.65
EK202310177368,162.6
EK202310161506,158.5
EK202310159694,142.9
EK202310233873,145.95
EK202310159627,124.1
EK202310204809,141.8
EK202310221148,138.15
EK202310203840,141.55
EK202310175485,135.55
EK202310157943,147.15
EK202310166246,137.65
EK202310104784,138.8
EK202310123376,150.9
EK202310204029,147.8
EK202310185358,161.3
EK202310108669,143.15
EK202310236018,154.75
EK202310238742,138.55
EK202310111453,138.65
EK202310113005,133.85
EK202310234668,137.1
EK202310231883,132.05
EK202310170221,161.25
EK202310004896,132.85
EK202310161173,143.0
EK202310145172,149.35
EK202310173181,129.9
EK202310188825,124.25
EK202310179888,141.6
EK202310232212,131.95
EK202310162487,126.55
EK202310136794,145.5
EK202310169969,134.7
EK202310165477,132.45
EK202310177712,128.5
EK202310129186,133.8
EK202310127134,158.0
EK202310228641,127.0
EK202310195004,138.6
EK202310196656,135.4
EK202310129468,139.9
EK202320007200,142.4
EK202310153589,140.55
EK202310212764,154.35
EK202310205885,163.35
EK202310198505,119.35
EK202310222811,145.55
EK202310168127,145.85
EK202310143599,125.2
EK202310227359,143.85
EK202310135358,138.8
EK202310171217,153.1
EK202310191424,147.25
EK202310149689,164.0
EK202310195376,157.85
EK202310178299,156.8
EK202310210228,138.45
EK202310107326,139.45
EK202310152535,148.05
EK202310154473,138.35
EK202310174554,157.35
EK202310163286,128.9
EK202310111638,148.0
EK202310196108,157.0
EK202310212686,139.55
EK202310231718,139.8
EK202310137776,134.6
EK202310178405,169.45
EK202310117455,126.2
EK202310118568,141.1
EK202310222315,147.5
EK202310160822,147.15
EK202310118020,133.3
EK202310194677,164.6
EK202320006977,149.55
EK202310214502,169.55
EK202310146297,136.8
EK202320005953,139.3
EK202310200023,138.85
EK202310147399,148.55
EK202310110181,116.75
EK202310225409,166.05
EK202310107374,153.35
EK202310235775,139.35
EK202310154935,135.25
EK202310160129,143.8
EK202310136819,144.6
EK202310212339,140.5
EK202310186377,143.85
EK202310149686,151.4
EK202310137146,159.45
EK202310219413,124.1
EK202310224119,136.25
EK202310124397,130.3
EK202310118844,149.4
EK202310178888,127.8
EK202310203695,133.8
EK202310215102,136.1
EK202310116309,128.7
EK202310177340,153.3
EK202310155692,142.3
EK202310209761,127.45
EK202310192459,156.4
EK202310166094,133.5
EK202310106639,136.15
EK202310122597,134.65
EK202310176641,138.25
EK202310128106,132.9
EK202310164373,149.85
EK202310172650,143.0
EK202310161760,145.95
EK202310175173,133.6
EK202310220355,133.3
EK202310134340,132.05
EK202310200856,156.95
EK202310198775,175.5
EK202310237814,156.1
EK202310144745,131.25
EK202310116937,128.2
EK202310180183,136.95
EK202310123116,124.35
EK202310111360,143.95
EK202310218124,149.4
EK202310146929,138.85
EK202310144079,177.3
EK202310212540,164.85
EK202310206504,154.45
EK202310126991,134.65
EK202310159652,123.85
EK202310132965,139.05
EK202310203675,134.85
EK202310003467,143.8
EK202310178560,120.9
EK202310115094,136.3
EK202310127215,134.8
EK202310116379,129.6
EK202310121118,139.75
EK202310196670,131.05
EK202310159655,129.5
EK202310201991,131.05
EK202310173068,158.3
EK202310117260,139.85
EK202310130209,157.7
EK202310183122,125.0
EK202310216257,139.15
EK202310176511,148.25
EK202310187962,146.0
EK202310245277,156.4
EK202310181710,133.6
EK202310227487,141.15
EK202310210107,168.75
EK202310175757,144.35
EK202310229135,133.45
EK202310150766,128.1
EK202310164086,146.45
EK202310121488,139.7
EK202310122656,141.85
EK202310176310,150.0
EK202310207786,134.5
EK202310116196,140.35
EK202310166658,120.9
EK202320007269,145.15
EK202310240222,142.3
EK202310233074,124.6
EK202310003785,152.85
EK202310218333,135.6
EK202310199829,145.9
EK202310141201,130.55
EK202310152509,146.65
EK202310213008,142.9
EK202310234244,147.05
EK202310185496,133.45
EK202310123939,143.75
EK202310245118,147.35
EK202310126945,131.1
EK202310192940,138.25
EK202310154479,122.7
EK202310238968,133.6
EK202310220804,138.4
EK202310121547,130.1
EK202310156977,137.15
EK202310220913,120.7
EK202310153791,141.55
EK202310231371,136.4
EK202310155012,140.95
EK202310106729,103.5
EK202310121458,129.75
EK202310129298,132.45
EK202310185168,169.65
EK202310171342,169.8
EK202310182043,147.1
EK202310159692,151.05
EK202310198219,135.55
EK202310186486,149.85
EK202310194185,131.05
EK202310135060,161.7
EK202310151875,156.9
EK202310148212,132.95
EK202310158337,141.95
EK202310160093,163.0
EK202310176986,135.65
EK202310142751,168.65
EK202310186987,139.25
EK202310213398,134.15
EK202310227507,177.75
EK202310230539,131.45
EK202310233022,130.85
EK202310112067,145.1
EK202310191571,150.05
EK202310128575,144.4
EK202310116429,153.3
EK202310222260,125.95
EK202310167112,141.95
EK202310197671,136.55
EK202310133983,143.9
EK202310125081,140.5
EK202310165303,129.45
EK202310245022,140.8
EK202310168737,152.75
EK202310224066,136.15
EK202310112653,140.75
EK202310163794,120.7
EK202310177672,143.6
EK202310113138,146.3
EK202310198082,123.8
EK202310186324,136.55
EK202310245063,139.15
EK202310162008,134.85
EK202310187033,127.0
EK202310165002,136.75
EK202310179112,138.05
EK202310136261,143.9
EK202310107886,142.6
EK202310178081,153.7
EK202310107978,154.05
EK202310186291,182.55
EK202320006194,142.1
EK202310162147,130.2
EK202310145820,127.55
EK202310208270,149.1
EK202310244610,136.5
EK202310115965,133.15
EK202310173325,137.15
EK202310200487,142.95
EK202310151600,150.95
EK202310174873,129.4
EK202310154656,146.95
EK202310186158,174.75
EK202310159695,147.9
EK202310153171,150.0
EK202310116138,143.2
EK202310241920,122.95
EK202310172803,130.85
EK202310003408,133.1
EK202310113293,132.15
EK202310199063,148.95
EK202310151401,176.45
EK202310154601,138.3
EK202310111616,144.55
EK202310135809,131.35
EK202310123689,123.2
EK202310125344,128.65
EK202310204834,142.25
EK202310154600,140.55
EK202310171105,140.8
EK202310192374,154.05
EK202310137424,129.7
EK202310004414,130.2
EK202310157406,130.6
EK202310194870,149.1
EK202310184853,127.9
EK202310176587,158.0
EK202310211243,131.85
EK202310116843,146.2
EK202310167978,126.6
EK202310199028,143.85
EK202310178842,125.95
EK202310003563,160.35
EK202310113491,135.75
EK202310202425,143.7
EK202310156026,157.45
EK202310235868,124.5
EK202310129923,136.85
EK202310115347,137.35
EK202310136092,175.6
EK202310212411,130.75
EK202310198783,168.5
EK202310154295,139.0
EK202310132080,129.45
EK202310115510,128.35
EK202310186713,155.05
EK202310246486,134.6
EK202310220909,140.5
EK202310133930,150.7
EK202310230327,149.55
EK202310227578,164.05
EK202310147328,169.35
EK202310174500,141.4
EK202310121141,139.3
EK202310218136,155.55
EK202310187497,156.55
EK202310219497,140.3
EK202310158430,178.9
EK202310232072,142.45
EK202310161910,144.55
EK202310232257,130.75
EK202310109324,126.55
EK202310117586,128.75
EK202310145201,149.3
EK202310191458,155.35
EK202310163905,145.5
EK202310200681,141.05
EK202310190561,145.25
EK202310144363,134.3
EK202310196397,138.85
EK202310168831,129.3
EK202320007357,150.05
EK202310125955,147.8
EK202310210692,133.8
EK202310202677,144.75
EK202310212296,142.85
EK202310228282,133.95
EK202310198392,158.35
EK202310189017,151.85
EK202310184070,157.35
EK202320006398,151.75
EK202310221409,151.9
EK202310229971,135.65
EK202310202941,145.55
EK202310131905,132.0
EK202310112775,137.45
EK202310209245,151.75
EK202310185710,160.95
EK202310155827,138.45
EK202310158156,167.65
EK202310143080,140.7
EK202310217821,131.05
EK202310205060,133.55
EK202310152230,156.0
EK202310215647,140.4
EK202310216568,141.2
EK202310173496,138.85
EK202310132220,126.6
EK202310229606,136.55
EK202310197847,127.2
EK202310114444,135.75
EK202310212587,130.9
EK202310128678,128.9
EK202310129009,160.25
EK202310135868,136.85
EK202310004655,134.75
EK202310004666,130.15
EK202310172312,141.25
EK202310212324,129.55
EK202310234071,134.35
EK202310237714,140.5
EK202310227143,123.75
EK202310106080,143.3
EK202310115972,140.6
EK202310223416,147.85
EK202310185745,126.0
EK202310108584,146.3
EK202310244398,125.4
EK202310104476,142.95
EK202310243111,151.1
EK202310182118,146.55
EK202310231776,148.2
EK202310114793,129.35
EK202310107506,130.95
EK202310203271,140.8
EK202310206441,134.0
EK202310197006,141.45
EK202310213977,152.75
EK202310174608,161.2
EK202310126126,136.9
EK202310230545,136.45
EK202310103903,151.75
EK202310234105,167.75
EK202310165010,135.55
EK202310181940,126.4
EK202310118673,149.85
EK202310188868,176.05
EK202310170989,168.75
EK202310213961,143.6
EK202310236748,136.15
EK202310128144,139.5
EK202310131032,121.25
EK202310199927,122.65
EK202310228569,138.6
EK202310137099,154.95
EK202310216503,149.15
EK202310225348,130.45
EK202310188082,131.9
EK202310107466,158.7
EK202310119468,160.4
EK202310177435,132.55
EK202310226065,179.5
EK202310238474,134.75
EK202310178935,126.45
EK202310111288,134.7
EK202310231278,140.25
EK202310195743,173.0
EK202310177642,145.0
EK202310159731,146.15
EK202310233199,156.4
EK202310164963,137.4
EK202310108728,139.6
EK202310241516,132.1
EK202310114502,148.55
EK202310163597,148.95
EK202310194099,145.65
EK202310191390,146.75
EK202310136653,137.15
EK202310132780,150.5
EK202310192296,137.6
EK202310210820,141.2
EK202310157545,139.3
EK202310117978,137.8
EK202310128805,129.25
EK202310239206,141.7
EK202310184728,149.25
EK202310188346,149.3
EK202310115220,135.85
EK202310136091,179.65
EK202310187000,146.0
EK202310004481,132.95
EK202310142481,126.55
EK202310241665,124.0
EK202310172530,133.4
EK202310242247,145.6
EK202310201108,120.35
EK202310157151,149.0
EK202310248777,175.3
EK202310234150,132.35
EK202310245991,138.85
EK202310196183,142.95
EK202310112151,133.65
EK202310240040,160.4
EK202310122111,114.95
EK202310237646,143.9
EK202310236751,134.0
EK202310110678,127.5
EK202310175472,144.25
EK202310104032,150.3
EK202310130367,129.9
EK202310218178,156.1
EK202310190059,192.95
EK202310154040,135.05
EK202310104704,151.8
EK202310234675,137.95
EK202320007076,138.7
EK202310117416,135.7
EK202310106592,136.5
EK202310218855,151.4
EK202310112951,129.2
EK202310198510,147.55
EK202310170591,141.85
EK202310171607,149.7
EK202310188047,153.25
EK202310106176,137.95
EK202310139729,152.7
EK202310188177,175.65
EK202310216551,143.85
EK202310190746,153.7
EK202310198445,158.8
EK202310167557,137.85
EK202310232345,137.15
EK202310205089,158.95
EK202310200704,147.65
EK202310168328,152.15
EK202310117660,133.55
EK202310241204,157.35
EK202310219555,142.45
EK202310108822,134.75
EK202310178261,153.65
EK202310170803,134.4
EK202310180578,132.5
EK202310183233,165.95
EK202310214067,169.1
EK202310177910,141.05
EK202310184628,182.85
EK202310236640,134.45
EK202310189443,173.65
EK202310219770,124.6
EK202310188035,157.6
EK202310110194,155.8
EK202310244334,141.7
EK202310196346,151.2
EK202310239240,135.75
EK202310190697,140.15
EK202310183845,161.7
EK202310173568,161.25
EK202310122648,134.2
EK202310138573,153.6
EK202310107238,141.95
EK202310123716,135.1
EK202310222719,137.25
EK202310119574,137.7
EK202310106379,140.45
EK202310179487,156.55
EK202310204316,152.6
EK202310112072,137.35
EK202310103891,153.45
EK202310121527,150.8
EK202310147901,161.85
EK202310129747,163.95
EK202310216313,126.5
EK202310138904,161.8
EK202310148441,144.1
EK202310153870,130.75
EK202310108732,148.75
EK202310180949,160.15
EK202310108710,126.15
EK202310198670,127.15
EK202310150197,165.0
EK202310213492,132.35
EK202310136448,128.2
EK202310131230,152.15
EK202310231399,140.1
EK202310121599,162.55
EK202310179738,158.95
EK202310167476,162.55
EK202310131623,144.35
EK202310140730,153.35
EK202310144389,159.25
EK202310245102,140.65
EK202310132691,132.9
EK202310106449,141.3
EK202310167353,128.1
EK202310236989,136.75
EK202310111119,148.55
EK202310186689,174.7
EK202310209031,156.7
EK202310139037,162.7
EK202310158574,145.1
EK202310235776,139.5
EK202310149594,149.1
EK202310106989,142.6
EK202310207828,145.4
EK202310129283,143.65
EK202310103761,143.5
EK202310117820,127.2
EK202310170386,138.55
EK202310200918,155.6
EK202310104618,126.7
EK202310211311,136.35
EK202310217151,157.6
EK202310197688,164.4
EK202310141161,132.6
EK202310200723,154.55
EK202310192613,130.35
EK202310231385,147.15
EK202310161421,128.5
EK202310185090,151.25
EK202310118323,138.4
EK202310179435,143.4
EK202310246748,178.5
EK202310203308,130.15
EK202310166549,145.95
EK202310231043,140.2
EK202310144171,131.8
EK202310171076,156.85
EK202310234671,142.0
EK202310178258,157.1
EK202310123111,132.25
EK202310105273,141.75
EK202310232779,126.9
EK202310245923,132.45
EK202310232934,124.55
EK202310206444,143.6
EK202310199292,159.5
EK202310172407,152.35
EK202310110982,135.2
EK202310136670,140.3
EK202310196416,163.5
EK202310147370,147.2
EK202310203187,132.3
EK202310127574,138.45
EK202310223109,148.1
EK202310210815,130.5
EK202310132728,158.55
EK202310195728,166.2
EK202310162562,144.2
EK202310122166,138.05
EK202310133502,138.6
EK202310176748,127.4
EK202310149681,165.4
EK202310133367,152.15
EK202310233308,138.0
EK202310111956,144.0
EK202310213087,123.0
EK202310163861,129.9
EK202310183017,136.15
EK202310148049,145.0
EK202310159587,127.65
EK202310120104,133.25
EK202310173791,131.6
EK202310120609,133.15
EK202310120220,156.15
EK202310164643,146.45
EK202310242480,131.8
EK202310237393,134.05
EK202310110258,137.55
EK202310203310,140.2
EK202310244388,137.0
EK202310142420,163.05
EK202310127247,156.65
EK202310245410,129.0
EK202310198231,154.4
EK202310224714,133.0
EK202310112152,139.35
EK202310219634,144.4
EK202310120507,140.75
EK202310121024,147.55
EK202310162609,163.4
EK202310198139,136.85
EK202310115733,130.4
EK202310197648,187.35
EK202310152061,159.55
EK202310246184,139.75
EK202310175646,151.25
EK202310195357,184.65
EK202310180995,158.2
EK202320007602,142.5
EK202310125780,133.15
EK202310141209,132.2
EK202310241145,150.7
EK202310214473,175.3
EK202310104412,136.0
EK202310145300,150.35
EK202310178546,117.95
EK202310222192,131.65
EK202310003791,123.45
EK202310164084,153.15
EK202310247625,135.15
EK202310179777,139.2
EK202310204086,137.6
EK202310199051,150.85
EK202310199503,135.85
EK202310124201,124.7
EK202310111462,127.95
EK202310149507,145.3
EK202310149626,147.6
EK202310196221,140.9
EK202310241259,165.25
EK202310110599,129.9
EK202310234816,152.4
EK202310179926,149.4
EK202310158821,148.0
EK202310203000,130.55
EK202310162317,137.75
EK202310125499,137.9
EK202310171521,149.9
EK202310155121,143.35
EK202310246662,135.5
EK202310222404,132.6
EK202310119271,149.2
EK202310179293,126.1
EK202310162370,137.35
EK202310185317,140.6
EK202310192836,184.7
EK202310197187,166.6
EK202310119438,140.25
EK202310154800,149.05
EK202310162887,146.9
EK202310114407,143.05
EK202310107541,168.7
EK202310165391,137.0
EK202310114222,142.4
EK202310108463,140.5
EK202310160505,143.75
EK202310175819,128.1
EK202310224211,137.3
EK202310181094,162.0
EK202310209683,151.4
EK202310144068,178.2
EK202310185016,162.4
EK202310242866,126.9
EK202310136700,116.15
EK202310129667,137.55
EK202310185490,160.1
EK202310180615,134.85
EK202310106120,138.7
EK202310139529,126.8
EK202310208712,153.9
EK202310202493,166.45
EK202310127493,152.2
EK202310185646,145.5
EK202310236048,128.35
EK202310215422,122.7
EK202310154768,144.1
EK202310156660,130.25
EK202310215522,148.75
EK202310191431,154.6
EK202310219661,139.35
EK202310111217,133.0
EK202310142283,137.45
EK202310152451,172.8
EK202310131900,150.75
EK202310118813,155.2
EK202310158474,122.0
EK202310206038,190.2
EK202310140824,133.7
EK202310193053,140.15
EK202310239738,140.95
EK202310183514,170.4
EK202310228473,139.75
EK202310187727,140.55
EK202310208678,141.1
EK202310151445,131.85
EK202310129744,136.45
EK202310242221,140.05
EK202310140908,133.75
EK202310213034,139.85
EK202310162066,139.6
EK202310166091,141.15
EK202310168349,133.3
EK202310204830,151.25
EK202310119237,149.6
EK202310177687,150.05
EK202310194046,143.8
EK202310120099,122.7
EK202310139982,171.4
EK202310172126,140.2
EK202310225892,137.25
EK202310204605,146.75
EK202310166382,157.05
EK202310164816,156.25
EK202310118373,133.05
EK202310141696,158.45
EK202310229964,135.1
EK202310127949,140.55
EK202310239375,177.1
EK202310173625,146.85
EK202310141849,168.95
EK202310115485,125.45
EK202310129234,151.05
EK202310105793,132.85
EK202310158046,129.3
EK202310192078,139.7
EK202310211785,140.5
EK202310194018,175.65
EK202310223067,128.6
EK202310131851,160.55
EK202310146819,135.3
EK202310240643,148.95
EK202310156305,164.85
EK202310207011,139.45
EK202310225288,154.35
EK202310246090,173.8
EK202310159743,133.5
EK202310160951,178.65
EK202310164394,132.0
EK202310172687,132.8
EK202310157664,129.65
EK202310186799,145.85
EK202310177813,160.0
EK202310135564,141.4
EK202310109869,137.9
EK202310232529,146.25
EK202310190796,137.35
EK202310157371,145.9
EK202310248440,147.6
EK202310236433,137.55
EK202310155362,139.9
EK202310178291,148.65
EK202310236912,149.75
EK202310104076,144.2
EK202310192380,131.15
EK202310138804,147.4
EK202310151241,145.95
EK202310199540,151.35
EK202310173988,134.1
EK202310173002,144.3
EK202310243625,152.45
EK202310193531,131.95
EK202310114242,131.5
EK202310138736,149.7
EK202310190347,141.2
EK202310236408,136.85
EK202310120734,152.0
EK202310199091,152.45
EK202310163422,130.7
EK202310204728,139.35
EK202310130979,152.9
EK202310183928,156.75
EK202310149172,143.25
EK202310112222,144.45
EK202310135593,174.05
EK202310116248,136.45
EK202310139060,147.1
EK202310119677,164.3
EK202310158107,129.4
EK202310132346,163.75
EK202310134894,163.85
EK202310136486,131.6
EK202310129929,171.05
EK202310105561,129.05
EK202310154663,138.9
EK202310170691,159.7
EK202310129385,141.05
EK202310201900,160.45
EK202310167771,134.2
EK202310157806,136.1
EK202310149813,186.8
EK202310176321,150.45
EK202310114996,137.65
EK202310190897,159.65
EK202310166461,138.95
EK202310137821,125.45
EK202310112150,138.1
EK202310192173,135.25
EK202310173654,131.5
EK202310220329,147.25
EK202310202774,180.8
EK202310150939,143.35
EK202310155941,129.7
EK202310185382,148.7
EK202310237219,134.6
EK202310244185,129.0
EK202310221987,125.3
EK202310193216,140.75
EK202310145019,142.25
EK202310193312,154.05
EK202310121038,146.75
EK202310210609,160.2
EK202310198874,142.75
EK202310144516,148.65
EK202310110453,131.25
EK202310135805,129.95
EK202310128896,127.35
EK202310183544,149.4
EK202310181264,148.6
EK202310204958,138.25
EK202310168271,143.9
EK202310219179,131.4
EK202310224962,159.4
EK202310210604,140.25
EK202310159739,144.0
EK202310132707,150.2
EK202310105567,134.5
EK202310226814,141.8
EK202310217907,127.25
EK202310199396,137.8
EK202310105066,138.55
EK202310200675,139.4
EK202310237294,135.7
EK202310157377,147.35
EK202310229136,126.4
EK202310186430,125.3
EK202310163802,120.2
EK202310142202,164.65
EK202310195256,145.6
EK202310004248,172.15
EK202310195944,125.85
EK202310152129,151.05
EK202310235567,131.25
EK202310239108,171.1
EK202320007089,135.2
EK202310188372,166.85
EK202310177026,143.5
EK202310130893,134.55
EK202310145973,149.65
EK202310168876,138.25
EK202320005981,152.55
EK202310158643,149.2
EK202310186188,147.4
EK202310134495,124.85
EK202310247686,152.4
EK202310150624,149.45
EK202310205684,134.95
EK202310130971,151.85
EK202310109938,152.45
EK202310157726,136.25
EK202310217250,137.35
EK202310232228,138.4
EK202310212931,145.65
EK202310224251,145.2
EK202310177088,127.45
EK202310178114,134.7
EK202310133902,156.15
EK202310243447,134.05
EK202310203833,155.2
EK202310205106,151.9
EK202310244839,156.95
EK202310153612,170.75
EK202310168129,133.45
EK202310210315,136.9
EK202310221450,133.2
EK202310229011,146.8
EK202310109445,146.3
EK202310172449,139.45
EK202310173624,142.85
EK202320007778,142.2
EK202310191821,137.9
EK202310163402,161.2
EK202310198726,184.7
EK202310235035,132.65
EK202310190400,135.95
EK202310223143,142.6
EK202310134393,161.95
EK202310190107,158.05
EK202310199104,147.7
EK202310198171,122.4
EK202310126236,139.1
EK202310110975,138.1
EK202310163529,137.95
EK202310208517,123.85
EK202310229161,133.65
EK202310224145,140.05
EK202310245526,134.9
EK202310105925,134.7
EK202310241775,129.25
EK202310131256,144.3
EK202310167720,139.2
EK202310128585,139.95
EK202310171250,144.35
EK202310136309,134.75
EK202310159794,142.35
EK202310147802,161.7
EK202310217371,130.6
EK202310142272,138.1
EK202310192020,134.65
EK202310121935,145.6
EK202320007881,156.6
EK202310144741,139.4
EK202310237080,155.5
EK202310121787,119.25
EK202310157606,134.8
EK202310171437,163.35
EK202310108122,148.0
EK202310151362,133.25
EK202310115777,132.05
EK202310239193,138.6
EK202310233042,130.7
EK202310202833,171.75
EK202310113174,146.3
EK202310167499,143.75
EK202310126289,141.75
EK202310129491,141.85
EK202320005784,167.2
EK202310170372,136.9
EK202310213906,142.75
EK202310199476,125.45
EK202310247011,152.5
EK202310195117,140.7
EK202310120294,156.6
EK202320007259,144.2
EK202310188597,145.8
EK202310165978,134.15
EK202310115867,133.95
EK202310193317,185.65
EK202310203873,130.3
EK202310205284,127.6
EK202310111575,122.35
EK202310225817,137.55
EK202310231254,128.0
EK202310183664,172.85
EK202310104179,130.15
EK202310230497,128.85
EK202310193284,130.45
EK202310147738,145.6
EK202310241264,178.6
EK202310199094,152.35
EK202310128153,141.2
EK202310177426,157.2
EK202310106407,136.65
EK202310224168,172.85
EK202310182894,163.65
EK202310196624,162.35
EK202310174799,142.65
EK202310244287,152.6
EK202310158225,131.55
EK202310158700,184.5
EK202310194647,134.75
EK202310176945,130.35
EK202310242585,138.45
EK202310168424,145.85
EK202310155163,140.05
EK202310124200,137.8
EK202310167074,154.75
EK202310227610,187.9
EK202310172440,177.85
EK202310224828,123.9
EK202310125087,135.6
EK202310172624,137.0
EK202310212981,127.0
EK202310212038,135.1
EK202310181888,140.45
EK202310151373,144.55
EK202310151400,180.7
EK202310129480,143.7
EK202310105531,144.55
EK202310168802,150.95
EK202310143364,152.15
EK202310124872,129.4
EK202310204355,134.2
EK202310151111,176.0
EK202310208992,132.85
EK202310214546,154.0
EK202310149411,146.25
EK202310142260,136.05
EK202310164059,133.1
EK202310109215,134.7
EK202310199582,125.3
EK202310127468,131.8
EK202310142858,143.35
EK202310203332,156.1
EK202310158565,150.4
EK202310172619,145.1
EK202310107206,106.2
EK202310211213,136.75
EK202310172337,139.05
EK202310220668,125.1
EK202310153800,135.6
EK202310211090,129.7
EK202310189907,138.15
EK202310187277,120.75
EK202310196375,132.25
EK202310133091,128.55
EK202310126566,123.55
EK202310157696,126.65
EK202310170462,131.95
EK202310187255,146.55
EK202310123459,141.2
EK202310145959,135.65
EK202310220363,143.95
EK202310139815,130.45
EK202310181913,139.65
EK202310109098,136.5
EK202310132727,166.3
EK202310122252,139.8
EK202310167093,167.8
EK202310139661,145.05
EK202310174818,154.45
EK202310166691,134.9
EK202310003691,158.25
EK202310237525,146.1
EK202310117373,143.35
EK202310179546,138.75
EK202310126077,127.5
EK202310184499,160.9
EK202310186109,154.0
EK202310106103,139.5
EK202310112500,129.55
EK202310133741,145.35
EK202310109783,141.6
EK202310117249,132.6
EK202310203878,133.45
EK202310196452,144.75
EK202310181760,161.9
EK202310112276,138.2
EK202310190428,144.35
EK202310217583,171.75
EK202320005844,141.55
EK202310206265,141.8
EK202310221855,123.7
EK202310152502,137.85
EK202310119997,119.55
EK202310234516,133.2
EK202310109706,182.7
EK202310148105,148.15
EK202310154560,133.5
EK202310236829,130.25
EK202310167010,143.0
EK202310240372,145.9
EK202310129679,152.3
EK202310213367,133.45
EK202310198361,152.4
EK202310154494,141.65
EK202310247393,157.15
EK202310233217,132.35
EK202310147827,153.55
EK202310115117,139.1
EK202310148420,133.9
EK202310190832,155.3
EK202310134924,129.75
EK202310188986,166.35
EK202310129065,168.9
EK202310191867,124.4
EK202310134983,152.7
EK202310113731,148.35
EK202310201726,141.25
EK202310230201,155.95
EK202310168525,143.85
EK202310244486,160.65
EK202310189155,165.4
EK202310140440,129.25
EK202310106749,133.6
EK202310179762,149.0
EK202310129836,137.6
EK202310220701,136.8
EK202310186360,145.0
EK202310109349,145.7
EK202310201338,145.8
EK202310212253,124.2
EK202310155921,128.25
EK202310205532,176.7
EK202310128471,170.4
EK202310201094,146.95
EK202310190383,151.9
EK202310110189,107.45
EK202310147602,129.4
EK202310198097,122.7
EK202310216064,124.7
EK202310211013,144.3
EK202310160719,158.65
EK202310176494,136.7
EK202310145249,132.45
EK202310235596,140.35
EK202310110412,143.05
EK202310200832,123.75
EK202310204509,150.2
EK202310149049,161.35
EK202310183661,155.55
EK202310216447,134.15
EK202310200320,141.3
EK202310161067,121.95
EK202310207130,134.55
EK202310145591,143.3
EK202310127977,134.05
EK202310161518,154.2
EK202310138156,128.75
EK202310244709,139.3
EK202310142566,139.65
EK202310124071,127.95
EK202310152858,175.7
EK202310190782,127.35
EK202310167544,130.0
EK202310192845,143.45
EK202310160817,145.2
EK202310196420,164.0
EK202310004827,145.1
EK202310227825,138.85
EK202310194467,149.7
EK202310113608,150.05
EK202310103781,132.4
EK202310221275,140.45
EK202310169673,134.9
EK202310190005,148.9
EK202310188898,149.6
EK202310183079,155.35
EK202310166912,166.5
EK202310142437,148.7
EK202310212298,140.9
EK202310109551,138.6
EK202310222094,137.45
EK202310202049,139.1
EK202310212471,145.75
EK202310187583,170.45
EK202310188837,136.95
EK202310220895,141.55
EK202310108270,141.25
EK202310186872,148.9
EK202310156937,145.3
EK202310242846,134.4
EK202310186481,131.85
EK202310221455,131.95
EK202310180574,130.35
EK202310168049,149.8
EK202310133898,178.85
EK202310168746,136.85
EK202310212474,138.3
EK202310161742,143.15
EK202310181202,153.45
EK202310200036,123.55
EK202310184172,148.75
EK202310239220,137.3
EK202310165958,139.4
EK202310212102,138.8
EK202310218823,144.9
EK202310151307,139.1
EK202310204250,151.8
EK202310183865,157.55
EK202310149510,149.25
EK202320006769,139.4
EK202310227796,134.1
EK202310248710,136.7
EK202310198205,140.95
EK202310135989,141.5
EK202310124456,128.2
EK202310221007,132.65
EK202310126207,146.65
EK202310181795,160.7
EK202310168767,138.9
EK202310119332,126.85
EK202310135427,133.45
EK202310206685,138.2
EK202310241653,125.25
EK202310196379,134.5
EK202310120248,162.4
EK202310172212,137.5
EK202310181585,139.35
EK202320006780,162.5
EK202310133161,127.6
EK202310109841,132.85
EK202310152371,176.3
EK202310125316,122.35
EK202310127854,127.9
EK202310208551,134.8
EK202310172019,131.7
EK202320005655,138.4
EK202310117833,124.2
EK202310110950,143.65
EK202310244018,123.6
EK202310234592,139.3
EK202310136966,140.8
EK202310185914,158.9
EK202310236175,130.4
EK202310187917,142.45
EK202310004461,147.1
EK202310131974,141.15
EK202310184967,146.5
EK202310185067,144.8
EK202310236069,129.5
EK202310186869,138.05
EK202310149914,139.75
EK202310154439,127.25
EK202310117130,140.45
EK202310192819,150.25
EK202310158666,184.85
EK202310197005,124.1
EK202310203581,135.05
EK202310178102,137.25
EK202310224457,134.8
EK202310118618,136.1
EK202310185500,156.4
EK202310213431,142.5
EK202310201151,177.0
EK202310228224,134.15
EK202310148041,156.25
EK202310178742,163.8
EK202310227550,146.75
EK202310119869,144.7
EK202310146474,153.35
EK202310123299,127.8
EK202310187842,131.65
EK202310155425,143.15
EK202310210739,136.85
EK202310177302,154.65
EK202310202123,165.75
EK202310104749,146.5
EK202310185079,127.5
EK202310132781,138.9
EK202310193932,134.95
EK202310189612,121.0
EK202310201902,176.55
EK202310208534,150.65
EK202310189130,134.0
EK202310215684,127.9
EK202310160446,139.1
EK202310133958,174.35
EK202310176688,150.75
EK202310211793,126.3
EK202310210111,130.75
EK202310232666,126.1
EK202310128743,166.5
EK202310130719,138.25
EK202310004334,140.25
EK202310126855,147.8
EK202310152426,142.35
EK202310188746,144.55
EK202310236429,140.35
EK202310170500,128.3
EK202310124582,139.85
EK202310181729,175.0
EK202310224787,127.5
EK202310108930,142.85
EK202310104434,125.7
EK202310115530,124.3
EK202310184629,185.65
EK202310217615,127.7
EK202310228010,128.6
EK202310199351,144.55
EK202310231067,135.2
EK202310215633,128.7
EK202310142323,170.45
EK202310244740,144.05
EK202310173913,148.7
EK202310218786,130.35
EK202310215448,135.0
EK202310114357,141.25
EK202310197601,145.05
EK202310247322,158.1
EK202310231270,138.8
EK202310142374,129.5
EK202310117138,137.45
EK202310176849,134.8
EK202310109114,148.55
EK202310182696,148.5
EK202310135900,144.95
EK202310123905,152.7
EK202310130761,124.3
EK202310122276,137.0
EK202310121513,161.6
EK202310168032,156.0
EK202310213827,130.85
EK202310115189,142.8
EK202310138716,171.35
EK202310246376,155.05
EK202310227795,136.2
EK202310138696,135.45
EK202310194234,152.1
EK202310184761,162.7
EK202310162543,158.55
EK202310236480,136.75
EK202310209507,134.3
EK202310136499,140.45
EK202310204660,135.85
EK202310111522,148.5
EK202310105606,137.85
EK202320007453,144.45
EK202310232384,137.25
EK202310206748,142.25
EK202310241912,161.15
EK202310124064,130.2
EK202310122759,114.25
EK202310190369,180.0
EK202310186879,156.25
EK202310149694,128.1
EK202310223534,138.55
EK202310159550,151.3
EK202310221243,140.6
EK202310244635,141.9
EK202310198162,129.1
EK202310125552,134.3
EK202310132850,129.9
EK202320005964,156.55
EK202310126781,156.8
EK202310147128,151.6
EK202310226818,147.75
EK202310124338,131.0
EK202310225790,127.2
EK202310144382,148.2
EK202310160141,142.15
EK202310177663,151.05
EK202310231419,134.65
EK202310141307,149.55
EK202310119017,153.1
EK202310219691,127.1
EK202310114034,135.8
EK202310207177,160.6
EK202310120353,135.85
EK202310003709,127.85
EK202310208102,130.35
EK202310117194,138.45
EK202310160414,151.45
EK202310128750,128.25
EK202310236926,145.1
EK202310230067,150.4
EK202310209445,149.0
EK202310237314,129.45
EK202310232234,132.3
EK202310150354,158.35
EK202310196951,175.95
EK202310194465,131.1
EK202310193016,164.95
EK202310151083,132.65
EK202310184367,138.3
EK202310112469,149.15
EK202310192489,127.95
EK202310224546,132.75
EK202310247421,161.15
EK202310194417,144.0
EK202310121339,122.4
EK202310190360,138.3
EK202310226836,155.3
EK202310168945,130.45
EK202310227078,140.0
EK202310232895,123.5
EK202310230495,138.65
EK202310246097,149.4
EK202310202842,131.85
EK202310220262,134.95
EK202310134200,150.55
EK202310203601,148.9
EK202310190558,133.05
EK202310232949,125.1
EK202310195423,146.1
EK202310164136,158.95
EK202310111473,145.6
EK202310194752,142.6
EK202310139201,159.4
EK202310215712,148.75
EK202310126580,136.2
EK202310143206,154.35
EK202310222539,129.9
EK202310239797,130.4
EK202310157767,132.15
EK202310237925,141.75
EK202310227346,146.25
EK202310222227,138.4
EK202310231460,127.5
EK202310105762,150.35
EK202310149701,146.6
EK202310231185,134.0
EK202310187011,139.85
EK202310188048,139.1
EK202310147979,153.55
EK202310136963,157.6
EK202310223233,149.0
EK202310147717,130.65
EK202310235875,137.2
EK202310146872,131.0
EK202310114622,142.8
EK202310127235,143.55
EK202310170129,128.0
EK202310174462,157.3
EK202310239145,136.7
EK202310103947,153.45
EK202310118725,155.65
EK202310181241,149.85
EK202310215016,171.05
EK202310197863,136.05
EK202310162387,125.25
EK202310108126,133.55
EK202310207445,158.95
EK202310003781,144.7
EK202310153594,140.8
EK202310234731,144.7
EK202310112047,128.4
EK202310246932,148.05
EK202310218014,127.1
EK202310159032,161.45
EK202310108938,143.7
EK202310126068,132.0
EK202310146294,130.75
EK202310197490,150.7
EK202310235805,174.45
EK202310244213,138.7
EK202310169974,136.5
EK202310180762,141.9
EK202310117588,130.6
EK202310146489,141.75
EK202310242008,134.95
EK202310175256,149.05
EK202310183438,139.8
EK202310216482,167.05
EK202310150432,143.25
EK202310224664,130.3
EK202310182573,144.1
EK202310227828,145.5
EK202310183759,152.4
EK202310168521,161.95
EK202310183715,150.85
EK202310142868,122.7
EK202310202199,158.5
EK202310167759,132.4
EK202310229275,137.55
EK202310229628,135.9
EK202310190352,141.5
EK202310234142,126.15
EK202310141693,131.25
EK202310133997,135.9
EK202310180676,146.2
EK202310127990,158.25
EK202310194053,186.0
EK202310240865,152.7
EK202310238191,136.25
EK202310218152,151.05
EK202310192642,128.75
EK202310113518,138.9
EK202310177048,145.25
EK202310003870,124.1
EK202310184101,141.15
EK202310123625,156.45
EK202310105534,146.55
EK202310130598,145.15
EK202310183150,169.1
EK202310223939,143.8
EK202310151237,139.45
EK202310150186,132.8
EK202310119286,156.55
EK202310147962,142.7
EK202310195618,117.85
EK202310146717,127.0
EK202310226225,125.7
EK202310108305,142.25
EK202310132381,129.3
EK202310130474,139.8
EK202310123530,131.9
EK202310207610,174.85
EK202310142942,163.0
EK202310181486,146.1
EK202310227391,141.15
EK202310219674,143.95
EK202310231118,127.2
EK202310156122,138.15
EK202310168356,150.75
EK202310152965,133.55
EK202310240478,141.5
EK202310220260,135.95
EK202310166323,144.9
EK202310130108,165.05
EK202310139786,128.45
EK202310163761,122.0
EK202310221197,138.95
EK202310194216,180.8
EK202310209659,131.05
EK202310214603,163.95
EK202310108794,150.15
EK202310152434,155.5
EK202310134754,124.9
EK202310236812,139.5
EK202310167567,135.8
EK202310203493,138.75
EK202310175040,126.95
EK202310205734,166.8
EK202310104881,140.8
EK202310188034,159.25
EK202320007581,129.6
EK202310004300,137.7
EK202310126491,132.95
EK202310236882,137.6
EK202310151164,140.4
EK202310106280,151.2
EK202310163693,142.15
EK202310168683,139.4
EK202310189719,167.2
EK202310233687,156.2
EK202310201579,138.9
EK202310202351,129.9
EK202310180846,139.6
EK202310170131,134.35
EK202310113992,123.8
EK202310225909,137.5
EK202310118201,144.3
EK202310184100,149.7
EK202310169994,141.7
EK202310186322,140.9
EK202310187689,138.85
EK202310241609,121.1
EK202310112492,132.5
EK202310216335,136.4
EK202310207022,159.95
EK202310125948,140.25
EK202310127865,149.25
EK202310174681,146.5
EK202310233071,156.1
EK202310193133,153.15
EK202310132000,139.4
EK202310103983,150.9
EK202310191233,148.0
EK202310231154,136.0
EK202310116716,142.7
EK202310179545,146.4
EK202310206643,145.75
EK202310134367,166.75
EK202310176122,165.35
EK202310214013,132.25
EK202310134741,134.1
EK202310174213,133.2
EK202310141096,172.95
EK202310206920,152.5
EK202310194809,192.7
EK202310202514,139.1
EK202310110026,137.65
EK202310104374,128.3
EK202310120332,131.1
EK202310157554,145.05
EK202310204383,124.15
EK202310208398,130.05
EK202310118265,124.05
EK202310231010,123.85
EK202310213437,127.25
EK202310146583,128.75
EK202310195386,149.75
EK202310228443,149.6
EK202310123135,138.95
EK202310142556,140.45
EK202310245462,131.2
EK202310234824,131.8
EK202310197141,147.3
EK202310229145,140.2
EK202310209147,148.65
EK202310214152,175.0
EK202310164947,126.05
EK202310222842,132.1
EK202310211770,133.55
EK202310004960,122.5
EK202310239260,133.7
EK202310115431,140.8
EK202310202893,136.35
EK202310205187,145.6
EK202310202065,143.15
EK202310127001,136.05
EK202310181721,169.85
EK202310161325,138.2
EK202310140540,154.3
EK202310167097,150.35
EK202310140718,132.5
EK202310149480,127.05
EK202310183531,151.85
EK202310148864,155.65
EK202310003701,142.75
EK202310144900,126.2
EK202310144750,148.1
EK202310162709,141.75
EK202310186895,135.1
EK202310226408,141.65
EK202320007110,145.4
EK202310162496,154.7
EK202310212196,149.4
EK202310239361,133.3
EK202310125997,133.65
EK202310246168,134.05
EK202310193381,153.95
EK202310190604,145.6
EK202310111954,130.9
EK202310176791,136.65
EK202310141476,134.15
EK202310221421,154.8
EK202310129409,141.8
EK202310122129,131.1
EK202310149924,164.0
EK202310179998,148.65
EK202310195558,159.15
EK202310112050,128.65
EK202310136298,135.4
EK202310146636,140.3
EK202310239762,132.75
EK202310200996,142.75
EK202310223066,126.15
EK202310167187,142.3
EK202310124533,163.95
EK202310143956,178.0
EK202310178323,135.8
EK202310224950,164.8
EK202310179276,126.75
EK202310246017,141.65
EK202320006428,174.95
EK202310241114,133.25
EK202310217472,143.3
EK202310162260,151.45
EK202310240436,136.15
EK202310198123,139.7
EK202310156200,140.85
EK202310141977,162.75
EK202310223019,139.15
EK202310193508,159.6
EK202310222293,131.35
EK202310156492,172.8
EK202310180531,129.25
EK202310225433,131.3
EK202310127891,146.1
EK202310228056,147.15
EK202310106710,143.7
EK202310183113,123.45
EK202310180843,142.55
EK202310204705,148.9
EK202310140212,152.85
EK202310179669,118.6
EK202310212869,133.05
EK202310203115,137.3
EK202310131490,165.6
EK202310109872,139.15
EK202310150034,176.85
EK202310174047,139.75
EK202310247649,125.15
EK202310217502,170.75
EK202310133755,133.6
EK202310169961,140.95
EK202310188670,160.0
EK202310238912,139.0
EK202310113770,152.15
EK202310146729,137.75
EK202310185503,159.15
EK202310245764,143.05
EK202310242449,145.75
EK202310206998,136.8
EK202310215872,136.9
EK202310130322,162.8
EK202310107786,173.65
EK202310201622,148.8
EK202310125291,149.15
EK202320007483,137.4
EK202310232956,141.1
EK202310134707,151.8
EK202320007480,155.45
EK202310203884,138.3
EK202310209390,147.3
EK202310105328,133.25
EK202310144128,122.7
EK202310115260,158.85
EK202310136404,130.55
EK202310200686,159.8
EK202310149205,130.2
EK202310224673,126.95
EK202310233927,132.55
EK202310231452,123.0
EK202310147484,138.5
EK202310227688,143.5
EK202310119870,147.6
EK202310230862,132.85
EK202310124325,137.4
EK202310174689,127.6
EK202310241097,131.75
EK202310201197,178.45
EK202310133296,131.25
EK202310233451,156.0
EK202310135940,120.6
EK202310107985,135.6
EK202310157602,139.25
EK202310139763,127.45
EK202310238145,155.75
EK202310168639,163.35
EK202310219394,158.8
EK202310216358,137.9
EK202310127032,137.25
EK202310148206,148.3
EK202310227757,162.5
EK202310112688,138.7
EK202310214245,139.35
EK202310124215,130.85
EK202310132325,142.3
EK202310245630,125.25
EK202310159135,106.1
EK202310153895,139.55
EK202310211988,131.3
EK202310185598,154.4
EK202310192392,130.65
EK202310242881,148.65
EK202310153163,153.5
EK202310179601,129.75
EK202310241826,166.1
EK202310125720,142.0
EK202310106591,159.2
EK202310162420,169.25
EK202310133893,140.7
EK202310168619,160.85
EK202310142512,141.75
EK202310197943,131.15
EK202310176141,167.9
EK202310149618,146.15
EK202310226109,137.8
EK202310122228,133.1
EK202310176047,177.7
EK202310198997,178.55
EK202310232656,134.55
EK202310182446,131.85
EK202310139943,146.0
EK202310165615,132.55
EK202310142885,131.9
EK202310193296,149.35
EK202310121667,132.7
EK202310223883,143.9
EK202310143204,131.7
EK202310205226,140.4
EK202310119065,145.75
EK202310213461,146.8
EK202310120362,150.1
EK202310194154,178.9
EK202310107601,151.05
EK202310204833,148.4
EK202310176205,153.25
EK202310154960,136.7
EK202310130425,163.75
EK202310126003,141.1
EK202310192656,145.9
EK202310213037,158.9
EK202310243222,136.2
EK202310132202,127.9
EK202310235252,140.5
EK202310160890,142.25
EK202310198189,135.55
EK202310119695,146.15
EK202310172550,145.65
EK202310229494,129.8
EK202310004450,129.2
EK202310146462,151.05
EK202310113248,155.0
EK202310221078,129.95
EK202310124198,137.55
EK202310212260,131.65
EK202310134794,130.5
EK202310221523,136.95
EK202310219960,133.3
EK202310121234,156.5
EK202310233970,138.8
EK202310188001,137.65
EK202310163334,140.9
EK202310208205,157.8
EK202310130304,130.15
EK202310154503,130.35
EK202310170798,138.0
EK202310152846,157.4
EK202310130702,133.65
EK202310203151,154.15
EK202310217313,130.65
EK202310233757,135.85
EK202310138726,174.1
EK202310156939,147.75
EK202310129985,141.75
EK202310190426,133.25
EK202310171121,131.05
EK202310214542,137.4
EK202310168552,129.05
EK202310183003,137.0
EK202310123726,167.65
EK202310181506,165.25
EK202310237990,123.4
EK202310162825,156.2
EK202310224013,127.35
EK202310158873,129.0
EK202310137354,142.5
EK202310123420,139.35
EK202310225576,131.7
EK202310229941,143.05
EK202310229623,139.15
EK202310107612,154.45
EK202310246113,129.15
EK202310144693,135.9
EK202310116502,122.95
EK202310139421,136.85
EK202310112631,132.1
EK202310106168,139.65
EK202310207682,153.7
EK202310157085,173.7
EK202310245691,131.1
EK202310200879,133.7
EK202310131443,134.55
EK202310196154,136.2
EK202310231226,127.8
EK202310210056,133.45
EK202310114898,141.65
EK202310203643,133.85
EK202310160283,160.8
EK202320005966,147.0
EK202310167009,141.3
EK202310191878,127.55
EK202310152713,162.6
EK202310179861,144.3
EK202310153872,143.4
EK202310106053,146.15
EK202310189085,127.05
EK202310212320,134.35
EK202310147327,149.1
EK202320006343,156.8
EK202310178068,149.7
EK202310216051,136.2
EK202310120390,125.65
EK202310150611,161.7
EK202310170657,168.15
EK202310132614,132.55
EK202310130044,155.65
EK202310230130,135.45
EK202310142200,136.8
EK202310142024,182.4
EK202310199015,135.15
EK202310129011,144.85
EK202310162645,145.65
EK202310165075,145.7
EK202310242200,162.55
EK202310216319,132.7
EK202310168191,127.35
EK202310173505,130.45
EK202310197116,141.45
EK202310196993,188.1
EK202310190097,154.95
EK202310243824,134.05
EK202310185884,173.05
EK202310115378,120.55
EK202310203204,156.85
EK202310118547,139.7
EK202310228351,133.4
EK202310243844,154.55
EK202310169224,119.25
EK202310173833,159.25
EK202310182027,126.45
EK202310128404,149.35
EK202310221581,176.6
EK202310202028,126.55
EK202310140548,128.75
EK202310134135,128.05
EK202310192158,152.35
EK202310112502,143.4
EK202310113790,152.05
EK202310218316,119.15
EK202310188343,138.5
EK202310176251,147.35
EK202310201210,165.3
EK202310231157,137.05
EK202310195345,177.7
EK202310151257,137.65
EK202310156988,131.4
EK202310225915,155.2
EK202310239080,141.0
EK202310210523,135.25
EK202310130378,143.25
EK202310152365,130.7
EK202320005984,133.8
EK202310228471,142.8
EK202310121673,129.6
EK202310239395,143.4
EK202310198842,136.7
EK202310241420,128.15
EK202310231742,136.35
EK202310131099,156.65
EK202310188446,121.4
EK202310190252,139.25
EK202310236866,138.5
EK202310207108,148.75
EK202310184757,177.1
EK202310104389,150.35
EK202310217076,140.2
EK202310106797,128.0
EK202310216511,148.05
EK202310209342,170.2
EK202310183200,157.05
EK202310145433,166.95
EK202310140014,137.5
EK202310125223,130.25
EK202310140119,159.3
EK202320005700,145.45
EK202310194061,160.65
EK202310195873,153.7
EK202310220232,138.15
EK202310216119,137.75
EK202310134968,147.25
EK202310174540,140.4
EK202310185424,142.95
EK202310125685,140.75
EK202310234710,129.4
EK202310214117,172.45
EK202320006910,142.95
EK202310231049,132.0
EK202310195331,174.7
EK202310194304,148.15
EK202310171159,133.2
EK202310138049,129.6
EK202310198003,133.65
EK202310159099,163.95
EK202310216629,142.5
EK202310191293,144.95
EK202310174065,138.65
EK202310191081,167.3
EK202310122728,121.3
EK202310244744,132.85
EK202310226033,124.2
EK202310232759,146.5
EK202310196945,152.3
EK202310223385,147.35
EK202310219176,126.2
EK202310131076,145.75
EK202310204889,132.85
EK202310125633,161.15
EK202310153304,188.0
EK202310138923,141.2
EK202310110215,123.35
EK202310212666,132.2
EK202310219342,131.3
EK202310161803,134.45
EK202310120553,130.85
EK202310230584,151.6
EK202310224579,135.15
EK202310171422,140.1
EK202310106867,136.9
EK202310121769,142.4
EK202310215792,125.1
EK202310138205,127.8
EK202310189070,146.15
EK202310151230,136.0
EK202310108779,145.95
EK202310167488,172.0
EK202310243336,142.1
EK202310124223,134.95
EK202310240547,136.95
EK202310191562,150.25
EK202310140508,117.6
EK202310119457,146.15
EK202310179610,125.2
EK202310146453,139.9
EK202310163261,158.95
EK202310214487,174.25
EK202310195013,132.55
EK202310129643,134.4
EK202310106761,138.8
EK202310132636,138.9
EK202310205792,137.95
EK202310176096,144.35
EK202310132675,138.2
EK202310203792,131.35
EK202310188904,134.6
EK202310233751,136.5
EK202310105923,130.4
EK202310176082,155.85
EK202310231901,142.1
EK202310117263,142.35
EK202310189853,157.7
EK202310161443,145.25
EK202310245106,160.55
EK202310203080,149.7
EK202310229771,136.25
EK202310178345,140.3
EK202310212555,142.45
EK202310183797,155.35
EK202310247956,131.0
EK202310137158,144.0
EK202310121175,150.1
EK202310142530,131.45
EK202310145622,151.5
EK202310110044,137.7
EK202310141565,140.85
EK202310203553,146.85
EK202310186294,161.85
EK202310232455,142.25
EK202310234707,123.6
EK202310190127,171.3
EK202310116984,119.55
EK202310113225,141.5
EK202310153087,161.8
EK202310162145,124.5
EK202310241242,164.9
EK202310199480,135.45
EK202310133097,166.6
EK202310148951,136.75
EK202310164526,163.2
EK202310157028,144.9
EK202310174361,136.7
EK202310186033,127.5
EK202310218703,132.35
EK202310179140,132.55
EK202310185393,149.7
EK202310109267,139.2
EK202310188479,126.25
EK202310132207,157.35
EK202320007399,161.1
EK202310118229,130.65
EK202310125154,139.2
EK202310140377,146.85
EK202310198868,126.3
EK202310209658,137.3
EK202310241949,153.95
EK202310179752,159.95
EK202310117086,132.3
EK202310166263,149.95
EK202310203482,159.1
EK202310164665,153.55
EK202310168393,159.15
EK202310131582,151.25
EK202310150017,145.9
EK202310150912,142.65
EK202310117341,145.95
EK202310181073,124.75
EK202310172053,158.85
EK202310239963,149.6
EK202310132072,133.8
EK202310192876,141.4
EK202310152121,156.1
EK202310213403,133.2
EK202310239334,129.55
EK202310148570,144.8
EK202310155053,131.55
EK202310132986,130.35
EK202310110729,145.55
EK202310174910,161.4
EK202310187690,150.5
EK202310127998,155.0
EK202310137683,139.8
EK202310108081,130.0
EK202310239262,164.55
EK202310182783,127.45
EK202310204488,148.05
EK202310199126,141.55
EK202310107243,153.35
EK202310105267,143.3
EK202310152097,161.4
EK202310125739,140.2
EK202310170277,158.95
EK202310237606,158.05
EK202310234522,137.05
EK202310161698,126.4
EK202310165822,135.3
EK202310248288,154.2
EK202310136063,147.0
EK202310117203,132.25
EK202310154981,143.0
EK202310232175,141.4
EK202310144896,134.65
EK202310142768,137.5
EK202310160960,126.5
EK202310163131,134.9
EK202310239813,121.05
EK202310144375,132.35
EK202310175307,176.9
EK202310227665,140.35
EK202310132201,139.35
EK202310143654,149.75
EK202310197398,129.65
EK202310247650,125.55
EK202310218583,148.2
EK202310185132,118.85
EK202310166220,150.8
EK202310183470,131.35
EK202310193070,149.3
EK202310127467,133.95
EK202310208200,132.9
EK202310230712,142.65
EK202310137427,139.5
EK202310140112,135.1
EK202310223686,129.8
EK202310176982,154.9
EK202310118244,129.45
EK202310151713,133.9
EK202310212261,136.45
EK202310134611,131.4
EK202310120945,136.55
EK202310151019,148.45
EK202310141095,140.35
EK202310137745,131.1
EK202310225567,138.7
EK202310216872,175.85
EK202310212300,133.2
EK202310225881,145.2
EK202310151821,128.9
EK202310129868,141.05
EK202310156170,170.35
EK202320006992,133.9
EK202310173073,146.9
EK202310240592,144.8
EK202310128981,135.4
EK202310225347,167.2
EK202310107505,144.4
EK202310004769,133.1
EK202310192529,138.75
EK202310205344,159.4
EK202310241518,138.1
EK202310188554,149.9
EK202310185562,165.7
EK202310154855,143.35
EK202310175481,152.75
EK202310157901,132.45
EK202310221152,153.35
EK202310200465,162.45
EK202310183211,135.4
EK202310194651,142.95
EK202310116691,144.4
EK202310219488,138.0
EK202310155631,162.4
EK202310168504,139.75
EK202310199253,134.6
EK202310221668,129.25
EK202310212285,131.15
EK202310172945,149.05
EK202310186658,133.2
EK202310222256,127.9
EK202310224152,140.45
EK202310128793,126.8
EK202310120896,121.7
EK202310120399,153.45
EK202310169743,134.95
EK202310248477,135.25
EK202310116273,135.95
EK202310247694,151.35
EK202310215708,140.6
EK202310236946,139.75
EK202310200762,150.4
EK202310178415,144.8
EK202310144132,165.45
EK202310225926,136.4
EK202310148881,144.2
EK202310177347,162.9
EK202310213539,135.65
EK202310208401,124.5
EK202310238371,129.45
EK202310234534,140.75
EK202310136323,137.5
EK202310135243,139.05
EK202310202317,133.55
EK202310226279,144.85
EK202310203743,130.7
EK202310205749,172.75
EK202310004277,151.2
EK202310113847,119.0
EK202310194210,136.25
EK202310183278,146.55
EK202310145260,139.35
EK202310239730,127.7
EK202310228304,131.4
EK202310152088,159.15
EK202310154058,145.3
EK202310136681,130.45
EK202310117313,139.8
EK202310233274,133.5
EK202310179794,130.8
EK202310135084,178.4
EK202310206633,151.2
EK202310234183,121.7
EK202310143964,140.15
EK202310158947,154.8
EK202310137263,138.25
EK202310203360,171.15
EK202310004905,145.45
EK202310140955,132.25
EK202310214327,174.95
EK202310222556,128.2
EK202310128510,172.3
EK202310119821,151.95
EK202310120108,145.0
EK202310212000,122.4
EK202310105271,144.8
EK202310229500,138.35
EK202310110970,140.15
EK202310105364,146.4
EK202310108637,136.05
EK202310164376,163.75
EK202310230032,149.05
EK202310236376,133.45
EK202310181052,124.95
EK202310203281,139.7
EK202310181885,142.0
EK202310138885,125.2
EK202310121415,147.9
EK202310186231,138.6
EK202310212814,146.7
EK202310233197,135.15
EK202310184928,138.45
EK202310109218,144.85
EK202310189923,148.1
EK202310212951,138.25
EK202310166071,181.0
EK202310151335,127.0
EK202310106930,131.25
EK202310146184,164.95
EK202310178125,139.9
EK202310167170,127.4
EK202310144047,170.0
EK202310161545,153.0
EK202310110114,136.0
EK202310197034,141.35
EK202310125522,130.95
EK202310239777,129.65
EK202310183013,144.3
EK202310201498,152.55
EK202310233357,131.4
EK202310193361,125.6
EK202310160811,155.35
EK202310167037,153.35
EK202310209597,132.95
EK202310196969,185.2
EK202310123103,131.45
EK202310122187,146.35
EK202310197780,185.5
EK202310217861,126.95
EK202310239177,153.8
EK202310184410,151.0
EK202310198476,120.1
EK202310145712,125.5
EK202310125391,142.2
EK202310162973,139.2
EK202320007481,142.05
EK202310211032,143.45
EK202310184725,144.25
EK202310121942,137.55
EK202310146503,141.9
EK202310186497,171.4
EK202310141946,147.1
EK202310188222,158.35
EK202310237766,146.3
EK202310224087,141.6
EK202310245643,145.25
EK202310153868,143.8
EK202310117630,127.35
EK202310150168,137.25
EK202310104804,134.0
EK202310227586,125.7
EK202310226962,167.45
EK202310204684,124.0
EK202310106991,148.45
EK202310219834,147.8
EK202310240450,145.65
EK202310214713,148.45
EK202310153479,129.45
EK202320006589,163.5
EK202310151125,176.3
EK202310170205,137.65
EK202310174684,135.55
EK202310145286,161.95
EK202310174584,136.1
EK202310183058,146.85
EK202310233099,138.2
EK202310144550,165.8
EK202310207112,135.1
EK202310232978,136.1
EK202310115348,137.35
EK202310183741,164.05
EK202310144742,128.35
EK202310178484,156.85
EK202310151424,185.2
EK202310223346,137.85
EK202310138234,149.75
EK202310190044,172.75
EK202310210164,163.55
EK202310175594,157.15
EK202310139802,135.35
EK202310133593,167.0
EK202310236059,128.15
EK202310247892,135.75
EK202310228841,137.2
EK202310142116,134.5
EK202310139752,119.05
EK202310247535,158.8
EK202310204858,137.05
EK202310127198,152.2
EK202310212663,130.1
EK202310133054,128.9
EK202310116254,155.35
EK202310140288,152.85
EK202310242550,133.9
EK202310208841,147.45
EK202310167295,176.6
EK202310109419,129.35
EK202310233386,142.9
EK202310214181,146.05
EK202310180240,148.85
EK202310181535,160.25
EK202310191715,144.9
EK202310157953,174.6
EK202310234893,134.45
EK202310160253,160.2
EK202310141553,149.3
EK202310207337,169.45
EK202310131278,128.0
EK202310178817,175.3
EK202310106002,130.65
EK202310166631,124.4
EK202310107493,142.7
EK202310194394,136.95
EK202310222252,145.05
EK202310247371,133.25
EK202310160792,132.8
EK202310225122,168.05
EK202310214184,171.2
EK202310191751,129.3
EK202310237163,155.1
EK202310225188,132.75
EK202310202616,160.8
EK202310143696,141.85
EK202310132352,127.0
EK202310214086,136.45
EK202310137011,175.5
EK202310248717,139.35
EK202310200235,128.35
EK202310144103,136.2
EK202310111910,141.9
EK202310225339,139.05
EK202310246108,142.75
EK202310180876,142.8
EK202310237122,127.4
EK202310112441,132.95
EK202310179395,125.5
EK202310157137,141.25
EK202310136914,167.05
EK202310127925,133.95
EK202310210485,134.95
EK202310215065,133.7
EK202310113641,157.5
EK202310204283,138.7
EK202310150194,136.85
EK202310118749,133.5
EK202310186678,138.6
EK202310110316,135.75
EK202310190151,136.15
EK202310119041,132.55
EK202310140703,154.55
EK202310236754,139.7
EK202310200936,135.15
EK202310200923,155.45
EK202320005983,137.75
EK202310173120,151.75
EK202310131266,129.6
EK202310182913,144.95
EK202310126468,127.75
EK202310240681,140.35
EK202310163541,148.9
EK202310133063,151.85
EK202310187205,141.7
EK202310176435,136.2
EK202310113625,158.15
EK202310153932,126.05
EK202310216429,154.7
EK202310124022,118.2
EK202310187335,167.5
EK202310227041,155.95
EK202310173817,134.05
EK202310131798,167.35
EK202310225142,128.65
EK202310180166,125.05
EK202310119416,134.3
EK202310200200,125.95
EK202310150439,136.4
EK202310130027,139.6
EK202310179043,150.65
EK202310183695,149.4
EK202310175077,152.1
EK202310112086,128.65
EK202310225730,141.2
EK202310215244,163.0
EK202310191753,150.6
EK202310174965,128.9
EK202310157557,157.55
EK202310159970,156.45
EK202310129081,159.6
EK202310107248,138.75
EK202310180853,141.65
EK202310181698,168.0
EK202310222641,140.9
EK202310189633,158.65
EK202310105178,133.5
EK202310109844,136.95
EK202310239039,146.2
EK202310114472,142.15
EK202310179622,136.5
EK202310115407,143.65
EK202310106728,146.65
EK202310206467,129.15
EK202310169318,139.25
EK202310113553,159.0
EK202310148432,156.45
EK202310224899,144.9
EK202310218411,126.95
EK202310108919,139.1
EK202310175334,124.6
EK202310225062,149.4
EK202310158879,176.45
EK202310226440,126.85
EK202310224115,128.7
EK202310148638,148.3
EK202310233064,162.4
EK202310158419,149.55
EK202310241484,135.45
EK202310163712,139.65
EK202310186217,161.15
EK202310142453,159.15
EK202310137405,128.45
EK202310185670,147.15
EK202310150583,134.1
EK202310227556,132.1
EK202310234889,133.05
EK202310111783,136.7
EK202310127384,148.75
EK202310113072,163.2
EK202310160328,141.95
EK202310188693,176.55
EK202310104466,148.15
EK202310143296,145.45
EK202310212529,156.3
EK202310207081,156.25
EK202310239036,162.65
EK202310114317,129.65
EK202310004599,145.3
EK202310165205,136.35
EK202310162068,176.9
EK202310109742,152.25
EK202310151519,173.95
EK202310164727,131.6
EK202310193975,160.65
EK202310176843,136.65
EK202310238118,138.7
EK202310231683,134.5
EK202310170288,155.15
EK202310233487,128.45
EK202310144532,132.2
EK202310118690,149.35
EK202310236135,156.1
EK202310220057,142.75
EK202310136020,164.85
EK202310120718,121.65
EK202310205363,142.4
EK202310110765,128.5
EK202310130164,161.1
EK202310170195,138.8
EK202310131195,134.7
EK202310197794,175.8
EK202310189698,170.4
EK202310180559,134.55
EK202310193333,191.4
EK202310164974,137.55
EK202310126083,133.15
EK202310189770,143.55
EK202310123085,147.6
EK202310130001,149.2
EK202310141464,142.0
EK202310116699,139.55
EK202310126001,131.85
EK202310153591,145.65
EK202310110843,150.9
EK202310234696,151.3
EK202310218654,136.5
EK202310160361,147.0
EK202310232799,151.65
EK202310172223,141.25
EK202310107432,139.5
EK202310115124,137.05
EK202310240700,150.85
EK202310166544,137.6
EK202310116517,138.1
EK202310209466,122.55
EK202310115034,142.15
EK202320007112,158.5
EK202310155572,121.35
EK202310184647,164.4
EK202310237715,138.35
EK202310140880,134.65
EK202310171935,143.7
EK202310110649,140.7
EK202310235243,141.35
EK202310222984,168.55
EK202310103848,133.55
EK202310200981,138.95
EK202310138670,141.6
EK202310116342,120.95
EK202310148866,150.95
EK202310136555,137.4
EK202310155446,160.7
EK202310147661,153.85
EK202310168674,132.25
EK202310142524,153.8
EK202310248385,134.25
EK202310165956,127.2
EK202310120604,129.6
EK202310158534,141.75
EK202310138524,139.15
EK202310231297,144.8
EK202310231319,143.15
EK202310133278,134.2
EK202310142657,154.4
EK202310114071,127.1
EK202310116075,132.4
EK202310139321,134.5
EK202310232658,139.2
EK202310185531,147.2
EK202310231623,137.5
EK202310183491,141.05
EK202310171783,148.05
EK202310116076,129.5
EK202310200347,153.65
EK202310189649,153.2
EK202310135957,127.1
EK202310245361,147.95
EK202310138713,142.25
EK202310169366,172.4
EK202310246917,158.6
EK202310183943,154.95
EK202310110540,129.0
EK202310170711,125.7
EK202310246548,165.0
EK202310174376,140.3
EK202310180261,132.6
EK202310232346,126.9
EK202310237154,147.1
EK202310171359,164.05
EK202310136595,142.85
EK202310144015,137.65
EK202310209121,147.65
EK202310222216,131.2
EK202310107905,123.0
EK202310188461,118.85
EK202310222800,137.6
EK202310217737,138.0
EK202310218371,141.9
EK202310208739,124.9
EK202310219741,147.85
EK202310211457,132.9
EK202310182740,131.1
EK202310163470,134.9
EK202310245687,146.75
EK202310168480,105.1
EK202310185027,173.55
EK202310194951,140.05
EK202310190588,144.5
EK202310177991,127.95
EK202310162069,132.95
EK202310125865,134.15
EK202310220126,139.0
EK202310158441,141.25
EK202310145659,131.85
EK202310129542,142.45
EK202310151845,134.0
EK202310230263,137.55
EK202310111108,125.95
EK202310171363,166.1
EK202310127866,147.5
EK202310129063,142.45
EK202310144099,131.4
EK202310140594,137.7
EK202310154125,162.2
EK202310131342,126.05
EK202310203912,143.35
EK202310118762,129.4
EK202310131877,165.85
EK202310106187,138.95
EK202310120319,130.85
EK202310209664,142.15
EK202320007072,139.65
EK202310121959,148.4
EK202310153089,140.1
EK202310151971,139.7
EK202310151896,147.1
EK202310135751,127.75
EK202320005711,176.2
EK202310134604,155.15
EK202310130128,150.85
EK202310241667,157.45
EK202310140220,148.55
EK202310190478,153.35
EK202310162552,163.5
EK202310169398,129.55
EK202310110027,138.4
EK202310242977,143.95
EK202310182314,126.8
EK202310147967,165.1
EK202310107549,165.55
EK202310209315,169.75
EK202310216226,133.0
EK202310172171,164.8
EK202310198531,143.2
EK202310108550,130.0
EK202310201297,159.1
EK202310168808,144.0
EK202310212662,130.65
EK202310244470,133.3
EK202310111112,150.45
EK202310212061,143.55
EK202310131027,120.4
EK202310168347,151.25
EK202310138779,177.9
EK202310228854,133.75
EK202310156047,161.1
EK202310209290,105.25
EK202310121347,128.05
EK202310171158,138.6
EK202310233104,160.2
EK202310155615,130.85
EK202310179680,118.5
EK202310125362,135.7
EK202310107378,131.1
EK202310206995,156.75
EK202310205548,133.9
EK202310181487,148.5
EK202310165214,140.4
EK202310243818,136.0
EK202310139297,121.65
EK202310176765,144.9
EK202320006044,140.15
EK202310226154,135.85
EK202310246712,168.3
EK202310190930,147.05
EK202310216412,140.95
EK202310123615,145.05
EK202310155164,126.85
EK202310193422,188.5
EK202310183961,137.6
EK202310181902,141.6
EK202310123760,147.3
EK202310147302,127.6
EK202310210787,142.6
EK202310132847,119.4
EK202310126696,137.8
EK202310232230,130.8
EK202310223850,135.2
EK202310237551,138.1
EK202310188279,128.25
EK202310152561,145.05
EK202310197741,134.15
EK202310241557,139.0
EK202320005587,139.3
EK202310173993,142.3
EK202310139298,160.35
EK202310226418,134.2
EK202310120554,141.25
EK202310210326,130.05
EK202310124646,130.9
EK202310243187,128.75
EK202310111546,138.3
EK202310225889,137.15
EK202310239244,138.25
EK202310226952,120.85
EK202310154546,122.35
EK202310209747,129.6
EK202310208437,143.6
EK202310217996,123.9
EK202310154333,132.4
EK202310199044,151.55
EK202310193652,150.0
EK202310199108,151.5
EK202310138541,128.25
EK202310109275,154.6
EK202310241877,171.15
EK202310247060,139.05
EK202310233675,142.7
EK202310127980,137.25
EK202310216345,125.7
EK202310124692,123.65
EK202310214703,152.4
EK202310125176,163.65
EK202310230402,139.2
EK202310204376,149.15
EK202310003738,133.15
EK202310177361,166.1
EK202310142175,136.25
EK202310121737,119.3
EK202310231332,139.75
EK202310126428,136.1
EK202310208151,141.7
EK202310160932,163.95
EK202310201461,153.65
EK202310190429,133.35
EK202310180683,141.35
EK202310216976,178.6
EK202310125226,140.65
EK202310201559,166.1
EK202310201026,151.0
EK202310241612,133.45
EK202310159055,158.15
EK202310128633,167.3
EK202310241584,142.85
EK202310124066,132.75
EK202310143999,138.15
EK202310127055,129.5
EK202310109477,129.15
EK202310142422,129.35
EK202310170493,145.2
EK202310245660,137.4
EK202310174604,141.15
EK202310145956,133.65
EK202310170744,143.75
EK202310137459,147.7
EK202310205343,139.25
EK202310113624,150.35
EK202310230917,137.35
EK202310131938,125.9
EK202310192653,146.15
EK202310233709,148.2
EK202310125722,149.1
EK202310167315,147.2
EK202310155548,139.3
EK202310143279,129.7
EK202310150075,148.2
EK202310122318,133.4
EK202310126189,150.2
EK202310226757,149.8
EK202310243030,147.15
EK202310130445,157.95
EK202310243191,131.2
EK202310203273,137.55
EK202310188485,133.0
EK202310230409,140.1
EK202310183553,133.5
EK202310220994,138.8
EK202310207037,135.25
EK202310165758,134.3
EK202310106826,131.6
EK202310120683,141.45
EK202310134934,170.05
EK202310165051,130.1
EK202310189221,138.05
EK202310157513,163.0
EK202310190280,173.55
EK202310123034,124.0
EK202310206344,180.25
EK202310135546,145.2
EK202310246417,120.95
EK202310220955,142.45
EK202310109848,139.25
EK202310154849,154.05
EK202310110348,162.7
EK202310167034,157.65
EK202310113223,138.6
EK202310165666,135.15
EK202310235856,165.7
EK202320005842,134.8
EK202310154000,136.1
EK202310142071,158.8
EK202310209033,156.05
EK202310196340,135.3
EK202310216529,156.65
EK202310164553,149.4
EK202310104021,147.2
EK202310239632,139.75
EK202310225277,165.6
EK202310175861,128.9
EK202310129169,146.0
EK202310122145,138.0
EK202310227448,120.9
EK202310177969,144.05
EK202310193062,147.05
EK202310182763,143.35
EK202310235087,152.6
EK202310121651,136.35
EK202310212604,131.1
EK202310226694,122.1
EK202310004579,147.45
EK202310159373,145.8
EK202310177799,139.85
EK202310119324,128.2
EK202310129405,143.25
EK202310237885,138.2
EK202310135421,135.0
EK202310175226,136.25
EK202310173605,159.85
EK202310111658,129.2
EK202310185671,159.9
EK202310196715,127.15
EK202310196589,125.45
EK202310199584,170.9
EK202310143146,129.45
EK202310121051,147.25
EK202310231042,131.3
EK202310194606,146.4
EK202310212236,131.0
EK202310153083,151.85
EK202310141649,144.05
EK202310192808,128.7
EK202310169365,154.4
EK202310189768,161.45
EK202310233720,138.35
EK202310247878,175.3
EK202310178488,151.7
EK202310151955,155.9
EK202310104506,127.1
EK202310205228,143.15
EK202310116841,143.15
EK202310105208,164.25
EK202310168242,150.9
EK202310172150,150.3
EK202310199656,176.8
EK202310202819,138.55
EK202310118069,127.7
EK202310226761,137.65
EK202310158901,120.75
EK202310221031,146.05
EK202310204076,143.95
EK202310146995,150.25
EK202310126768,133.15
EK202310167991,129.3
EK202310142215,132.25
EK202310128249,129.65
EK202310168392,151.95
EK202310241392,133.05
EK202310167654,132.6
EK202310124170,133.7
EK202310211894,124.8
EK202310213128,149.6
EK202310223813,138.55
EK202310106169,156.4
EK202310110167,152.15
EK202310237365,149.6
EK202310153054,151.7
EK202310138889,151.5
EK202310136676,127.1
EK202310177777,124.35
EK202310183311,180.2
EK202310192034,140.65
EK202310161294,129.9
EK202310215386,121.15
EK202310237862,142.4
EK202310124110,127.1
EK202310105757,141.2
EK202310131681,131.25
EK202310122852,128.4
EK202310106485,133.75
EK202310182695,129.3
EK202310238540,136.85
EK202310104101,159.9
EK202310121381,134.35
EK202310200186,131.75
EK202310190609,123.05
EK202310230288,127.8
EK202310166620,157.6
EK202310147442,144.6
EK202310137943,131.2
EK202310208851,139.4
EK202310128623,130.85
EK202310179932,127.3
EK202310191123,129.4
EK202310222467,138.05
EK202310120128,134.5
EK202310143211,126.25
EK202310158431,141.9
EK202310200191,131.25
EK202310121797,123.45
EK202310246836,129.95
EK202310122588,136.7
EK202310212376,131.9
EK202310202020,130.65
EK202310003990,159.3
EK202310195950,151.95
EK202310215709,159.6
EK202310140933,123.15
EK202310135948,133.6
EK202310156397,170.8
EK202310160468,130.05
EK202310181061,185.45
EK202310165217,142.4
EK202310221056,123.05
EK202310168493,120.2
EK202310136547,132.2
EK202310247972,126.3
EK202310167486,136.8
EK202310240744,142.2
EK202310148632,146.95
EK202310199792,136.15
EK202310200958,151.5
EK202310171502,141.35
EK202310164924,142.1
EK202310175724,136.65
EK202310139433,144.45
EK202310217068,174.1
EK202310110561,143.1
EK202310248008,171.9
EK202310157048,155.1
EK202310141117,132.5
EK202310195935,151.75
EK202310168643,130.95
EK202310004252,121.65
EK202310151231,149.3
EK202310221120,123.2
EK202310115802,146.55
EK202310217669,129.75
EK202310179308,134.5
EK202310190511,150.95
EK202310189661,137.3
EK202310218561,131.1
EK202310216544,168.9
EK202310130093,152.25
EK202310227470,142.4
EK202310149720,136.05
EK202310123936,136.3
EK202310185139,144.4
EK202310164969,127.75
EK202310159566,155.6
EK202310153493,132.75
EK202320007009,169.1
EK202310149916,156.25
EK202310195613,135.9
EK202310234039,135.75
EK202310109288,129.5
EK202310212808,130.1
EK202310234197,120.0
EK202310157802,130.95
EK202310207417,128.5
EK202310245686,146.95
EK202310159054,165.15
EK202310183850,127.7
EK202310118502,151.35
EK202310128627,160.25
EK202310220287,132.85
EK202310199273,140.7
EK202310142033,137.1
EK202310229082,128.05
EK202310143807,137.9
EK202310206645,130.55
EK202310211819,131.1
EK202310197690,168.0
EK202310197678,133.3
EK202310234454,129.15
EK202310120882,144.2
EK202310169899,175.65
EK202310202826,139.0
EK202310161402,157.3
EK202310121220,125.35
EK202310125862,132.1
EK202310197968,131.6
EK202310237174,140.0
EK202310134475,152.05
EK202310247308,152.0
EK202320007435,132.3
EK202310164160,123.35
EK202310122449,156.45
EK202310139591,134.95
EK202310141624,142.9
EK202310138255,147.05
EK202310193958,158.0
EK202310222645,130.3
EK202310105689,154.6
EK202310219882,157.8
EK202310178757,176.55
EK202310241650,136.7
EK202310246447,123.2
EK202310217078,149.8
EK202310139978,146.25
EK202310241716,155.15
EK202310133093,138.95
EK202310243929,145.35
EK202310140929,168.85
EK202310191115,138.85
EK202310207003,128.9
EK202310145248,143.25
EK202310239401,142.0
EK202310155225,153.7
EK202310151560,132.2
EK202310177641,140.4
EK202310222696,131.9
EK202310150293,161.3
EK202310195144,144.35
EK202310243924,139.2
EK202310178439,143.3
EK202310195750,148.3
EK202310166551,142.2
EK202310217145,160.25
EK202310240066,146.55
EK202310199715,152.15
EK202310132904,128.2
EK202310154841,157.1
EK202310234469,122.55
EK202310114515,133.75
EK202310117966,133.7
EK202310137867,131.1
EK202310205349,148.1
EK202310112816,149.6
EK202310168065,152.45
EK202310169737,131.75
EK202310148917,143.6
EK202310196463,114.75
EK202310231207,131.05
EK202310128533,128.1
EK202310197226,134.6
EK202310154933,142.75
EK202310117103,143.65
EK202310165309,137.9
EK202310104246,145.9
EK202310105130,128.85
EK202310216979,136.5
EK202310193989,125.65
EK202310147207,152.9
EK202310135301,153.7
EK202310180058,143.85
EK202310150495,144.95
EK202310184503,152.6
EK202310107823,128.45
EK202310241936,130.2
EK202310186182,143.3
EK202310003976,131.9
EK202310156046,134.35
EK202310129628,165.35
EK202310142854,136.4
EK202310241326,169.95
EK202310160722,163.2
EK202310143237,122.75
EK202310107245,157.0
EK202310114305,140.25
EK202310134035,157.45
EK202310199912,136.65
EK202310140410,133.95
EK202310183615,151.9
EK202310147371,154.2
EK202310111631,130.85
EK202310139777,129.6
EK202310176357,136.3
EK202310105349,139.2
EK202310238051,139.2
EK202310123087,131.3
EK202310199824,134.1
EK202310225713,130.75
EK202310156653,145.4
EK202310238527,136.9
EK202310148824,164.1
EK202310186203,149.0
EK202310105194,129.35
EK202310141266,141.85
EK202310126789,159.7
EK202310135067,173.0
EK202310222780,133.35
EK202310191104,138.15
EK202310244171,171.5
EK202310166225,151.95
EK202310217237,146.7
EK202310225459,136.25
EK202310109489,144.55
EK202310167581,152.55
EK202310127053,135.1
EK202310158488,136.85
EK202310134328,149.45
EK202310155326,144.9
EK202310181981,143.45
EK202310237066,146.25
EK202310123955,149.7
EK202310228593,133.6
EK202310190125,155.65
EK202310115548,154.4
EK202310111782,154.65
EK202310243482,148.6
EK202310163452,145.85
EK202310123894,146.7
EK202310154308,132.5
EK202310125766,132.3
EK202310176942,127.75
EK202310127476,143.85
EK202310158246,177.25
EK202310194016,161.3
EK202310227342,147.0
EK202310134667,147.3
EK202310123740,143.2
EK202310105769,149.0
EK202310228947,153.3
EK202310169454,171.75
EK202310104666,118.85
EK202310151168,144.3
EK202310233283,137.6
EK202310172969,140.5
EK202310209511,136.9
EK202310185148,148.15
EK202310181055,148.7
EK202310153153,155.15
EK202310187550,166.2
EK202310107176,136.7
EK202310144598,129.25
EK202310139318,127.7
EK202310160272,166.4
EK202310195091,138.25
EK202310186267,133.2
EK202310204034,145.9
EK202310128110,150.35
EK202310119313,123.45
EK202310157152,131.75
EK202310189194,172.0
EK202310115332,135.5
EK202310213972,135.25
EK202310174634,154.8
EK202310141976,138.2
EK202310217725,125.15
EK202310240779,141.0
EK202310133212,158.85
EK202310198208,154.1
EK202310185889,160.85
EK202310189206,142.65
EK202310177011,147.95
EK202310179732,144.0
EK202310224354,128.2
EK202310163111,137.15
EK202310194747,126.75
EK202310166854,154.45
EK202310242694,121.55
EK202310141362,139.3
EK202310183977,164.3
EK202310179207,127.95
EK202310247546,159.2
EK202310140989,128.35
EK202310196104,142.15
EK202310004793,158.7
EK202310185123,149.5
EK202310160604,157.95
EK202320005906,166.65
EK202310216868,143.3
EK202310164383,153.9
EK202310135531,146.0
EK202310225232,130.25
EK202310152968,124.95
EK202310193329,180.9
EK202310208494,125.3
EK202310120865,122.3
EK202310160731,146.75
EK202310143803,164.8
EK202310216607,137.25
EK202310183415,153.4
EK202310200013,126.0
EK202310104115,167.5
EK202310133379,156.6
EK202310131060,170.25
EK202310149753,145.25
EK202310148087,137.45
EK202310172156,174.5
EK202310118569,133.65
EK202310204670,135.8
EK202310234858,136.85
EK202310203722,121.8
EK202310232168,138.5
EK202310213536,129.45
EK202310113341,135.3
EK202310134517,141.35
EK202310175096,142.5
EK202310118503,129.85
EK202310206791,137.8
EK202310133225,133.35
EK202310139427,142.8
EK202310242973,133.95
EK202310230311,133.45
EK202310192098,138.85
EK202310139654,161.55
EK202310104039,150.15
EK202310218808,145.5
EK202310112932,141.45
EK202310139942,132.05
EK202310155659,148.25
EK202310225247,163.75
EK202310126309,139.15
EK202310132111,154.55
EK202310242286,159.15
EK202310123840,134.65
EK202310210407,138.55
EK202310144692,158.1
EK202310132665,152.35
EK202310142951,159.95
EK202310239672,139.65
EK202310228540,140.7
EK202310134450,123.95
EK202310202201,146.5
EK202310237145,132.7
EK202310248506,130.65
EK202310181213,151.9
EK202310197495,150.4
EK202320006060,156.8
EK202310240535,146.6
EK202310238367,141.95
EK202310105848,125.5
EK202310153010,137.3
EK202310245093,146.95
EK202310133381,131.8
EK202310132940,134.75
EK202320007659,148.6
EK202310125644,134.95
EK202310141453,133.45
EK202310217985,127.35
EK202310105477,144.8
EK202320005870,145.45
EK202310148401,155.6
EK202310218056,128.2
EK202310104777,140.2
EK202310136506,127.9
EK202310243986,133.0
EK202310217742,132.75
EK202310149440,141.35
EK202310176195,129.25
EK202310147405,131.95
EK202310210916,123.45
EK202310136871,144.55
EK202310204028,133.5
EK202310236173,139.7
EK202310144792,128.45
EK202310199783,138.8
EK202310115630,127.5
EK202310171734,145.5
EK202310219359,134.6
EK202310136081,183.35
EK202310238195,136.65
EK202310168013,152.0
EK202310171083,152.35
EK202310211010,138.5
EK202310212579,137.05
EK202310129157,143.35
EK202310123465,134.85
EK202310192944,143.05
EK202310104057,147.45
EK202310140551,149.1
EK202310243448,145.6
EK202310238701,140.45
EK202310243934,133.25
EK202310225403,148.25
EK202310194134,144.15
EK202310223407,132.15
EK202310164382,137.1
EK202310136103,175.05
EK202310208188,149.85
EK202310145816,143.3
EK202310214812,143.4
EK202310202835,136.55
EK202310125645,145.6
EK202310121206,136.35
EK202320006076,127.8
EK202310184640,175.0
EK202310141217,145.0
EK202310150527,124.1
EK202310125769,129.8
EK202310197697,161.4
EK202310206446,149.45
EK202310151327,140.1
EK202310175105,144.65
EK202310139134,151.3
EK202310119006,138.45
EK202310109789,160.0
EK202310205096,131.4
EK202310118587,141.1
EK202310171349,161.5
EK202310212106,137.95
EK202310191242,137.1
EK202310200352,145.35
EK202310128949,132.4
EK202310122161,141.35
EK202310201553,150.8
EK202310139788,134.2
EK202310244144,129.5
EK202310003717,174.05
EK202310130693,134.15
EK202310183999,170.8
EK202310172800,141.1
EK202310161242,168.2
EK202310146441,137.6
EK202310117631,135.5
EK202310212373,136.3
EK202310113819,134.85
EK202310210848,121.45
EK202310158047,132.45
EK202310144950,149.45
EK202310229677,139.35
EK202310128529,142.4
EK202310224957,164.45
EK202310111880,145.15
EK202310104750,140.45
EK202310230949,134.25
EK202310123557,159.1
EK202310235606,135.25
EK202310198394,131.1
EK202310161777,145.25
EK202310134912,144.5
EK202310118238,127.45
EK202310154314,146.3
EK202310195062,136.6
EK202310144785,146.65
EK202310225938,131.7
EK202310145864,129.3
EK202310219409,136.85
EK202310140726,154.95
EK202310132055,127.3
EK202310176826,132.0
EK202310136603,148.6
EK202310131597,133.2
EK202310246396,155.75
EK202310238453,139.15
EK202310210356,142.95
EK202310238874,166.75
EK202310243980,160.85
EK202310130204,161.6
EK202310232972,149.2
EK202310132480,165.9
EK202310123064,162.95
EK202310116125,136.9
EK202310216605,153.1
EK202310135031,160.05
EK202310119678,153.55
EK202310156982,163.75
EK202310181434,157.0
EK202310160699,153.15
EK202310206737,137.6
EK202310179993,132.75
EK202310141387,141.8
EK202310210766,140.15
EK202310109069,146.9
EK202310183082,159.45
EK202310184893,137.7
EK202310246516,124.65
EK202310229143,141.5
EK202310131062,162.1
EK202310185681,148.2
EK202310185540,147.2
EK202310114449,161.85
EK202310165928,150.9
EK202310107191,148.25
EK202310228437,140.95
EK202310143843,156.2
EK202310180377,176.15
EK202310241530,133.05
EK202310162708,162.15
EK202310138305,161.05
EK202310103875,138.8
EK202310125471,133.25
EK202310152377,127.5
EK202310113683,156.3
EK202310181927,179.95
EK202310176699,159.7
EK202310179246,122.0
EK202310218837,130.6
EK202310156548,160.85
EK202310169871,137.9
EK202310183587,189.8
EK202310223255,141.3
EK202310174418,147.55
EK202320007116,141.35
EK202310224284,150.7
EK202310174549,147.1
EK202310161579,147.15
EK202310147194,155.1
EK202310112625,119.45
EK202310142795,148.65
EK202310187355,131.9
EK202310166085,176.7
EK202310173662,154.8
EK202310179128,142.55
EK202310178324,150.15
EK202310141982,122.95
EK202310200610,151.55
EK202310116989,133.4
EK202310148385,181.6
EK202310003411,128.5
EK202310247578,134.3
EK202310244685,171.25
EK202310129901,162.4
EK202310200914,151.8
EK202310129257,128.75
EK202310240699,138.45
EK202310216215,134.15
EK202310156174,139.1
EK202310221194,138.2
EK202310103999,159.95
EK202310192191,134.3
EK202310140596,126.15
EK202310143276,145.75
EK202310234844,146.25
EK202310187581,143.9
EK202310140028,172.5
EK202310246026,132.3
EK202310227430,161.45
EK202310132042,144.6
EK202310177593,152.15
EK202310141118,149.65
EK202310247138,140.9
EK202310130201,159.65
EK202310131399,126.65
EK202310175507,138.2
EK202310216063,152.9
EK202310247001,141.35
EK202310003515,128.95
EK202310174264,135.7
EK202310169815,141.95
EK202310110931,148.2
EK202310116115,142.4
EK202310124245,137.25
EK202310201777,150.9
EK202310166287,147.25
EK202310212681,141.8
EK202320006340,124.55
EK202310155270,143.65
EK202310115765,136.2
EK202310179416,129.25
EK202310115011,134.1
EK202310159851,164.25
EK202310185875,138.6
EK202310195751,133.3
EK202310212496,133.5
EK202310134077,127.5
EK202310125764,121.7
EK202310219281,133.35
EK202310138192,126.45
EK202310227717,128.1
EK202310178143,142.0
EK202310137761,140.1
EK202310239906,136.7
EK202310190459,151.45
EK202310115727,130.6
EK202310244833,130.75
EK202310107229,107.05
EK202310224274,170.2
EK202310194396,154.25
EK202310134831,141.55
EK202320007479,149.3
EK202310170018,143.0
EK202310177337,169.3
EK202310119476,133.25
EK202310213475,144.7
EK202310206650,140.3
EK202310231785,133.45
EK202310222833,161.45
EK202310187301,128.9
EK202310111784,135.9
EK202310227788,134.8
EK202310150141,136.95
EK202310161536,144.0
EK202310137661,136.9
EK202310226163,131.3
EK202310223040,129.8
EK202310111512,147.7
EK202310211220,142.85
EK202310122194,132.05
EK202310182104,143.85
EK202310179334,170.85
EK202310179331,171.7
EK202310145350,127.65
EK202310201986,127.75
EK202310196946,134.55
EK202310217855,128.5
EK202310236350,133.9
EK202310229165,129.15
EK202310171617,138.2
EK202310115459,116.65
EK202310196848,141.3
EK202310127398,142.15
EK202310205390,152.55
EK202310142325,144.45
EK202310196201,162.95
EK202310238646,147.25
EK202310230272,169.05
EK202310241132,145.1
EK202310212259,146.35
EK202310228514,140.2
EK202310238485,132.4
EK202310158861,143.2
EK202310227360,127.45
EK202310136436,128.35
EK202310231528,126.35
EK202310221158,147.2
EK202310211507,151.7
EK202310190845,144.25
EK202310157714,168.8
EK202310135990,140.5
EK202310164365,133.55
EK202310153926,158.45
EK202310150008,139.35
EK202310141032,145.15
EK202310193812,184.95
EK202310137931,138.85
EK202310156495,166.1
EK202310122480,131.85
EK202310216486,141.1
EK202310222820,172.3
EK202310111196,153.8
EK202310150248,134.75
EK202310136916,146.25
EK202310107139,112.55
EK202310181412,162.85
EK202310206211,133.5
EK202310109768,144.1
EK202310206447,172.7
EK202310211977,136.45
EK202310235013,133.7
EK202320007348,138.55
EK202310128131,145.5
EK202310107501,155.9
EK202310247682,141.5
EK202310227429,164.4
EK202310204611,145.25
EK202310133183,129.25
EK202310218119,129.35
EK202310183206,134.95
EK202310232942,121.9
EK202310205411,138.45
EK202310166033,173.6
EK202310134596,182.4
EK202310136873,176.75
EK202310203514,135.65
EK202310126038,136.25
EK202310191150,155.4
EK202310129389,137.65
EK202310222819,174.15
EK202310152891,168.25
EK202310157272,147.1
EK202310135873,156.15
EK202310197559,182.3
EK202310169845,158.2
EK202310165585,160.05
EK202310159036,131.9
EK202320007295,170.6
EK202310133662,150.15
EK202310189827,145.0
EK202310148841,159.4
EK202310146896,133.6
EK202310235090,142.55
EK202310119567,135.2
EK202310172433,173.65
EK202310247849,179.2
EK202310207306,133.65
EK202310183094,134.4
EK202310216955,157.6
EK202310192760,160.35
EK202310164280,135.7
EK202310203989,162.6
EK202310239786,132.2
EK202310105979,147.7
EK202310003640,147.9
EK202310240750,134.45
EK202310179109,140.7
EK202310150944,145.5
EK202310201413,155.3
EK202320007436,135.2
EK202310113726,155.85
EK202310122262,125.0
EK202310224480,138.1
EK202310194020,134.8
EK202310183018,151.4
EK202310181414,168.05
EK202310113303,129.7
EK202310108976,142.15
EK202310160184,154.45
EK202310210774,130.0
EK202310161905,162.0
EK202310142271,128.05
EK202310172860,139.15
EK202310145464,132.0
EK202310004728,140.1
EK202310166310,143.5
EK202310105822,131.8
EK202310147953,151.9
EK202310108291,165.4
EK202310240186,151.15
EK202310136365,143.45
EK202310221390,145.65
EK202310229925,116.05
EK202310141278,142.25
EK202310246624,154.6
EK202310220360,131.5
EK202310224653,134.65
EK202310160368,137.2
EK202310126911,141.55
EK202310222925,162.85
EK202310200594,143.05
EK202310150819,134.0
EK202310129913,149.35
EK202310187155,167.8
EK202310221177,146.35
EK202310117855,134.8
EK202310114109,138.45
EK202310212056,136.55
EK202310235416,129.2
EK202310119909,148.55
EK202310234670,138.05
EK202310191663,160.25
EK202310157791,128.1
EK202310232045,140.0
EK202310177127,133.4
EK202310175989,154.45
EK202310127307,154.15
EK202310105741,152.8
EK202310174633,132.05
EK202310114332,129.35
EK202310176623,132.55
EK202310157384,141.85
EK202310230266,140.4
EK202310178822,152.1
EK202310174964,140.1
EK202310149670,137.4
EK202310189731,138.35
EK202310134729,164.75
EK202310198042,130.4
EK202310231499,121.0
EK202310155095,135.9
EK202310180485,143.3
EK202310198871,126.65
EK202310004386,139.4
EK202310165308,127.7
EK202310131429,131.75
EK202310141545,157.45
EK202310184517,139.85
EK202310199293,127.15
EK202310152428,152.85
EK202310148889,170.05
EK202310187273,147.55
EK202310179239,179.2
EK202310235514,152.9
EK202310169287,144.0
EK202310240454,170.8
EK202310206328,160.7
EK202310108495,148.65
EK202310213966,132.75
EK202310196327,133.25
EK202310167665,172.1
EK202310171391,157.6
EK202310183683,134.15
EK202310157793,133.4
EK202310156197,147.95
EK202310198098,145.3
EK202310146704,133.7
EK202310218935,133.65
EK202320007401,155.85
EK202310137190,158.35
EK202310154815,134.6
EK202310126612,131.95
EK202310120357,152.65
EK202310165826,144.0
EK202310214388,160.9
EK202310204549,149.9
EK202310209491,159.5
EK202310208295,148.05
EK202310196248,132.55
EK202310242787,147.3
EK202310225423,169.5
EK202310110863,131.05
EK202310117182,137.75
EK202310217191,142.2
EK202310193055,145.1
EK202310212058,140.5
EK202310103911,138.3
EK202310213355,124.75
EK202310175342,162.2
EK202310237346,127.75
EK202310186492,156.55
EK202310147951,146.0
EK202310191447,132.8
EK202310215972,144.55
EK202310199031,139.65
EK202310152507,138.6
EK202310143892,124.25
EK202310129112,171.65
EK202310152184,134.6
EK202310227166,134.15
EK202310182576,137.05
EK202310004383,147.45
EK202320005865,182.1
EK202310199455,138.15
EK202310230815,134.75
EK202310209305,139.8
EK202310138624,142.65
EK202310126039,137.0
EK202310131814,136.1
EK202310184163,148.45
EK202310118608,117.8
EK202310227117,127.75
EK202310152007,131.2
EK202310229187,128.3
EK202310139035,167.6
EK202310175328,145.7
EK202310159155,134.75
EK202310239122,111.3
EK202310167140,153.6
EK202310186155,163.1
EK202310193982,131.05
EK202310138270,140.1
EK202310117049,152.6
EK202310142284,131.15
EK202310164426,140.3
EK202310176396,146.35
EK202310201189,184.6
EK202310004591,131.9
EK202320005991,148.7
EK202310231608,128.05
EK202310136139,144.2
EK202310113238,150.1
EK202310158141,170.75
EK202310126316,141.9
EK202310123281,158.35
EK202310167569,152.1
EK202310174151,141.95
EK202310116527,139.85
EK202310193916,139.35
EK202310227923,137.75
EK202310240783,137.35
EK202310143752,128.6
EK202310106162,139.6
EK202310107199,150.85
EK202310213671,135.75
EK202310208384,137.9
EK202310196006,171.05
EK202310134465,170.05
EK202310151047,132.45
EK202310124565,137.25
EK202310183135,142.5
EK202310213685,134.75
EK202310143407,154.8
EK202310210115,171.7
EK202310110851,166.7
EK202310229392,146.5
EK202310204386,128.95
EK202310235968,157.55
EK202310199913,135.95
EK202310138545,142.6
EK202310116537,138.85
EK202310134658,152.85
EK202310224022,153.35
EK202310234186,120.7
EK202310163888,150.7
EK202310212249,126.55
EK202310140225,145.2
EK202310140896,143.4
EK202310186538,147.55
EK202310136216,149.75
EK202310108888,143.8
EK202310182062,169.95
EK202310163277,156.5
EK202310107567,123.0
EK202310120960,157.25
EK202310180719,127.75
EK202310131600,141.35
EK202310177372,154.45
EK202310126121,155.9
EK202310162878,139.4
EK202310201167,180.95
EK202310160968,144.9
EK202310197271,133.25
EK202310181868,147.3
EK202310151314,143.0
EK202310164572,156.2
EK202310205777,148.6
EK202310138104,131.25
EK202310167840,140.1
EK202310226831,149.55
EK202310147830,156.85
EK202310197709,129.1
EK202310213022,152.3
EK202310193283,133.0
EK202310205081,136.2
EK202310122178,148.05
EK202320006555,168.1
EK202310237774,145.05
EK202310124965,144.65
EK202310186156,134.25
EK202310117980,130.85
EK202310125951,150.95
EK202310151873,131.65
EK202310207092,122.4
EK202310117489,151.05
EK202310216348,166.4
EK202310220010,139.85
EK202310214618,162.75
EK202310206863,137.1
EK202310109000,142.1
EK202310188574,173.95
EK202310165717,175.45
EK202310128017,142.2
EK202310165060,138.45
EK202310200674,142.5
EK202310221350,150.45
EK202310235065,140.4
EK202310163335,158.2
EK202310120881,136.95
EK202310137678,138.75
EK202310128015,130.05
EK202310234830,136.2
EK202310167377,139.5
EK202310164502,163.65
EK202310127391,164.95
EK202310179523,150.85
EK202310223246,128.95
EK202310108837,135.4
EK202310200232,137.05
EK202310204659,147.2
EK202310189046,145.85
EK202310137247,140.6
EK202310132734,140.05
EK202310136878,143.0
EK202310236360,134.05
EK202310228358,126.05
EK202310134060,147.2
EK202310165565,125.1
EK202310226873,151.25
EK202310189864,142.95
EK202310119822,152.7
EK202310139438,144.25
EK202310190768,159.4
EK202310165094,151.5
EK202310138047,131.1
EK202310166258,143.9
EK202310229510,149.55
EK202310226767,142.95
EK202310141133,141.5
EK202310109811,141.1
EK202310150474,186.1
EK202310179190,134.15
EK202310196236,133.1
EK202310209246,149.8
EK202310197990,150.75
EK202310207124,129.65
EK202310212257,129.5
EK202310108488,138.05
EK202310103709,129.2
EK202310232504,131.65
EK202310134238,149.75
EK202310123117,128.6
EK202310121605,157.45
EK202310173315,138.0
EK202310121739,129.0
EK202310208354,149.65
EK202310161392,166.4
EK202310234724,131.7
EK202310111484,136.7
EK202310187014,147.65
EK202310104426,137.65
EK202310145898,145.45
EK202320006067,173.45
EK202310188463,164.4
EK202310140762,127.95
EK202310218714,155.1
EK202310243661,143.35
EK202310177326,145.45
EK202310234236,138.75
EK202310227958,146.4
EK202310118900,132.5
EK202310165267,158.7
EK202310230827,139.95
EK202310171222,134.9
EK202310162860,152.0
EK202310235544,155.45
EK202310161220,170.95
EK202310121708,165.35
EK202310179835,136.85
EK202310239604,138.3
EK202310219818,127.75
EK202310161568,142.85
EK202310160061,165.85
EK202310110380,149.3
EK202310246413,119.9
EK202310235850,136.4
EK202310165684,136.75
EK202310104090,138.45
EK202310243966,130.15
EK202310228270,147.15
EK202310110387,161.2
EK202310152984,140.6
EK202310223888,127.05
EK202310204934,140.65
EK202310162381,165.35
EK202310197868,133.9
EK202310107186,109.2
EK202310163263,134.9
EK202310198200,143.85
EK202310211345,133.75
EK202310226051,145.8
EK202310123297,154.4
EK202310140795,131.5
EK202310207289,123.95
EK202310225168,132.5
EK202310183349,128.7
EK202310105114,127.55
EK202310176080,148.25
EK202310179405,139.8
EK202310190274,145.35
EK202310132186,134.7
EK202310146444,144.15
EK202310225702,130.65
EK202310218239,141.5
EK202310147577,125.75
EK202310183811,176.1
EK202310162937,152.35
EK202310157881,152.45
EK202310207952,137.95
EK202310141225,137.85
EK202310193030,146.95
EK202310122847,132.45
EK202310165669,134.4
EK202310114924,139.1
EK202310218309,147.75
EK202310208489,151.8
EK202310179997,135.75
EK202310147027,147.4
EK202310004319,114.75
EK202310175632,128.75
EK202310189340,174.45
EK202310177526,151.3
EK202310207611,157.35
EK202310194660,153.1
EK202310229979,177.6
EK202310240147,181.05
EK202310211637,137.3
EK202310149224,131.2
EK202310177662,143.65
EK202310179984,165.25
EK202310228864,156.15
EK202310180524,165.7
EK202310229356,177.05
EK202310149225,130.2
EK202310188850,163.05
EK202310237876,140.95
EK202310219004,130.4
EK202310125299,135.75
EK202310156188,139.0
EK202310238230,138.45
EK202310187694,141.0
EK202310158043,159.1
EK202310214647,152.0
EK202310221207,122.5
EK202310173575,168.7
EK202310113008,147.4
EK202310239053,144.15
EK202310104640,137.2
EK202310241514,136.95
EK202310004700,155.85
EK202310162482,137.85
EK202310119906,153.55
EK202310153205,155.15
EK202310114919,140.05
EK202310235152,136.85
EK202310203791,133.1
EK202310123842,158.0
EK202310141447,139.9
EK202310192629,143.4
EK202310244491,154.0
EK202310216050,131.5
EK202320007061,128.5
EK202310217253,149.6
EK202310187351,165.2
EK202310247064,134.0
EK202310215396,135.1
EK202310109791,152.9
EK202310238972,150.2
EK202310210241,126.05
EK202310138585,154.25
EK202310215255,126.75
EK202310181801,163.2
EK202310124314,138.85
EK202310175289,169.9
EK202310198498,132.95
EK202310154216,169.3
EK202310226242,154.15
EK202310127354,135.0
EK202310179264,153.0
EK202310139507,167.95
EK202310129883,137.95
EK202310232951,140.35
EK202310233288,145.5
EK202310121403,147.65
EK202310158908,150.8
EK202310147431,141.9
EK202310138917,145.2
EK202310149611,148.25
EK202310221612,150.95
EK202310143554,123.85
EK202310172722,135.65
EK202310199773,152.55
EK202310127375,144.05
EK202310225978,130.7
EK202310227248,147.6
EK202310116384,153.5
EK202310180690,172.3
EK202310122858,125.5
EK202310226310,135.7
EK202310195569,161.9
EK202310198823,135.85
EK202310121439,168.2
EK202310161947,145.4
EK202310232604,137.45
EK202310149617,149.95
EK202310146783,138.55
EK202310176164,142.85
EK202310135912,125.9
EK202310229257,162.55
EK202310235094,134.85
EK202310118246,147.45
EK202310185828,149.7
EK202310106494,138.55
EK202310146544,135.75
EK202310227579,132.1
EK202310248311,123.5
EK202310204884,145.7
EK202310117059,140.05
EK202310231772,136.9
EK202310139447,109.2
EK202310189968,172.6
EK202310185749,151.2
EK202310110703,127.3
EK202310237233,129.15
EK202310240881,136.65
EK202310125013,153.65
EK202310128536,128.1
EK202310153537,163.35
EK202310190471,156.95
EK202310151841,147.8
EK202310202685,128.1
EK202310105765,146.1
EK202310136470,128.25
EK202310202012,131.6
EK202310125711,154.6
EK202310157673,133.85
EK202310164027,136.8
EK202310151517,176.25
EK202310180147,132.4
EK202310198373,159.95
EK202310204349,152.95
EK202310219251,134.05
EK202310172594,141.0
EK202310179118,135.1
EK202310150133,134.7
EK202310165331,138.85
EK202310163772,127.6
EK202310126377,133.6
EK202310145984,143.35
EK202310246976,138.9
EK202310113703,158.95
EK202310232392,146.95
EK202310236403,128.45
EK202310139475,143.75
EK202310192609,146.8
EK202310224294,169.6
EK202310152213,151.0
EK202310108540,141.05
EK202310210085,157.6
EK202310226804,132.85
EK202310137397,151.35
EK202310117951,129.05
EK202310193300,150.55
EK202310106304,134.95
EK202310129954,148.1
EK202310215057,166.8
EK202310139115,131.9
EK202310212736,158.75
EK202310135023,157.05
EK202310139581,154.0
EK202310199274,146.05
EK202310211965,135.95
EK202310246061,137.9
EK202310203442,136.7
EK202310181526,167.5
EK202310193412,150.05
EK202310139031,116.0
EK202310221231,128.75
EK202310134998,177.95
EK202310141687,168.95
EK202310197304,139.8
EK202310201782,143.0
EK202310135431,173.3
EK202310208259,124.65
EK202310161380,120.2
EK202310186230,137.85
EK202310152403,129.7
EK202310116913,120.65
EK202310244061,134.9
EK202310135475,176.95
EK202310165270,143.25
EK202310138939,134.95
EK202310141892,131.85
EK202310124993,136.75
EK202310170388,135.9
EK202310157255,129.55
EK202310133503,144.65
EK202310175284,124.75
EK202310241462,157.55
EK202310154232,125.0
EK202310163615,168.5
EK202310197907,167.6
EK202310186389,122.85
EK202310245749,131.75
EK202310219676,137.9
EK202310190121,171.05
EK202310209264,134.2
EK202310210983,127.2
EK202310187936,143.15
EK202310133895,127.7
EK202310186472,150.45
EK202310206380,143.6
EK202310193643,146.0
EK202310225084,136.5
EK202310220518,138.35
EK202310169406,147.15
EK202310237549,136.95
EK202310109909,173.7
EK202310212592,134.0
EK202310179751,140.25
EK202310112820,130.8
EK202310195293,131.4
EK202310236702,140.35
EK202310145993,140.1
EK202310222902,129.65
EK202310189301,178.05
EK202310205807,153.45
EK202310163101,150.2
EK202310203688,129.65
EK202310174439,176.55
EK202310156353,166.4
EK202310162723,150.65
EK202310212065,127.65
EK202310004255,131.9
EK202310222006,141.05
EK202310194790,132.15
EK202310106043,135.6
EK202310242730,151.45
EK202310242586,129.55
EK202310176604,147.4
EK202310109635,151.7
EK202310216117,134.9
EK202310116981,142.7
EK202310221657,138.85
EK202310144341,140.1
EK202310228428,138.8
EK202310146265,146.9
EK202310209443,151.6
EK202310218588,143.35
EK202310108618,144.4
EK202310121760,133.75
EK202310107369,133.3
EK202310115437,144.55
EK202310187394,154.9
EK202310165757,137.8
EK202310195111,160.75
EK202310188262,169.15
EK202310124663,133.75
EK202310143110,122.85
EK202310211384,156.75
EK202310118553,148.95
EK202310149358,149.8
EK202310164859,147.25
EK202310207799,139.15
EK202310172115,135.6
EK202310215359,149.2
EK202310161036,138.45
EK202310223447,133.5
EK202310181639,132.5
EK202310204435,145.7
EK202310104184,148.1
EK202310160295,152.8
EK202310192033,139.2
EK202310168110,144.15
EK202310189097,151.0
EK202310167385,134.0
EK202310109968,163.15
EK202310198949,153.75
EK202310197617,179.35
EK202310108360,122.8
EK202310159270,141.15
EK202310145269,154.4
EK202310188812,134.05
EK202310125988,139.6
EK202310112939,144.35
EK202310247895,136.0
EK202310131311,121.75
EK202310183854,152.7
EK202310219712,132.9
EK202310160911,172.4
EK202310231162,142.45
EK202310135041,169.25
EK202310212037,142.25
EK202310226698,130.05
EK202310134750,126.2
EK202310148234,129.95
EK202310174532,161.55
EK202310109167,121.8
EK202310197750,167.8
EK202310164476,137.5
EK202310233270,148.1
EK202310135322,153.0
EK202310209231,139.0
EK202310202820,133.55
EK202310174302,133.15
EK202310125602,137.0
EK202310158386,128.2
EK202310242062,125.3
EK202310141111,139.55
EK202310136233,155.15
EK202310236818,138.35
EK202310184555,149.95
EK202310198830,141.95
EK202310151478,177.3
EK202310231437,124.8
EK202310150468,138.15
EK202310241943,130.2
EK202310231053,135.25
EK202310154428,138.25
EK202310192603,157.25
EK202310161912,166.0
EK202310130902,135.95
EK202310183672,155.25
EK202310227046,160.35
EK202310166255,136.65
EK202310137864,114.55
EK202310116959,139.75
EK202310238412,137.4
EK202310171649,148.7
EK202310193766,130.35
EK202310123847,171.85
EK202310146498,143.75
EK202310239626,137.5
EK202310195302,135.15
EK202310212103,128.45
EK202310192877,142.25
EK202310111009,138.85
EK202310136743,136.5
EK202310195641,132.3
EK202310227516,149.8
EK202310115577,144.3
EK202310215165,134.4
EK202310138284,158.3
EK202310126665,131.5
EK202310239150,130.45
EK202310203149,166.1
EK202310193960,120.25
EK202310171451,133.2
EK202310121337,128.85
EK202310117375,134.45
EK202310220920,145.1
EK202310115368,139.6
EK202310156865,162.25
EK202310185189,160.3
EK202310122055,132.2
EK202310215356,161.8
EK202310147958,150.5
EK202310121750,126.0
EK202310173060,141.3
EK202310163776,127.15
EK202310220192,137.1
EK202310218549,148.5
EK202310157001,171.45
EK202310225119,122.3
EK202310204051,144.9
EK202310122949,134.4
EK202310121503,139.05
EK202310131147,148.9
EK202310108909,152.8
EK202310151114,137.85
EK202310233392,141.95
EK202320007141,138.75
EK202310164522,148.9
EK202310177297,149.6
EK202310210546,144.7
EK202310184589,145.4
EK202310212117,139.0
EK202310133272,133.2
EK202310205158,146.25
EK202310174636,145.75
EK202310140946,135.35
EK202310117042,138.65
EK202310134320,144.25
EK202310229429,137.2
EK202310106153,140.55
EK202310247761,180.0
EK202310227271,130.75
EK202310239428,120.75
EK202310215784,127.85
EK202310210318,127.5
EK202310141900,123.85
EK202310184802,187.5
EK202310165235,142.35
EK202310171404,125.55
EK202310210573,156.75
EK202310210122,149.65
EK202310150189,125.8
EK202310156048,156.25
EK202310172500,166.95
EK202310132244,129.4
EK202310245342,143.5
EK202310139313,129.35
EK202310207856,136.0
EK202310116311,119.65
EK202310208589,152.75
EK202310136325,131.55
EK202310248759,127.4
EK202310198653,130.6
EK202310195491,154.35
EK202310103816,134.4
EK202310207373,153.0
EK202310227064,137.65
EK202310138546,144.1
EK202310205952,128.15
EK202310212677,158.25
EK202310228148,134.7
EK202310107729,143.25
EK202310211277,142.9
EK202310195545,150.8
EK202310116564,154.25
EK202310184823,145.8
EK202310170543,153.4
EK202310193619,128.3
EK202310239035,179.1
EK202310133171,131.45
EK202310227136,140.15
EK202310142625,131.0
EK202310244169,131.9
EK202310246581,107.95
EK202310165380,160.8
EK202310193395,128.4
EK202310109332,150.75
EK202310163291,156.0
EK202310124290,134.05
EK202310215739,134.75
EK202310241146,139.1
EK202310124580,138.6
EK202310211475,127.55
EK202310004503,149.95
EK202310143151,125.9
EK202310136531,145.65
EK202310119568,139.45
EK202310107515,133.85
EK202310189886,152.8
EK202310124398,138.8
EK202310125848,140.2
EK202310211088,133.0
EK202310156421,157.4
EK202310157177,150.3
EK202310211323,139.9
EK202310202592,142.85
EK202310194894,131.5
EK202310215071,151.1
EK202310202956,150.05
EK202310234488,143.45
EK202310187089,132.8
EK202310227517,140.55
EK202310170551,157.65
EK202310189993,154.3
EK202310149202,134.6
EK202310229780,130.4
EK202310245465,139.1
EK202310218891,139.75
EK202310124812,176.4
EK202310208935,141.7
EK202310140658,129.35
EK202310183874,155.75
EK202310107413,115.5
EK202310194042,141.35
EK202310157446,143.9
EK202310199004,135.95
EK202310135601,124.45
EK202310201970,156.45
EK202310139356,122.35
EK202310134175,150.6
EK202310108539,142.4
EK202310177643,131.9
EK202310103821,130.05
EK202310206740,174.4
EK202310131433,145.45
EK202310204350,136.0
EK202310225071,133.2
EK202310211718,132.75
EK202310131849,134.2
EK202310153172,145.9
EK202310132642,143.75
EK202310112845,134.6
EK202310177008,157.05
EK202310130444,156.25
EK202310147078,154.05
EK202310208564,148.95
EK202310194298,145.7
EK202310228548,135.85
EK202310187217,140.75
EK202310171794,136.3
EK202310174423,144.7
EK202310186521,143.25
EK202310189274,175.8
EK202310128594,129.25
EK202310213657,126.3
EK202310136140,117.45
EK202310144986,140.0
EK202310117312,163.5
EK202310165610,167.15
EK202310130595,146.25
EK202310004575,131.45
EK202310119145,143.5
EK202310179788,131.15
EK202310247106,145.45
EK202310118131,134.7
EK202310144354,130.2
EK202310192108,137.35
EK202310169582,133.5
EK202310227386,136.65
EK202310174182,139.05
EK202310222783,133.05
EK202310178639,142.3
EK202310245259,127.55
EK202310167257,148.1
EK202310162914,132.55
EK202310004463,151.6
EK202310207893,163.5
EK202310148230,136.35
EK202310116055,125.8
EK202310224157,170.25
EK202310114888,130.95
EK202310195337,176.05
EK202310216934,159.9
EK202310216677,170.05
EK202310188580,134.3
EK202310219727,140.8
EK202310166001,131.7
EK202310229705,144.0
EK202310209871,128.5
EK202310196361,130.8
EK202310234245,145.1
EK202310138920,140.15
EK202310122618,133.95
EK202310175727,133.7
EK202310155478,133.85
EK202320005560,136.55
EK202310110719,151.3
EK202310136240,137.65
EK202310186251,166.6
EK202310216248,129.6
EK202310205301,138.25
EK202310211409,131.4
EK202310154889,137.6
EK202310133167,147.35
EK202310190742,124.15
EK202310181049,127.75
EK202310190345,148.5
EK202310223134,160.0
EK202310248510,139.3
EK202310177287,155.2
EK202310127550,132.85
EK202310118313,137.95
EK202310222760,135.3
EK202310112189,147.25
EK202310141089,143.45
EK202310132200,151.75
EK202310221040,133.8
EK202310111716,141.75
EK202310206062,127.15
EK202310209855,162.05
EK202310104428,138.0
EK202310177723,132.0
EK202310003367,136.55
EK202310182125,161.6
EK202310194084,143.15
EK202310211789,127.5
EK202310132488,153.1
EK202310142803,134.45
EK202310181723,172.85
EK202310103735,142.8
EK202310219083,152.05
EK202310215988,139.75
EK202310234414,132.05
EK202310203900,143.3
EK202310137717,131.5
EK202310112769,133.25
EK202310160354,138.25
EK202310105028,129.7
EK202310128626,162.85
EK202310206626,148.5
EK202310247911,116.3
EK202310156966,159.0
EK202310111774,149.45
EK202310141388,147.45
EK202310105367,133.8
EK202310138470,135.2
EK202310238177,142.55
EK202310169946,146.2
EK202310189158,138.85
EK202310231981,139.15
EK202310174508,128.5
EK202310110650,136.15
EK202310195172,141.85
EK202310188961,131.65
EK202310219185,142.3
EK202310208623,126.8
EK202310128662,142.25
EK202310185661,150.65
EK202310157894,148.35
EK202310200928,142.35
EK202310004224,139.4
EK202310150214,130.1
EK202310111969,129.95
EK202310129506,140.5
EK202310127186,164.65
EK202310173377,124.25
EK202310163570,154.6
EK202310196742,135.3
EK202310167664,159.5
EK202310148814,139.3
EK202310200567,188.3
EK202310168414,161.45
EK202310203613,150.05
EK202310247919,157.25
EK202310200083,155.1
EK202310148844,145.0
EK202310159721,145.5
EK202310131910,133.5
EK202310153522,130.2
EK202310212250,139.8
EK202310111147,153.25
EK202310170237,135.75
EK202310166954,142.35
EK202310193804,139.6
EK202310180730,176.25
EK202310004363,159.45
EK202310123533,138.2
EK202310235018,143.7
EK202310176008,144.0
EK202310151334,133.65
EK202320007865,161.45
EK202310236423,140.3
EK202310130270,153.8
EK202310220333,140.0
EK202310196344,142.45
EK202310218805,162.6
EK202310116838,143.9
EK202310185359,134.65
EK202310150318,152.4
EK202310121733,117.3
EK202310242000,169.25
EK202310193114,131.25
EK202310171559,147.85
EK202310122635,130.0
EK202310167040,161.55
EK202310166470,141.0
EK202310195612,128.2
EK202310233457,145.4
EK202310185055,139.5
EK202310177519,149.85
EK202310247329,169.95
EK202310195549,167.3
EK202310144213,137.7
EK202310135438,154.25
EK202310226468,126.25
EK202310105289,148.55
EK202310120252,159.45
EK202310176662,142.5
EK202310114289,139.2
EK202310126976,136.95
EK202310207593,178.75
EK202310114272,134.7
EK202310199080,145.85
EK202310122669,127.65
EK202310180804,135.6
EK202310204732,157.0
EK202310200464,137.05
EK202310203808,134.95
EK202310212010,139.3
EK202310245942,141.75
EK202310004694,149.95
EK202310155200,141.65
EK202310164369,133.35
EK202310126268,139.7
EK202310170105,159.95
EK202310225963,148.4
EK202310114547,148.45
EK202310236239,132.1
EK202310112862,141.2
EK202310109972,148.6
EK202310132643,124.7
EK202310132419,149.1
EK202310161002,143.35
EK202310189189,132.15
EK202310148790,143.8
EK202310169154,155.9
EK202310196747,161.2
EK202310122266,151.45
EK202310115421,121.6
EK202310180521,139.5
EK202310167786,142.6
EK202310167076,160.8
EK202310168839,134.3
EK202310110674,125.3
EK202310236684,132.8
EK202310128770,147.55
EK202310244917,153.6
EK202310128367,153.65
EK202310129004,138.6
EK202310231478,124.35
EK202310178172,147.05
EK202310180564,129.75
EK202310112326,131.45
EK202310200330,137.9
EK202310138725,139.85
EK202310177009,147.95
EK202310220598,172.5
EK202310200436,149.6
EK202310242674,138.25
EK202310222668,160.35
EK202310118184,131.55
EK202310138203,128.35
EK202310118829,144.6
EK202310185969,148.2
EK202310216351,159.0
EK202310187284,119.9
EK202310218216,142.8
EK202310219259,130.1
EK202310120929,142.85
EK202310108093,129.9
EK202310142267,141.8
EK202310174980,138.35
EK202310114009,165.75
EK202310242966,145.0
EK202310147064,143.65
EK202310223815,139.9
EK202310185149,142.4
EK202310173756,122.8
EK202310212549,147.4
EK202310122123,125.85
EK202310148593,133.1
EK202310203858,129.45
EK202310194323,140.9
EK202310210067,136.35
EK202310247362,142.95
EK202310179728,176.85
EK202310135263,129.55
EK202310228041,164.3
EK202310198439,142.2
EK202310224121,128.05
EK202310176263,152.95
EK202310210520,127.1
EK202310153558,130.9
EK202310201528,147.2
EK202310204700,131.4
EK202310199855,156.2
EK202310133334,143.95
EK202310125891,145.9
EK202310149237,135.4
EK202310207352,127.85
EK202310143244,160.75
EK202310173902,139.4
EK202310204441,143.8
EK202310154510,151.4
EK202310197593,178.65
EK202310139918,133.1
EK202310143944,139.0
EK202310182605,136.1
EK202310113041,137.95
EK202310108339,142.6
EK202310177699,143.75
EK202310158001,148.3
EK202310243619,126.35
EK202310225367,137.0
EK202310148561,137.85
EK202310242689,141.4
EK202310146006,137.15
EK202310200037,134.75
EK202310186473,120.6
EK202310105390,126.95
EK202310150556,139.2
EK202310180347,170.7
EK202310203230,158.05
EK202310200016,138.9
EK202310154269,143.5
EK202310128087,173.3
EK202310122816,144.7
EK202310134877,150.0
EK202310195490,143.8
EK202310209715,134.3
EK202310236837,135.6
EK202310196435,129.1
EK202310139068,141.9
EK202310171012,163.8
EK202310150360,147.8
EK202310222353,176.5
EK202310197842,154.4
EK202310188412,168.4
EK202310153874,148.3
EK202310213199,149.1
EK202310127730,161.35
EK202310215194,130.9
EK202310126576,140.2
EK202310248182,136.55
EK202310198801,178.3
EK202310198160,147.75
EK202310198294,155.05
EK202310167705,120.8
EK202310217704,142.1
EK202310145831,129.15
EK202310105308,131.4
EK202310230902,130.65
EK202310202412,135.7
EK202310130126,150.4
EK202310193563,173.9
EK202310130811,147.4
EK202310169126,147.9
EK202310107052,154.05
EK202310134315,131.7
EK202310230590,136.65
EK202310212377,143.4
EK202310227080,149.85
EK202310124256,187.0
EK202310219252,134.65
EK202310230033,125.65
EK202310117668,148.9
EK202310228344,126.15
EK202310233855,122.85
EK202310147814,151.45
EK202310107881,144.95
EK202310230203,174.4
EK202310177383,166.7
EK202310122567,138.35
EK202310207619,151.4
EK202310202333,141.3
EK202310189380,135.6
EK202310180057,135.15
EK202310202234,159.65
EK202310233426,169.1
EK202310175207,134.5
EK202310204631,151.9
EK202310194398,138.6
EK202310139820,139.8
EK202310116562,153.35
EK202310229058,126.55
EK202310247161,134.05
EK202310189860,135.1
EK202310104099,147.6
EK202310244738,159.7
EK202310247933,134.9
EK202310149446,156.95
EK202310161930,152.75
EK202310116286,128.0
EK202310109850,144.8
EK202310204890,146.65
EK202310124176,122.3
EK202310231512,123.35
EK202310157031,148.7
EK202310219683,135.9
EK202310105922,136.1
EK202310003444,150.05
EK202310128205,126.05
EK202310136781,171.7
EK202310195373,157.05
EK202310140338,129.2
EK202310178676,146.0
EK202310234329,152.5
EK202310115125,160.7
EK202310219503,131.55
EK202310201769,146.25
EK202310139458,130.3
EK202310194338,182.5
EK202310223572,152.4
EK202310125065,166.05
EK202310227016,125.05
EK202310176702,158.75
EK202310155243,158.1
EK202310192723,141.95
EK202310198191,147.05
EK202310105422,144.55
EK202310105777,160.5
EK202310187970,135.95
EK202310236294,165.35
EK202310210632,143.65
EK202310122661,142.9
EK202310132816,157.75
EK202310221993,137.7
EK202310235308,153.15
EK202310232426,135.4
EK202310225207,128.6
EK202310120329,147.55
EK202310174955,141.05
EK202310233002,139.7
EK202310226820,138.7
EK202310231561,129.3
EK202310178128,138.8
EK202310231088,127.85
EK202310147614,169.45
EK202310192044,139.45
EK202310207423,121.05
EK202310144998,143.05
EK202310160433,148.1
EK202310182388,153.15
EK202310004163,138.8
EK202310178635,134.55
EK202310147316,168.3
EK202310137625,135.85
EK202310234674,143.85
EK202310206395,134.85
EK202310198108,170.5
EK202310230135,138.9
EK202310124667,131.2
EK202310197608,176.1
EK202310239140,145.8
EK202320006708,135.5
EK202310141682,130.3
EK202310173078,125.5
EK202310180684,167.05
EK202310168825,136.0
EK202310196603,125.85
EK202310143301,172.55
EK202310198024,153.15
EK202310238866,177.5
EK202310174309,125.2
EK202310169127,117.55
EK202310118888,141.15
EK202310219211,138.75
EK202310117888,124.05
EK202310203714,137.1
EK202310212227,139.95
EK202310224375,132.4
EK202310169753,129.55
EK202310218369,151.4
EK202310229422,154.2
EK202310114027,134.45
EK202310191499,137.3
EK202310123832,131.55
EK202310117550,130.65
EK202310153034,147.0
EK202310147526,140.75
EK202310240029,133.7
EK202310208321,149.1
EK202310110615,127.15
EK202310172001,136.7
EK202310245514,140.3
EK202310113405,136.15
EK202310133712,171.3
EK202310220573,137.85
EK202310127361,154.15
EK202310203296,116.65
EK202310205467,129.95
EK202310182859,154.3
EK202310116644,142.35
EK202310143055,133.6
EK202310137541,150.45
EK202310240346,141.4
EK202310231920,145.65
EK202310003793,127.6
EK202310179099,151.8
EK202310182101,143.1
EK202310180654,146.3
EK202310203568,154.4
EK202310201589,150.65
EK202310185227,147.55
EK202310204045,134.85
EK202310231962,138.55
EK202310206237,137.2
EK202310129023,161.95
EK202320005658,132.9
EK202310155013,152.6
EK202310207955,132.7
EK202310175039,124.65
EK202310189095,158.55
EK202310222588,137.1
EK202310194826,137.05
EK202310116127,131.8
EK202310186036,129.2
EK202310228425,135.45
EK202310142709,126.9
EK202310212132,128.75
EK202310106890,121.95
EK202310244866,141.45
EK202310185150,133.2
EK202310137324,130.0
EK202310171191,125.5
EK202310113505,128.65
EK202320007023,149.75
EK202310119257,160.65
EK202310149918,162.85
EK202310223014,132.05
EK202310201000,152.75
EK202310172203,131.75
EK202310203943,151.6
EK202310120010,118.4
EK202310108002,145.45
EK202310241637,136.55
EK202310174800,137.65
EK202310127377,165.15
EK202310122799,148.55
EK202310229843,136.4
EK202310226129,140.45
EK202310140081,170.35
EK202310229999,127.25
EK202310203546,151.95
EK202310209757,141.6
EK202310116016,138.9
EK202310165012,179.7
EK202310122837,129.9
EK202310146822,158.55
EK202310112044,129.4
EK202310166309,150.55
EK202310172353,145.7
EK202310111013,146.55
EK202310134532,128.1
EK202310201623,124.0
EK202310207833,140.1
EK202310153627,147.45
EK202310173741,142.65
EK202310233377,140.8
EK202310108336,128.3
EK202310144097,133.7
EK202310242026,141.6
EK202310123987,182.85
EK202310201556,145.35
EK202310141802,164.6
EK202310160116,148.05
EK202310208420,150.65
EK202310201286,151.05
EK202310242784,135.75
EK202310207678,118.8
EK202310235367,143.0
EK202310138835,139.6
EK202310126496,151.9
EK202310210203,140.75
EK202310160698,154.6
EK202310131627,139.5
EK202310192509,121.1
EK202310237182,155.1
EK202310195225,142.2
EK202310209548,134.3
EK202310170414,132.2
EK202310178511,142.35
EK202310169436,146.85
EK202310163299,140.7
EK202310197411,128.7
EK202310208679,139.5
EK202310178121,140.0
EK202310126051,121.85
EK202310158375,141.35
EK202310190778,136.5
EK202310154851,117.2
EK202310179709,132.3
EK202310114702,132.65
EK202310167850,136.35
EK202310004729,139.85
EK202310183539,155.0
EK202310196615,155.35
EK202310162856,143.0
EK202310133076,159.25
EK202310230396,150.1
EK202310158633,149.0
EK202310161117,168.3
EK202310004351,150.7
EK202310174767,160.2
EK202310183707,156.15
EK202310201085,150.45
EK202310117365,140.15
EK202310211525,133.15
EK202310174033,147.55
EK202310133029,154.15
EK202310109257,126.55
EK202310208465,147.4
EK202310003437,131.4
EK202310147849,136.95
EK202310172875,163.15
EK202310195261,144.7
EK202310124700,131.15
EK202310209462,142.65
EK202310190370,182.65
EK202310166689,139.0
EK202310125440,146.55
EK202310242447,164.25
EK202310208224,146.75
EK202310164938,146.45
EK202310171017,148.95
EK202310221295,132.15
EK202310116789,134.8
EK202310245230,145.6
EK202310196239,129.65
EK202310217020,169.6
EK202310149091,132.35
EK202310188633,127.25
EK202310145175,140.55
EK202310184944,145.85
EK202310116881,141.1
EK202310133865,125.2
EK202310170575,155.35
EK202310217837,133.2
EK202310142127,134.35
EK202310220280,134.95
EK202310220011,147.2
EK202310136446,127.55
EK202310167400,160.75
EK202310136757,134.35
EK202310219947,133.1
EK202310215446,161.75
EK202310113390,155.0
EK202310231430,134.7
EK202310190750,125.35
EK202310218203,139.25
EK202310232673,163.5
EK202310172719,137.4
EK202310238088,143.25
EK202310122490,128.7
EK202310141767,126.8
EK202310164189,141.0
EK202310131789,157.2
EK202310131787,133.8
EK202310111463,139.75
EK202310189888,139.3
EK202310123502,137.45
EK202310248489,138.45
EK202310104974,125.85
EK202310133434,149.9
EK202310122152,144.45
EK202310223645,144.6
EK202310218467,128.5
EK202310200984,122.85
EK202310246962,153.9
EK202310138658,141.55
EK202310135971,120.15
EK202310145071,150.7
EK202310236227,167.0
EK202310161820,136.55
EK202310116560,156.1
EK202310147855,134.75
EK202310198848,142.6
EK202310126318,137.95
EK202310168761,149.25
EK202310236060,135.75
EK202310194911,138.15
EK202310232213,139.9
EK202310123619,135.6
EK202310129238,147.5
EK202310239622,130.8
EK202310130274,169.9
EK202310136862,132.25
EK202310144925,138.75
EK202310117994,131.8
EK202310145721,156.65
EK202310166110,134.55
EK202310153689,126.6
EK202310167524,123.85
EK202310171110,138.8
EK202310194242,130.55
EK202310128824,153.0
EK202310217802,143.2
EK202310174759,146.9
EK202310163258,144.55
EK202320007136,138.65
EK202310223074,137.4
EK202310127999,133.85
EK202310210697,138.4
EK202310187479,126.15
EK202310229648,155.65
EK202310223615,159.8
EK202310205259,155.7
EK202310207915,135.7
EK202310161035,166.7
EK202310211684,135.7
EK202310217627,128.35
EK202310188184,143.0
EK202310179703,130.9
EK202310191167,129.65
EK202310206412,142.85
EK202310138851,168.0
EK202320007328,151.05
EK202310211346,141.5
EK202310169209,148.05
EK202310145302,141.55
EK202310203140,142.6
EK202310209732,130.15
EK202310117958,139.7
EK202310155922,158.05
EK202310184930,137.45
EK202310150832,136.45
EK202310208806,162.7
EK202310172410,176.8
EK202310230235,137.8
EK202310203566,152.7
EK202310123801,143.55
EK202310141762,181.6
EK202310245120,129.95
EK202310183959,140.95
EK202310128037,134.3
EK202310004669,129.2
EK202310217022,128.05
EK202310110060,147.4
EK202310231754,129.1
EK202310132866,135.6
EK202310246978,133.55
EK202310111800,142.55
EK202310141316,141.4
EK202310225078,144.95
EK202310224113,130.2
EK202310229156,124.7
EK202310158924,155.0
EK202310193952,138.95
EK202310134851,140.85
EK202310107778,144.5
EK202310201914,167.8
EK202310226477,141.95
EK202310200818,148.45
EK202310178725,130.15
EK202310136843,129.35
EK202310188878,181.25
EK202310192998,143.45
EK202310123605,139.55
EK202310109206,129.25
EK202310110309,135.8
EK202310201669,144.6
EK202310228267,139.35
EK202310120920,139.4
EK202310239638,170.85
EK202310138789,148.9
EK202310187947,182.0
EK202310143793,135.7
EK202310231992,142.7
EK202310243082,140.65
EK202310174903,132.1
EK202310004153,129.95
EK202310211574,132.6
EK202310133648,132.9
EK202310145095,148.25
EK202310180354,154.75
EK202310111206,136.4
EK202310182140,157.3
EK202310202202,138.5
EK202310158892,155.8
EK202310193967,134.05
EK202310222297,127.2
EK202310121931,138.25
EK202310170526,157.0
EK202310119454,171.25
EK202310235204,144.35
EK202310123917,136.25
EK202310157703,130.1
EK202310149315,145.35
EK202310146815,135.2
EK202310126049,160.85
EK202310232396,137.25
EK202310199056,149.25
EK202310141228,134.05
EK202310196032,135.15
EK202310107291,140.75
EK202310122690,152.45
EK202310236528,134.3
EK202320007677,140.05
EK202310210488,134.45
EK202310207172,166.25
EK202310182902,142.65
EK202310139806,182.35
EK202310148583,155.55
EK202310220644,146.5
EK202310112733,144.35
EK202310204401,151.9
EK202310160356,139.7
EK202310225435,122.85
EK202310196076,144.1
EK202310203598,132.9
EK202310140544,148.85
EK202310212327,137.15
EK202310235705,144.7
EK202310202376,128.5
EK202310196089,152.4
EK202310139122,142.6
EK202310176023,144.45
EK202310117387,133.65
EK202310192216,143.25
EK202310122067,134.2
EK202310224886,127.2
EK202310234937,126.95
EK202310196488,134.15
EK202310140986,131.95
EK202310104819,155.1
EK202310192016,153.3
EK202310230705,133.2
EK202310191079,159.3
EK202310224030,138.25
EK202310116108,145.9
EK202310216944,152.05
EK202310239270,136.05
EK202310179674,127.75
EK202310135614,133.95
EK202310196625,142.45
EK202310244109,134.2
EK202310211711,140.3
EK202310175336,167.15
EK202310155402,131.05
EK202310110776,167.55
EK202310246416,121.35
EK202310180852,130.75
EK202310173163,148.7
EK202310146639,132.9
EK202320007618,144.5
EK202310245395,152.0
EK202310175505,137.3
EK202310196444,153.9
EK202310172044,142.65
EK202310140972,171.85
EK202310236512,128.4
EK202310141653,135.3
EK202310236235,145.75
EK202310111947,131.35
EK202310129970,125.8
EK202310156921,151.6
EK202310111882,139.3
EK202310142671,157.65
EK202310225816,133.55
EK202310129016,157.05
EK202310216107,143.3
EK202310192345,128.15
EK202310115608,143.8
EK202310218293,142.8
EK202310105946,131.95
EK202310194919,139.2
EK202310138207,117.95
EK202310199908,141.25
EK202320006707,151.6
EK202310162516,169.0
EK202310121312,127.95
EK202310240696,139.4
EK202310124904,153.3
EK202310238291,141.15
EK202310127974,142.95
EK202310136024,174.75
EK202310187265,145.9
EK202310108072,128.0
EK202310240013,162.85
EK202310212042,139.95
EK202310237376,134.25
EK202310220612,137.3
EK202310194509,139.4
EK202310209569,156.25
EK202310114438,132.65
EK202310132881,166.6
EK202310175705,133.95
EK202310004055,133.95
EK202310175229,129.65
EK202310174345,157.25
EK202310212490,133.3
EK202310136810,112.65
EK202310157304,140.45
EK202310169599,118.15
EK202310107717,140.1
EK202310105279,149.75
EK202310110848,135.6
EK202310178772,168.0
EK202310245828,119.85
EK202310219817,151.95
EK202310200575,151.8
EK202310105122,129.2
EK202310162052,122.0
EK202310150697,147.25
EK202310158553,133.8
EK202310210487,131.5
EK202310219594,140.4
EK202310234064,174.85
EK202310147076,154.95
EK202310168891,156.0
EK202310230477,164.5
EK202310151700,131.9
EK202310105830,168.3
EK202310150350,143.0
EK202310221753,144.7
EK202310117832,124.15
EK202310192005,143.45
EK202310236133,149.25
EK202310128003,126.15
EK202310192879,140.1
EK202310127978,136.15
EK202310145508,147.0
EK202310112586,131.9
EK202310241863,170.3
EK202310221932,142.05
EK202310132949,135.45
EK202310223688,169.9
EK202310143982,137.5
EK202320006378,160.85
EK202310104123,145.05
EK202310185565,155.8
EK202310229086,137.05
EK202310133226,148.25
EK202310118081,135.9
EK202310150049,146.15
EK202310135400,126.6
EK202310116088,145.45
EK202310231696,135.65
EK202310146749,143.2
EK202310111238,129.45
EK202310191666,157.7
EK202310135953,139.15
EK202310161122,176.5
EK202310228253,137.85
EK202310153608,172.0
EK202310138495,139.15
EK202310145050,128.35
EK202310206747,132.7
EK202310203488,170.4
EK202310183419,163.2
EK202310129584,142.3
EK202310131950,135.3
EK202320006497,131.85
EK202310158313,134.2
EK202310156450,126.3
EK202310206931,164.0
EK202310224192,134.05
EK202310181248,157.3
EK202310139477,140.05
EK202310106863,151.65
EK202310113902,141.15
EK202310177431,153.4
EK202310189561,148.75
EK202310206223,140.65
EK202320005580,159.1
EK202310240584,144.4
EK202310193474,137.0
EK202310106515,154.95
EK202310134230,152.05
EK202310184191,136.25
EK202310120682,131.85
EK202310169684,127.1
EK202310119557,132.3
EK202310126983,141.4
EK202310167903,128.2
EK202310133442,152.05
EK202310210959,139.55
EK202310212306,140.2
EK202310230307,133.4
EK202310212565,120.9
EK202310192899,142.05
EK202310170190,137.4
EK202310153027,180.2
EK202310114380,142.5
EK202310133567,168.3
EK202310214756,148.95
EK202310114168,146.5
EK202310217065,165.3
EK202310169361,133.3
EK202310165708,151.15
EK202310228615,141.15
EK202310209019,162.45
EK202310132985,121.05
EK202310110233,111.05
EK202310143464,128.65
EK202310136141,155.0
EK202310226017,138.9
EK202310155663,143.05
EK202310195009,149.05
EK202310126196,160.35
EK202310108026,150.45
EK202310172643,143.7
EK202310153423,132.05
EK202310243003,143.7
EK202310153678,123.2
EK202310169206,158.7
EK202310196881,145.75
EK202310247696,137.25
EK202310160692,155.3
EK202310157186,169.5
EK202310156752,129.6
EK202310114419,140.1
EK202310117232,135.8
EK202310221881,137.3
EK202310202289,131.3
EK202310221155,132.9
EK202310197000,165.0
EK202310183680,132.15
EK202310166065,136.8
EK202310224104,136.7
EK202310198490,127.0
EK202310185320,152.05
EK202310112969,139.25
EK202310122531,125.55
EK202310223294,150.7
EK202310243257,133.25
EK202310227369,165.45
EK202310132379,126.7
EK202310207889,130.1
EK202310155220,135.7
EK202310149989,152.0
EK202310116304,135.05
EK202310207654,174.6
EK202310233148,135.9
EK202310133990,163.0
EK202310131881,145.25
EK202310147674,164.5
EK202310161848,143.8
EK202310113742,148.65
EK202310107292,128.8
EK202310157457,138.35
EK202310159983,134.45
EK202310222436,135.2
EK202310116722,138.9
EK202310228029,131.2
EK202310226778,130.2
EK202310223904,130.55
EK202310205019,128.2
EK202310119364,134.15
EK202310003651,125.15
EK202310212861,150.05
EK202310110710,145.0
EK202310131651,144.05
EK202310144906,126.3
EK202310188544,144.45
EK202310133839,141.0
EK202310118694,153.55
EK202310110720,122.1
EK202310128544,146.05
EK202310193628,137.95
EK202310148648,146.1
EK202310153778,139.0
EK202310188918,124.3
EK202310126546,128.9
EK202310214084,164.75
EK202310191915,156.1
EK202310230973,136.35
EK202310220076,138.0
EK202310198281,117.85
EK202310210973,130.2
EK202310116202,148.35
EK202320007382,136.65
EK202310140017,137.7
EK202310235458,138.8
EK202310224553,132.15
EK202310131411,118.7
EK202310172944,146.4
EK202310187715,143.35
EK202310117160,146.05
EK202310223783,138.35
EK202310208505,136.35
EK202310177144,132.2
EK202310141554,139.45
EK202310153806,142.75
EK202310178651,127.65
EK202310207053,143.0
EK202310121285,138.95
EK202310129917,133.75
EK202310178974,122.2
EK202310139959,157.9
EK202310240930,140.35
EK202310184143,154.35
EK202310141627,144.6
EK202310248495,136.45
EK202310210251,137.95
EK202310181393,128.05
EK202310203408,167.3
EK202310210221,137.2
EK202310153228,148.4
EK202310181161,147.8
EK202310122291,133.9
EK202310219649,146.45
EK202310108802,148.2
EK202310147915,147.55
EK202310219111,129.9
EK202310004516,127.2
EK202310187796,140.0
EK202310152632,168.45
EK202310234189,121.1
EK202310248401,131.15
EK202310198077,140.6
EK202310182281,172.95
EK202310173305,131.3
EK202310191194,136.85
EK202320006641,173.85
EK202310187839,151.1
EK202310166786,170.3
EK202310104248,147.9
EK202310140808,134.55
EK202310154881,130.5
EK202310158734,150.15
EK202310198034,136.2
EK202310210288,144.1
EK202310115555,142.2
EK202310122253,145.35
EK202310208001,133.15
EK202310247301,158.0
EK202310158412,136.05
EK202310133516,112.05
EK202310199724,154.7
EK202310203434,137.35
EK202310149601,151.45
EK202310207662,120.7
EK202310155823,146.75
EK202310155070,137.45
EK202310003692,162.4
EK202310112220,144.05
EK202310210474,136.75
EK202310174563,163.85
EK202310178481,157.0
EK202310161746,134.8
EK202310184759,137.6
EK202310214382,156.95
EK202310220383,129.55
EK202310181896,140.15
EK202310109101,144.85
EK202310111874,151.55
EK202310239939,136.6
EK202310146648,126.75
EK202310147888,153.5
EK202310228585,144.25
EK202320006300,161.45
EK202310157823,133.8
EK202310175416,138.05
EK202310191246,145.2
EK202310241025,145.85
EK202310175713,127.5
EK202310165199,149.7
EK202310229611,130.2
EK202310167463,161.05
EK202310125411,139.35
EK202310247310,130.2
EK202310131556,150.75
EK202320007526,148.0
EK202310109396,159.9
EK202310243612,142.95
EK202320006821,151.3
EK202310191818,159.65
EK202310206573,151.2
EK202310176203,165.2
EK202310113063,139.7
EK202310152411,153.0
EK202310186297,158.9
EK202320006177,164.45
EK202310184504,174.25
EK202310118343,129.65
EK202310166342,169.25
EK202310238948,175.95
EK202310226471,135.25
EK202310153486,132.95
EK202310146780,131.15
EK202310129676,123.0
EK202310230251,130.05
EK202310227178,148.3
EK202310148962,143.45
EK202310235140,154.95
EK202310158736,165.4
EK202310208299,153.6
EK202310205311,160.5
EK202310140268,127.8
EK202310158411,127.5
EK202310120168,142.8
EK202310120164,145.15
EK202310191318,142.1
EK202310124551,134.6
EK202310133393,128.6
EK202310244048,128.0
EK202310209487,152.4
EK202310130550,126.5
EK202310134976,158.15
EK202310113614,130.8
EK202310237767,158.55
EK202310120386,145.45
EK202310190693,159.0
EK202310158340,125.25
EK202310185631,161.05
EK202310193894,129.8
EK202310232391,141.15
EK202310129047,152.2
EK202310187052,126.45
EK202310174623,126.55
EK202310149978,144.75
EK202310238712,137.8
EK202310172389,157.5
EK202310187833,140.5
EK202310238335,169.1
EK202310232031,144.05
EK202310224185,132.0
EK202310166575,137.2
EK202310119974,124.7
EK202310195917,124.9
EK202310174762,147.8
EK202310237282,132.7
EK202310112142,144.9
EK202310107661,135.0
EK202310197179,155.4
EK202310154174,150.45
EK202310241892,128.0
EK202310178171,141.25
EK202310134220,148.1
EK202310200711,137.35
EK202310190031,176.35
EK202310215938,157.8
EK202310125861,139.6
EK202310143873,137.35
EK202310165035,138.2
EK202310157391,136.2
EK202310216624,128.65
EK202310136516,131.45
EK202310175267,156.55
EK202310139527,133.45
EK202310145890,128.55
EK202310207934,135.35
EK202310216534,152.0
EK202310243402,139.9
EK202310125822,134.95
EK202310210671,131.8
EK202310118842,146.9
EK202310242780,126.25
EK202310183963,135.5
EK202310192132,134.4
EK202310158172,164.15
EK202310107920,154.1
EK202310116588,140.8
EK202310157004,142.95
EK202310203397,150.3
EK202310145727,173.75
EK202310134294,150.6
EK202310161573,151.75
EK202310163914,148.25
EK202320005749,141.1
EK202310004457,158.5
EK202310198895,119.85
EK202310200079,141.35
EK202310236220,168.75
EK202310167195,132.1
EK202310190621,140.1
EK202310126857,156.55
EK202310221597,146.15
EK202310139743,176.55
EK202310173860,142.2
EK202310212130,138.1
EK202310238113,142.1
EK202310232782,164.75
EK202310231990,159.35
EK202310154189,127.75
EK202310111012,139.55
EK202310208334,145.4
EK202310222126,140.5
EK202310206217,139.0
EK202310185801,126.7
EK202310207901,124.25
EK202310121054,151.8
EK202310188410,153.35
EK202310203904,138.85
EK202310230514,137.75
EK202320007184,165.85
EK202310196925,161.85
EK202310201983,137.5
EK202310242071,147.05
EK202310242487,130.2
EK202310174134,180.55
EK202310221304,140.2
EK202310146366,133.7
EK202310242718,145.9
EK202310158582,137.85
EK202310182050,139.75
EK202310110321,137.9
EK202310126720,139.65
EK202310145134,161.55
EK202310134228,152.55
EK202310151176,133.75
EK202310159471,133.2
EK202310197298,144.55
EK202310114442,132.35
EK202310216170,132.75
EK202310126914,135.35
EK202310160897,173.65
EK202310241296,159.9
EK202310145492,129.05
EK202310142012,170.4
EK202310141538,144.45
EK202310154638,148.2
EK202310238848,180.95
EK202310139821,124.8
EK202310108173,133.75
EK202310119610,132.3
EK202310242565,130.2
EK202310186446,164.15
EK202310144153,132.75
EK202310234883,136.3
EK202310124017,184.3
EK202310163758,154.95
EK202310203597,153.75
EK202310104417,142.0
EK202310202155,146.0
EK202310245823,117.95
EK202310203079,126.85
EK202310161636,179.75
EK202310144165,129.85
EK202310204775,155.8
EK202310167770,140.7
EK202310215963,143.4
EK202310133633,125.8
EK202310214866,123.4
EK202310180646,134.55
EK202310167541,132.15
EK202310136641,156.1
EK202310148939,145.6
EK202310103722,158.15
EK202310179303,143.65
EK202310200620,145.6
EK202310125714,132.8
EK202310204522,137.25
EK202310150835,143.9
EK202310130780,122.35
EK202310105814,135.45
EK202310172033,157.35
EK202310201852,143.05
EK202310148715,155.2
EK202310221644,130.35
EK202310114274,144.95
EK202310178264,149.5
EK202310164025,148.95
EK202310204651,153.95
EK202310141344,134.6
EK202310185886,173.3
EK202310203443,156.75
EK202320007693,145.35
EK202310236673,134.05
EK202310205537,183.35
EK202310215661,132.55
EK202310116840,128.4
EK202310179840,146.4
EK202310178802,166.45
EK202310124043,124.95
EK202310160029,138.1
EK202310166756,137.45
EK202310234362,134.65
EK202310130046,129.05
EK202310175285,167.85
EK202310155324,144.2
EK202310110760,139.45
EK202310167871,143.3
EK202310111911,133.85
EK202310105964,135.85
EK202310187240,139.5
EK202310228002,144.15
EK202310202448,147.55
EK202310144304,136.75
EK202310132248,154.55
EK202310200767,151.05
EK202310246600,129.5
EK202310156024,127.5
EK202310124951,129.8
EK202310127803,121.65
EK202310212512,152.5
EK202310237901,140.7
EK202310123799,129.95
EK202310122255,146.75
EK202310140607,126.0
EK202310214168,161.8
EK202310205290,142.45
EK202310201590,158.75
EK202310246716,151.85
EK202310211043,121.9
EK202310245155,143.8
EK202310146684,139.4
EK202310224856,159.8
EK202310149244,132.7
EK202310130714,131.45
EK202310185702,147.9
EK202310105075,133.25
EK202310103937,145.7
EK202310219458,134.9
EK202310220878,132.15
EK202310114846,163.4
EK202310165810,130.8
EK202310188784,161.35
EK202310119305,132.0
EK202310142173,138.2
EK202310218752,143.9
EK202310191456,152.45
EK202310110108,124.65
EK202310159818,160.5
EK202310151468,171.95
EK202310107315,133.85
EK202310200556,160.4
EK202310217485,138.15
EK202310206013,127.5
EK202310004134,148.7
EK202310124207,145.15
EK202310216869,153.75
EK202310112622,153.55
EK202310239660,139.3
EK202310236964,138.2
EK202310182396,160.4
EK202310213788,163.25
EK202310193031,154.9
EK202310181134,133.1
EK202310232914,140.7
EK202310229534,137.6
EK202310187612,156.55
EK202310186706,145.6
EK202310146528,155.4
EK202310201671,146.1
EK202310155878,147.4
EK202310186935,145.25
EK202310165048,134.2
EK202310214244,137.15
EK202310003448,140.75
EK202310237813,137.6
EK202310229380,118.35
EK202310136410,131.8
EK202310181792,145.7
EK202310174073,141.6
EK202310230921,136.0
EK202310131346,127.5
EK202310167144,164.25
EK202310198792,128.35
EK202310230863,145.75
EK202310116803,147.25
EK202310161651,171.0
EK202310140098,135.5
EK202310147311,169.25
EK202310228798,125.65
EK202310166857,172.35
EK202310204207,154.85
EK202310181214,153.8
EK202310163102,137.2
EK202310132529,145.5
EK202310194194,164.7
EK202310185194,143.55
EK202310139315,134.15
EK202310133963,178.35
EK202310107375,139.2
EK202310183190,134.6
EK202310150967,133.1
EK202310235477,136.75
EK202310231329,134.3
EK202310151218,147.1
EK202310117961,130.85
EK202310115637,132.05
EK202310148316,129.85
EK202310189439,183.8
EK202310183291,166.2
EK202310180341,163.65
EK202310195359,147.25
EK202310168437,165.45
EK202310239724,140.45
EK202310120281,157.65
EK202310154084,136.25
EK202310202226,144.1
EK202310211847,119.95
EK202310225040,142.75
EK202310148021,151.55
EK202310219384,123.25
EK202310189651,154.35
EK202310172718,121.45
EK202310154499,126.25
EK202310199387,152.15
EK202310109346,137.05
EK202310151918,141.25
EK202310138435,129.9
EK202310208281,148.4
EK202310144236,126.85
EK202310169290,141.65
EK202310120393,135.05
EK202310183688,143.4
EK202310192046,129.75
EK202310141942,142.25
EK202310120519,129.5
EK202310226413,139.55
EK202310177117,150.8
EK202310217940,137.55
EK202310170501,149.65
EK202310223357,140.0
EK202310245835,116.65
EK202310137793,129.45
EK202310174008,147.35
EK202310209155,139.75
EK202310177866,127.05
EK202310137396,139.7
EK202320006094,135.9
EK202310237036,134.4
EK202310177476,142.65
EK202310218927,148.2
EK202320007708,157.35
EK202310150749,128.1
EK202310226921,142.45
EK202310134168,138.45
EK202310198694,174.05
EK202310153758,152.7
EK202310164887,155.15
EK202310235542,175.1
EK202310175801,144.5
EK202310201383,150.7
EK202310003604,135.3
EK202310132259,161.3
EK202310223451,138.2
EK202310232766,159.7
EK202310162702,123.6
EK202310191785,165.25
EK202310222647,133.5
EK202310120606,125.25
EK202310196738,136.3
EK202310167031,154.7
EK202320006878,159.9
EK202310128617,178.7
EK202310156730,131.85
EK202310154328,111.6
EK202310199723,162.9
EK202310204015,167.1
EK202310165125,134.95
EK202310128837,161.25
EK202310109283,146.15
EK202310140754,154.15
EK202310133445,138.95
EK202310215163,139.4
EK202310152379,155.4
EK202310222153,131.8
EK202310168369,141.0
EK202310146927,128.9
EK202310233613,147.65
EK202310194475,130.05
EK202310176902,140.05
EK202310109845,129.05
EK202310143688,142.8
EK202310223718,139.8
EK202310114527,135.3
EK202310120556,130.9
EK202310228552,125.65
EK202310149970,146.65
EK202310199626,133.05
EK202310214977,155.95
EK202310184953,145.55
EK202310004437,133.15
EK202310213912,149.8
EK202310151119,135.2
EK202310171466,120.65
EK202310152063,148.85
EK202310137186,158.1
EK202320007104,146.05
EK202310202185,139.7
EK202310226204,138.8
EK202310189423,136.25
EK202310192491,128.5
EK202310187212,139.05
EK202310192179,151.85
EK202310126111,128.0
EK202310175586,145.85
EK202310194758,138.85
EK202310214384,154.5
EK202310179433,152.9
EK202310118937,144.8
EK202310230656,142.95
EK202310212922,155.3
EK202310223591,130.95
EK202310182731,147.05
EK202310197092,133.4
EK202310188601,144.8
EK202310185962,160.75
EK202310154873,131.55
EK202310140333,128.85
EK202310239540,137.8
EK202310207256,125.7
EK202310193996,143.75
EK202310196769,138.6
EK202310123958,154.45
EK202310240085,152.45
EK202310246484,135.0
EK202310147689,145.7
EK202310189701,142.35
EK202310237575,150.2
EK202310219357,135.15
EK202310120804,134.6
EK202310125732,159.6
EK202310167873,133.5
EK202310247821,138.4
EK202310206331,182.3
EK202310131746,146.8
EK202310125465,144.2
EK202310137591,136.8
EK202310146755,136.1
EK202310145331,157.0
EK202310126909,133.9
EK202310176521,126.0
EK202310160650,137.45
EK202310114819,128.35
EK202310218236,147.65
EK202310204841,158.8
EK202310004910,141.25
EK202310146653,133.2
EK202310188782,153.85
EK202310125945,144.1
EK202310176437,142.15
EK202310193288,150.45
EK202310178658,165.25
EK202310150054,143.05
EK202310142919,163.0
EK202310222262,131.05
EK202310235742,168.5
EK202310113166,154.45
EK202310224000,168.6
EK202310198993,146.1
EK202310228553,135.35
EK202310190794,138.55
EK202310201535,167.65
EK202310165775,140.2
EK202310173099,142.65
EK202310152431,171.65
EK202310232652,158.8
EK202310182578,133.45
EK202310176081,158.1
EK202310168495,117.55
EK202310243081,141.3
EK202310214666,139.7
EK202310173376,129.95
EK202310185049,137.2
EK202310151788,148.05
EK202310142398,130.15
EK202310191734,154.35
EK202310185366,134.7
EK202310110653,127.2
EK202310197984,132.1
EK202310212461,125.5
EK202310220987,132.1
EK202310114458,130.8
EK202310167289,137.15
EK202310178582,142.1
EK202310135726,139.25
EK202310208307,129.15
EK202310186529,144.45
EK202310163685,140.6
EK202310204304,161.65
EK202310174269,131.1
EK202310169002,130.25
EK202310195183,152.25
EK202310172158,141.25
EK202310195251,147.6
EK202310217760,144.35
EK202310233545,133.45
EK202310146187,127.05
EK202310201834,153.4
EK202310172626,165.0
EK202310173313,128.65
EK202310151898,147.2
EK202310112427,128.55
EK202310202848,148.05
EK202310106441,138.1
EK202310200903,140.05
EK202310211769,135.05
EK202310210065,131.7
EK202310243416,142.3
EK202310178697,164.55
EK202310161358,159.2
EK202320006190,159.4
EK202310180462,142.75
EK202310162539,154.25
EK202310148977,142.95
EK202310194237,141.55
EK202310223514,128.45
EK202310162269,136.95
EK202310121844,127.6
EK202310124866,133.05
EK202310107700,134.65
EK202310221161,140.05
EK202310245562,138.5
EK202310179235,127.05
EK202310124532,152.45
EK202310128389,161.5
EK202310129800,154.8
EK202310207578,131.9
EK202310193457,131.85
EK202310206549,137.4
EK202310192075,136.0
EK202310234817,133.0
EK202310152042,139.45
EK202310199732,128.55
EK202310106385,138.95
EK202310232034,136.35
EK202310225160,149.05
EK202310168514,180.2
EK202310196347,161.1
EK202310132598,148.7
EK202310193609,131.6
EK202310112508,140.25
EK202310155472,142.65
EK202310177321,136.15
EK202310128022,132.0
EK202310206990,125.65
EK202310142239,147.9
EK202310129832,133.2
EK202310213810,128.1
EK202310198404,143.35
EK202310003754,138.55
EK202310133307,128.85
EK202310155718,140.3
EK202310124975,135.15
EK202310238569,133.5
EK202310155626,146.1
EK202310109451,132.75
EK202310156701,120.35
EK202310112702,134.25
EK202310219593,133.05
EK202310236091,136.2
EK202310109465,139.6
EK202310239232,139.65
EK202310153092,137.7
EK202310142926,165.45
EK202310195282,163.95
EK202310144631,154.95
EK202310158174,137.7
EK202310130498,136.9
EK202310152250,150.05
EK202310154816,129.8
EK202310187452,164.6
EK202310130712,133.8
EK202310225931,131.4
EK202310212154,137.55
EK202310180982,160.05
EK202310187065,139.05
EK202310231143,128.65
EK202310244459,128.25
EK202310117863,137.7
EK202310104458,142.8
EK202310228846,130.55
EK202310129898,165.55
EK202310160315,156.0
EK202310146629,128.65
EK202310166930,171.05
EK202310242374,151.05
EK202310210376,148.2
EK202310197387,139.95
EK202310136364,131.3
EK202310204149,143.1
EK202310107806,152.3
EK202310233474,144.4
EK202310228559,138.85
EK202310138215,129.55
EK202310143063,146.9
EK202310157985,158.45
EK202310190599,129.15
EK202310114903,132.2
EK202310133276,125.75
EK202310132588,133.75
EK202310004157,151.65
EK202310152358,167.15
EK202310111141,178.9
EK202310200435,137.45
EK202310204982,141.6
EK202310212495,124.15
EK202310183601,144.75
EK202310214375,166.45
EK202310210198,138.65
EK202310167063,161.9
EK202310149576,146.55
EK202310132215,132.65
EK202310163904,170.15
EK202310200956,144.75
EK202310180120,149.6
EK202310121104,138.1
EK202310203655,161.85
EK202310194561,142.2
EK202310222799,145.6
EK202320007041,135.0
EK202310119052,149.0
EK202310137233,140.05
EK202310187775,140.55
EK202310232434,135.25
EK202310205717,149.4
EK202310221339,154.75
EK202310123835,125.85
EK202310232532,133.75
EK202310107165,128.35
EK202310203436,133.65
EK202310169851,134.35
EK202310193274,160.15
EK202310151878,143.45
EK202310180128,154.15
EK202310150220,143.45
EK202310187751,140.3
EK202310162881,139.2
EK202310192822,166.9
EK202310195620,144.9
EK202310135344,128.75
EK202310190721,136.9
EK202310121180,159.8
EK202310197995,169.3
EK202310238294,141.1
EK202310181201,155.95
EK202320006195,153.15
EK202310144714,126.55
EK202310174694,166.9
EK202310130143,146.5
EK202310213402,124.35
EK202310164458,156.8
EK202310138233,148.45
EK202310196325,164.35
EK202310230287,138.7
EK202320007443,144.65
EK202310237310,141.4
EK202310188028,169.1
EK202310221385,138.7
EK202310201433,131.35
EK202310210894,134.1
EK202310144757,132.1
EK202310230555,133.2
EK202310127197,165.65
EK202310210367,144.25
EK202310107406,128.65
EK202310201552,147.9
EK202310163315,142.1
EK202310106204,139.9
EK202310189865,144.75
EK202310143319,171.9
EK202310187989,135.5
EK202310204280,151.25
EK202310166053,169.1
EK202310179719,143.85
EK202310119334,123.9
EK202310212088,134.2
EK202310123364,149.05
EK202310235184,141.25
EK202310150098,117.15
EK202310219013,142.9
EK202320005598,133.45
EK202310122400,150.25
EK202320006069,158.2
EK202310240606,121.35
EK202310192122,154.7
EK202310239991,131.3
EK202310129077,134.35
EK202310246377,131.65
EK202310242482,130.2
EK202310162862,141.25
EK202310217556,148.15
EK202310136375,146.25
EK202310193072,138.95
EK202310232709,124.8
EK202310137784,132.3
EK202310195933,137.85
EK202310190342,141.3
EK202310128675,162.05
EK202310156867,143.75
EK202310148670,130.3
EK202310176460,135.7
EK202310129961,161.9
EK202310146909,138.55
EK202310138497,136.6
EK202320005583,150.35
EK202310139679,145.0
EK202310138331,135.15
EK202310183937,159.45
EK202310180455,143.0
EK202310197763,129.35
EK202310196627,152.35
EK202310219790,143.2
EK202310185905,174.25
EK202310004706,136.5
EK202310181268,128.45
EK202310219922,132.2
EK202310149625,148.6
EK202310200086,143.65
EK202310214446,152.15
EK202310244555,139.35
EK202310203678,140.2
EK202310121725,144.6
EK202310178580,144.6
EK202310231258,135.15
EK202310116413,143.5
EK202310130519,135.65
EK202310114605,139.1
EK202310104328,136.4
EK202310217095,148.2
EK202310159014,138.9
EK202310240255,137.45
EK202320006678,175.7
EK202310127358,151.6
EK202310228371,138.8
EK202310212880,133.85
EK202310184252,158.3
EK202310222457,130.6
EK202310106525,165.15
EK202310212900,138.0
EK202310164200,167.0
EK202310141506,137.95
EK202310124179,125.15
EK202310210747,134.2
EK202310104325,133.7
EK202310171837,138.3
EK202310183388,144.45
EK202310175474,145.3
EK202310161361,141.8
EK202310163883,131.1
EK202310233128,136.35
EK202310199650,161.5
EK202310107707,140.05
EK202310112036,128.8
EK202310152162,133.0
EK202310115154,143.85
EK202310106295,136.75
EK202310209811,130.0
EK202310170779,138.55
EK202310132319,129.95
EK202310176117,164.0
EK202310109117,125.2
EK202310146050,125.25
EK202310189377,174.0
EK202310108901,141.3
EK202310129280,148.4
EK202310186201,149.65
EK202310125879,143.55
EK202310223489,166.25
EK202310195362,140.65
EK202310168199,120.9
EK202310123430,126.5
EK202310169481,154.0
EK202310212350,124.75
EK202310204165,137.0
EK202310116597,155.05
EK202310178940,126.3
EK202310181172,138.6
EK202310232407,142.9
EK202310120201,129.05
EK202310132088,186.8
EK202310176583,136.5
EK202310116485,132.95
EK202310232488,132.6
EK202310185248,140.9
EK202310114195,127.5
EK202310171527,137.6
EK202310239847,138.35
EK202310109025,132.1
EK202310188543,146.55
EK202310164772,156.1
EK202310220946,125.6
EK202310157893,177.2
EK202310130096,155.8
EK202310215475,132.75
EK202310175525,151.05
EK202310241739,142.9
EK202310149577,139.95
EK202320007764,133.6
EK202310162677,157.95
EK202310118455,140.65
EK202310144170,140.8
EK202310123446,148.3
EK202310111614,163.75
EK202310148681,136.2
EK202310135706,137.35
EK202310169610,134.9
EK202310154626,159.1
EK202310186396,146.5
EK202310130384,128.9
EK202310139999,135.0
EK202310173443,153.95
EK202310172753,158.85
EK202310150539,159.9
EK202310197972,169.75
EK202310167038,138.75
EK202310121549,137.35
EK202310144749,138.9
EK202310129763,136.05
EK202310105138,128.65
EK202310145803,129.65
EK202310150239,138.15
EK202310169489,139.4
EK202310138665,139.45
EK202310123078,146.8
EK202310219135,125.2
EK202310116443,127.45
EK202310195859,155.95
EK202310118292,136.55
EK202310134982,156.45
EK202310236579,141.45
EK202310145251,125.9
EK202310144320,132.55
EK202310165413,128.25
EK202310164223,135.7
EK202310178660,153.15
EK202310152292,144.9
EK202310232276,135.55
EK202310227732,135.05
EK202310155773,149.4
EK202310188232,158.95
EK202310182770,147.55
EK202310202719,143.9
EK202310138556,147.9
EK202310239172,143.9
EK202310151877,132.6
EK202310116662,145.9
EK202310206983,128.05
EK202310161922,145.9
EK202310116370,128.05
EK202310216242,141.45
EK202310223914,137.05
EK202310183638,138.4
EK202310180955,179.25
EK202310135432,160.7
EK202310220264,129.7
EK202310241824,174.55
EK202310175340,162.3
EK202310123572,133.5
EK202310228745,129.7
EK202310150402,148.65
EK202310123048,149.15
EK202310245625,146.7
EK202310004596,137.0
EK202310187568,137.85
EK202310004796,140.25
EK202310206482,140.25
EK202310152723,153.8
EK202310144324,130.95
EK202310182703,154.65
EK202310207031,141.35
EK202310224829,131.4
EK202310194916,128.8
EK202310158171,186.8
EK202310237739,142.05
EK202310233535,175.0
EK202310159582,155.15
EK202310157407,142.0
EK202310222554,135.65
EK202310209992,137.75
EK202310197773,190.35
EK202310219559,141.6
EK202310149590,127.25
EK202310172229,137.1
EK202310179759,145.5
EK202310141351,136.8
EK202310202674,136.85
EK202310150237,132.25
EK202310131854,155.95
EK202310209299,138.3
EK202310152323,176.6
EK202310130424,165.45
EK202310219110,155.4
EK202310208971,139.45
EK202310175417,136.45
EK202310178979,139.25
EK202310149330,147.5
EK202310214732,148.45
EK202310151284,135.85
EK202310246323,151.05
EK202310162754,157.15
EK202310142435,153.85
EK202310218666,139.05
EK202310221049,143.1
EK202310173708,138.85
EK202310192941,117.9
EK202310126047,173.1
EK202310241369,142.6
EK202310183820,164.1
EK202310243559,152.75
EK202310148350,160.5
EK202310224931,151.1
EK202310236248,146.85
EK202310156811,145.4
EK202310224565,133.05
EK202310203958,138.15
EK202310119312,129.5
EK202310178028,148.4
EK202310186588,159.7
EK202310139697,142.1
EK202310197136,143.1
EK202310220806,130.7
EK202310222987,171.15
EK202310161970,147.85
EK202310208174,153.7
EK202310118068,128.6
EK202310131022,143.25
EK202310122159,133.35
EK202310216067,134.25
EK202310245924,130.95
EK202310111788,146.25
EK202310127853,145.65
EK202310106238,146.2
EK202310158124,133.3
EK202310132835,144.25
EK202310148914,148.9
EK202310231691,139.0
EK202310247000,142.3
EK202310192115,147.4
EK202310104130,140.0
EK202310139212,140.1
EK202310197454,141.05
EK202310192429,139.1
EK202310167625,134.2
EK202310199497,146.2
EK202310153618,134.7
EK202310181484,139.7
EK202310198186,130.75
EK202310152220,142.3
EK202310159039,129.35
EK202310191546,133.9
EK202310133158,133.6
EK202310201688,156.05
EK202310235017,154.4
EK202310135857,160.95
EK202310218208,162.85
EK202310118595,149.05
EK202310163828,154.45
EK202310141421,126.95
EK202310180807,137.6
EK202310205637,145.35
EK202310105788,148.25
EK202310216219,144.7
EK202320007125,181.7
EK202310104911,127.05
EK202310189159,168.6
EK202310195473,143.75
EK202310118604,135.3
EK202310195319,141.4
EK202310240500,143.45
EK202310113748,162.4
EK202310004313,141.75
EK202310143650,133.6
EK202310165864,164.85
EK202310197618,144.45
EK202310147381,146.3
EK202310204456,136.45
EK202310168795,123.05
EK202310162071,142.3
EK202310155041,132.4
EK202310116293,141.6
EK202310111802,140.2
EK202310143876,153.6
EK202310170107,163.45
EK202320006604,157.15
EK202310181395,154.75
EK202310128405,149.9
EK202310172117,139.25
EK202310173280,137.5
EK202310114735,133.0
EK202310124558,130.8
EK202310122475,125.05
EK202310137618,144.35
EK202310105474,131.45
EK202310209280,128.25
EK202310142912,143.75
EK202310246004,128.0
EK202310186374,125.25
EK202310139853,153.75
EK202310243432,136.2
EK202310135700,133.25
EK202320006074,165.6
EK202310207199,148.15
EK202310114736,129.7
EK202310129145,158.0
EK202310135339,158.2
EK202310105627,134.45
EK202310114046,131.9
EK202310121749,119.2
EK202310160579,143.05
EK202310132059,157.45
EK202310158407,133.05
EK202310115805,141.0
EK202310165675,136.4
EK202310223393,138.6
EK202310166586,149.55
EK202310142763,131.0
EK202310169174,133.8
EK202310118007,143.45
EK202310188453,117.55
EK202310186603,124.65
EK202310115518,128.2
EK202310237777,153.0
EK202310245509,136.65
EK202310149571,151.5
EK202310238699,125.65
EK202310162044,149.95
EK202310178900,129.45
EK202310210189,134.0
EK202310246044,167.1
EK202310169510,155.85
EK202310224019,137.2
EK202310196916,154.45
EK202310110545,152.85
EK202310158475,144.6
EK202310240666,146.2
EK202310147702,123.9
EK202310240541,133.7
EK202310165419,141.0
EK202310158944,154.4
EK202310154741,157.1
EK202310183411,138.9
EK202310150802,134.6
EK202310236647,133.8
EK202310168877,151.4
EK202310177550,145.2
EK202310161815,139.1
EK202310205936,125.4
EK202310236918,131.05
EK202310231978,137.85
EK202310145447,137.8
EK202310113081,147.85
EK202310245380,160.95
EK202310226536,145.9
EK202310171629,127.75
EK202310142578,151.05
EK202310154571,144.9
EK202310133424,154.85
EK202310205232,141.05
EK202310125353,130.05
EK202310129062,136.8
EK202310148286,148.9
EK202310217186,160.35
EK202310240058,144.7
EK202310004925,148.9
EK202310121900,136.3
EK202310193811,171.2
EK202310236073,128.9
EK202310209661,138.0
EK202310183452,124.4
EK202310198390,131.9
EK202310194814,138.3
EK202310154258,132.35
EK202310225570,144.7
EK202310236562,138.7
EK202310125786,126.9
EK202310227228,132.45
EK202310104334,165.65
EK202310247598,156.85
EK202310163731,154.6
EK202310153854,151.05
EK202310209072,151.65
EK202310130417,137.6
EK202310161714,129.7
EK202310161726,170.25
EK202310214070,156.25
EK202310174019,145.45
EK202310197029,146.45
EK202310236341,138.55
EK202310218675,133.0
EK202310124319,137.65
EK202310231778,144.9
EK202320006401,115.15
EK202310107779,131.0
EK202310133015,132.8
EK202310181550,131.6
EK202310247332,172.75
EK202310111163,129.45
EK202310145310,161.05
EK202310126094,121.15
EK202310161397,137.6
EK202310146374,145.85
EK202310136414,131.4
EK202310141425,173.5
EK202310138405,128.2
EK202310173668,151.95
EK202310184285,133.2
EK202310176095,166.7
EK202310211570,137.9
EK202310208829,138.0
EK202310147190,155.95
EK202310191735,130.5
EK202310213951,159.45
EK202310140049,144.7
EK202310169326,150.9
EK202310157230,164.7
EK202310124090,128.25
EK202310142146,132.75
EK202310107242,129.9
EK202310192993,123.35
EK202310149787,143.8
EK202310177888,122.15
EK202310212815,150.15
EK202310223609,152.95
EK202310189733,168.45
EK202310218104,129.45
EK202310111896,136.8
EK202310132753,159.15
EK202310112173,142.1
EK202310167323,150.1
EK202310140969,134.85
EK202310214853,148.85
EK202310105928,131.85
EK202310213446,130.15
EK202310134309,143.4
EK202310177619,156.4
EK202310004283,130.05
EK202310176874,135.1
EK202310160131,129.8
EK202310201219,191.25
EK202310004099,141.05
EK202310167947,132.45
EK202310155342,136.4
EK202310209163,130.65
EK202310242285,136.8
EK202310215045,172.4
EK202310245674,148.85
EK202310192087,149.15
EK202310182851,152.95
EK202310184176,154.15
EK202310205303,157.4
EK202310108199,149.05
EK202310124913,157.2
EK202310140458,133.1
EK202310142132,142.75
EK202310147065,156.8
EK202310143393,132.7
EK202310139964,126.55
EK202310225775,152.4
EK202310127142,159.15
EK202310179582,138.2
EK202310207922,148.6
EK202310195810,167.35
EK202310178849,163.15
EK202310229124,143.65
EK202310113502,130.45
EK202310223610,130.65
EK202310147986,150.25
EK202310236813,140.2
EK202310176936,147.75
EK202310199151,139.55
EK202310192534,131.7
EK202310217624,130.35
EK202310003755,131.8
EK202310161830,129.15
EK202310243624,119.9
EK202310164105,125.65
EK202310179948,171.8
EK202310135310,157.5
EK202310004295,130.35
EK202310141079,143.55
EK202310225179,173.8
EK202310227335,138.75
EK202310161160,174.85
EK202310247623,170.6
EK202310206076,128.15
EK202310119053,145.55
EK202310139617,136.9
EK202310143241,121.9
EK202310115504,131.6
EK202320007161,137.25
EK202310183784,159.75
EK202310187344,176.2
EK202310185527,139.2
EK202310238290,144.95
EK202310140457,128.95
EK202310150648,132.65
EK202310223600,137.1
EK202310167530,146.65
EK202310224100,136.85
EK202310152786,139.35
EK202310135478,143.1
EK202310193078,133.6
EK202310155463,167.0
EK202310105582,142.45
EK202310135195,147.95
EK202320005552,145.25
EK202310228708,137.95
EK202310141498,136.7
EK202310193872,153.4
EK202310141414,172.5
EK202310151905,133.6
EK202310127407,146.25
EK202320006299,145.8
EK202310212343,139.7
EK202310168454,112.3
EK202310171479,140.35
EK202310110727,173.15
EK202310109806,135.25
EK202310229172,144.75
EK202310221527,128.65
EK202310136692,127.7
EK202310225939,132.1
EK202310128011,132.2
EK202310119451,135.25
EK202310240016,167.0
EK202310137412,135.35
EK202320006473,148.25
EK202310133714,148.3
EK202310182002,140.05
EK202310146885,150.9
EK202310228765,164.05
EK202310199335,148.55
EK202310144286,131.25
EK202310120179,153.0
EK202310125242,133.7
EK202310129853,154.2
EK202310105724,141.95
EK202310177232,123.9
EK202310240889,143.3
EK202310135626,132.2
EK202310182429,128.25
EK202310160815,144.55
EK202310161842,137.55
EK202310194125,134.5
EK202310163430,145.1
EK202310207741,131.35
EK202310202036,118.6
EK202310165652,123.8
EK202310136570,136.25
EK202310139028,170.85
EK202310163487,143.1
EK202310177984,159.3
EK202310239997,167.5
EK202310176249,167.5
EK202310152361,151.1
EK202310151709,134.65
EK202310135268,125.1
EK202310171919,150.95
EK202310122006,144.45
EK202310127839,140.65
EK202310219814,156.95
EK202310187560,135.2
EK202310113366,141.15
EK202310134748,118.45
EK202310208843,144.25
EK202310175338,143.4
EK202310124470,135.2
EK202310121775,131.9
EK202310237332,121.4
EK202310141855,156.8
EK202310154289,157.1
EK202310120044,132.6
EK202310192432,165.4
EK202310160195,162.2
EK202310105413,148.1
EK202310004863,142.3
EK202310138732,135.6
EK202310225944,129.9
EK202310239340,129.3
EK202310155959,159.35
EK202310177384,161.5
EK202310114746,131.25
EK202310156841,145.85
EK202310213654,126.75
EK202310210592,137.25
EK202310110296,138.5
EK202310240236,135.25
EK202310242957,138.15
EK202310163621,153.3
EK202310202691,141.5
EK202310127490,130.8
EK202310199512,161.15
EK202310155288,136.9
EK202310237968,157.85
EK202310118847,150.9
EK202310144769,126.9
EK202310212518,125.25
EK202320007577,133.6
EK202310244590,162.9
EK202310003432,135.15
EK202310242932,148.5
EK202310184880,144.1
EK202310208839,151.35
EK202310225707,141.05
EK202310196085,167.85
EK202310111047,139.5
EK202310149321,144.35
EK202310214602,148.6
EK202310190162,145.75
EK202310203789,132.25
EK202310165931,140.75
EK202310143768,145.65
EK202310226420,132.05
EK202310206883,133.0
EK202310230191,163.5
EK202310223966,146.1
EK202310118804,124.45
EK202310224984,124.7
EK202310221101,134.15
EK202310241759,141.3
EK202310219986,139.55
EK202310247113,138.7
EK202310136489,139.45
EK202310189176,154.2
EK202310201813,155.35
EK202310167143,145.8
EK202310245156,153.8
EK202310149980,151.6
EK202310238395,146.35
EK202310223767,137.25
EK202310118543,136.6
EK202310137202,108.9
EK202310245378,161.95
EK202310202917,142.55
EK202310120015,129.35
EK202310242744,136.05
EK202310170961,140.8
EK202310170849,135.35
EK202310108365,122.15
EK202310225302,141.6
EK202310141853,138.5
EK202310152952,152.55
EK202310118252,146.2
EK202310150764,128.1
EK202310188288,132.85
EK202310236699,147.3
EK202310228975,143.5
EK202310176364,131.8
EK202310148297,144.0
EK202310234706,131.6
EK202310202029,132.95
EK202310218635,123.55
EK202310187565,171.05
EK202310238217,133.05
EK202310144263,130.6
EK202310216046,127.3
EK202310240199,135.9
EK202310118761,139.95
EK202310118387,129.6
EK202310228319,124.25
EK202310188942,160.8
EK202310171922,147.15
EK202310205751,157.8
EK202310181387,155.45
EK202310194611,136.55
EK202310123903,135.95
EK202310201170,187.2
EK202310124579,136.0
EK202310225456,141.05
EK202310224047,145.6
EK202310168185,142.85
EK202310149367,147.0
EK202310222236,161.25
EK202310191402,146.25
EK202310216518,146.9
EK202310116323,123.15
EK202310229479,137.4
EK202310242068,152.1
EK202310172108,134.05
EK202310148960,138.7
EK202310203368,168.55
EK202310248782,133.8
EK202310130742,163.9
EK202310127431,139.05
EK202310166666,163.6
EK202310142516,142.1
EK202310171160,166.8
EK202310131980,145.45
EK202310230754,129.6
EK202310205660,130.15
EK202310195938,159.15
EK202310223018,129.05
EK202310189611,157.15
EK202310114061,138.1
EK202310168186,140.6
EK202310123079,132.3
EK202310142507,136.25
EK202310192082,132.9
EK202310116417,128.55
EK202310152679,123.05
EK202310186123,158.25
EK202310187670,136.7
EK202310199114,150.25
EK202310144744,122.35
EK202310171906,146.45
EK202310222160,131.95
EK202310202383,135.65
EK202310133543,158.8
EK202310240197,164.9
EK202310224654,141.95
EK202310159827,164.0
EK202310129302,175.2
EK202310220687,132.7
EK202310137416,130.75
EK202310195263,161.3
EK202310226117,131.05
EK202310177937,148.4
EK202310224977,123.65
EK202310104811,162.5
EK202310202225,138.55
EK202310198252,134.0
EK202310169634,161.85
EK202310141724,154.75
EK202310132515,134.45
EK202310222595,136.55
EK202310245206,162.6
EK202310206384,158.45
EK202310131595,138.0
EK202310114450,129.85
EK202310193999,124.8
EK202310153211,125.4
EK202310168571,173.55
EK202310117487,125.65
EK202310147040,155.7
EK202310164747,149.3
EK202310185539,163.15
EK202310180947,167.4
EK202310209467,128.55
EK202310197453,136.2
EK202310241952,144.15
EK202310171659,141.3
EK202310121984,138.9
EK202310145988,143.85
EK202310227472,173.05
EK202310158925,163.55
EK202310161059,167.7
EK202310246350,145.75
EK202310204768,152.95
EK202310245196,148.85
EK202310134281,149.1
EK202310232567,148.05
EK202310187864,157.85
EK202310175599,146.9
EK202310137474,126.2
EK202310214594,135.5
EK202310176570,132.55
EK202310143525,128.6
EK202310216731,137.9
EK202310182951,147.7
EK202310195606,169.0
EK202310003354,130.4
EK202310003704,153.4
EK202310207753,142.65
EK202310108512,143.35
EK202310230571,141.3
EK202310210082,149.6
EK202310191492,145.5
EK202310113969,123.55
EK202310123941,132.55
EK202310135080,157.5
EK202310117802,124.35
EK202310158376,139.15
EK202310140051,151.9
EK202310230366,136.0
EK202310138959,161.75
EK202310112243,159.7
EK202310142973,171.1
EK202310179563,157.75
EK202310213686,136.55
EK202310207985,139.95
EK202310169142,122.4
EK202310189846,152.5
EK202310217981,147.25
EK202310168427,154.4
EK202310165111,134.95
EK202310211489,130.0
EK202310164721,154.6
EK202310192084,135.45
EK202310155310,138.55
EK202310207807,142.65
EK202310167274,139.4
EK202310232098,147.25
EK202310246400,148.5
EK202310181247,149.5
EK202310146677,135.95
EK202310199983,151.25
EK202310198892,139.95
EK202310118490,161.2
EK202310218556,151.5
EK202310209766,158.9
EK202310201549,141.6
EK202310227205,138.0
EK202310201879,133.55
EK202310208984,128.65
EK202310172280,133.25
EK202310127074,133.6
EK202310003431,135.85
EK202310128481,130.2
EK202310191056,115.7
EK202310224670,135.9
EK202310148699,140.1
EK202310186655,170.4
EK202310145129,152.2
EK202310141368,138.55
EK202310215091,153.0
EK202310131768,128.6
EK202310169680,134.05
EK202310215558,163.2
EK202310235372,149.4
EK202310123185,125.75
EK202310188811,130.35
EK202310160442,143.1
EK202310190513,152.4
EK202310174071,157.7
EK202310226475,137.85
EK202310124362,125.55
EK202310217706,147.75
EK202310226498,150.9
EK202310237132,127.65
EK202310156490,173.75
EK202310161525,149.95
EK202310233261,148.5
EK202310183188,151.7
EK202310204179,141.4
EK202310221970,127.0
EK202310136055,146.6
EK202310192784,147.8
EK202310154098,142.4
EK202310195221,158.25
EK202310247669,196.5
EK202320006739,180.8
EK202310143079,131.25
EK202310157780,136.75
EK202310122685,135.05
EK202310228079,139.1
EK202310178496,142.4
EK202310108793,157.5
EK202310243880,142.8
EK202310108022,158.0
EK202310127023,137.4
EK202310114813,132.65
EK202310211046,121.05
EK202310139161,123.25
EK202310165288,137.55
EK202310245913,128.2
EK202310216026,150.5
EK202310132021,142.4
EK202310206339,151.0
EK202310216740,135.15
EK202310210301,143.3
EK202310167900,150.7
EK202310173409,135.6
EK202310144428,161.45
EK202310194970,147.05
EK202310105005,118.65
EK202310108090,138.4
EK202310229406,151.5
EK202310152037,132.15
EK202310204361,143.8
EK202310114029,118.3
EK202310158725,157.35
EK202310158027,141.6
EK202310148586,131.95
EK202310237068,135.2
EK202310144709,145.2
EK202310161357,121.7
EK202310124452,132.4
EK202310131605,162.55
EK202310162054,150.0
EK202310181680,182.35
EK202310117645,130.25
EK202310147699,110.85
EK202310153309,135.35
EK202310184492,144.25
EK202310104645,140.3
EK202310137713,138.05
EK202310243221,149.2
EK202310156335,142.45
EK202310197583,191.45
EK202310137359,136.9
EK202310130956,137.05
EK202310171369,156.0
EK202310232324,143.75
EK202310172995,135.3
EK202310134239,152.85
EK202310243506,143.35
EK202310163154,130.25
EK202310127929,141.65
EK202310202227,128.7
EK202310139348,140.45
EK202310158547,148.45
EK202310236863,134.75
EK202310179959,164.4
EK202310195894,121.7
EK202310229850,132.1
EK202310242435,144.65
EK202310135502,124.3
EK202310229084,138.85
EK202310118049,130.55
EK202310201122,185.9
EK202310109875,138.65
EK202310196757,141.3
EK202310139569,168.6
EK202310107377,134.3
EK202310116923,147.55
EK202310228873,138.15
EK202310218754,125.55
EK202310154272,142.9
EK202310231169,140.6
EK202310217977,157.05
EK202310222555,150.65
EK202310162130,161.7
EK202310112323,145.4
EK202310159262,135.45
EK202310151594,133.25
EK202310163721,126.35
EK202310149061,150.55
EK202310147880,161.4
EK202310212050,147.45
EK202310117729,137.35
EK202310107629,144.25
EK202310139317,122.9
EK202310179272,151.25
EK202310121894,150.95
EK202310139188,141.25
EK202310167435,156.75
EK202310228964,139.35
EK202310113550,137.1
EK202310180850,154.8
EK202310105563,137.75
EK202310110748,132.45
EK202310234819,132.6
EK202310154339,146.1
EK202310210307,130.95
EK202310239873,135.4
EK202310183383,133.5
EK202310193557,135.65
EK202310228033,135.05
EK202310167532,154.35
EK202310222264,130.1
EK202310106581,153.1
EK202310221125,131.9
EK202310165054,141.15
EK202310150415,159.35
EK202310233802,139.1
EK202310190617,125.25
EK202310106410,135.45
EK202310216886,134.0
EK202310115900,134.55
EK202310104935,148.4
EK202310129722,167.1
EK202310120948,133.6
EK202310164436,137.55
EK202310122507,135.7
EK202310160593,162.95
EK202310210615,133.0
EK202310132871,127.4
EK202310237902,128.0
EK202310231150,132.25
EK202310165528,142.45
EK202310244497,130.75
EK202310107512,139.7
EK202310120477,134.7
EK202310229593,138.35
EK202310126986,132.9
EK202310175535,143.3
EK202310148104,132.3
EK202310201431,142.45
EK202310148767,149.5
EK202310113034,129.25
EK202310209227,148.15
EK202310114309,127.35
EK202310174763,146.25
EK202310236793,134.35
EK202310177429,128.5
EK202310167536,124.95
EK202310141576,150.3
EK202310213488,136.7
EK202310162322,150.1
EK202310130610,123.75
EK202310152488,141.35
EK202310151734,147.95
EK202310155060,125.2
EK202310226481,139.75
EK202310119174,143.75
EK202310180130,129.25
EK202310104489,154.65
EK202310195688,136.3
EK202310132973,139.25
EK202310135035,180.2
EK202310167150,121.0
EK202310195252,139.45
EK202310127294,163.75
EK202310140484,137.15
EK202310119854,150.8
EK202310248841,137.05
EK202320007808,143.25
EK202310199228,132.9
EK202310184715,131.7
EK202320007242,150.35
EK202310147415,159.7
EK202310171570,151.35
EK202310110477,108.9
EK202310113604,160.85
EK202320006431,156.9
EK202310121838,128.35
EK202310148733,155.3
EK202310148335,138.0
EK202310113968,132.05
EK202310231455,134.8
EK202310203454,139.3
EK202310191708,127.35
EK202310109582,147.75
EK202310203719,126.2
EK202310201332,157.55
EK202310204835,133.5
EK202310131213,157.4
EK202310155687,140.5
EK202310178634,145.5
EK202310115110,135.3
EK202310201445,151.3
EK202310233989,131.1
EK202310226621,144.05
EK202310182124,158.35
EK202310129960,141.45
EK202310172024,145.05
EK202310124587,137.25
EK202310180490,146.2
EK202310218866,140.8
EK202310145486,124.2
EK202310243783,146.85
EK202310163544,128.1
EK202310245299,145.95
EK202310185466,137.25
EK202310114372,151.2
EK202310132954,146.2
EK202310156324,140.65
EK202310237016,138.75
EK202310214641,153.65
EK202310106858,103.65
EK202310182500,151.75
EK202310125749,138.4
EK202310201978,126.55
EK202310112112,145.9
EK202310243292,152.05
EK202310192897,136.7
EK202310173512,139.9
EK202310125634,137.55
EK202310165797,134.3
EK202310213138,151.85
EK202310211642,135.95
EK202310156317,135.1
EK202310154649,167.65
EK202310198938,144.6
EK202310175465,125.75
EK202310187555,133.8
EK202310183448,182.85
EK202310205101,151.55
EK202310201536,133.75
EK202310131221,117.8
EK202310242173,160.65
EK202310195317,130.1
EK202310139267,150.5
EK202310189575,175.65
EK202310186883,131.05
EK202310184286,183.75
EK202310194270,136.15
EK202310003611,140.2
EK202310189126,143.75
EK202310179964,171.2
EK202310118181,136.9
EK202310220832,138.1
EK202310203022,144.0
EK202310205592,167.6
EK202310128283,128.7
EK202310214279,133.9
EK202310175101,145.9
EK202310116399,138.35
EK202310132303,136.75
EK202310147925,144.55
EK202310219063,153.25
EK202310197713,151.9
EK202310165104,129.0
EK202310198835,160.55
EK202310230554,138.4
EK202310103890,122.9
EK202310152894,182.2
EK202310156771,147.4
EK202310239166,147.4
EK202310157043,164.2
EK202310158767,147.85
EK202310231819,167.55
EK202310162990,137.85
EK202310237033,171.65
EK202310220279,135.5
EK202310105088,137.55
EK202310183088,127.95
EK202310134719,151.85
EK202310126509,137.3
EK202310113028,127.3
EK202320007641,144.0
EK202310194771,131.45
EK202310193624,129.35
EK202310178811,177.55
EK202310127140,158.85
EK202310193675,162.0
EK202310208947,133.3
EK202310242072,155.2
EK202310129762,157.95
EK202310178638,146.35
EK202310208504,133.9
EK202310131365,159.8
EK202310118546,128.3
EK202310245144,126.45
EK202310142879,143.85
EK202310197920,157.75
EK202310182216,137.85
EK202310163824,137.05
EK202310247357,147.8
EK202310145691,136.9
EK202310176063,164.7
EK202320006459,137.7
EK202310227785,138.45
EK202310189723,175.75
EK202310182881,172.35
EK202310196251,131.15
EK202310212183,134.0
EK202310165884,126.55
EK202310162354,169.85
EK202320006915,152.9
EK202310152978,166.6
EK202310186596,175.6
EK202310184203,141.8
EK202310115228,132.55
EK202310187250,162.4
EK202310199882,168.25
EK202310247733,159.95
EK202310142093,143.65
EK202310192250,154.55
EK202310161127,178.55
EK202310227929,137.0
EK202310144416,138.6
EK202310129300,149.95
EK202310132887,141.5
EK202320007268,142.75
EK202310117763,123.8
EK202310135610,124.7
EK202310108226,144.0
EK202310197484,173.6
EK202310220905,129.8
EK202310210612,144.0
EK202310199825,132.0
EK202310167815,107.45
EK202310222270,128.05
EK202310218829,130.35
EK202310158524,141.05
EK202310227353,142.0
EK202310105993,144.15
EK202310128862,127.95
EK202320005603,149.6
EK202310145543,157.85
EK202310226964,118.55
EK202310106404,164.15
EK202310158792,143.05
EK202310169557,151.7
EK202320007615,153.7
EK202310244340,134.4
EK202310241009,129.6
EK202310173004,152.55
EK202310229814,136.75
EK202310136774,132.25
EK202310134670,144.7
EK202310125653,147.95
EK202310104378,125.95
EK202310114092,129.9
EK202310242755,133.05
EK202310175831,158.65
EK202310123102,128.85
EK202310246196,140.85
EK202310164308,133.25
EK202310164001,129.95
EK202310127733,174.05
EK202310107896,140.1
EK202310196209,174.7
EK202310164751,150.2
EK202310180897,139.25
EK202310217788,142.3
EK202310193711,145.15
EK202310244316,154.45
EK202310224163,132.0
EK202310104994,135.75
EK202310140073,172.3
EK202310188584,160.65
EK202310110511,126.85
EK202310231033,147.5
EK202310178461,166.0
EK202310167965,144.5
EK202310106027,138.75
EK202310193439,132.75
EK202310151107,136.95
EK202310196605,136.25
EK202310218318,163.6
EK202310195078,133.35
EK202310148837,170.8
EK202310127102,166.5
EK202310114514,141.9
EK202310121553,119.75
EK202310172559,135.6
EK202310151216,124.35
EK202310128073,134.55
EK202310108605,137.95
EK202310201812,142.4
EK202310190862,138.5
EK202310223367,172.1
EK202310217222,131.9
EK202310171756,165.35
EK202320006771,160.25
EK202310124052,138.3
EK202310221124,113.85
EK202310154368,130.5
EK202310155273,132.0
EK202310161608,140.75
EK202310176630,140.6
EK202310158951,144.5
EK202310223924,142.95
EK202310187178,164.2
EK202310189441,176.4
EK202310193808,175.6
EK202310117653,136.75
EK202320006281,141.25
EK202310104452,135.55
EK202310170998,155.25
EK202310247137,153.25
EK202310207587,153.8
EK202310224054,136.1
EK202310124503,137.95
EK202310111608,153.9
EK202310169517,136.0
EK202310177572,151.7
EK202320005767,128.95
EK202310194290,134.2
EK202310115205,158.1
EK202310227698,129.95
EK202310120637,130.7
EK202310143976,136.6
EK202310246533,121.85
EK202310244741,149.9
EK202310163421,133.05
EK202310169247,157.05
EK202310136860,145.1
EK202310217749,137.55
EK202310128152,129.25
EK202310193309,160.55
EK202310243321,170.5
EK202310152737,132.35
EK202310187887,163.05
EK202310150896,141.35
EK202310123219,137.4
EK202310166345,136.6
EK202310163457,155.6
EK202310218300,150.25
EK202310177093,126.3
EK202310123434,150.2
EK202310226930,114.05
EK202310210088,167.9
EK202310190936,149.6
EK202310127583,138.55
EK202310185141,145.45
EK202310138333,133.1
EK202310143408,136.1
EK202310147317,136.85
EK202310127752,136.6
EK202310248048,150.65
EK202310109094,132.3
EK202310230897,134.6
EK202310229240,148.3
EK202310158776,133.4
EK202310178235,150.15
EK202310153456,129.95
EK202310125365,140.65
EK202310228431,129.1
EK202310177613,172.55
EK202310230016,130.1
EK202310124464,137.3
EK202310160084,161.35
EK202310230147,134.6
EK202310154253,149.3
EK202310180390,138.55
EK202310126260,133.95
EK202310110447,132.15
EK202310225162,141.2
EK202310127787,124.45
EK202310127024,133.95
EK202310123897,146.75
EK202310191044,147.45
EK202310107279,133.6
EK202310222709,139.6
EK202310158190,142.9
EK202310226271,131.75
EK202310227119,147.95
EK202310180033,146.9
EK202310113831,122.85
EK202310127200,144.4
EK202310234951,148.4
EK202310113479,143.1
EK202310207326,142.4
EK202310227319,159.45
EK202310230874,138.3
EK202310139589,144.5
EK202310114753,136.95
EK202310121349,129.65
EK202310202957,164.75
EK202310159641,163.25
EK202310176020,148.15
EK202310163367,141.5
EK202310186524,140.35
EK202310221903,144.1
EK202310161048,148.4
EK202310187444,143.65
EK202310127440,128.6
EK202310218146,154.4
EK202310150639,174.55
EK202310233888,139.95
EK202310209197,160.55
EK202310143716,183.85
EK202310104198,133.05
EK202310154483,139.1
EK202310167981,145.15
EK202310180723,134.45
EK202310196829,123.65
EK202310115909,131.4
EK202310142747,161.0
EK202310168568,145.65
EK202310116790,130.4
EK202310246722,123.2
EK202310201508,149.2
EK202310184072,145.75
EK202310243865,129.65
EK202310210914,134.3
EK202310239276,142.55
EK202310215006,173.9
EK202310104899,152.2
EK202310123211,126.3
EK202310139857,147.65
EK202310229104,126.25
EK202310225758,139.9
EK202310154150,126.75
EK202310151559,141.25
EK202310121018,164.6
EK202310139751,128.4
EK202310130814,136.05
EK202310226459,144.95
EK202310144732,135.15
EK202310159300,164.4
EK202310216298,132.1
EK202310108276,139.95
EK202310132846,146.35
EK202310146926,142.6
EK202310205179,143.4
EK202310172161,149.75
EK202310206115,155.6
EK202310197301,136.35
EK202310172771,133.3
EK202310109812,148.2
EK202310152808,132.45
EK202310121442,150.05
EK202310136433,127.85
EK202310242312,125.55
EK202310104384,134.15
EK202310199318,135.15
EK202310135620,165.1
EK202310153631,142.1
EK202310133022,120.95
EK202310112038,132.1
EK202310200944,155.85
EK202310209272,144.25
EK202310221651,131.0
EK202310147889,156.1
EK202310004590,129.65
EK202310196915,174.9
EK202310186595,160.65
EK202310104696,149.4
EK202310144577,155.75
EK202310169285,132.7
EK202310184084,147.5
EK202310132378,132.55
EK202310246159,170.65
EK202310202358,126.55
EK202310159800,141.25
EK202310209349,157.45
EK202310200523,128.15
EK202310231409,144.8
EK202310125721,139.15
EK202310150276,160.5
EK202310197223,135.0
EK202310160408,158.25
EK202310213557,132.2
EK202310218382,144.9
EK202310209694,149.15
EK202310211465,145.6
EK202310227036,152.0
EK202310168055,127.1
EK202310173868,130.6
EK202310235783,135.75
EK202310182758,154.5
EK202310202200,141.95
EK202310114988,143.05
EK202310176929,146.85
EK202310121237,151.15
EK202310152253,133.45
EK202310226416,150.1
EK202310140761,154.45
EK202310200743,162.4
EK202310165360,138.15
EK202310235685,163.65
EK202310238675,143.95
EK202310191990,138.6
EK202310149927,144.6
EK202310196613,145.7
EK202310138650,133.75
EK202310135837,137.75
EK202310004179,148.35
EK202310202844,131.55
EK202310156145,133.7
EK202310137772,131.45
EK202310139643,165.2
EK202310190140,146.1
EK202310182976,137.4
EK202310140267,154.65
EK202310149614,151.45
EK202310188618,148.0
EK202310153165,138.05
EK202310239729,135.35
EK202310104290,137.55
EK202310237254,139.55
EK202310127230,142.1
EK202310133287,150.5
EK202310196943,147.25
EK202310154405,135.05
EK202310235085,141.95
EK202310144062,142.6
EK202310185906,137.1
EK202310133676,155.3
EK202310196801,152.1
EK202310223356,140.3
EK202310174845,166.85
EK202310131724,126.55
EK202310227778,143.25
EK202310139935,122.55
EK202310109785,150.05
EK202310162467,144.15
EK202310190820,136.75
EK202310111438,144.8
EK202310202344,149.35
EK202310128622,150.6
EK202310239716,137.8
EK202310206350,177.55
EK202310137152,135.25
EK202310186456,147.2
EK202310247836,131.6
EK202310239485,142.65
EK202310192860,138.9
EK202310130413,146.2
EK202310193922,153.5
EK202310181806,124.55
EK202310121213,126.15
EK202320006017,164.15
EK202310123080,142.2
EK202310155988,146.45
EK202310126966,145.55
EK202310189745,149.25
EK202310203961,136.4
EK202310118179,142.8
EK202310109004,143.8
EK202310003506,133.6
EK202310106808,136.4
EK202310242146,139.0
EK202310114687,153.05
EK202310139155,142.05
EK202310229903,123.65
EK202310170375,125.3
EK202310199839,149.35
EK202310112897,136.4
EK202310221448,151.9
EK202310191215,151.9
EK202310221051,148.75
EK202310221033,131.8
EK202310224111,133.95
EK202310217504,128.65
EK202310179120,137.15
EK202310106293,116.05
EK202310228948,128.6
EK202310192129,137.9
EK202310109160,118.4
EK202310170771,138.85
EK202310242806,139.35
EK202310175538,151.45
EK202310149012,151.0
EK202310104532,155.2
EK202310212068,155.7
EK202310123340,156.55
EK202310131077,141.05
EK202310148068,139.95
EK202310190251,135.0
EK202310174004,152.45
EK202310156599,134.65
EK202310153023,149.05
EK202310145554,153.75
EK202310160744,168.05
EK202310185195,139.0
EK202320006590,163.65
EK202310129886,145.15
EK202310124625,148.55
EK202310188309,148.25
EK202310142832,161.7
EK202310183119,131.7
EK202310105045,154.15
EK202310170611,130.4
EK202310155999,155.65
EK202310230234,137.45
EK202310103794,153.65
EK202310241301,160.3
EK202310202926,168.15
EK202310247420,154.0
EK202310165584,181.9
EK202310179695,130.85
EK202310164314,136.65
EK202310155082,139.8
EK202310145770,131.35
EK202310247538,156.3
EK202310214111,172.9
EK202310181544,141.55
EK202310151024,142.2
EK202310229794,129.95
EK202310125839,128.75
EK202310128797,130.85
EK202310147449,138.4
EK202310211288,125.45
EK202310165604,125.15
EK202310140481,134.1
EK202310154542,154.9
EK202310213091,123.3
EK202310248733,129.05
EK202310152930,183.9
EK202320006866,148.85
EK202310216477,125.35
EK202310181197,153.95
EK202310244809,131.7
EK202310111806,140.1
EK202310106490,143.95
EK202310145258,122.9
EK202310205168,136.35
EK202310157331,154.95
EK202310163882,120.65
EK202310129546,123.45
EK202310148414,131.35
EK202310224909,132.05
EK202310165479,129.25
EK202310170016,133.35
EK202310182759,141.1
EK202310111689,140.65
EK202310202711,140.75
EK202310201534,144.15
EK202310113940,133.5
EK202310114299,139.4
EK202310203251,156.3
EK202310143744,169.1
EK202310149498,142.45
EK202310217908,130.3
EK202310211929,123.45
EK202310149164,153.5
EK202310164565,130.85
EK202310210725,147.65
EK202310121120,134.5
EK202310216961,139.85
EK202310172951,145.9
EK202310230076,133.65
EK202310214365,157.25
EK202310120411,143.45
EK202310233763,142.3
EK202310189756,144.85
EK202310180908,146.5
EK202310163595,132.5
EK202310117226,140.05
EK202310133078,137.15
EK202310214364,127.65
EK202310216563,146.6
EK202310233460,125.65
EK202310145609,155.6
EK202310224257,131.45
EK202310192247,139.4
EK202310205631,143.95
EK202310231421,138.0
EK202310226086,121.55
EK202310237602,126.1
EK202310136602,130.0
EK202310122474,131.5
EK202310188932,145.95
EK202310138201,117.8
EK202310194378,175.65
EK202310214991,174.7
EK202310225525,142.5
EK202310134214,148.65
EK202310195862,131.7
EK202310159199,140.45
EK202310155737,134.05
EK202310170011,133.0
EK202310201630,149.5
EK202310226552,137.1
EK202310160002,127.2
EK202310151703,146.6
EK202310143816,139.1
EK202310232638,156.95
EK202310114002,130.65
EK202310129927,141.05
EK202310203267,149.6
EK202310177954,142.15
EK202310153060,145.35
EK202310111529,135.0
EK202310137725,128.0
EK202310166343,139.8
EK202310186809,132.55
EK202310144953,146.2
EK202310122463,132.4
EK202310134204,154.4
EK202310150378,138.35
EK202310237288,149.0
EK202310248480,137.95
EK202310004124,141.6
EK202310003566,131.9
EK202310213203,140.4
EK202310124344,135.1
EK202310228408,173.05
EK202310232131,134.35
EK202310118742,153.7
EK202310134004,140.8
EK202310247397,141.9
EK202310239190,133.25
EK202310246475,136.45
EK202310198578,142.5
EK202310215084,135.3
EK202310105260,150.1
EK202310165433,144.15
EK202310140038,150.9
EK202310107453,149.7
EK202310221064,133.75
EK202310120243,160.35
EK202310184845,156.35
EK202310176066,140.95
EK202310227077,133.6
EK202310144370,130.8
EK202310162124,123.25
EK202310110699,146.25
EK202310153084,138.75
EK202310160786,131.65
EK202310242308,136.7
EK202310194163,141.55
EK202310105869,140.05
EK202310214672,164.5
EK202310145840,151.45
EK202310178975,142.8
EK202310189351,182.15
EK202310180495,140.7
EK202310202435,132.45
EK202310111129,132.25
EK202310157646,146.85
EK202310227821,138.15
EK202310142018,131.85
EK202310176861,161.2
EK202310228822,133.35
EK202310142217,153.4
EK202310237859,148.25
EK202310146830,131.1
EK202310152183,151.0
EK202310179889,144.6
EK202310217535,143.85
EK202310111073,145.75
EK202310228103,150.35
EK202310171811,148.2
EK202310224290,146.75
EK202310108057,148.85
EK202310240225,170.0
EK202310240301,143.35
EK202310126961,139.1
EK202310235847,151.6
EK202310107011,141.45
EK202310185554,151.6
EK202310224213,133.7
EK202310132189,127.1
EK202310193327,182.55
EK202310230501,130.15
EK202310130145,154.55
EK202310188675,166.05
EK202310155036,128.9
EK202310177355,151.05
EK202310139948,131.75
EK202310119442,132.0
EK202310133620,125.25
EK202310202179,165.75
EK202310217546,133.9
EK202310182683,140.05
EK202310184843,135.95
EK202310108718,146.1
EK202310159849,158.45
EK202310004889,140.75
EK202320006575,160.0
EK202310209060,156.35
EK202310104959,129.7
EK202310182681,139.5
EK202310145101,144.8
EK202310134497,126.45
EK202310120585,132.25
EK202310198684,152.3
EK202310109466,139.85
EK202310106981,138.5
EK202310004230,136.85
EK202310173364,127.4
EK202310164220,137.75
EK202310207890,136.4
EK202310134470,130.0
EK202310124056,125.9
EK202310185859,133.1
EK202310160054,154.35
EK202310246219,166.05
EK202310196525,128.35
EK202310193933,151.55
EK202310144345,129.15
EK202310004466,167.8
EK202310168682,160.15
EK202310231230,132.85
EK202310206143,123.8
EK202310120180,141.05
EK202310208027,130.35
EK202310211315,125.65
EK202310176576,144.8
EK202310174969,131.45
EK202310210179,128.4
EK202310217528,138.8
EK202310238600,128.65
EK202310236054,127.25
EK202310137936,133.1
EK202310222493,144.5
EK202310171713,138.1
EK202310171703,132.7
EK202310132101,150.35
EK202310136177,126.15
EK202310222204,137.2
EK202310198438,144.7
EK202310198847,156.45
EK202310212204,135.1
EK202310158611,134.4
EK202310214429,141.4
EK202310197505,137.7
EK202310155317,166.2
EK202310103873,131.45
EK202310203439,132.3
EK202310205578,180.75
EK202310114493,133.5
EK202310192330,134.8
EK202310150257,135.85
EK202310212345,133.4
EK202310166764,145.1
EK202310173381,143.6
EK202310129246,145.9
EK202310198977,194.85
EK202310111435,145.1
EK202310210569,157.05
EK202310216496,148.85
EK202310159176,141.05
EK202310205779,141.2
EK202310160097,158.65
EK202310144776,124.35
EK202310232327,149.9
EK202310177826,168.4
EK202310232783,125.25
EK202310247658,126.6
EK202310192257,153.9
EK202310105522,155.4
EK202310110676,128.05
EK202310175277,136.85
EK202310222480,129.65
EK202310244692,140.7
EK202310238299,142.0
EK202310196847,144.8
EK202310219030,132.1
EK202310003531,127.05
EK202310216422,135.85
EK202310112977,149.35
EK202310184951,178.35
EK202310195157,158.05
EK202310107454,146.85
EK202310139967,126.75
EK202310150754,138.3
EK202310136822,138.85
EK202310219114,125.1
EK202310200603,178.8
EK202310141838,130.55
EK202310148763,145.75
EK202310234275,142.85
EK202310219816,146.1
EK202310105056,143.1
EK202310164743,141.2
EK202310132814,147.05
EK202310188510,124.65
EK202310190625,141.4
EK202310133363,137.4
EK202310164850,147.15
EK202310112766,138.5
EK202310242743,127.4
EK202310167944,158.0
EK202310174056,143.0
EK202310196467,140.95
EK202310112347,138.3
EK202310183616,132.25
EK202310169352,160.55
EK202310209027,160.5
EK202310223654,152.25
EK202310118853,140.75
EK202310161978,161.25
EK202310226345,151.25
EK202310229817,133.8
EK202310163424,133.05
EK202310230830,138.1
EK202310181485,136.3
EK202310173117,145.2
EK202310191342,142.35
EK202310205302,161.15
EK202310122843,131.45
EK202310201365,146.55
EK202310164039,151.0
EK202310176835,153.0
EK202310240788,126.35
EK202310112640,159.75
EK202310181638,131.6
EK202310233877,134.75
EK202310107169,130.75
EK202310178789,145.0
EK202310152645,136.6
EK202310139143,138.35
EK202310185606,134.7
EK202310236253,124.05
EK202310188369,125.15
EK202310138500,137.15
EK202310231971,143.2
EK202310194339,114.75
EK202310175771,163.95
EK202310109100,155.85
EK202310196714,136.65
EK202310135780,133.55
EK202310177286,142.05
EK202310162248,168.1
EK202310113556,154.85
EK202310225632,141.55
EK202310247856,127.6
EK202310178852,127.4
EK202310163577,152.45
EK202310151357,129.5
EK202310111121,142.2
EK202310181600,157.1
EK202310194358,160.8
EK202310202153,174.0
EK202310105466,132.05
EK202310216384,136.05
EK202310153150,150.4
EK202310230780,143.65
EK202310248548,128.9
EK202310121252,133.55
EK202310201045,136.25
EK202310208942,144.5
EK202310173243,148.15
EK202310183907,167.7
EK202310152258,140.55
EK202310151886,132.95
EK202310124883,132.55
EK202310206942,158.55
EK202310186343,136.4
EK202310199252,141.3
EK202310153785,142.6
EK202310119274,139.3
EK202310229019,132.45
EK202310003459,141.7
EK202310215837,132.65
EK202310104012,161.85
EK202310226825,155.05
EK202310112000,128.3
EK202310228139,135.05
EK202310195964,144.5
EK202310196447,142.25
EK202310133431,158.3
EK202310148207,141.4
EK202310208262,152.6
EK202310234548,131.35
EK202310110644,173.95
EK202310112284,131.5
EK202310185528,168.9
EK202310120181,127.75
EK202310155062,137.05
EK202310141339,137.75
EK202320007364,134.9
EK202310153420,131.35
EK202310168023,160.5
EK202310136980,182.2
EK202310109577,145.3
EK202310242836,152.15
EK202310245264,136.0
EK202310156259,133.7
EK202310190170,146.15
EK202310248085,136.3
EK202310236610,142.95
EK202310127984,128.4
EK202310151526,168.9
EK202310183833,133.6
EK202310181035,127.2
EK202310209277,130.45
EK202310208187,148.2
EK202310113331,130.65
EK202310130050,163.55
EK202310210098,159.5
EK202310131769,140.6
EK202310182943,159.0
EK202310245900,142.75
EK202310112562,150.15
EK202310112368,157.6
EK202310153158,141.9
EK202310246187,158.1
EK202310158259,183.95
EK202310191908,161.85
EK202310229177,132.85
EK202310173976,120.35
EK202310235029,141.85
EK202310160651,137.5
EK202310104176,144.35
EK202310163031,137.25
EK202310189284,174.25
EK202310203767,139.7
EK202310153903,127.6
EK202310163959,125.4
EK202310175696,144.75
EK202310196551,133.35
EK202310130357,128.6
EK202310227070,177.05
EK202310223980,153.4
EK202320005716,130.25
EK202310191016,158.9
EK202310159308,159.8
EK202310157506,129.1
EK202310205339,164.9
EK202310173591,160.75
EK202310212415,138.55
EK202310152400,117.55
EK202310116809,141.7
EK202310223921,161.35
EK202310136881,137.75
EK202310197683,154.85
EK202310119242,148.85
EK202310156431,139.9
EK202310142993,163.15
EK202310190357,138.9
EK202310138818,130.15
EK202310180708,129.15
EK202310171205,146.1
EK202310205536,136.65
EK202310178501,139.2
EK202310114516,146.25
EK202310217959,127.7
EK202310197130,152.8
EK202310175335,150.5
EK202310106557,166.2
EK202310228468,142.55
EK202310107166,141.35
EK202310187850,162.6
EK202310231655,131.6
EK202320005951,148.05
EK202310110395,107.55
EK202310229554,147.0
EK202310129150,133.55
EK202310245507,153.35
EK202310165967,137.1
EK202310139144,128.75
EK202310205378,140.65
EK202310118211,130.4
EK202310117975,134.75
EK202310246423,122.35
EK202310224264,137.15
EK202310157523,129.7
EK202310136806,147.55
EK202310209414,147.95
EK202310105657,139.3
EK202310227287,132.8
EK202310143495,156.5
EK202310104202,138.4
EK202310132179,139.6
EK202310192107,146.65
EK202310201701,136.25
EK202310204228,139.55
EK202310204465,164.85
EK202310220504,158.75
EK202310190283,148.45
EK202310220919,148.05
EK202310136224,133.55
EK202310229439,139.8
EK202310201973,135.95
EK202310233266,141.6
EK202310120402,151.4
EK202310203268,131.2
EK202310103759,138.95
EK202310206364,164.85
EK202310239486,125.5
EK202310167126,140.6
EK202310172738,124.75
EK202310225872,149.75
EK202310124187,140.55
EK202310230657,151.0
EK202310219193,129.6
EK202310169804,154.0
EK202310214791,140.15
EK202310130499,141.2
EK202310125258,134.65
EK202310217221,141.65
EK202310244345,157.8
EK202310130692,123.65
EK202310225290,166.4
EK202310202584,164.4
EK202310165777,142.05
EK202310173066,148.15
EK202310142994,162.15
EK202310146665,137.45
EK202310213439,135.5
EK202310239350,138.05
EK202310187146,163.05
EK202310141831,154.6
EK202310181405,174.55
EK202310218983,130.85
EK202310224271,146.45
EK202310141723,145.95
EK202310191900,143.2
EK202310179485,151.95
EK202310162868,141.8
EK202310182366,127.65
EK202310148108,138.0
EK202310160133,153.95
EK202310166838,156.5
EK202310209189,125.55
EK202310135477,144.55
EK202310136211,127.25
EK202310211907,145.05
EK202310204224,135.9
EK202310003420,125.35
EK202310111245,135.95
EK202310155528,128.75
EK202310116420,154.2
EK202310163647,128.55
EK202310004316,146.8
EK202310136565,135.95
EK202310242785,131.85
EK202310142669,135.4
EK202310113336,129.5
EK202310147196,158.65
EK202310198324,173.3
EK202310143104,156.05
EK202310112994,134.3
EK202310175359,157.85
EK202310185406,158.2
EK202310179778,143.4
EK202310112667,138.0
EK202310194252,127.85
EK202310147035,140.95
EK202310111219,168.2
EK202310214524,137.35
EK202310232716,145.2
EK202310105019,118.4
EK202310234559,144.0
EK202310173427,166.85
EK202310195378,154.2
EK202310134112,126.6
EK202310181301,127.35
EK202310214980,147.3
EK202310238261,137.45
EK202310130718,142.65
EK202310147373,147.3
EK202310168667,155.8
EK202310225226,168.75
EK202310118349,140.65
EK202310157718,136.45
EK202310187448,136.85
EK202310181860,144.3
EK202310236193,175.7
EK202310152103,159.15
EK202310136089,178.95
EK202310238835,145.1
EK202310142264,144.55
EK202310198539,141.7
EK202310190468,128.3
EK202320006389,140.15
EK202310148444,147.35
EK202310149959,148.1
EK202310228555,146.9
EK202310105501,147.15
EK202310119203,142.4
EK202310232306,136.35
EK202310182557,144.45
EK202310213342,130.8
EK202310167646,179.35
EK202310195462,158.2
EK202310171718,146.5
EK202310150737,142.65
EK202310207739,144.65
EK202310121660,130.65
EK202310205678,137.65
EK202310242815,128.4
EK202310193926,130.5
EK202310169215,154.75
EK202310121914,136.8
EK202310146443,134.85
EK202310186043,149.0
EK202310242764,130.15
EK202310125734,129.8
EK202310188093,125.95
EK202310247744,159.45
EK202310183732,160.35
EK202310120950,130.25
EK202310160943,161.95
EK202310223077,132.45
EK202310113322,130.8
EK202310171016,165.6
EK202310118992,140.95
EK202310210813,133.1
EK202310119393,152.75
EK202310165072,136.5
EK202310130476,156.95
EK202310176158,137.2
EK202310235070,135.05
EK202310108800,134.25
EK202310213698,129.8
EK202310211960,137.15
EK202310115107,132.75
EK202310154887,152.05
EK202310125964,137.5
EK202310197631,175.9
EK202310152495,147.7
EK202310138965,141.95
EK202310229751,136.8
EK202310243042,146.6
EK202310104932,140.8
EK202310196593,164.65
EK202310166871,136.9
EK202310148398,146.8
EK202310209486,137.1
EK202310136632,131.05
EK202310189646,167.0
EK202310225870,148.2
EK202310161755,137.55
EK202310228917,132.05
EK202310148074,148.75
EK202310127137,152.2
EK202310189248,136.1
EK202310125103,131.35
EK202310191210,124.85
EK202310218240,143.7
EK202310237275,123.1
EK202310162417,165.5
EK202320007302,143.65
EK202310198514,117.8
EK202310156654,167.45
EK202310171571,167.95
EK202310177305,155.9
EK202310246747,144.45
EK202310202758,162.6
EK202310106134,138.6
EK202310004263,162.2
EK202310167253,140.85
EK202310154950,133.55
EK202310104343,146.6
EK202310162981,152.15
EK202310170399,129.45
EK202310157462,140.6
EK202310222137,157.25
EK202320007745,140.7
EK202310220891,134.45
EK202310197465,138.45
EK202310169484,136.7
EK202310206857,130.2
EK202310246430,121.35
EK202310116674,131.65
EK202310143852,145.45
EK202310181630,143.4
EK202310208946,141.25
EK202310108868,133.0
EK202310175588,141.9
EK202310159547,127.6
EK202310188294,135.5
EK202310180437,146.75
EK202310212936,142.5
EK202310130231,159.8
EK202310127231,141.15
EK202310189985,149.95
EK202310116510,147.7
EK202310207462,146.65
EK202310218692,136.9
EK202310227138,131.15
EK202310209607,128.85
EK202310119774,132.85
EK202310244607,127.8
EK202310113466,144.45
EK202310117710,131.75
EK202310175467,155.35
EK202310137952,126.4
EK202310235796,143.85
EK202310248336,129.65
EK202310185289,158.65
EK202310149146,138.45
EK202310129791,160.0
EK202310122547,126.15
EK202310131673,133.25
EK202310218477,164.05
EK202310158788,178.15
EK202310243244,150.85
EK202310137064,154.85
EK202310178386,150.8
EK202310159003,135.7
EK202310127413,146.4
EK202310194146,180.25
EK202310232087,150.15
EK202310143601,146.15
EK202310127915,146.7
EK202310148535,135.7
EK202310127692,131.05
EK202310134785,132.35
EK202310196646,144.95
EK202310003600,136.1
EK202310246935,158.3
EK202310239761,139.35
EK202310216852,142.55
EK202310220984,143.65
EK202310144095,130.9
EK202310152597,172.45
EK202310168343,145.75
EK202310137883,134.65
EK202310193368,128.1
EK202310127993,160.1
EK202310141466,140.6
EK202310124906,125.3
EK202310121318,126.05
EK202310214552,173.95
EK202310242972,131.85
EK202310169356,179.5
EK202310141331,140.7
EK202310148511,183.75
EK202320006765,176.9
EK202310131274,128.3
EK202310126970,131.85
EK202310167321,144.15
EK202310215589,132.5
EK202320006107,147.5
EK202310147086,156.85
EK202310233859,148.25
EK202310141954,139.0
EK202310234852,132.25
EK202310136328,127.0
EK202310133047,120.2
EK202310136399,127.85
EK202310207760,139.85
EK202310139278,150.4
EK202310125356,133.0
EK202310146350,133.05
EK202310177090,146.1
EK202310138005,128.4
EK202310137985,129.5
EK202320005567,140.15
EK202310197087,136.55
EK202310157990,146.55
EK202310176214,138.95
EK202310128811,127.75
EK202310120029,134.5
EK202310144471,135.75
EK202310188230,143.35
EK202310154178,156.05
EK202310157814,128.8
EK202310130684,124.35
EK202310140639,129.0
EK202310233784,132.05
EK202310177044,135.6
EK202310204770,150.35
EK202310143193,148.7
EK202310229063,146.5
EK202310142428,143.75
EK202310142101,147.1
EK202310199185,128.65
EK202310122048,127.1
EK202310189594,148.25
EK202310105475,147.15
EK202310181985,142.45
EK202310111833,146.5
EK202310164318,120.7
EK202310170916,125.0
EK202310158358,168.25
EK202310106802,135.15
EK202310158510,139.3
EK202310212527,142.9
EK202310109926,157.4
EK202310114932,182.5
EK202310223038,133.95
EK202310193126,162.35
EK202310246777,137.55
EK202310189632,159.3
EK202310240945,138.6
EK202310239693,144.2
EK202310216494,139.55
EK202310183749,143.7
EK202310141275,138.65
EK202310131036,127.45
EK202310113828,159.0
EK202310207144,126.3
EK202310190451,135.25
EK202310229761,131.3
EK202320006392,151.55
EK202310227082,139.05
EK202310211827,139.05
EK202310235192,149.05
EK202310198132,150.2
EK202310189905,163.05
EK202310193570,147.15
EK202310137822,140.75
EK202310206557,146.0
EK202310127272,162.65
EK202310195399,136.7
EK202310116174,176.65
EK202310112198,145.25
EK202310163418,141.45
EK202310003339,148.1
EK202310145884,128.25
EK202310210819,127.0
EK202310188596,147.6
EK202310227740,125.05
EK202310171332,152.65
EK202310107268,140.25
EK202310232122,146.6
EK202310145739,157.1
EK202310240638,124.45
EK202310174884,156.6
EK202310213193,138.25
EK202310218429,132.0
EK202310225216,128.15
EK202310235813,137.8
EK202310223825,132.1
EK202310165260,158.2
EK202310136218,151.65
EK202310138301,139.9
EK202310217412,161.1
EK202310224143,148.55
EK202310155730,161.05
EK202310246010,132.95
EK202310111437,156.25
EK202310162583,151.6
EK202310126440,138.45
EK202310104619,129.85
EK202310172843,155.5
EK202310147555,166.4
EK202310161054,156.3
EK202310209188,153.75
EK202310144583,146.8
EK202310113571,150.4
EK202310236906,133.25
EK202310236614,141.95
EK202310153224,143.15
EK202310139052,154.3
EK202310238192,128.9
EK202310233466,125.8
EK202310215038,153.75
EK202310179617,144.05
EK202310159717,128.3
EK202310152017,148.25
EK202310190439,141.0
EK202310193413,152.1
EK202310160170,172.15
EK202310123300,130.1
EK202310204445,136.35
EK202310214835,129.75
EK202310220520,139.85
EK202310003433,135.8
EK202310159797,146.0
EK202310139535,132.95
EK202310118986,141.15
EK202310131290,119.7
EK202310145211,134.95
EK202310124121,124.9
EK202310164013,143.35
EK202310158539,190.7
EK202310157029,143.6
EK202310205071,165.0
EK202310237265,155.1
EK202310121334,153.1
EK202310169722,149.05
EK202310227972,157.05
EK202310148017,159.6
EK202310201744,157.7
EK202310178777,174.05
EK202310158599,159.9
EK202310223823,141.25
EK202310244269,137.25
EK202310145223,143.8
EK202310183001,144.6
EK202310144652,132.0
EK202310149925,140.05
EK202310232433,131.35
EK202310170505,134.1
EK202310213173,147.3
EK202310140978,151.55
EK202310003838,168.45
EK202310197038,135.55
EK202310144172,160.3
EK202310107554,157.75
EK202310145215,121.95
EK202310178423,138.05
EK202310135509,145.55
EK202310114244,132.7
EK202310143184,136.75
EK202310141247,127.65
EK202310202303,147.4
EK202310111325,149.3
EK202310167906,164.95
EK202310105431,135.05
EK202320005905,175.45
EK202310127826,151.3
EK202310104035,142.35
EK202310213387,131.35
EK202310109955,138.0
EK202310218233,138.05
EK202310115271,137.15
EK202310206248,151.0
EK202310158573,157.4
EK202310183224,149.2
EK202310231210,131.05
EK202310118684,156.25
EK202310242985,139.35
EK202310136035,123.05
EK202310231734,142.4
EK202310145163,136.85
EK202310211871,135.6
EK202310151737,144.45
EK202310165550,178.6
EK202310214955,143.55
EK202310112312,139.8
EK202310122742,137.45
EK202310202487,128.7
EK202310233089,151.9
EK202310166257,161.8
EK202310180021,146.65
EK202310149123,135.3
EK202310139242,157.0
EK202310140791,134.9
EK202310230828,135.35
EK202310242667,132.4
EK202310188077,154.35
EK202310184134,158.0
EK202310227767,166.95
EK202310206257,138.95
EK202310112535,132.5
EK202310142903,142.6
EK202310109645,138.15
EK202310153020,149.35
EK202310106726,135.3
EK202310223842,145.15
EK202310194598,154.85
EK202310148450,121.05
EK202310120806,141.25
EK202310209691,129.7
EK202310114213,145.8
EK202310152335,156.4
EK202310232377,131.2
EK202310150359,145.5
EK202310172745,130.15
EK202310201411,147.95
EK202310152893,164.35
EK202310155212,141.3
EK202310182742,153.0
EK202310183087,127.25
EK202310200379,145.95
EK202310173094,139.85
EK202310227985,149.1
EK202310238336,170.2
EK202310184224,152.25
EK202310232915,141.7
EK202310219151,129.5
EK202310213370,133.9
EK202310219745,146.05
EK202310138780,153.6
EK202310203481,162.5
EK202310174922,147.25
EK202310233758,138.65
EK202310153471,136.65
EK202310151891,146.3
EK202320005592,143.7
EK202310105631,141.0
EK202310176003,148.25
EK202310181211,147.6
EK202310144399,130.1
EK202310240649,126.0
EK202310145192,148.3
EK202310206829,149.5
EK202310110211,125.3
EK202310234760,133.8
EK202310114319,132.8
EK202310135966,124.0
EK202310183214,160.8
EK202310163942,161.65
EK202310219060,138.25
EK202310192350,134.95
EK202310130531,133.25
EK202310163172,138.6
EK202310240348,147.65
EK202310198945,158.85
EK202310004178,130.85
EK202310199537,166.9
EK202310152430,149.25
EK202310200143,158.05
EK202310190524,153.3
EK202310116645,134.3
EK202310193204,145.55
EK202310148808,162.2
EK202310231781,143.45
EK202310129095,132.55
EK202310114613,148.85
EK202310190518,131.75
EK202310180509,144.35
EK202310220514,137.5
EK202310225336,124.3
EK202310237750,133.35
EK202310182363,157.25
EK202310196291,173.75
EK202310161270,128.7
EK202310132154,126.95
EK202310181652,131.95
EK202310238306,138.05
EK202310187861,124.65
EK202310196524,161.95
EK202310218151,151.15
EK202310176813,139.1
EK202310115338,137.35
EK202320007107,143.8
EK202310190744,151.95
EK202310242292,152.8
EK202310133848,132.4
EK202310173165,150.2
EK202310201969,110.75
EK202310194094,182.95
EK202310192787,148.9
EK202310107065,139.55
EK202310247670,181.5
EK202310200824,155.3
EK202310157197,134.2
EK202310192671,128.75
EK202310189959,175.6
EK202310242747,135.7
EK202310221418,152.4
EK202310178956,126.85
EK202310162978,138.75
EK202320006792,133.75
EK202310119199,151.9
EK202310229640,129.6
EK202310136912,134.35
EK202310193691,157.75
EK202310141736,128.7
EK202310159077,138.4
EK202310199320,133.0
EK202310205972,135.05
EK202310155578,134.25
EK202310115031,138.75
EK202310143815,136.8
EK202310133150,159.85
EK202310133982,145.1
EK202310216455,164.4
EK202310206390,142.95
EK202310204338,150.2
EK202310115162,130.25
EK202310117837,126.45
EK202310211582,139.5
EK202310119713,141.6
EK202310136154,149.3
EK202310222178,129.75
EK202310143261,139.15
EK202310122388,135.95
EK202310125099,136.8
EK202310172723,135.8
EK202310226850,128.65
EK202310111054,152.7
EK202310187762,153.8
EK202310213222,138.35
EK202310105201,153.75
EK202310173124,148.5
EK202310180253,126.45
EK202310248026,189.7
EK202310177052,140.8
EK202310171106,167.95
EK202310136327,136.3
EK202310208120,135.1
EK202310004784,146.3
EK202310164690,134.5
EK202310214669,161.05
EK202310131706,150.95
EK202310104529,134.3
EK202310118248,151.55
EK202310137915,127.75
EK202310247207,163.6
EK202310185211,152.25
EK202310121850,128.1
EK202310128165,135.3
EK202310123063,135.2
EK202310219511,129.3
EK202310242037,143.0
EK202310180079,141.35
EK202310193224,178.1
EK202310191500,129.0
EK202310116444,134.1
EK202310130285,147.45
EK202310108568,141.75
EK202310136319,129.2
EK202310224242,134.3
EK202310227382,128.65
EK202310202780,135.9
EK202310137223,142.1
EK202310230312,124.85
EK202310234557,139.8
EK202310189352,173.65
EK202310226383,127.3
EK202310141535,139.35
EK202310184208,143.1
EK202310230152,175.8
EK202310160390,160.65
EK202310122632,137.65
EK202310165838,143.9
EK202310144483,154.2
EK202310108194,146.3
EK202310106793,125.2
EK202310120779,136.8
EK202310113163,147.25
EK202310115686,128.0
EK202310153049,140.4
EK202310177121,152.85
EK202310151267,156.9
EK202310214589,140.4
EK202310208963,148.8
EK202310154044,152.4
EK202310198051,129.05
EK202310105305,147.75
EK202310135168,151.9
EK202310200887,117.15
EK202310202015,126.0
EK202310211458,148.1
EK202310135559,132.9
EK202310135685,144.7
EK202310164450,124.55
EK202310195626,164.7
EK202310238957,132.85
EK202310131647,153.9
EK202310150387,148.75
EK202310121479,134.45
EK202310236900,122.2
EK202310159488,164.45
EK202310191125,143.45
EK202310132284,145.15
EK202310205918,129.9
EK202310192730,143.9
EK202310123751,146.8
EK202310157723,147.95
EK202310166159,167.85
EK202310217657,127.6
EK202310139130,167.15
EK202310176465,131.75
EK202310135907,135.8
EK202310142364,124.25
EK202310106377,140.25
EK202310246049,137.05
EK202310213693,129.25
EK202310164186,160.35
EK202310160898,174.85
EK202310217495,176.25
EK202310170927,132.1
EK202310164087,145.35
EK202310202710,142.4
EK202310161660,134.95
EK202310118714,149.0
EK202310208776,148.05
EK202310192073,152.45
EK202310149834,129.15
EK202310115300,137.2
EK202310137234,133.9
EK202310167336,140.8
EK202310130940,122.45
EK202310108363,123.85
EK202310240062,143.15
EK202310143711,128.25
EK202310126099,126.35
EK202310111701,151.15
EK202310109430,125.05
EK202310229241,131.9
EK202310224916,142.3
EK202310198104,139.6
EK202310146821,145.5
EK202310149423,158.25
EK202310189461,173.45
EK202310113093,141.2
EK202310203899,159.85
EK202310222972,133.2
EK202310122045,127.5
EK202310197655,194.8
EK202310207370,143.95
EK202310126718,136.7
EK202310239768,126.8
EK202310154953,136.1
EK202310104866,140.65
EK202310213299,144.75
EK202310152880,170.25
EK202310210510,140.45
EK202310003355,131.25
EK202310138578,141.95
EK202310221979,136.25
EK202310136372,147.5
EK202310240726,142.5
EK202310199316,151.2
EK202310180477,146.15
EK202310222146,133.0
EK202310195135,144.35
EK202310225124,133.95
EK202310197588,178.9
EK202310164715,151.35
EK202310224547,140.35
EK202310195634,162.5
EK202310233272,129.7
EK202310133354,140.65
EK202310155274,128.25
EK202310187381,146.55
EK202310181622,137.05
EK202310180891,134.85
EK202310208781,152.55
EK202310138532,136.85
EK202310158039,159.2
EK202310234759,136.3
EK202310172371,133.35
EK202310004492,136.5
EK202310167403,158.85
EK202310224663,129.55
EK202310125319,138.25
EK202310148708,154.45
EK202310199777,153.6
EK202310121002,157.95
EK202310223457,130.15
EK202310241156,162.1
EK202310242414,156.25
EK202310233868,143.7
EK202310218542,145.3
EK202310181849,184.6
EK202310199972,124.85
EK202310219891,129.2
EK202310198598,146.7
EK202310192601,132.4
EK202310192902,136.05
EK202310186540,134.6
EK202310135637,135.1
EK202310224182,165.5
EK202310245468,160.6
EK202310187476,125.0
EK202310004176,141.75
EK202310173306,136.1
EK202310174815,128.15
EK202310003528,140.9
EK202310106869,152.75
EK202310114334,129.85
EK202310128865,128.55
EK202310162698,151.15
EK202310246100,137.8
EK202310183029,127.65
EK202310138016,118.9
EK202310003652,125.05
EK202310206206,136.0
EK202310152370,137.35
EK202310168292,161.75
EK202310198068,131.9
EK202310138206,128.95
EK202310199965,143.85
EK202310108649,166.85
EK202310120575,128.6
EK202310124777,127.25
EK202310165021,141.65
EK202310183112,149.1
EK202310105459,128.95
EK202310134757,131.6
EK202310103956,131.15
EK202310222980,167.4
EK202310199522,166.85
EK202310224732,137.7
EK202310192783,140.6
EK202310194812,190.05
EK202310236020,134.95
EK202310108411,149.75
EK202310106942,140.75
EK202310110399,145.2
EK202310203809,131.8
EK202310126385,129.95
EK202310130826,144.8
EK202310143699,162.9
EK202310115466,131.95
EK202310201041,137.75
EK202310210566,155.75
EK202310142263,139.45
EK202310226772,134.8
EK202310174000,138.2
EK202310134341,175.35
EK202310213426,125.1
EK202310135863,133.6
EK202310135242,163.5
EK202310146997,152.15
EK202310243667,173.95
EK202310229674,137.8
EK202310130805,121.25
EK202310220574,129.2
EK202310164649,140.5
EK202310134408,133.45
EK202310003474,134.05
EK202310118263,130.0
EK202310161867,158.6
EK202310181365,117.55
EK202310154801,153.4
EK202310219520,140.5
EK202310200310,153.0
EK202310207883,145.15
EK202310146716,133.95
EK202310123679,126.25
EK202310240065,166.8
EK202310185668,142.0
EK202310182482,166.45
EK202310112781,136.9
EK202310105135,155.3
EK202310164531,143.2
EK202310150078,155.55
EK202310223094,176.9
EK202310247424,172.85
EK202310186061,134.05
EK202310173560,135.4
EK202310190249,150.2
EK202310160821,143.85
EK202310188946,131.85
EK202310149161,138.25
EK202310122403,130.85
EK202310195995,167.75
EK202310176442,136.65
EK202310146105,146.0
EK202310212801,140.25
EK202310227700,140.7
EK202310180756,136.05
EK202310140861,132.45
EK202310207186,156.2
EK202310225979,143.45
EK202310171463,144.2
EK202310123630,125.25
EK202310184360,134.3
EK202310176661,142.4
EK202310118436,143.05
EK202310106839,134.1
EK202310205589,139.7
EK202310224665,125.05
EK202310191707,134.2
EK202310108998,133.65
EK202310168084,147.25
EK202310222339,162.05
EK202310129697,130.6
EK202310170459,127.7
EK202310170867,146.05
EK202310004814,152.55
EK202310139330,121.1
EK202310243947,124.65
EK202310158812,139.75
EK202310246467,120.5
EK202310139605,136.15
EK202310204546,154.25
EK202310247739,162.9
EK202310163645,140.25
EK202310213374,141.05
EK202320006854,165.05
EK202310003821,121.15
EK202310154988,134.8
EK202310141484,137.45
EK202310166793,136.95
EK202310216066,133.2
EK202310209262,145.8
EK202310216292,144.25
EK202310134069,130.5
EK202310177735,145.55
EK202310213634,137.55
EK202310162478,162.65
EK202310232091,144.75
EK202310138848,147.75
EK202310233671,135.7
EK202310142473,152.15
EK202310159684,163.25
EK202310180111,180.35
EK202310229192,157.05
EK202310119588,144.65
EK202310238495,132.15
EK202310209893,134.7
EK202310234545,143.85
EK202310174703,125.0
EK202310171373,147.85
EK202310150301,141.55
EK202310198468,136.6
EK202310142834,137.2
EK202310123180,131.45
EK202310205955,133.35
EK202310227181,132.85
EK202310147163,150.9
EK202310196863,164.65
EK202310107077,107.4
EK202310224123,137.65
EK202310178723,135.9
EK202310188726,144.2
EK202310145842,139.05
EK202310126848,144.3
EK202310149653,152.6
EK202310210321,132.1
EK202310138754,163.45
EK202310190404,147.2
EK202310142661,129.0
EK202310163611,158.85
EK202310192118,151.35
EK202310209339,145.0
EK202310211087,137.3
EK202310200565,153.6
EK202310162171,139.15
EK202310239766,126.7
EK202310242115,141.6
EK202310206840,148.4
EK202310186840,135.7
EK202310122626,139.4
EK202310247532,143.3
EK202310248321,132.2
EK202310137335,151.35
EK202310164720,131.45
EK202310164776,149.75
EK202310172694,133.05
EK202310115208,123.6
EK202310140400,127.65
EK202310217155,156.45
EK202310220114,157.4
EK202310145630,137.2
EK202310246549,135.35
EK202310204696,142.9
EK202310225296,131.45
EK202310195107,150.2
EK202320006795,152.9
EK202310108157,133.15
EK202310121697,135.65
EK202310106708,137.3
EK202310181363,144.5
EK202310106364,136.5
EK202310180893,147.4
EK202310183016,129.95
EK202310004166,128.85
EK202310199838,139.0
EK202310148423,146.15
EK202310181024,139.8
EK202310114930,130.45
EK202310128476,169.35
EK202310169523,131.55
EK202310168371,176.0
EK202310195418,169.15
EK202310176857,129.45
EK202310111775,134.5
EK202310153448,134.0
EK202310141648,143.6
EK202320005982,131.6
EK202310003582,132.3
EK202310222503,128.7
EK202310202091,134.5
EK202310115161,173.9
EK202320007144,137.75
EK202310120067,152.1
EK202310156517,140.15
EK202310248466,132.65
EK202310183536,156.75
EK202310237952,142.3
EK202310205472,164.0
EK202310170132,134.35
EK202310132623,125.2
EK202310227130,142.35
EK202310131693,167.4
EK202310212847,150.6
EK202310192454,148.75
EK202310151379,172.0
EK202310166887,137.3
EK202310151838,137.5
EK202310218637,136.95
EK202320006368,143.65
EK202310110191,122.9
EK202310123397,151.9
EK202310183798,141.55
EK202310142570,140.7
EK202310123542,156.6
EK202310189606,165.4
EK202310239154,143.65
EK202310218250,134.55
EK202310222212,167.9
EK202310213689,129.5
EK202310108905,149.3
EK202310201539,140.7
EK202310241773,137.1
EK202310136938,143.55
EK202310223539,133.3
EK202310175290,128.3
EK202310167269,135.7
EK202310136276,150.05
EK202310241802,131.05
EK202310159213,142.15
EK202310163058,134.9
EK202310204661,166.35
EK202310165933,139.9
EK202310123794,158.9
EK202310191803,148.3
EK202310158551,170.6
EK202310146637,127.45
EK202310214984,147.85
EK202310191267,144.25
EK202320005702,153.65
EK202310112412,139.1
EK202310246169,152.2
EK202310173215,152.2
EK202310233468,137.0
EK202310197783,193.25
EK202310151122,136.0
EK202310248270,140.85
EK202310238332,139.3
EK202310194686,142.15
EK202310205802,142.7
EK202310205367,149.6
EK202310119704,139.3
EK202310149724,151.35
EK202320007846,141.4
EK202310108803,145.45
EK202310004799,138.9
EK202310198015,175.35
EK202310179913,142.05
EK202310180275,130.3
EK202310201100,162.55
EK202310203139,149.65
EK202310175999,150.2
EK202310205556,151.05
EK202310215029,168.45
EK202310246170,139.45
EK202310169135,144.45
EK202310132991,126.05
EK202310122441,156.9
EK202310004600,142.85
EK202310158154,169.65
EK202320006789,131.4
EK202310235205,131.95
EK202310241817,164.25
EK202310108496,139.55
EK202310159875,140.4
EK202310214914,136.4
EK202310145239,146.3
EK202310133595,160.4
EK202310144564,123.8
EK202310003645,146.35
EK202310152554,145.15
EK202310234203,121.45
EK202310119736,147.95
EK202310111683,143.95
EK202310171365,151.1
EK202310145469,128.3
EK202310104013,143.3
EK202310162563,167.2
EK202310234855,134.85
EK202310165574,169.55
EK202310128252,119.4
EK202310230398,139.85
EK202310197359,174.7
EK202310184700,154.3
EK202310139238,143.6
EK202310189435,184.05
EK202310229589,132.65
EK202310238308,135.75
EK202310119072,147.6
EK202310106928,137.7
EK202310248344,139.25
EK202310171179,166.75
EK202310247349,144.95
EK202310246070,138.85
EK202310003686,135.7
EK202310113178,140.4
EK202310228096,144.8
EK202310186013,130.45
EK202310106951,143.9
EK202310177362,173.2
EK202310158884,118.35
EK202310138608,171.7
EK202310143128,149.85
EK202310247561,138.45
EK202310204978,135.2
EK202310105695,137.35
EK202310108077,140.6
EK202310222072,125.7
EK202310140241,136.65
EK202310175319,143.9
EK202310122035,139.65
EK202310106538,131.7
EK202310178197,157.6
EK202310169222,137.2
EK202310216866,132.75
EK202310189689,154.25
EK202310228733,137.0
EK202310201271,134.75
EK202310119633,122.8
EK202310138720,128.85
EK202310108018,127.1
EK202310222345,134.9
EK202310210971,142.75
EK202310239519,142.9
EK202310111361,144.7
EK202310115072,137.4
EK202310152934,172.85
EK202310201912,176.15
EK202310213140,152.25
EK202310123466,140.65
EK202310212463,135.9
EK202310237675,161.3
EK202310161926,126.55
EK202310145150,126.5
EK202310185746,125.5
EK202310177566,148.45
EK202310244477,148.45
EK202310206745,160.75
EK202310174696,140.4
EK202310218448,131.7
EK202310131105,153.25
EK202310202457,136.6
EK202310107914,157.7
EK202310177630,135.4
EK202310167548,118.8
EK202310153531,128.7
EK202310119481,147.55
EK202310233113,125.4
EK202310200729,142.25
EK202310107842,140.0
EK202310145572,146.75
EK202310141270,135.75
EK202310180294,143.3
EK202310211781,126.55
EK202310130166,148.05
EK202310168426,152.6
EK202310238553,138.7
EK202310216542,149.45
EK202310188002,139.4
EK202310210328,137.1
EK202310125237,131.0
EK202310248501,127.05
EK202310178221,151.25
EK202310108029,156.2
EK202310111887,130.7
EK202310185328,144.6
EK202310104024,154.05
EK202310136271,136.95
EK202310204759,179.2
EK202310223434,129.75
EK202310195383,156.4
EK202310140709,128.9
EK202310195890,164.15
EK202310208311,155.7
EK202310154808,112.3
EK202310125908,126.45
EK202310128381,152.0
EK202310126417,135.95
EK202310155257,140.5
EK202310180115,171.55
EK202310134943,151.25
EK202310146571,144.9
EK202310151982,150.8
EK202310185006,147.05
EK202310141525,136.4
EK202310122362,144.75
EK202310131463,125.65
EK202310112675,139.65
EK202310214395,155.15
EK202310117362,124.4
EK202310195147,144.35
EK202310221205,144.15
EK202310108309,122.85
EK202310117176,140.7
EK202310197367,183.2
EK202310167645,136.3
EK202310216871,172.65
EK202310246466,122.85
EK202310174197,133.55
EK202310133708,164.35
EK202310214726,147.3
EK202310235715,135.05
EK202310144146,139.95
EK202310232336,127.6
EK202310126787,128.75
EK202310147504,140.7
EK202310205381,133.95
EK202310121997,139.15
EK202310212329,153.15
EK202310112068,156.6
EK202310136784,133.5
EK202310120002,123.0
EK202310226231,133.0
EK202310167029,128.15
EK202310232991,123.95
EK202310141646,166.8
EK202310217163,141.45
EK202310147198,147.15
EK202310228365,125.15
EK202310194716,137.7
EK202310199844,139.75
EK202310168777,122.2
EK202310192183,145.25
EK202310109241,148.8
EK202310222596,139.45
EK202310126978,134.4
EK202310152604,130.65
EK202310122324,135.4
EK202310112196,137.1
EK202310145565,149.05
EK202310207537,144.8
EK202310198691,169.7
EK202310193152,188.65
EK202310131752,148.6
EK202310201904,154.7
EK202310244465,138.15
EK202310233714,142.8
EK202310153449,138.95
EK202310217520,126.75
EK202310113415,136.95
EK202310172532,127.35
EK202310211969,134.55
EK202310199232,150.85
EK202310218608,136.65
EK202310122448,120.7
EK202310184841,152.5
EK202310130240,148.65
EK202310210575,136.35
EK202310175143,137.3
EK202310121434,139.65
EK202310172273,131.85
EK202310175483,148.6
EK202310197679,143.75
EK202310155037,127.2
EK202310171911,161.85
EK202310191161,131.45
EK202310244157,148.15
EK202310189824,131.45
EK202310149560,139.7
EK202310179284,126.4
EK202310203064,149.55
EK202310185974,138.0
EK202310225562,161.6
EK202310153740,125.9
EK202310225206,166.4
EK202310193780,135.1
EK202310198553,141.55
EK202310174477,170.6
EK202310200421,135.3
EK202310119138,151.4
EK202320005816,141.5
EK202310175740,133.7
EK202310116505,123.05
EK202310198911,141.3
EK202310127697,126.75
EK202310212650,155.0
EK202310150100,119.05
EK202310167937,162.2
EK202310221941,139.8
EK202310117495,141.95
EK202310143529,139.6
EK202310166968,124.9
EK202310129968,125.8
EK202310194131,137.9
EK202310186960,149.7
EK202310128028,129.5
EK202310105027,152.0
EK202310222774,140.5
EK202310244918,137.0
EK202310210086,172.6
EK202310179813,129.3
EK202310187059,152.25
EK202310195516,134.05
EK202310132170,129.65
EK202310183880,156.6
EK202310248278,124.7
EK202310221792,136.65
EK202310166778,135.6
EK202310148365,147.25
EK202310205442,129.15
EK202310201815,155.5
EK202310201915,169.3
EK202310183293,174.55
EK202310104337,137.2
EK202310120714,132.05
EK202310132745,142.65
EK202310241556,135.1
EK202310145559,158.2
EK202310140527,126.5
EK202310105180,130.55
EK202310115505,116.0
EK202310232969,159.75
EK202310168606,121.3
EK202310117990,142.15
EK202310143898,137.5
EK202310111999,146.05
EK202310133045,139.35
EK202310142041,135.75
EK202310216099,138.05
EK202310138895,141.55
EK202310147820,132.9
EK202310113918,136.8
EK202310226640,130.7
EK202310169991,166.6
EK202310195941,157.4
EK202310213195,142.0
EK202310161969,151.65
EK202310208345,154.65
EK202310180754,150.95
EK202310110267,131.2
EK202310194583,173.55
EK202320007655,137.2
EK202310142157,136.95
EK202310112664,133.95
EK202310136957,186.7
EK202310215766,125.45
EK202310167175,145.7
EK202310004831,136.55
EK202310159889,162.45
EK202310125472,144.95
EK202310166020,147.05
EK202310240418,129.2
EK202310156003,149.65
EK202310188199,140.9
EK202310213973,160.9
EK202310233649,133.9
EK202310124811,129.55
EK202310216543,156.85
EK202310121207,138.75
EK202310132104,136.0
EK202310138805,144.15
EK202310234030,146.5
EK202310172808,135.4
EK202310122536,130.65
EK202310189381,131.7
EK202310242706,161.3
EK202310239058,135.4
EK202310192990,152.2
EK202310202471,161.1
EK202310222312,159.2
EK202310202945,156.65
EK202310199092,148.25
EK202310128375,137.4
EK202310107473,140.3
EK202310170279,161.05
EK202310149133,132.55
EK202310199648,169.95
EK202320006719,154.0
EK202310234669,144.05
EK202310149973,153.55
EK202310154407,139.15
EK202310192562,153.6
EK202310158354,144.05
EK202310202377,127.9
EK202310225193,148.6
EK202310117896,146.15
EK202310122973,135.5
EK202310163485,151.85
EK202310146561,132.15
EK202310248571,149.75
EK202310145328,163.45
EK202310229897,146.35
EK202310225899,139.65
EK202310154673,149.25
EK202310242080,134.05
EK202310234618,140.7
EK202310229514,115.65
EK202310199205,150.0
EK202310189908,163.8
EK202310227654,131.3
EK202310108175,131.05
EK202310165456,126.15
EK202310204739,143.1
EK202310124368,121.3
EK202310221567,136.65
EK202310111364,127.65
EK202310166449,149.6
EK202310104016,134.6
EK202310109663,137.95
EK202310233976,146.8
EK202310116602,152.55
EK202310206707,180.35
EK202310125360,136.15
EK202310141090,153.7
EK202310187733,148.9
EK202310146874,138.4
EK202310199999,138.6
EK202310133984,169.75
EK202310239052,150.4
EK202310116872,127.95
EK202310170227,163.2
EK202320007825,141.05
EK202310247712,144.85
EK202310133557,146.1
EK202310122565,132.5
EK202310164010,131.95
EK202310176533,159.0
EK202310222265,127.05
EK202310164867,134.7
EK202310163156,129.75
EK202310183272,167.25
EK202310127914,142.5
EK202310245446,126.65
EK202310207443,152.1
EK202310197727,166.3
EK202310172576,150.35
EK202310004885,129.8
EK202310233895,138.3
EK202310210570,158.8
EK202310199572,146.5
EK202310168376,162.8
EK202310196031,135.6
EK202310208454,141.3
EK202310218454,168.95
EK202310194926,131.5
EK202310150716,147.65
EK202310169424,147.55
EK202310141489,172.1
EK202310198731,185.6
EK202310224708,142.35
EK202310220317,150.45
EK202310158723,183.1
EK202310226439,154.05
EK202310155952,148.25
EK202310235925,151.85
EK202310149483,138.15
EK202310182940,144.35
EK202310233127,177.05
EK202310198223,173.3
EK202310206595,141.35
EK202310162953,149.85
EK202310124622,144.6
EK202310199000,142.05
EK202310225515,139.5
EK202310200414,156.7
EK202310163151,142.05
EK202310147583,134.45
EK202310175959,143.25
EK202310156571,159.3
EK202310159464,142.95
EK202310133803,147.25
EK202310143242,158.15
EK202320007862,142.2
EK202310137674,130.35
EK202310158748,156.9
EK202310134807,145.45
EK202310232180,132.4
EK202310115545,131.4
EK202310106800,136.2
EK202310164487,144.45
EK202310189669,166.0
EK202310183633,131.6
EK202310160528,138.35
EK202310157424,140.7
EK202310175169,139.6
EK202310230775,142.35
EK202310176300,135.05
EK202310154141,133.15
EK202310121636,140.9
EK202310117991,129.3
EK202310114748,140.45
EK202310182305,166.2
EK202310183422,159.55
EK202310196576,161.95
EK202310212365,136.4
EK202310157851,127.5
EK202310143833,137.9
EK202310162493,164.2
EK202310200657,150.7
EK202310164870,141.6
EK202310139418,149.55
EK202310114290,138.6
EK202310206834,131.45
EK202310235641,143.35
EK202310179682,151.9
EK202310209582,135.65
EK202310225738,145.4
EK202310108381,124.9
EK202310125569,136.8
EK202310218417,127.5
EK202310228389,174.15
EK202310145963,147.45
EK202310109134,137.65
EK202310177470,136.7
EK202310162374,128.95
EK202310195949,140.05
EK202310122797,142.9
EK202310140758,133.6
EK202310232602,132.6
EK202310200151,130.9
EK202310166863,133.45
EK202310237243,134.0
EK202310120027,152.75
EK202310132524,153.1
EK202310204016,144.45
EK202310189020,127.95
EK202310202009,130.45
EK202310139108,166.45
EK202310181804,142.35
EK202310205040,138.5
EK202310141451,143.65
EK202310164866,150.5
EK202310245490,136.7
EK202310181489,126.85
EK202310147345,136.2
EK202310148300,128.0
EK202320006124,176.3
EK202310196622,131.2
EK202310182658,150.35
EK202310227451,160.6
EK202310209633,135.5
EK202310180045,139.8
EK202310240543,115.0
EK202310115142,145.65
EK202310247768,145.65
EK202320005662,142.5
EK202310182225,169.8
EK202310187393,137.4
EK202310111676,131.65
EK202310234672,140.4
EK202310217174,146.05
EK202310169712,156.0
EK202310141144,143.4
EK202310204110,150.45
EK202310217308,135.7
EK202310117170,134.65
EK202310129087,162.0
EK202310221591,135.85
EK202310209271,131.45
EK202310219363,140.75
EK202310004090,148.4
EK202310211544,129.65
EK202310224956,145.55
EK202310141398,128.15
EK202310148915,147.35
EK202310170219,129.35
EK202310191982,145.0
EK202310223575,133.85
EK202310104511,132.4
EK202310152387,141.35
EK202310218082,141.6
EK202310217177,149.2
EK202310248357,129.2
EK202310129896,153.35
EK202310152480,128.4
EK202310239767,138.9
EK202310160883,158.75
EK202310140193,135.0
EK202310207625,148.6
EK202310165482,138.65
EK202310158005,136.15
EK202310185420,121.25
EK202310187990,152.9
EK202310138441,148.05
EK202310147390,136.05
EK202310158825,134.25
EK202310183745,156.1
EK202310148680,157.95
EK202310129708,161.4
EK202310190440,148.3
EK202310157144,183.95
EK202310113257,134.6
EK202310141541,156.4
EK202310190438,154.15
EK202310243356,135.95
EK202310183196,156.2
EK202310196369,143.25
EK202310144897,127.15
EK202310144635,145.25
EK202310237276,130.95
EK202310196220,139.95
EK202310202228,129.05
EK202310123488,129.6
EK202310105805,156.3
EK202310142565,156.45
EK202310218967,124.95
EK202310120796,123.8
EK202310231531,125.6
EK202310199801,125.3
EK202310134790,130.7
EK202310203666,154.25
EK202310226666,139.2
EK202310232447,130.85
EK202310135897,132.0
EK202310168701,139.55
EK202310237343,138.05
EK202310154466,163.55
EK202310136457,129.0
EK202310121974,142.75
EK202310134631,134.75
EK202310213018,142.75
EK202310194001,132.25
EK202310136650,172.2
EK202310111505,146.1
EK202310209080,148.35
EK202310152444,142.3
EK202310121350,126.7
EK202310240365,146.0
EK202310159007,173.6
EK202310127159,153.85
EK202310226609,144.5
EK202310161102,180.05
EK202310103730,136.2
EK202310111243,141.55
EK202310156130,140.55
EK202310178873,127.65
EK202310176169,147.35
EK202320005724,182.15
EK202310150195,139.4
EK202320005792,137.55
EK202310117762,129.25
EK202310234499,130.95
EK202310176172,162.45
EK202320007254,138.6
EK202310128419,157.3
EK202310117754,155.95
EK202310222410,132.7
EK202310132750,133.95
EK202310195145,155.65
EK202310221266,134.45
EK202310156961,155.55
EK202310105175,142.15
EK202310167584,134.8
EK202310119050,148.95
EK202310127062,132.35
EK202310192052,140.65
EK202310118002,142.65
EK202310108997,131.05
EK202310160289,149.8
EK202310245922,149.65
EK202310116464,130.65
EK202310192195,153.25
EK202310237707,131.55
EK202310145422,144.65
EK202310245683,135.35
EK202310121291,128.9
EK202310209309,169.9
EK202310104450,158.1
EK202310123660,131.4
EK202310186410,126.15
EK202310151555,168.95
EK202310104952,129.85
EK202310115719,126.15
EK202310181542,143.8
EK202310150013,165.6
EK202310205849,151.9
EK202310196534,144.3
EK202310131464,142.6
EK202310210210,132.8
EK202310104249,138.6
EK202310207772,128.3
EK202310134829,143.15
EK202310179456,133.6
EK202310113484,129.1
EK202310182484,153.0
EK202310120445,143.35
EK202310213478,130.5
EK202310130129,159.75
EK202310197510,157.05
EK202310192959,150.7
EK202310203760,133.35
EK202310240021,168.15
EK202310160111,154.0
EK202310202544,161.9
EK202310195908,146.35
EK202310220917,141.05
EK202310146833,129.95
EK202310108791,139.25
EK202310225259,144.35
EK202310197958,186.55
EK202310157062,146.2
EK202310214170,136.2
EK202310243954,147.9
EK202310110033,135.4
EK202310144804,124.0
EK202310114117,153.2
EK202310165416,142.95
EK202310228479,145.85
EK202310188134,162.0
EK202320006372,139.35
EK202310111226,151.9
EK202310118404,135.35
EK202310160695,156.6
EK202310114408,154.0
EK202310182288,143.2
EK202310213633,139.1
EK202310229313,134.55
EK202310118665,146.75
EK202310233785,168.0
EK202310143238,138.95
EK202310128242,129.15
EK202310208336,153.7
EK202310216912,155.25
EK202310227300,138.8
EK202310196434,141.0
EK202310241940,158.85
EK202310140334,130.25
EK202310122524,125.8
EK202310211571,130.0
EK202310202080,128.55
EK202310155180,160.0
EK202310209752,145.2
EK202310003753,168.2
EK202310194332,141.05
EK202320005885,153.95
EK202310135026,160.0
EK202310225630,147.3
EK202310129248,152.4
EK202310118004,144.1
EK202310126344,134.6
EK202310125666,151.05
EK202310169951,126.2
EK202310159424,148.6
EK202310195617,150.05
EK202310240165,135.25
EK202310109583,149.65
EK202310127484,144.15
EK202310115422,142.95
EK202310189217,130.1
EK202310164467,132.15
EK202310160239,158.8
EK202310205148,148.55
EK202310177198,132.55
EK202310248326,134.35
EK202320007611,153.15
EK202310216806,141.95
EK202310236444,129.6
EK202310202895,153.55
EK202310189069,149.3
EK202310164095,169.45
EK202310177139,153.2
EK202310150069,146.4
EK202310217651,137.4
EK202310104531,130.7
EK202310175593,134.5
EK202310128801,127.75
EK202310226079,174.9
EK202310195896,158.15
EK202310248307,137.5
EK202310213215,142.1
EK202310126761,134.35
EK202310138077,133.9
EK202310219983,137.65
EK202310155585,137.0
EK202310224738,167.65
EK202310121398,141.25
EK202310144202,139.55
EK202310171260,148.95
EK202310224405,137.35
EK202310168192,153.05
EK202310147878,146.75
EK202310190896,150.8
EK202310114382,141.6
EK202310115319,147.75
EK202310212295,135.75
EK202310145014,125.5
EK202310153112,151.6
EK202310181859,132.55
EK202310201638,144.35
EK202310217948,144.1
EK202310126418,124.3
EK202310147842,140.6
EK202310213180,135.65
EK202310149555,165.8
EK202310162559,162.8
EK202310181969,138.8
EK202310239453,137.6
EK202310185897,154.8
EK202320007785,132.25
EK202310181407,161.1
EK202310223290,139.3
EK202310197319,156.85
EK202310128098,144.15
EK202310131498,143.3
EK202310104275,138.6
EK202310152898,169.45
EK202310207617,141.45
EK202310165239,125.9
EK202310161435,135.15
EK202310242971,144.3
EK202310111598,143.95
EK202310131958,133.95
EK202310186311,145.05
EK202310157046,163.3
EK202310115828,143.0
EK202320005888,161.4
EK202310116165,172.6
EK202310127616,144.8
EK202310190516,141.7
EK202310181145,120.65
EK202310112674,141.05
EK202310108818,151.95
EK202310137418,140.5
EK202310234306,140.0
EK202310147271,152.25
EK202310228137,130.25
EK202310208396,138.75
EK202310129360,142.15
EK202310104685,132.1
EK202310240248,146.55
EK202310111851,119.55
EK202310110232,134.05
EK202310149631,147.6
EK202310111987,138.05
EK202310149812,141.75
EK202310125394,145.75
EK202310201038,134.15
EK202310196950,153.45
EK202310130689,139.6
EK202310162831,154.25
EK202310191124,130.1
EK202310137249,131.6
EK202310221302,127.7
EK202310119496,147.35
EK202310123089,127.65
EK202310201023,123.6
EK202310200056,141.7
EK202310124074,136.0
EK202310187451,159.1
EK202310178204,161.15
EK202310176034,177.35
EK202310105275,153.35
EK202310217600,148.55
EK202310145365,125.8
EK202310179864,126.0
EK202310146164,134.65
EK202310148409,153.95
EK202310160145,159.8
EK202310211569,130.35
EK202310191535,144.5
EK202310212337,143.3
EK202310186617,137.9
EK202310200499,141.9
EK202310190255,139.7
EK202310161517,146.3
EK202310167751,138.45
EK202310230575,124.65
EK202310160889,131.45
EK202310236418,127.95
EK202310176273,137.0
EK202310104700,142.0
EK202310107420,153.15
EK202310169267,136.6
EK202310187330,172.25
EK202310140279,142.8
EK202310201773,140.0
EK202310168395,151.85
EK202310166412,132.2
EK202310175402,128.5
EK202310128581,148.0
EK202310232461,144.1
EK202310138340,136.75
EK202310175300,143.05
EK202310125041,138.7
EK202310177394,168.6
EK202310163068,146.8
EK202310128960,167.5
EK202310213859,151.65
EK202310153664,145.55
EK202310168885,150.55
EK202310211096,136.1
EK202310233212,135.45
EK202310204970,143.5
EK202310246566,145.6
EK202310181736,183.7
EK202310235583,143.9
EK202310235586,134.85
EK202310229567,142.7
EK202310237891,143.05
EK202310156320,145.4
EK202310200700,143.8
EK202310157317,131.25
EK202310165659,127.95
EK202310230462,159.7
EK202310107771,144.05
EK202310199945,133.75
EK202310239536,146.75
EK202310108719,143.1
EK202310193930,140.2
EK202310153705,145.9
EK202310230423,137.4
EK202310142088,127.7
EK202310240261,131.0
EK202310234834,120.35
EK202310175123,121.6
EK202310223459,146.9
EK202310113022,151.25
EK202310139384,133.4
EK202310127365,145.1
EK202310175890,125.1
EK202310210471,130.95
EK202310124749,123.85
EK202310107106,152.1
EK202310199447,137.2
EK202310214057,157.3
EK202310158006,173.75
EK202310183095,168.15
EK202310122989,182.5
EK202310004181,127.4
EK202310221000,166.75
EK202310216704,136.1
EK202310218492,135.85
EK202310175061,140.35
EK202310144712,139.35
EK202310230385,124.45
EK202310154951,139.4
EK202310158887,151.15
EK202310132252,125.35
EK202310160262,168.4
EK202310153966,125.25
EK202310190560,131.6
EK202310124555,136.0
EK202310114555,148.75
EK202310190493,146.3
EK202310161137,138.4
EK202310224942,141.75
EK202310230466,167.45
EK202310216178,134.95
EK202310205948,136.05
EK202320006948,133.7
EK202310224873,130.35
EK202310231707,145.6
EK202310198816,137.1
EK202310239894,128.45
EK202310212434,139.2
EK202310242399,146.85
EK202310126630,149.55
EK202310212116,138.4
EK202310116735,145.15
EK202310142424,146.3
EK202310126653,135.15
EK202310130536,135.6
EK202320007559,141.6
EK202310244114,126.5
EK202310194656,143.25
EK202310228023,138.6
EK202310184412,142.4
EK202310138297,167.95
EK202310233553,140.45
EK202310222650,134.0
EK202310148133,156.8
EK202310124138,160.8
EK202310210134,131.5
EK202310203676,145.75
EK202310120898,152.3
EK202310167341,166.3
EK202310180216,153.75
EK202310246916,136.7
EK202310157656,135.3
EK202310205414,130.95
EK202310152717,168.65
EK202310106791,155.8
EK202310105725,137.9
EK202310104432,136.0
EK202310194299,130.5
EK202310153184,140.5
EK202310240659,155.45
EK202310219840,139.35
EK202310153949,149.25
EK202310132803,139.75
EK202310146592,139.8
EK202310172131,146.1
EK202310121613,141.3
EK202310167818,149.8
EK202310200796,150.2
EK202310116481,130.95
EK202310114639,155.75
EK202310212375,142.65
EK202310235321,137.4
EK202310222322,126.1
EK202310110700,123.35
EK202310189946,172.05
EK202310162874,145.4
EK202310130785,123.55
EK202310242378,143.0
EK202310241513,136.7
EK202310160539,145.6
EK202310222342,136.35
EK202310138062,131.15
EK202310231769,142.45
EK202310158224,133.2
EK202310224139,146.85
EK202310216169,133.45
EK202310139185,129.8
EK202310110485,126.95
EK202310239046,135.85
EK202310138942,144.45
EK202310169633,130.25
EK202310109575,144.95
EK202310200090,155.55
EK202310163491,138.4
EK202310148729,159.15
EK202310140411,149.4
EK202310243532,136.0
EK202310125468,137.45
EK202310221117,134.65
EK202310232056,144.4
EK202310210091,169.4
EK202320006396,137.9
EK202310142016,126.35
EK202310235002,143.25
EK202310183074,134.9
EK202310182233,161.9
EK202310225556,148.15
EK202310179915,135.7
EK202310173349,153.25
EK202310212842,150.25
EK202310197784,185.35
EK202310138785,146.5
EK202310144444,126.65
EK202310181562,144.45
EK202310248524,154.0
EK202310216425,145.7
EK202310229912,132.4
EK202310139002,131.7
EK202310120982,122.8
EK202310221837,125.2
EK202310119947,148.75
EK202310149071,164.6
EK202310185898,166.35
EK202310117197,142.8
EK202310142908,132.95
EK202310185756,169.85
EK202310238913,186.1
EK202310204574,151.8
EK202310113564,159.4
EK202310118542,137.5
EK202310167688,134.1
EK202310212185,138.6
EK202310117088,136.95
EK202310229808,157.45
EK202310207582,148.9
EK202310154912,136.55
EK202310181168,148.25
EK202310149374,144.3
EK202310104396,150.6
EK202310109994,143.3
EK202310170860,137.5
EK202310115815,144.75
EK202310214779,146.8
EK202310109121,144.65
EK202310134158,124.1
EK202310167627,144.2
EK202310225236,142.65
EK202310181807,135.6
EK202310247389,144.65
EK202310235579,140.85
EK202310173291,139.65
EK202310192355,144.95
EK202310142541,144.05
EK202310150510,130.35
EK202310223761,142.75
EK202310175574,131.05
EK202310238511,136.05
EK202310157509,148.8
EK202310181989,136.8
EK202310003618,138.7
EK202310179471,151.0
EK202310230763,142.15
EK202310204971,152.9
EK202310233557,127.5
EK202310145292,150.7
EK202320005880,158.1
EK202310245241,149.8
EK202310212493,125.65
EK202310193001,137.55
EK202310199238,137.95
EK202310160941,144.4
EK202310155028,129.85
EK202310130868,142.65
EK202310200440,139.0
EK202310182060,162.85
EK202310111816,139.85
EK202310146969,134.85
EK202310158404,133.6
EK202310110705,128.7
EK202310186759,141.9
EK202310157536,147.0
EK202310140019,138.8
EK202310179351,134.95
EK202310183791,143.15
EK202310206480,181.35
EK202310133811,128.2
EK202310217540,150.45
EK202310132032,145.05
EK202310139504,173.55
EK202310161554,152.7
EK202310127921,139.1
EK202310140328,132.3
EK202310179259,150.8
EK202310110275,129.1
EK202310148522,151.25
EK202310245827,117.55
EK202310104601,136.7
EK202310158718,131.9
EK202310148204,154.1
EK202310152034,140.0
EK202310205880,136.3
EK202310150725,141.75
EK202310154400,147.95
EK202310120186,158.65
EK202310192712,134.35
EK202310165189,125.7
EK202310152937,171.25
EK202310234101,129.5
EK202310191564,144.85
EK202310174430,141.05
EK202310208622,168.75
EK202310233831,132.8
EK202310136566,138.45
EK202310146005,127.35
EK202310221494,141.8
EK202310239849,127.75
EK202310176728,166.55
EK202310106909,138.7
EK202310208429,137.85
EK202310174444,147.5
EK202310242098,142.65
EK202310175190,139.95
EK202310177312,130.55
EK202310229607,140.05
EK202310121574,148.25
EK202310187339,132.0
EK202310227049,153.0
EK202310135213,134.9
EK202310128318,132.1
EK202310108701,151.6
EK202310114284,140.75
EK202310108473,145.7
EK202310160235,157.35
EK202310120842,128.55
EK202310142363,121.3
EK202310163562,137.95
EK202310192991,138.25
EK202310203468,145.55
EK202310188577,150.0
EK202310240344,132.4
EK202310113690,156.9
EK202310213117,146.35
EK202310222749,142.95
EK202310004635,122.55
EK202310141613,149.05
EK202310108032,135.6
EK202310233880,151.4
EK202310205163,157.0
EK202310104692,130.35
EK202310237071,126.0
EK202310111732,137.15
EK202310137404,135.0
EK202310146556,133.05
EK202310111180,179.7
EK202310190526,134.05
EK202310119701,145.65
EK202310182123,154.8
EK202310187615,165.7
EK202310201487,143.45
EK202310144094,120.0
EK202310116261,156.65
EK202310142783,135.5
EK202310192602,148.95
EK202310167866,144.65
EK202310145551,154.35
EK202310117731,137.35
EK202310125526,129.65
EK202310128615,127.3
EK202310180563,132.35
EK202310139532,132.75
EK202310224142,134.25
EK202310233781,171.45
EK202310157368,135.95
EK202310203603,143.8
EK202310180362,171.95
EK202310198397,143.7
EK202310124770,126.15
EK202310223755,126.1
EK202310106275,125.0
EK202310205161,136.2
EK202310139936,131.95
EK202310205611,149.55
EK202310134137,129.0
EK202310127542,144.6
EK202310193128,145.05
EK202310237157,138.25
EK202310107674,138.1
EK202310149217,126.95
EK202310129309,162.3
EK202310156886,136.2
EK202310117116,132.4
EK202310225911,131.3
EK202310145676,137.6
EK202310166738,163.8
EK202310158541,138.75
EK202310106511,164.15
EK202310131343,129.05
EK202310245992,132.25
EK202310140003,138.6
EK202310174342,132.9
EK202310208385,134.8
EK202310216439,129.7
EK202310211004,142.65
EK202310106760,140.8
EK202310176087,135.7
EK202310106317,124.35
EK202310215460,125.05
EK202310201661,141.4
EK202310166937,156.75
EK202310200307,146.75
EK202310181766,161.95
EK202310214069,163.2
EK202310200177,137.2
EK202310123321,148.65
EK202310151256,147.9
EK202310171945,152.05
EK202310136311,128.6
EK202310150029,144.05
EK202310212078,125.55
EK202310210902,140.15
EK202310210594,135.0
EK202310127288,138.6
EK202310126517,129.8
EK202310161234,159.05
EK202310220266,132.15
EK202310142494,161.85
EK202310217357,139.75
EK202310132692,132.85
EK202310227115,153.15
EK202310141700,150.65
EK202310115959,138.0
EK202310230099,137.7
EK202310211438,147.95
EK202310219042,133.55
EK202310177531,152.8
EK202310233521,162.8
EK202310128329,187.55
EK202310201328,181.35
EK202310171078,142.45
EK202310138130,131.0
EK202310177993,134.7
EK202310228196,171.2
EK202310170822,146.2
EK202310184514,126.15
EK202310208895,151.05
EK202310204293,159.3
EK202310163755,139.05
EK202310112893,143.5
EK202310207633,143.75
EK202310120935,132.9
EK202310198348,151.4
EK202310216671,133.35
EK202310203558,155.25
EK202310221470,130.4
EK202310134114,125.6
EK202310161904,157.4
EK202310121193,136.5
EK202310112380,136.75
EK202310123715,140.35
EK202310182522,130.25
EK202310165246,158.85
EK202310165109,137.9
EK202310226207,134.4
EK202310189166,157.6
EK202310171824,143.5
EK202310212508,134.55
EK202310188289,141.5
EK202310161253,131.95
EK202310188025,156.55
EK202310170339,132.05
EK202310103831,130.15
EK202310214220,137.7
EK202310149031,164.1
EK202310147724,164.3
EK202310142296,139.0
EK202310176974,151.95
EK202310161334,159.45
EK202310213866,139.55
EK202310225737,130.6
EK202310156109,139.2
EK202310200303,154.5
EK202310185044,152.35
EK202320006653,160.25
EK202310111122,123.6
EK202310120782,154.6
EK202310198165,151.75
EK202310228584,129.9
EK202310205188,141.7
EK202310121258,140.45
EK202310199633,136.5
EK202310143847,140.4
EK202310135571,134.0
EK202310206110,134.5
EK202310138447,142.7
EK202310192664,149.65
EK202310187215,160.2
EK202310151514,179.8
EK202310144726,165.25
EK202310207249,129.45
EK202310161306,167.95
EK202310158826,133.8
EK202310173556,163.8
EK202310125091,128.75
EK202310142377,139.6
EK202310236947,137.55
EK202310208442,134.85
EK202310118298,118.45
EK202310219483,129.9
EK202310211212,141.65
EK202310104173,147.8
EK202310201478,149.7
EK202310158280,142.15
EK202310123070,135.95
EK202310138063,156.7
EK202310164203,133.4
EK202310190017,167.7
EK202310169668,121.8
EK202310113501,149.35
EK202310235684,135.4
EK202310137261,129.85
EK202310162355,164.7
EK202310217469,137.75
EK202310161201,122.95
EK202310157515,136.2
EK202310145284,162.3
EK202310227827,140.1
EK202310209456,129.65
EK202310211698,138.4
EK202310194731,133.3
EK202310248330,155.75
EK202310106105,135.0
EK202310160743,135.85
EK202310166605,135.45
EK202310212995,152.65
EK202310233144,139.45
EK202310230980,133.35
EK202310226067,153.35
EK202310120976,125.5
EK202310128266,128.15
EK202310106331,141.05
EK202310199325,142.75
EK202310204088,163.85
EK202310174720,124.35
EK202310240940,140.3
EK202310109263,140.5
EK202310106322,138.75
EK202310135599,127.9
EK202310145520,129.7
EK202320005632,135.8
EK202310199819,146.8
EK202310172008,143.35
EK202310199276,137.2
EK202310106548,143.1
EK202310217167,149.35
EK202310176173,160.75
EK202310221378,165.75
EK202310201211,180.0
EK202320007715,132.2
EK202310182662,123.2
EK202310177694,141.3
EK202310156023,136.4
EK202310111848,124.4
EK202310129647,171.45
EK202310170544,162.2
EK202310242820,140.5
EK202310194133,181.85
EK202310216029,141.2
EK202310107349,137.45
EK202310208265,152.25
EK202310229154,132.25
EK202310107089,146.55
EK202310112252,150.85
EK202310148875,147.15
EK202310119051,142.55
EK202310147588,132.2
EK202310113617,152.55
EK202310147037,147.0
EK202310238313,127.15
EK202310192918,130.25
EK202310155166,127.9
EK202310177734,154.05
EK202310125003,161.0
EK202310204102,149.15
EK202310127233,146.05
EK202310154507,166.4
EK202310208352,149.4
EK202310123745,157.4
EK202310147036,152.65
EK202310110497,105.8
EK202310246320,145.85
EK202310138361,151.6
EK202310167217,137.35
EK202310229839,139.85
EK202310204873,128.7
EK202310208025,145.85
EK202310139865,159.15
EK202310238834,141.35
EK202320007032,164.55
EK202310223956,144.7
EK202310205152,122.15
EK202310127859,140.4
EK202310122230,139.4
EK202310235039,145.45
EK202310172181,146.75
EK202310152472,149.25
EK202310163385,156.1
EK202310226473,123.85
EK202310196206,165.35
EK202310004942,117.3
EK202310141871,142.45
EK202310215986,132.1
EK202310211462,139.1
EK202310245537,131.4
EK202310204491,146.7
EK202310139744,145.5
EK202310138719,126.45
EK202310128437,167.3
EK202310138286,151.05
EK202310148950,149.35
EK202310225042,173.1
EK202310227372,146.1
EK202310184056,169.75
EK202310203882,129.3
EK202310108510,139.65
EK202310220594,144.85
EK202310119141,147.15
EK202310246490,136.55
EK202310143698,142.9
EK202310126746,147.7
EK202310233106,149.1
EK202310108410,146.6
EK202310186336,150.2
EK202310231142,131.1
EK202310126076,142.0
EK202310205622,144.05
EK202310220488,144.55
EK202310120527,138.95
EK202310220246,134.1
EK202310161188,144.5
EK202310155699,153.1
EK202310189021,131.6
EK202310236601,130.05
EK202310164905,135.8
EK202310128052,140.3
EK202310126712,162.3
EK202310239805,163.35
EK202310224857,141.8
EK202310173357,137.55
EK202310127584,134.0
EK202310229371,133.95
EK202310110882,134.85
EK202310160530,145.95
EK202310116477,127.15
EK202310118586,115.1
EK202310172703,134.05
EK202310136123,176.1
EK202310108114,137.7
EK202310208296,147.55
EK202310232508,145.3
EK202310220252,130.25
EK202310168728,151.65
EK202310165440,175.15
EK202310214684,143.45
EK202310107697,131.3
EK202310129545,136.95
EK202310163236,148.2
EK202310236802,143.25
EK202310153242,160.7
EK202310144615,158.6
EK202310129912,123.3
EK202310197325,165.8
EK202310216540,151.25
EK202310104778,131.65
EK202310114062,141.25
EK202310205213,126.95
EK202310227892,137.15
EK202310232305,130.9
EK202310185667,160.35
EK202310212219,133.25
EK202310214315,166.55
EK202310222807,149.45
EK202310192829,183.05
EK202310246736,141.55
EK202310144859,149.65
EK202310167652,130.8
EK202310120246,155.6
EK202310182888,148.4
EK202310150758,128.1
EK202310172256,147.05
EK202310143177,146.15
EK202310197462,141.7
EK202310196459,145.0
EK202310164019,127.0
EK202310139039,165.25
EK202310134361,167.0
EK202310147025,145.0
EK202310208999,147.7
EK202310142527,125.8
EK202310193745,149.1
EK202310167641,150.35
EK202310240938,127.9
EK202310112017,117.35
EK202310240024,163.45
EK202310244708,167.75
EK202310210230,136.4
EK202310004423,140.8
EK202310221224,144.55
EK202310157667,130.1
EK202310215430,148.3
EK202310182844,142.65
EK202310236293,145.0
EK202310123092,161.0
EK202310125798,137.0
EK202310167474,161.3
EK202310124113,131.9
EK202310232206,130.4
EK202310222185,142.7
EK202310149306,139.45
EK202310167817,158.75
EK202310212632,138.85
EK202310132358,127.4
EK202310145151,153.2
EK202310141011,172.0
EK202310200018,131.35
EK202310132356,143.65
EK202310149165,147.25
EK202310129607,149.45
EK202310194843,142.55
EK202310190635,142.6
EK202310207943,143.15
EK202310164644,136.75
EK202310241540,132.65
EK202310116312,124.35
EK202310162974,141.4
EK202310151341,118.65
EK202310158724,129.1
EK202310247924,135.75
EK202310119010,132.45
EK202310186778,131.15
EK202310183764,176.4
EK202310151317,138.0
EK202310110771,126.75
EK202310180616,124.45
EK202310162283,141.15
EK202310228393,128.9
EK202310003867,136.55
EK202310162011,156.0
EK202310192785,151.4
EK202310205984,137.45
EK202310191301,144.1
EK202310205696,177.8
EK202310003384,171.15
EK202310244834,136.15
EK202310204220,150.9
EK202310110856,159.45
EK202310134787,130.9
EK202320007820,133.55
EK202310179208,125.15
EK202310223932,146.3
EK202310216781,132.15
EK202310187602,118.1
EK202310179844,169.45
EK202310163357,141.65
EK202310137800,131.85
EK202310202504,147.75
EK202310152435,134.15
EK202310138850,126.45
EK202310120464,130.45
EK202310200493,144.6
EK202310243016,134.85
EK202310168573,144.2
EK202310163051,144.1
EK202310188721,142.3
EK202310187647,149.95
EK202310194460,137.35
EK202310199853,144.1
EK202310199354,136.75
EK202310156872,134.35
EK202310183296,149.35
EK202310105927,136.2
EK202310106682,134.05
EK202310127329,165.4
EK202310116459,135.15
EK202310192223,140.5
EK202310004549,140.95
EK202310108809,172.15
EK202310180902,132.4
EK202310104309,138.45
EK202320005779,181.55
EK202310145003,132.0
EK202310234434,126.95
EK202310228455,152.05
EK202310196294,179.75
EK202310214611,142.95
EK202310128897,154.6
EK202310140953,149.75
EK202310153523,122.6
EK202310107262,138.45
EK202310177695,147.85
EK202310133157,163.9
EK202310243662,121.25
EK202310155394,134.35
EK202310126776,134.5
EK202310241762,139.8
EK202310141862,133.75
EK202310151835,152.55
EK202310128935,151.05
EK202310114330,130.95
EK202310166988,135.95
EK202310201794,131.0
EK202310181313,155.0
EK202310186725,133.55
EK202310146475,146.45
EK202310109755,161.55
EK202310161538,147.8
EK202310186435,147.3
EK202310193897,145.95
EK202310160769,135.05
EK202310212581,130.5
EK202310248122,127.2
EK202310235931,139.55
EK202310181771,170.6
EK202310155768,130.75
EK202310111605,157.0
EK202310127306,166.9
EK202310150190,133.25
EK202320005858,149.8
EK202310236072,142.9
EK202310225439,123.25
EK202310237893,150.3
EK202310136361,129.15
EK202310191072,158.75
EK202310181865,145.65
EK202310231592,140.2
EK202310207325,141.0
EK202310172714,136.8
EK202310224865,141.55
EK202310168576,134.85
EK202310103778,126.25
EK202310217586,153.25
EK202310231160,129.7
EK202310234098,139.8
EK202310178165,142.0
EK202310135798,135.55
EK202310207159,153.55
EK202310161503,152.25
EK202310164971,134.65
EK202310227797,144.3
EK202310138476,148.25
EK202310105436,137.9
EK202310171599,137.9
EK202310155833,142.75
EK202320007748,128.8
EK202310216275,125.65
EK202310178246,156.55
EK202310233952,143.45
EK202310236351,132.25
EK202310208975,144.4
EK202310210410,136.0
EK202310179531,144.35
EK202310207618,144.3
EK202310173550,169.45
EK202310226730,159.85
EK202310129523,143.0
EK202310220746,140.4
EK202310248566,143.65
EK202310193943,148.4
EK202310119814,160.8
EK202310142248,156.2
EK202310186304,156.35
EK202310138557,162.85
EK202310245483,132.65
EK202310132300,138.45
EK202310208081,150.4
EK202310230460,150.25
EK202310140474,128.05
EK202310212083,136.2
EK202310136665,134.0
EK202310131251,146.75
EK202310232633,133.4
EK202310147477,140.1
EK202310205850,162.5
EK202310202041,128.3
EK202310173763,144.75
EK202310160578,156.85
EK202310191339,135.6
EK202310212270,128.55
EK202310145728,157.3
EK202310221046,126.3
EK202310188691,139.65
EK202310171896,145.15
EK202310139766,124.0
EK202310173220,169.6
EK202310162948,133.65
EK202310105701,133.8
EK202310197311,159.4
EK202310147640,156.2
EK202310183542,155.85
EK202310183535,137.45
EK202310245904,147.9
EK202310133031,148.7
EK202310188018,166.6
EK202310135860,145.4
EK202310236943,142.9
EK202310156470,181.45
EK202310195857,169.9
EK202310187539,142.9
EK202310004424,125.0
EK202310217002,133.35
EK202310179415,130.15
EK202310120456,132.1
EK202310200863,115.7
EK202310147545,152.25
EK202310230822,140.75
EK202310121215,139.85
EK202310177411,160.55
EK202310224282,145.35
EK202310140227,133.05
EK202310129737,157.6
EK202310140849,130.3
EK202310189202,175.25
EK202310104642,137.1
EK202310208010,137.95
EK202310166940,161.95
EK202310162024,151.95
EK202310199815,128.9
EK202310152439,139.0
EK202310233448,142.85
EK202310242843,136.35
EK202310201491,153.0
EK202310107632,131.05
EK202310198770,176.75
EK202310137566,136.7
EK202310142121,132.95
EK202310190572,140.35
EK202310205775,137.4
EK202310220844,157.5
EK202310139338,163.05
EK202310108582,165.15
EK202310158552,131.65
EK202310184301,166.7
EK202310243616,135.4
EK202310151811,134.0
EK202310125407,139.85
EK202310139375,124.45
EK202310239439,144.65
EK202310155841,142.6
EK202310215149,139.25
EK202310107124,128.8
EK202310134118,123.85
EK202310194279,157.5
EK202310246720,147.45
EK202310162584,148.95
EK202310195982,167.75
EK202310228933,122.45
EK202310116256,154.1
EK202310114568,139.0
EK202310131206,151.3
EK202310175053,144.4
EK202310221935,132.45
EK202310185735,134.6
EK202310223371,131.2
EK202310228532,139.95
EK202310201399,156.4
EK202310225779,141.05
EK202310223354,149.7
EK202310149880,135.05
EK202310182361,144.5
EK202310245495,137.9
EK202310004203,137.35
EK202310179618,125.6
EK202320007066,159.3
EK202310114050,134.8
EK202310191315,145.95
EK202310146983,154.7
EK202310130594,165.45
EK202310242203,157.8
EK202310241138,137.0
EK202310156504,138.3
EK202310197660,171.7
EK202310140136,138.15
EK202310143917,122.2
EK202310219192,126.1
EK202310134270,162.4
EK202310232270,133.1
EK202310173917,157.0
EK202310173711,130.4
EK202310112756,125.45
EK202310204172,138.3
EK202310159759,144.15
EK202310186227,124.8
EK202310185665,157.15
EK202310117309,140.8
EK202310197672,130.05
EK202310153079,129.3
EK202320006035,135.45
EK202310247525,130.8
EK202310161438,132.45
EK202310218023,144.55
EK202310150064,166.3
EK202310142573,153.5
EK202310124576,130.6
EK202310219887,136.3
EK202310120184,126.65
EK202310112918,126.7
EK202310109372,180.05
EK202310107015,149.0
EK202310150353,149.8
EK202310204484,138.75
EK202310146488,153.35
EK202310124804,131.3
EK202310185666,162.65
EK202310195519,143.65
EK202310160733,132.8
EK202310104544,140.15
EK202310184750,151.95
EK202310003740,129.95
EK202310226854,141.25
EK202310125742,170.2
EK202310168317,135.25
EK202310149766,161.2
EK202310190272,167.45
EK202310146274,149.7
EK202310112851,125.45
EK202310175254,144.5
EK202310163259,127.4
EK202310133880,124.8
EK202310217079,140.75
EK202310170637,166.4
EK202310194778,127.05
EK202310218095,144.85
EK202310135253,155.95
EK202310197692,164.4
EK202310208639,136.35
EK202310246924,136.3
EK202310189081,127.95
EK202310186006,146.55
EK202310234924,138.3
EK202310159161,154.3
EK202310118361,133.2
EK202310103934,129.25
EK202310218075,144.8
EK202310151847,154.15
EK202310227485,155.85
EK202310215170,133.45
EK202310182285,153.45
EK202320006523,159.3
EK202310226724,136.75
EK202310144268,154.2
EK202310156630,178.4
EK202310245294,150.55
EK202310223363,156.75
EK202310237800,145.45
EK202310173460,135.05
EK202310209655,134.5
EK202310119136,147.8
EK202310127314,174.45
EK202310193844,139.3
EK202310162315,157.25
EK202310218294,130.4
EK202310151071,141.35
EK202310217686,135.25
EK202310154435,147.4
EK202310191927,157.3
EK202310181837,150.1
EK202310148256,152.95
EK202310230363,144.4
EK202310156095,135.95
EK202310169939,148.6
EK202310141818,147.15
EK202310230706,128.75
EK202310138074,121.45
EK202310213136,173.05
EK202310245174,138.05
EK202310149067,141.35
EK202310215609,134.05
EK202310170363,123.9
EK202310238402,141.35
EK202310117314,142.9
EK202310241750,164.95
EK202310154247,123.25
EK202310148755,146.2
EK202310150162,137.45
EK202310189110,135.85
EK202310168769,160.45
EK202310211938,132.9
EK202310176335,150.05
EK202310113812,129.6
EK202310123004,123.1
EK202310205174,139.25
EK202310168759,141.75
EK202310213442,136.75
EK202310239610,147.45
EK202310195241,117.3
EK202310153703,153.55
EK202310150341,130.8
EK202310208289,147.1
EK202310111014,150.2
EK202310221055,134.95
EK202310201138,187.65
EK202310004391,124.7
EK202310155939,132.95
EK202310148376,142.8
EK202310116871,139.35
EK202310197518,140.75
EK202310119757,126.9
EK202320007473,141.0
EK202310134809,134.9
EK202310189457,181.1
EK202310185033,134.3
EK202310229340,146.1
EK202310122288,140.45
EK202310120743,144.75
EK202310242075,129.6
EK202310140597,134.95
EK202310242069,122.2
EK202310136890,143.3
EK202310209810,133.25
EK202310223071,126.45
EK202310218487,153.4
EK202310232696,162.4
EK202310209345,144.2
EK202310170813,137.3
EK202310153786,164.95
EK202310151789,140.1
EK202310151677,131.2
EK202310137204,148.8
EK202310218836,145.4
EK202310151080,136.8
EK202310164354,170.45
EK202310173775,155.45
EK202310121695,158.1
EK202310205477,129.6
EK202310157033,165.85
EK202310119370,133.15
EK202310126142,163.5
EK202310205658,138.8
EK202310186719,165.4
EK202310144182,132.15
EK202310246415,122.7
EK202310227129,175.7
EK202310156707,163.05
EK202320005770,157.85
EK202310166383,150.8
EK202310210479,131.15
EK202310179571,144.15
EK202310187791,146.2
EK202310171969,130.85
EK202310132165,142.7
EK202310124907,145.3
EK202310208889,152.2
EK202310247697,133.0
EK202310194854,132.95
EK202310225021,163.7
EK202310238477,145.15
EK202310239246,131.0
EK202310176503,133.1
EK202310176496,130.8
EK202310198306,151.35
EK202310188583,147.6
EK202310207194,157.65
EK202310219806,147.9
EK202310227819,126.5
EK202310164368,160.35
EK202310239912,148.8
EK202310198458,145.9
EK202310142902,132.65
EK202310240388,145.45
EK202310222895,139.7
EK202310160875,137.5
EK202310167060,148.75
EK202310224028,164.4
EK202310151657,138.25
EK202310155117,136.9
EK202310136926,146.85
EK202310143427,168.35
EK202310172189,129.1
EK202310125542,134.05
EK202310217168,140.05
EK202310121975,119.2
EK202310182960,126.15
EK202310128220,128.6
EK202310112524,157.5
EK202310212379,137.75
EK202310207577,151.1
EK202310153262,151.1
EK202310198456,150.55
EK202310108358,135.15
EK202310160189,160.4
EK202310210891,127.8
EK202310193109,135.15
EK202310181289,161.35
EK202310131577,150.2
EK202310211895,143.6
EK202310190829,151.15
EK202310127301,150.55
EK202310116811,140.65
EK202310107250,136.5
EK202310107498,126.65
EK202310192130,162.25
EK202310132040,138.65
EK202310175120,130.15
EK202310246012,141.05
EK202320006537,175.05
EK202310129645,155.4
EK202310188742,130.9
EK202310196813,131.05
EK202310125413,148.8
EK202310166995,123.15
EK202310146585,139.25
EK202310229973,125.8
EK202310247518,138.6
EK202310198340,134.05
EK202310113811,126.3
EK202310188773,134.8
EK202310109282,141.65
EK202310240034,141.95
EK202310215437,125.95
EK202310194389,157.7
EK202310172196,137.65
EK202310165827,143.0
EK202320005561,128.3
EK202310149595,145.2
EK202310168288,169.4
EK202310140892,141.2
EK202310184756,148.65
EK202310155970,155.7
EK202310219701,139.5
EK202310174732,130.7
EK202310195694,174.3
EK202310213272,141.65
EK202310140437,151.55
EK202310235734,131.4
EK202310130236,162.7
EK202310144191,134.3
EK202310190014,171.7
EK202310244140,144.05
EK202310179886,148.05
EK202310124185,129.75
EK202310153209,126.45
EK202310153141,155.35
EK202310203881,131.4
EK202310166214,166.6
EK202310165860,161.65
EK202310221150,129.35
EK202310212669,134.35
EK202310183646,136.6
EK202310161293,140.95
EK202310123374,143.35
EK202310167702,145.7
EK202310218991,137.1
EK202310153681,125.5
EK202310132053,141.45
EK202310181558,131.3
EK202310234347,164.5
EK202310205398,141.1
EK202310236180,131.9
EK202310215127,133.05
EK202310184646,185.9
EK202310248044,138.2
EK202310232425,131.4
EK202310151757,128.5
EK202310134956,153.55
EK202310203447,141.7
EK202310125366,135.15
EK202310180083,139.8
EK202310170602,143.2
EK202310189329,131.35
EK202310152190,129.7
EK202310118845,151.15
EK202310202683,140.7
EK202310131733,138.15
EK202310151659,131.3
EK202310111223,139.3
EK202310189015,158.85
EK202310204933,137.45
EK202310220311,148.65
EK202310153186,151.75
EK202310204998,134.9
EK202310206640,129.8
EK202310148731,172.15
EK202310177950,141.1
EK202310236764,133.95
EK202310149184,121.95
EK202310243178,159.4
EK202310149329,144.85
EK202310124506,136.6
EK202310175231,157.7
EK202310117163,153.4
EK202310235121,162.25
EK202310201963,130.1
EK202310177877,136.2
EK202310196442,133.2
EK202310165909,136.8
EK202310148120,156.45
EK202310165323,131.25
EK202310148717,122.15
EK202310110684,125.45
EK202310131621,161.1
EK202310155848,128.15
EK202310116241,134.65
EK202310139259,156.3
EK202310125773,134.0
EK202310233036,138.05
EK202310149022,143.15
EK202310189335,135.95
EK202310124884,138.65
EK202310120137,132.1
EK202310164298,128.3
EK202310210341,159.7
EK202310235088,130.4
EK202310187731,141.5
EK202310243618,128.05
EK202310246975,129.9
EK202310178699,173.4
EK202310208826,144.25
EK202310192931,141.65
EK202310144942,130.6
EK202310204406,122.95
EK202310228390,133.35
EK202310116598,156.15
EK202310168298,149.2
EK202310221487,164.05
EK202310129003,137.85
EK202310199518,143.75
EK202310230415,128.8
EK202310229198,133.9
EK202310191619,158.2
EK202310135624,107.55
EK202310188764,129.25
EK202310194928,142.65
EK202310136019,146.85
EK202310193486,130.5
EK202310114440,135.15
EK202310233214,133.4
EK202310228766,143.45
EK202310149990,157.95
EK202310122654,132.3
EK202310221978,112.15
EK202310166235,141.2
EK202310165801,128.0
EK202310164057,150.95
EK202310168718,130.95
EK202310108201,142.15
EK202310206343,176.5
EK202310114675,137.85
EK202310188537,137.75
EK202310179087,144.8
EK202310187084,145.1
EK202310187925,134.6
EK202310170956,167.35
EK202310212887,139.65
EK202310137413,124.85
EK202310217648,123.7
EK202310174679,163.15
EK202310229265,134.4
EK202310148461,159.2
EK202310222772,130.85
EK202310113407,150.8
EK202310206546,139.05
EK202310224810,134.95
EK202310228008,125.5
EK202310165670,131.4
EK202310188801,171.95
EK202310163428,130.5
EK202310155452,134.25
EK202310188057,162.85
EK202310191879,135.85
EK202310221170,135.75
EK202310231103,144.35
EK202310242198,163.65
EK202310187526,168.35
EK202310188098,126.05
EK202310203053,145.75
EK202310215291,144.05
EK202310175087,142.6
EK202310187624,155.8
EK202310190415,125.3
EK202310123309,137.25
EK202310148164,166.2
EK202310185918,132.25
EK202310122611,136.2
EK202310174402,142.1
EK202310165680,134.95
EK202310234342,167.2
EK202310196937,147.25
EK202310111601,130.1
EK202310115643,126.9
EK202310111554,133.65
EK202310128358,134.9
EK202310131862,137.55
EK202310207446,152.9
EK202310189921,147.35
EK202310129789,146.85
EK202310226523,130.15
EK202310231417,136.15
EK202320007285,175.25
EK202310217873,138.55
EK202310105042,138.6
EK202310136636,157.45
EK202310175915,153.35
EK202310003483,131.95
EK202310200419,170.25
EK202310117924,139.2
EK202310181210,145.05
EK202310202561,154.2
EK202310107499,133.3
EK202310107137,133.95
EK202310231924,139.95
EK202310144923,148.65
EK202310207718,125.2
EK202310212477,131.05
EK202310107846,136.1
EK202310185004,153.0
EK202310134355,149.75
EK202310170491,144.6
EK202310234495,138.0
EK202310126339,132.5
EK202310185015,139.1
EK202310208389,143.15
EK202310165712,168.0
EK202310168161,145.1
EK202310152314,145.7
EK202310207349,128.1
EK202310195623,137.85
EK202310187039,127.9
EK202310141159,144.5
EK202310209863,153.1
EK202310160465,146.9
EK202310171624,132.25
EK202310227086,149.55
EK202310177422,135.95
EK202310240033,142.35
EK202310147863,131.3
EK202310187436,161.65
EK202310210870,138.0
EK202310104543,146.8
EK202310136266,128.95
EK202310169848,150.85
EK202310134804,131.0
EK202310128125,132.85
EK202310105804,121.2
EK202310240636,127.05
EK202310128250,126.25
EK202310167986,143.2
EK202310223738,128.7
EK202310194978,163.85
EK202310174109,120.3
EK202310234407,132.0
EK202310174138,134.6
EK202310167183,137.95
EK202310111941,125.75
EK202310199956,133.9
EK202310116743,142.05
EK202310140835,139.7
EK202310179216,180.45
EK202310205539,175.55
EK202310196566,137.15
EK202310224930,142.85
EK202310120947,147.1
EK202310170902,139.65
EK202310235028,140.15
EK202310113734,157.4
EK202310204036,134.65
EK202310230642,140.0
EK202310131709,143.7
EK202310226061,143.6
EK202310175946,145.9
EK202310152205,143.35
EK202310188482,137.9
EK202310108311,121.5
EK202310191290,131.75
EK202310144489,125.45
EK202310172283,136.75
EK202310226719,160.15
EK202310159716,149.8
EK202310199594,167.9
EK202310173559,149.6
EK202310136955,153.95
EK202310116269,151.5
EK202310193704,153.6
EK202320007431,162.15
EK202310132812,152.5
EK202310180739,145.65
EK202310174941,163.05
EK202310178926,145.25
EK202310194112,148.4
EK202310133210,137.6
EK202310192212,138.95
EK202310120175,145.15
EK202310139063,135.9
EK202310110816,155.1
EK202310133264,148.85
EK202310104140,148.0
EK202310162125,151.35
EK202310144954,129.5
EK202310169762,132.75
EK202310161221,165.2
EK202310216951,152.5
EK202310231726,143.6
EK202310149140,177.85
EK202310129051,137.2
EK202310134433,142.65
EK202310247557,166.75
EK202310231514,126.3
EK202310224127,146.85
EK202310126711,134.5
EK202310145914,131.0
EK202310147010,156.65
EK202310141199,142.55
EK202310163547,147.05
EK202310204148,135.35
EK202310159997,149.9
EK202310147517,149.85
EK202310120397,130.4
EK202310154029,137.0
EK202310208628,142.8
EK202310240529,137.05
EK202310119023,149.9
EK202310171849,127.2
EK202310180911,134.15
EK202310111220,128.7
EK202310155400,126.8
EK202310205379,128.6
EK202310151041,132.4
EK202310122951,131.95
EK202310196536,130.45
EK202310160766,153.3
EK202310209097,152.2
EK202310140289,122.75
EK202310133699,165.2
EK202310193965,135.1
EK202310201530,151.25
EK202310131280,130.95
EK202310225831,139.05
EK202310197460,140.7
EK202310225230,130.75
EK202310158454,171.75
EK202310245266,140.8
EK202310175415,135.25
EK202310194223,147.0
EK202310199942,145.5
EK202310233835,163.45
EK202310220027,124.9
EK202310119464,140.75
EK202310179368,138.6
EK202320006345,146.6
EK202310124702,145.4
EK202310197937,139.95
EK202310159091,126.5
EK202310138888,132.05
EK202310216680,129.15
EK202310240252,136.35
EK202310175387,162.55
EK202310199869,125.6
EK202310140275,138.7
EK202310151577,140.75
EK202310130981,125.7
EK202310131764,123.35
EK202310121874,119.75
EK202310171868,143.7
EK202310140109,147.3
EK202310120574,133.4
EK202310151566,136.2
EK202310124827,164.2
EK202310120607,147.75
EK202320006257,138.55
EK202310220130,146.3
EK202310144885,146.3
EK202310186525,137.9
EK202310219807,163.45
EK202310167657,145.35
EK202310123275,144.7
EK202310215234,161.95
EK202310146524,151.8
EK202310169940,152.4
EK202310243649,122.85
EK202310183687,132.5
EK202310130415,161.4
EK202310188385,147.8
EK202310158217,147.35
EK202310004449,135.15
EK202310193236,147.8
EK202310151651,126.55
EK202310106009,138.55
EK202310185711,122.25
EK202310104495,132.85
EK202310144848,149.6
EK202310180048,137.55
EK202310137754,137.35
EK202310156546,160.6
EK202310137352,152.6
EK202310182441,140.85
EK202310208167,140.95
EK202310223871,134.3
EK202310172342,140.9
EK202310219366,144.6
EK202310196187,135.3
EK202310138150,138.65
EK202310172299,131.95
EK202310127364,150.65
EK202310139869,147.35
EK202310128954,150.9
EK202310146322,146.6
EK202310162849,170.95
EK202310181038,124.45
EK202310170175,157.35
EK202310112098,157.35
EK202310176673,135.1
EK202310139559,155.05
EK202310233592,162.9
EK202310224263,145.9
EK202310110134,132.7
EK202310226556,148.0
EK202310209883,139.5
EK202310231890,141.4
EK202310190968,143.6
EK202310136859,164.85
EK202310247260,123.4
EK202310172360,141.35
EK202310210416,140.95
EK202310227699,143.75
EK202310213569,137.6
EK202310224874,125.2
EK202310169709,157.35
EK202310228257,141.3
EK202310141038,158.65
EK202310129192,131.8
EK202310107751,131.25
EK202310140717,135.35
EK202310228229,137.85
EK202310207072,121.2
EK202310202830,155.25
EK202310148905,166.6
EK202310127758,134.95
EK202310178020,148.25
EK202310193951,141.7
EK202310155292,135.5
EK202310144487,126.3
EK202310121253,148.6
EK202310148088,150.0
EK202310187124,150.5
EK202310229693,142.0
EK202310201484,147.6
EK202310129571,145.35
EK202310125950,139.5
EK202310185603,160.6
EK202310114453,155.55
EK202310117950,186.7
EK202310119043,143.6
EK202310198703,183.85
EK202310140299,119.8
EK202310135296,153.7
EK202310107227,106.85
EK202310240359,145.95
EK202310240921,133.75
EK202310128737,150.2
EK202310124258,144.8
EK202310220986,148.45
EK202310120232,155.0
EK202310164246,146.0
EK202310179029,144.1
EK202310162108,152.3
EK202310117566,130.2
EK202310232452,131.4
EK202310199397,160.8
EK202310150619,167.15
EK202310112912,146.75
EK202310196213,162.05
EK202310128306,132.0
EK202310186545,138.45
EK202310245338,138.05
EK202310126833,152.85
EK202310183324,126.3
EK202310206548,141.3
EK202310162684,155.15
EK202310158471,171.75
EK202310237583,148.2
EK202310142976,141.15
EK202310181877,144.5
EK202310193411,132.1
EK202310140403,135.4
EK202310223571,145.25
EK202310200630,150.95
EK202310219428,132.85
EK202310149680,138.75
EK202310109895,151.4
EK202310204098,167.45
EK202310177412,165.1
EK202310219692,129.2
EK202310103878,158.95
EK202310193630,134.2
EK202310109504,142.65
EK202310109364,129.05
EK202310239283,141.85
EK202310104478,137.0
EK202310204048,133.25
EK202310159059,137.5
EK202310156030,158.1
EK202310245545,143.95
EK202320007416,190.4
EK202310221846,175.3
EK202310132308,143.5
EK202310197059,132.1
EK202310234332,180.5
EK202310194822,190.3
EK202310148932,132.0
EK202310128434,146.65
EK202310238922,134.0
EK202310114232,157.45
EK202310175005,160.45
EK202320007002,166.55
EK202310197439,133.55
EK202310236355,120.4
EK202310003833,151.75
EK202310204832,126.05
EK202310004506,135.8
EK202310121065,133.4
EK202310127094,185.2
EK202310213840,149.9
EK202310114333,136.0
EK202310145274,161.6
EK202310222042,121.05
EK202310213433,144.05
EK202310146144,131.65
EK202310204047,135.75
EK202310212828,145.95
EK202310138593,127.15
EK202310226806,127.65
EK202310208095,142.45
EK202310114814,133.65
EK202310186543,147.4
EK202310110336,138.2
EK202310167478,150.85
EK202310236430,130.65
EK202310217023,125.7
EK202310153953,153.65
EK202310230502,129.95
EK202310247381,138.25
EK202310208704,149.85
EK202310139824,129.2
EK202310197168,130.85
EK202310128080,142.8
EK202310123269,149.7
EK202310121955,151.35
EK202310161214,165.65
EK202310133556,148.35
EK202310197481,137.55
EK202310246538,123.8
EK202310194330,156.75
EK202310178652,137.5
EK202310209776,151.9
EK202310242382,135.55
EK202310234518,141.15
EK202310217553,137.4
EK202310003369,140.05
EK202310207859,131.1
EK202310215266,132.65
EK202310191942,157.15
EK202310113737,160.1
EK202310128655,148.1
EK202310248203,128.3
EK202310170678,163.55
EK202310225376,137.35
EK202310198236,133.25
EK202310138567,164.05
EK202310148635,167.35
EK202310121362,123.4
EK202310216537,138.4
EK202310244010,130.85
EK202310199391,164.15
EK202310150957,140.85
EK202310160956,142.15
EK202310234204,123.2
EK202310230587,159.4
EK202310212166,151.75
EK202310164638,141.05
EK202310157872,154.45
EK202310206238,151.0
EK202310137733,115.6
EK202310123238,133.75
EK202310201665,134.6
EK202310150077,126.65
EK202310140491,124.65
EK202310183010,143.5
EK202310168338,135.2
EK202310146731,139.85
EK202310201575,144.05
EK202310151646,140.55
EK202310110613,140.45
EK202310107412,145.9
EK202310110590,134.7
EK202310127237,159.6
EK202310217513,145.3
EK202310148694,161.45
EK202310223185,133.2
EK202310172511,154.15
EK202310219014,141.1
EK202310134780,122.85
EK202310117915,139.35
EK202310153389,136.9
EK202310207296,130.7
EK202310132494,130.4
EK202310187803,131.45
EK202310233954,145.7
EK202310119049,132.2
EK202310243256,124.55
EK202310244548,129.75
EK202310240124,143.35
EK202310148734,135.3
EK202310131233,138.75
EK202310220058,132.5
EK202310217202,137.35
EK202310179774,135.8
EK202310227794,130.05
EK202310132105,126.85
EK202310177761,151.05
EK202310227840,137.6
EK202310169016,131.6
EK202320006837,160.1
EK202310108574,149.3
EK202310190548,124.8
EK202310109486,139.3
EK202310200259,166.05
EK202310162701,167.6
EK202310160336,128.45
EK202310212709,130.4
EK202310226725,124.8
EK202310158681,142.8
EK202310107964,135.75
EK202310235518,150.5
EK202310123552,146.4
EK202310201865,130.95
EK202310145317,163.15
EK202310183030,165.6
EK202310200118,158.2
EK202310114422,161.0
EK202310157848,135.8
EK202310239370,142.7
EK202310131836,169.35
EK202310143421,145.65
EK202310205485,133.75
EK202310168662,156.55
EK202310154586,173.4
EK202310186744,143.8
EK202310233340,141.85
EK202310239910,128.25
EK202310245136,147.7
EK202310149851,164.4
EK202310149779,156.65
EK202310228990,136.85
EK202310242178,154.25
EK202310133873,162.95
EK202310164264,141.75
EK202310231632,132.25
EK202310144424,127.0
EK202310112760,142.75
EK202310212956,128.7
EK202310145964,129.65
EK202310126563,128.8
EK202310109694,160.2
EK202310128490,128.85
EK202310180704,172.05
EK202310126998,134.1
EK202310112115,150.1
EK202310209159,126.7
EK202310191498,128.7
EK202310216436,145.35
EK202310163197,145.8
EK202310151701,150.15
EK202310110130,137.45
EK202310226705,150.45
EK202310139340,164.9
EK202310110862,136.6
EK202310127381,167.0
EK202310202546,173.95
EK202310225643,126.1
EK202310213096,131.0
EK202310235079,144.7
EK202310109108,164.6
EK202310225137,152.95
EK202310187484,119.55
EK202310244698,159.1
EK202310182643,159.35
EK202310172470,178.1
EK202310202542,127.8
EK202310240368,144.75
EK202310103843,133.85
EK202310219530,141.95
EK202310176306,162.05
EK202310239841,127.2
EK202310216087,152.9
EK202310153817,144.3
EK202310170433,130.4
EK202310219831,136.85
EK202310232545,138.35
EK202310128070,139.4
EK202310160215,149.55
EK202310233605,137.85
EK202310004309,142.2
EK202310162940,158.25
EK202310229901,115.65
EK202310155025,145.3
EK202310127004,138.8
EK202310247408,143.15
EK202310202128,137.6
EK202310178091,133.7
EK202310123328,146.3
EK202310228444,131.8
EK202310156135,135.0
EK202310164582,158.35
EK202310120354,144.75
EK202310225755,147.6
EK202310242750,127.85
EK202310142998,154.35
EK202310224125,146.4
EK202310169891,164.45
EK202310115679,134.6
EK202310198800,178.9
EK202310105498,149.4
EK202310178156,150.85
EK202310186930,166.2
EK202310133899,126.85
EK202310156394,140.9
EK202310122250,141.95
EK202310148614,146.4
EK202310195974,174.45
EK202310140125,123.3
EK202310210027,158.55
EK202310123730,155.55
EK202310116187,128.35
EK202310159940,123.75
EK202310120469,127.0
EK202310153614,147.55
EK202310233640,128.85
EK202310185515,170.3
EK202310205120,138.85
EK202310178305,152.25
EK202310184917,174.15
EK202310194354,178.9
EK202310171208,165.7
EK202310154255,161.5
EK202310245884,143.65
EK202310179361,138.85
EK202310181720,161.15
EK202310198136,139.85
EK202310123723,141.1
EK202310162489,141.25
EK202310242175,162.0
EK202310224905,146.75
EK202310248091,149.1
EK202310123593,139.15
EK202310183684,138.2
EK202310235351,155.55
EK202310169872,133.55
EK202320006484,146.05
EK202310199450,165.4
EK202310109127,131.4
EK202320007711,148.05
EK202310156432,131.8
EK202310233998,138.65
EK202310128218,128.45
EK202310121076,132.7
EK202310161013,133.75
EK202310116233,135.25
EK202310172825,132.3
EK202310126048,170.3
EK202310238467,143.95
EK202310172112,126.6
EK202310105094,140.2
EK202310228653,136.9
EK202310166974,138.95
EK202310236937,134.3
EK202310155066,139.65
EK202310110822,147.3
EK202310117204,136.2
EK202310124699,128.9
EK202310201420,140.75
EK202310193066,159.45
EK202310103851,120.15
EK202310107858,148.0
EK202310136568,146.1
EK202310108975,149.55
EK202310123028,124.45
EK202310124327,135.2
EK202310127718,151.05
EK202310155357,141.5
EK202310230360,136.5
EK202310107277,133.6
EK202310140418,152.7
EK202310205320,144.15
EK202310111068,144.3
EK202310199336,146.95
EK202310124051,134.05
EK202310137534,124.0
EK202310134728,134.05
EK202310186537,133.1
EK202310212779,157.65
EK202310184455,134.35
EK202310243388,135.05
EK202310137422,128.1
EK202310241788,153.2
EK202310107922,148.0
EK202310193955,147.65
EK202310194721,142.75
EK202310146903,120.9
EK202310134637,129.3
EK202310115633,133.15
EK202310226326,132.55
EK202310191621,167.85
EK202310218537,145.15
EK202310140032,144.45
EK202310187906,157.4
EK202310160631,149.55
EK202310235165,131.55
EK202310226953,152.15
EK202310231462,136.2
EK202310131496,136.95
EK202310215576,159.2
EK202310122149,147.3
EK202310167024,126.25
EK202310201015,173.85
EK202310139845,162.1
EK202310206739,153.3
EK202310107474,128.9
EK202310212444,126.95
EK202310160242,165.15
EK202310151058,141.15
EK202310107745,135.15
EK202310180777,148.05
EK202310118200,145.3
EK202310110288,157.4
EK202310133962,169.45
EK202310209998,137.75
EK202310113961,124.55
EK202310125421,138.0
EK202310204604,139.35
EK202310120459,139.35
EK202310179318,176.65
EK202310188043,119.05
EK202310139621,152.7
EK202310223960,141.95
EK202310116277,157.95
EK202310173520,126.75
EK202310140244,126.3
EK202310172775,137.5
EK202310209021,160.3
EK202310137060,151.6
EK202310169472,173.95
EK202310220708,149.45
EK202310155346,139.5
EK202310203724,139.7
EK202310174172,142.4
EK202310127338,138.3
EK202310231177,138.35
EK202310110283,131.05
EK202310194192,182.4
EK202310179609,141.25
EK202310233542,166.85
EK202310223188,141.4
EK202310160161,134.6
EK202310142059,167.4
EK202310148973,147.35
EK202310185968,136.5
EK202310143375,156.45
EK202310223394,136.8
EK202310142935,149.2
EK202310128889,126.7
EK202310243694,128.65
EK202310168873,133.3
EK202310110255,142.7
EK202310217355,158.35
EK202310170477,129.9
EK202310126294,135.35
EK202310193447,167.7
EK202310208452,140.85
EK202310121117,137.1
EK202310188124,123.55
EK202310200744,175.1
EK202310246111,138.1
EK202310161343,160.9
EK202310174717,161.6
EK202310162592,133.65
EK202310199334,153.0
EK202310004427,152.2
EK202310128231,122.1
EK202310159198,130.95
EK202310190595,136.15
EK202310234887,141.15
EK202310230530,141.65
EK202310212245,131.4
EK202310247440,141.15
EK202310190679,151.25
EK202310215878,140.6
EK202310118270,150.05
EK202310109213,148.55
EK202320007685,150.8
EK202310125681,146.1
EK202310187523,140.2
EK202310185418,156.9
EK202310147002,153.95
EK202310171520,134.75
EK202310222521,132.25
EK202310200454,164.7
EK202310121658,129.65
EK202310147902,153.25
EK202310204527,137.9
EK202310202723,138.5
EK202310149975,145.75
EK202310157163,137.0
EK202310125893,142.8
EK202310121387,123.2
EK202310151762,161.4
EK202310193998,144.95
EK202310106551,152.25
EK202310245044,131.3
EK202310207864,135.0
EK202310150519,131.35
EK202310180535,144.2
EK202310140574,147.3
EK202310152351,118.55
EK202310119381,163.7
EK202310144308,128.9
EK202310204920,146.85
EK202310169039,171.05
EK202310126992,136.1
EK202310165821,127.7
EK202310218625,133.1
EK202310224581,135.95
EK202310104040,124.2
EK202310151985,147.05
EK202310151422,181.45
EK202310181497,129.65
EK202310143064,154.25
EK202310115232,158.05
EK202310160598,130.05
EK202310153804,144.4
EK202310246991,138.35
EK202310205912,134.7
EK202310147949,146.3
EK202310147713,128.35
EK202310172130,126.6
EK202310193689,131.9
EK202320007377,141.2
EK202310234778,128.25
EK202310126968,160.15
EK202310168723,127.25
EK202310205210,142.55
EK202310236972,134.15
EK202310110805,132.7
EK202310110541,154.9
EK202320006784,139.2
EK202310169268,163.5
EK202310192717,146.4
EK202310134072,126.35
EK202310109817,136.2
EK202310111416,149.55
EK202310163760,152.85
EK202310206928,157.25
EK202310222806,170.3
EK202310245025,160.55
EK202310154335,122.25
EK202310122966,138.1
EK202310147154,151.8
EK202310161786,167.75
EK202310122057,134.3
EK202310206279,153.3
EK202310241236,164.95
EK202310107469,123.8
EK202310236549,138.35
EK202310144138,137.5
EK202310212131,135.55
EK202310112701,145.05
EK202310163659,131.65
EK202310172713,142.05
EK202310175303,134.3
EK202310129678,149.9
EK202310204116,148.2
EK202310226565,134.35
EK202310177622,142.7
EK202310173275,139.55
EK202310108694,131.65
EK202310124863,133.15
EK202310209698,159.2
EK202310155502,148.45
EK202310160025,150.35
EK202310219991,141.45
EK202310229114,129.75
EK202310179717,165.15
EK202310112666,142.3
EK202310122607,145.6
EK202310203774,133.65
EK202310167012,138.6
EK202310177207,146.95
EK202310108755,134.3
EK202310235791,143.6
EK202310193173,189.55
EK202310226669,146.75
EK202310241591,139.85
EK202310139673,157.9
EK202310245678,151.1
EK202320005871,145.55
EK202310146553,135.7
EK202310110812,157.7
EK202310163248,166.0
EK202310198120,143.5
EK202310130383,155.8
EK202310165453,140.05
EK202310129296,136.75
EK202310114158,136.35
EK202310206093,170.3
EK202310178733,160.25
EK202310148785,145.5
EK202310182839,149.65
EK202310243137,133.6
EK202310180781,131.15
EK202310221757,171.25
EK202310247595,141.3
EK202310119239,146.8
EK202310174112,121.0
EK202310195036,165.1
EK202310139240,156.15
EK202310161228,160.3
EK202310124628,164.3
EK202310216201,130.15
EK202310171177,162.0
EK202310217298,154.0
EK202310105105,146.0
EK202310121917,121.85
EK202310175901,133.55
EK202310248632,145.0
EK202310168647,135.1
EK202310189433,171.0
EK202310219364,134.75
EK202310208149,130.8
EK202310115824,142.1
EK202310147437,141.65
EK202310131516,144.35
EK202310216229,144.15
EK202310143057,130.95
EK202310227618,142.25
EK202310105862,149.95
EK202310191429,151.85
EK202310114100,135.9
EK202310240658,124.1
EK202310221826,143.2
EK202310228005,142.7
EK202310114273,144.3
EK202310129611,156.1
EK202310106828,138.35
EK202310216849,144.75
EK202310217419,142.75
EK202310123260,123.05
EK202310189255,125.0
EK202310141612,146.0
EK202310115638,128.2
EK202310144626,162.9
EK202310128398,150.65
EK202310150599,159.7
EK202310209851,126.35
EK202310142306,138.05
EK202310151733,153.3
EK202310115665,143.0
EK202310144016,127.9
EK202310194248,154.85
EK202310221662,132.8
EK202310239754,122.1
EK202310183618,139.5
EK202310247966,128.35
EK202310144467,129.15
EK202310199980,139.2
EK202310147993,165.2
EK202310219732,145.85
EK202310201255,140.05
EK202310166834,169.45
EK202310188039,160.85
EK202310125812,130.95
EK202310149327,145.2
EK202310186774,163.65
EK202310131937,139.0
EK202310136858,141.05
EK202310194737,170.5
EK202310227116,134.15
EK202310188953,165.55
EK202310152825,178.95
EK202310233830,142.05
EK202310175569,137.1
EK202310127649,140.05
EK202310189873,157.95
EK202310164363,152.9
EK202310122930,141.3
EK202310159410,137.4
EK202310150191,127.4
EK202310174699,128.65
EK202310184344,150.55
EK202310142972,145.0
EK202310136313,143.7
EK202310159605,153.6
EK202310211606,139.6
EK202310194487,153.8
EK202310109553,136.7
EK202310121906,133.05
EK202310132283,142.8
EK202310156330,160.55
EK202310109685,140.5
EK202310166453,147.45
EK202310235141,137.0
EK202310242155,136.55
EK202310171093,146.25
EK202310157094,138.2
EK202310157497,148.15
EK202310112679,133.35
EK202310201020,144.25
EK202310137760,130.3
EK202310152523,172.7
EK202310227728,128.35
EK202310194083,133.15
EK202310194984,150.3
EK202310145213,132.6
EK202310216337,144.75
EK202310189326,166.8
EK202310145361,127.9
EK202310209596,126.95
EK202310147914,162.85
EK202310210977,141.4
EK202310169601,129.35
EK202310218627,135.1
EK202310222818,140.3
EK202310175529,138.05
EK202310201612,159.75
EK202310174062,128.45
EK202310223170,132.9
EK202310225186,127.2
EK202310243838,144.05
EK202310241520,135.6
EK202310166518,135.6
EK202310113920,139.2
EK202310164784,135.85
EK202310159164,150.05
EK202310149463,152.0
EK202310227499,146.1
EK202310217794,127.15
EK202310225560,140.85
EK202310147201,150.3
EK202310128156,135.3
EK202310115240,133.25
EK202310238532,143.45
EK202310183846,144.55
EK202310144731,136.55
EK202310162390,133.75
EK202310197431,133.25
EK202310105951,126.15
EK202310204990,141.25
EK202310210191,142.8
EK202310126933,117.45
EK202310202480,124.95
EK202310111923,124.95
EK202310119216,144.2
EK202310157432,137.65
EK202310177567,152.65
EK202310131552,140.85
EK202310179248,139.1
EK202310151456,170.2
EK202310168955,135.2
EK202320007813,155.75
EK202310117010,133.25
EK202310151990,142.2
EK202310125852,140.6
EK202310136345,129.5
EK202310107482,137.85
EK202310136674,151.75
EK202310162359,151.85
EK202310130813,121.15
EK202310242095,139.75
EK202310112314,145.15
EK202310234433,121.15
EK202310202458,135.8
EK202310129103,159.6
EK202310177132,183.4
EK202310242050,146.8
EK202310232456,137.85
EK202310200214,157.7
EK202310163472,169.9
EK202310185311,144.25
EK202310228179,133.55
EK202310130371,147.75
EK202310179660,143.55
EK202310190711,150.8
EK202310246542,138.9
EK202310231496,126.3
EK202310222179,128.5
EK202310132158,139.6
EK202310167423,153.0
EK202310201349,182.95
EK202310142224,135.75
EK202310179938,138.15
EK202310223135,124.25
EK202310205817,177.2
EK202310246593,142.3
EK202310176304,157.0
EK202310130059,150.2
EK202310111192,149.4
EK202310165881,134.15
EK202310127812,166.8
EK202310190156,143.65
EK202310216483,125.2
EK202310144414,138.0
EK202310132901,130.55
EK202310154231,130.55
EK202310145897,127.65
EK202310209392,136.5
EK202310178084,135.7
EK202310125343,129.05
EK202310146816,137.35
EK202310155084,138.05
EK202310168900,152.05
EK202310185047,164.4
EK202310237486,144.45
EK202310203671,163.1
EK202310135522,144.7
EK202310159093,167.6
EK202310189257,126.6
EK202310177736,151.95
EK202310105312,132.95
EK202310242607,143.95
EK202310206314,181.45
EK202310125578,140.6
EK202310217187,143.65
EK202310239344,126.0
EK202310148598,128.75
EK202310211006,136.5
EK202310141573,143.7
EK202310208369,146.35
EK202310143928,150.05
EK202310149152,146.1
EK202310150945,136.1
EK202310158400,140.65
EK202310117629,128.85
EK202310104031,152.75
EK202310110083,128.1
EK202310178368,152.1
EK202310119686,141.75
EK202310143618,162.9
EK202310120487,150.55
EK202310219395,129.6
EK202310112376,147.55
EK202310201306,141.2
EK202310228811,179.3
EK202310171144,132.4
EK202310196110,149.2
EK202310115076,142.95
EK202310106850,140.45
EK202310224133,136.85
EK202310138595,131.2
EK202310197537,156.25
EK202310190665,148.65
EK202310148759,145.05
EK202310243283,128.35
EK202310159395,161.85
EK202310114620,141.0
EK202310111786,142.7
EK202310179340,128.9
EK202310246360,157.7
EK202310165546,127.25
EK202310231626,135.45
EK202310154298,147.75
EK202310234468,124.1
EK202310216859,176.8
EK202310159904,177.4
EK202310122874,139.0
EK202310226448,136.25
EK202310109658,139.15
EK202310248327,137.4
EK202310240275,138.45
EK202310160292,127.6
EK202310130749,133.95
EK202310208708,131.5
EK202310184600,153.65
EK202310136202,138.5
EK202310118993,129.3
EK202310135570,142.7
EK202310144234,132.15
EK202310232831,137.2
EK202310190714,143.2
EK202310237590,149.6
EK202310105068,133.3
EK202310233087,139.85
EK202310174797,165.0
EK202310241325,164.2
EK202310003548,143.0
EK202310226491,143.25
EK202310111356,130.55
EK202310246019,138.05
EK202310104422,128.25
EK202310140919,136.7
EK202310247367,133.85
EK202310108141,135.75
EK202310202875,162.0
EK202310132953,127.05
EK202310163551,148.75
EK202310155719,134.4
EK202310128169,154.15
EK202310227798,129.8
EK202310112895,150.6
EK202310110637,135.5
EK202310111099,143.55
EK202310160891,145.0
EK202310174833,141.85
EK202310133014,132.75
EK202310229258,130.65
EK202310191591,135.95
EK202310190178,145.4
EK202310227882,136.75
EK202310248423,141.8
EK202310199669,161.6
EK202310178419,145.25
EK202310229489,136.1
EK202310109158,164.45
EK202310167700,138.75
EK202310183769,141.05
EK202320007189,152.55
EK202310119946,144.7
EK202310171685,170.05
EK202310237171,144.7
EK202310114451,129.8
EK202310200193,130.7
EK202310211187,121.85
EK202310163649,161.4
EK202310128906,134.5
EK202310155349,145.1
EK202310226103,144.45
EK202310130867,139.0
EK202310144735,147.45
EK202310131002,117.9
EK202310147837,133.3
EK202310182788,119.1
EK202310130743,121.25
EK202310195554,158.9
EK202310111296,147.15
EK202310109329,126.2
EK202310003505,135.8
EK202310182130,161.2
EK202310158028,162.4
EK202310156165,172.0
EK202310210442,132.0
EK202310182184,155.7
EK202310198996,127.0
EK202310141171,148.3
EK202310223224,140.35
EK202310186527,138.45
EK202310155114,143.7
EK202310176069,167.85
EK202310129120,158.7
EK202310189707,146.05
EK202310116275,148.35
EK202310208833,142.35
EK202310197309,150.1
EK202310213895,155.0
EK202310208737,148.8
EK202310200447,140.35
EK202310152283,135.45
EK202310220449,146.6
EK202310110949,140.9
EK202310209106,163.9
EK202310223835,141.6
EK202310230881,140.85
EK202310122186,144.2
EK202310170304,158.15
EK202310193993,165.75
EK202310141761,152.25
EK202310127568,140.7
EK202310128895,144.1
EK202310228433,133.3
EK202310118632,132.8
EK202310104226,138.6
EK202310164491,161.2
EK202310216438,128.0
EK202310214077,160.25
EK202310247400,157.75
EK202310174422,142.2
EK202310122877,129.0
EK202310128301,163.1
EK202310121029,146.3
EK202310156904,136.7
EK202310228463,147.85
EK202310197399,131.1
EK202310210314,138.4
EK202310114247,131.6
EK202320005931,183.3
EK202310129928,159.75
EK202310213491,138.5
EK202310117524,179.6
EK202310118755,135.85
EK202310184404,127.2
EK202310227256,119.15
EK202310179166,126.3
EK202310136432,128.75
EK202310176274,136.2
EK202310151297,150.55
EK202310125109,139.95
EK202310116780,143.2
EK202310135569,143.65
EK202310134565,127.7
EK202310186448,146.3
EK202310178115,135.1
EK202310113148,153.7
EK202310228489,128.15
EK202310179723,119.9
EK202310157269,139.45
EK202310199275,137.05
EK202310233646,153.0
EK202310154900,156.7
EK202310140705,139.65
EK202310148303,147.95
EK202310216595,133.65
EK202310109916,137.35
EK202310115675,143.8
EK202310155830,142.1
EK202310218005,134.2
EK202310141563,130.4
EK202310228213,169.85
EK202310212791,143.15
EK202310194782,165.65
EK202310231645,135.6
EK202310241926,130.2
EK202310210213,129.65
EK202310134817,126.9
EK202310133386,155.45
EK202310142531,157.5
EK202310187663,164.6
EK202310117777,124.25
EK202310158245,127.4
EK202310195137,143.65
EK202310142488,144.9
EK202310187991,137.75
EK202310150662,146.6
EK202310217688,128.95
EK202310179171,130.3
EK202310127405,152.25
EK202310135392,142.3
EK202310171859,129.9
EK202310105858,134.8
EK202310158319,143.95
EK202310230414,128.25
EK202310118707,153.9
EK202310128139,133.55
EK202310186693,150.05
EK202310179495,158.8
EK202310199992,142.25
EK202310107900,137.95
EK202310139759,136.1
EK202310109278,146.25
EK202310126409,133.85
EK202310207784,142.4
EK202310236292,145.4
EK202310154556,134.55
EK202310134873,130.7
EK202310132640,146.0
EK202310228961,131.05
EK202310185810,137.15
EK202310149986,132.75
EK202310131518,149.15
EK202310121880,140.1
EK202310191180,149.3
EK202310177003,152.5
EK202310215011,169.4
EK202310146470,140.3
EK202310200272,159.9
EK202310172780,138.2
EK202310225929,129.3
EK202310145639,124.7
EK202310246707,150.2
EK202310196529,137.3
EK202310232839,134.65
EK202310140369,144.1
EK202310141325,135.3
EK202310151532,165.8
EK202310217721,128.65
EK202310189960,167.0
EK202310132726,131.35
EK202310182587,157.65
EK202310216789,163.15
EK202310187849,160.65
EK202310234305,143.2
EK202310142640,130.1
EK202310211367,144.85
EK202310237820,133.0
EK202310128311,129.0
EK202310234908,126.65
EK202310104928,152.9
EK202310124402,131.4
EK202310170954,127.25
EK202310238908,131.5
EK202310138176,116.6
EK202310150598,173.8
EK202310108952,145.5
EK202310147721,131.5
EK202310164148,144.2
EK202310164879,132.35
EK202310170715,168.05
EK202310169418,130.35
EK202310133466,140.05
EK202310133903,127.1
EK202310204671,146.55
EK202310156209,159.6
EK202310243873,142.8
EK202310134929,133.05
EK202310216695,122.85
EK202310158237,135.4
EK202310194292,139.25
EK202310103856,158.7
EK202310126627,171.5
EK202310121161,133.5
EK202310191392,157.75
EK202310245531,129.5
EK202310126763,139.95
EK202310161498,164.7
EK202310112456,164.7
EK202310191483,153.65
EK202310140746,135.65
EK202310175247,128.2
EK202310112978,141.65
EK202310115781,126.0
EK202310150028,126.3
EK202310204581,142.7
EK202310137480,136.75
EK202310191514,135.25
EK202310201678,143.95
EK202310117265,142.0
EK202310112369,123.95
EK202310208647,158.3
EK202310142602,155.1
EK202310113073,126.65
EK202310149092,134.7
EK202310162989,131.0
EK202320006610,127.55
EK202310177443,129.85
EK202310104850,122.1
EK202310126368,135.1
EK202310248204,133.4
EK202310190956,135.6
EK202310110980,131.5
EK202310154273,153.3
EK202310242223,142.05
EK202310117698,131.0
EK202310195417,148.1
EK202310145942,122.6
EK202310152887,181.0
EK202310169297,174.5
EK202310221863,130.95
EK202310199131,135.0
EK202310185529,160.3
EK202310113311,123.25
EK202310209762,134.75
EK202310164806,131.5
EK202310134642,126.0
EK202310146968,137.55
EK202310107027,141.35
EK202310226716,144.4
EK202310243795,139.95
EK202310138740,148.85
EK202310144607,129.4
EK202310244471,139.35
EK202310159052,151.95
EK202310123055,138.35
EK202310113885,134.2
EK202310199531,131.05
EK202310236118,138.45
EK202310137888,131.95
EK202310215531,155.7
EK202310185054,136.6
EK202310129573,140.4
EK202310163633,144.35
EK202310202282,150.55
EK202310143694,129.55
EK202320006080,160.85
EK202310232132,140.05
EK202310138363,149.5
EK202310193434,136.1
EK202310175511,141.65
EK202310133748,123.0
EK202310106718,135.7
EK202310188899,137.7
EK202310232574,160.4
EK202310212172,134.5
EK202310190446,145.3
EK202310113384,139.65
EK202310181368,159.7
EK202310003999,134.25
EK202310141115,139.1
EK202310109981,157.95
EK202310166769,133.95
EK202310138115,131.2
EK202310128203,170.2
EK202310206649,147.25
EK202310110780,149.45
EK202310240635,132.05
EK202310190614,152.35
EK202310129881,146.6
EK202310127835,140.85
EK202310121093,135.7
EK202310150408,126.5
EK202310164894,137.4
EK202310109584,133.6
EK202310173464,142.7
EK202310204837,148.95
EK202310152348,182.65
EK202310164097,142.5
EK202310127163,157.3
EK202310244695,146.6
EK202310229812,154.25
EK202310134538,136.2
EK202310210536,148.75
EK202310140667,143.15
EK202310141775,136.2
EK202310214180,149.95
EK202310164023,143.0
EK202310173588,127.35
EK202310170905,129.25
EK202310114396,142.05
EK202310183841,140.65
EK202310201453,150.8
EK202310113439,150.5
EK202310238212,138.35
EK202310127261,153.9
EK202310238188,137.85
EK202310206294,147.95
EK202310144833,143.5
EK202310211732,134.0
EK202310224752,158.3
EK202310193699,145.5
EK202310143520,147.15
EK202310115211,135.1
EK202310164360,157.4
EK202310117381,132.45
EK202310229483,131.85
EK202310188649,145.55
EK202310200724,140.55
EK202310144431,151.0
EK202310133572,150.75
EK202310208802,133.3
EK202310248659,143.15
EK202310131585,133.3
EK202310233777,177.45
EK202310129212,128.3
EK202310155799,126.5
EK202310229572,130.05
EK202310128875,136.45
EK202310148223,159.75
EK202310142900,166.9
EK202310183384,153.75
EK202310111421,128.95
EK202310212086,132.75
EK202310239476,144.85
EK202310131957,153.6
EK202310204264,159.65
EK202310178704,179.65
EK202310227864,118.4
EK202310169538,126.15
EK202310173784,184.0
EK202310216416,148.75
EK202310196443,159.35
EK202310214690,139.6
EK202310224533,128.7
EK202310171089,161.85
EK202310213256,159.9
EK202310136488,125.1
EK202310199625,143.35
EK202310171589,144.7
EK202310226351,137.35
EK202310106984,139.15
EK202310212070,139.15
EK202310183076,158.8
EK202310232081,144.6
EK202310126981,132.7
EK202310154523,146.85
EK202310184085,132.4
EK202310170300,155.3
EK202310218531,142.4
EK202310206452,176.85
EK202310004184,129.75
EK202310177618,128.9
EK202310222352,134.8
EK202310106506,136.95
EK202310186819,154.95
EK202310140723,126.95
EK202310238611,124.3
EK202310120555,130.55
EK202310147094,153.4
EK202310155462,133.55
EK202310105723,156.4
EK202310136398,155.95
EK202310233819,147.3
EK202310133289,140.45
EK202310230003,131.95
EK202310144991,142.45
EK202310172964,150.1
EK202310238178,151.5
EK202310126938,155.9
EK202310231506,127.85
EK202310190088,142.9
EK202310172578,144.25
EK202310153732,140.05
EK202310179604,130.9
EK202310129682,139.3
EK202310143507,128.5
EK202310155560,140.25
EK202310127202,167.8
EK202310143252,139.4
EK202310217653,126.05
EK202310173062,159.8
EK202310105294,139.0
EK202310117821,126.2
EK202310215199,126.2
EK202310241483,147.9
EK202310174150,149.2
EK202310219893,162.65
EK202310219552,131.35
EK202310136028,125.8
EK202310225636,142.75
EK202310150738,139.9
EK202310176837,135.3
EK202310172368,134.45
EK202310184904,159.9
EK202310191265,144.3
EK202310144201,122.6
EK202310139926,133.5
EK202310133343,144.6
EK202310193942,115.7
EK202310181626,153.15
EK202310138065,121.1
EK202310175111,131.35
EK202310242001,133.25
EK202310160431,130.0
EK202310169578,146.2
EK202310137385,133.6
EK202310136468,140.85
EK202310158374,136.45
EK202310108318,131.95
EK202310122270,128.5
EK202310144491,163.7
EK202310123031,123.75
EK202310155418,145.15
EK202320006341,145.65
EK202310110341,140.75
EK202310103961,151.05
EK202310003695,149.45
EK202310200040,140.85
EK202310119278,166.25
EK202310174626,165.2
EK202310153937,135.25
EK202310189548,175.0
EK202310149005,146.2
EK202310184006,182.95
EK202310129614,154.7
EK202310178276,146.6
EK202310124293,138.45
EK202310199434,152.85
EK202310111178,143.55
EK202310143329,163.7
EK202310229141,137.6
EK202310225446,122.85
EK202310133140,164.4
EK202310204388,129.65
EK202310127528,138.0
EK202310175944,153.9
EK202310205185,163.9
EK202310220142,134.25
EK202310188984,142.8
EK202310117484,191.1
EK202310222387,133.5
EK202310238376,127.45
EK202310190275,146.15
EK202310127517,149.8
EK202310148647,154.45
EK202310144619,142.9
EK202310172144,134.0
EK202310105902,139.05
EK202310169293,128.75
EK202310231168,133.4
EK202310147200,146.35
EK202310193258,137.35
EK202310134686,159.1
EK202310184958,165.45
EK202310172029,160.45
EK202310199176,131.6
EK202310232628,126.3
EK202310230800,138.75
EK202310169188,178.75
EK202310143652,145.45
EK202310210776,153.7
EK202310243268,133.7
EK202310219929,146.0
EK202320006873,136.3
EK202310142750,160.65
EK202310105033,144.15
EK202310171957,145.55
EK202310167819,159.85
EK202310224575,133.75
EK202310218984,124.9
EK202310148378,167.95
EK202310124296,129.7
EK202310153505,128.5
EK202310202475,161.45
EK202310105768,141.3
EK202310155150,174.15
EK202310131403,140.1
EK202310236965,128.45
EK202310128158,151.7
EK202310244898,128.5
EK202310168438,156.75
EK202310191063,114.85
EK202310247883,156.65
EK202310144879,143.6
EK202310248004,180.3
EK202310129311,184.6
EK202310159341,139.3
EK202310186599,138.6
EK202310003714,172.8
EK202310141937,147.9
EK202310141516,133.65
EK202310211399,126.9
EK202310133332,124.25
EK202310245637,139.35
EK202310195191,132.7
EK202310120028,137.8
EK202310238137,131.8
EK202310155822,131.85
EK202310178814,167.25
EK202310117251,127.85
EK202310134938,145.55
EK202310209690,125.1
EK202310203758,134.1
EK202310115669,145.4
EK202310104134,161.2
EK202310145861,136.45
EK202310150671,131.15
EK202310240589,135.75
EK202310212301,134.8
EK202310142614,150.0
EK202310141457,135.9
EK202310245972,150.65
EK202310150051,167.35
EK202310170670,160.75
EK202310211033,135.25
EK202310206028,175.45
EK202310116009,137.1
EK202310119459,162.4
EK202310205201,140.65
EK202320005999,155.0
EK202310137068,158.75
EK202310125205,144.35
EK202310111843,128.15
EK202310155744,147.05
EK202310189271,176.55
EK202310200042,144.2
EK202310234396,127.55
EK202310203600,142.0
EK202310206171,141.85
EK202310206072,131.05
EK202310163819,160.3
EK202310241837,157.35
EK202310122958,124.8
EK202310143934,171.25
EK202310108166,153.3
EK202310157169,174.4
EK202310152923,158.7
EK202310194312,134.45
EK202310176406,150.95
EK202310150358,175.9
EK202310219917,141.9
EK202310196050,138.45
EK202310199317,140.55
EK202310214061,141.8
EK202310122593,140.85
EK202310244955,147.0
EK202310156822,125.45
EK202310207476,133.65
EK202310158934,156.0
EK202310201930,157.5
EK202310119122,144.4
EK202310196169,165.95
EK202310201449,156.55
EK202310130630,125.05
EK202310216667,160.6
EK202310109941,109.95
EK202310200400,135.7
EK202310137456,158.2
EK202310196853,151.25
EK202310215704,128.25
EK202310135405,135.3
EK202310169616,129.3
EK202310216148,122.9
EK202310243354,135.4
EK202310228967,138.9
EK202310243234,137.85
EK202310192532,177.85
EK202310214813,137.9
EK202310104914,150.95
EK202310153816,140.45
EK202310202614,139.4
EK202310210862,157.25
EK202310170135,139.05
EK202310188088,146.15
EK202310221249,135.95
EK202310232182,138.65
EK202310185589,145.15
EK202310220140,151.7
EK202310151225,133.0
EK202310120905,149.3
EK202310125281,140.5
EK202310129594,135.85
EK202310131652,146.3
EK202310178780,145.5
EK202310199546,154.8
EK202310184333,125.6
EK202310129518,143.35
EK202310125847,146.9
EK202310146303,157.5
EK202310175806,133.3
EK202310220347,145.15
EK202310225734,134.55
EK202310240284,135.2
EK202310114155,161.4
EK202310208667,138.2
EK202310247128,171.15
EK202310218283,134.6
EK202310227443,131.25
EK202310157358,162.05
EK202310205155,148.15
EK202310189640,146.7
EK202310219047,128.5
EK202310155307,129.4
EK202310190346,131.2
EK202310186825,150.95
EK202310203583,157.6
EK202310122872,123.55
EK202310223579,137.25
EK202310134595,156.2
EK202310199315,139.7
EK202310197280,135.25
EK202310105445,134.9
EK202310170127,141.35
EK202310124087,126.4
EK202310186812,151.0
EK202310175470,133.55
EK202310178249,149.0
EK202310246428,119.9
EK202310206906,157.55
EK202320007523,171.45
EK202310106696,106.25
EK202310139497,175.95
EK202310135104,135.3
EK202310165444,155.75
EK202310150670,170.0
EK202310141326,135.25
EK202310206479,126.9
EK202310182003,154.25
EK202310240148,152.05
EK202310246934,159.65
EK202310157908,146.4
EK202310233790,137.35
EK202310227231,154.4
EK202310104197,139.15
EK202310003919,145.25
EK202310134161,123.9
EK202310132637,135.6
EK202310112692,142.8
EK202310004804,136.15
EK202310188449,148.35
EK202310161514,165.5
EK202310121257,137.45
EK202310165460,178.0
EK202310246582,140.1
EK202310182549,146.65
EK202310153021,149.35
EK202310155857,130.2
EK202310112710,125.85
EK202310193527,139.45
EK202310210851,126.4
EK202310166991,153.85
EK202310153617,145.3
EK202310162029,165.4
EK202310150898,137.8
EK202310119566,150.25
EK202310172046,163.8
EK202310113364,155.25
EK202310104697,154.65
EK202310110438,127.3
EK202310139792,141.4
EK202310108044,127.45
EK202310191154,157.75
EK202310162199,130.65
EK202310159050,150.9
EK202310127404,148.05
EK202310216583,134.25
EK202310233658,166.4
EK202310141492,125.8
EK202310203883,133.9
EK202310219043,163.25
EK202310145653,139.85
EK202310228503,141.4
EK202310179347,124.75
EK202310132009,140.95
EK202310212361,134.3
EK202310124879,142.55
EK202320006785,150.35
EK202310245990,137.4
EK202310177823,163.45
EK202310229376,129.75
EK202310181146,130.75
EK202310201989,133.25
EK202310192148,163.05
EK202310185865,133.1
EK202310149322,143.75
EK202310154759,155.15
EK202310142366,148.8
EK202310225136,165.7
EK202310140657,126.95
EK202310181056,150.3
EK202310147652,151.05
EK202310195069,142.0
EK202310186330,148.0
EK202310170880,136.0
EK202310104902,137.3
EK202310137021,159.8
EK202310112219,148.9
EK202310114567,139.95
EK202310174050,153.1
EK202310146459,145.65
EK202310125401,141.1
EK202310232042,137.9
EK202310137842,140.05
EK202310235166,133.8
EK202310123303,137.0
EK202310204672,149.1
EK202310147206,152.1
EK202310165103,170.45
EK202310246536,139.05
EK202310204665,118.3
EK202310139971,151.25
EK202310230726,121.95
EK202310217044,137.85
EK202310175720,133.7
EK202310208548,130.35
EK202310213825,146.25
EK202310196825,130.7
EK202310117004,136.8
EK202310164666,147.75
EK202310195792,172.3
EK202310195121,142.25
EK202310188217,158.75
EK202310178996,134.85
EK202310107580,138.05
EK202310163974,163.0
EK202310237799,126.95
EK202310232053,137.7
EK202310178319,157.35
EK202310126202,128.05
EK202310227911,138.8
EK202310109084,138.3
EK202310143067,133.95
EK202310206930,158.6
EK202310201884,137.7
EK202310130641,121.65
EK202310157121,177.6
EK202310220877,122.9
EK202310149540,151.85
EK202310169600,130.8
EK202310163175,180.45
EK202310106277,129.5
EK202310209667,142.6
EK202310119877,152.35
EK202310204499,148.0
EK202310190780,160.9
EK202310115565,143.5
EK202310195056,154.9
EK202310111373,175.4
EK202310161299,138.25
EK202310245424,147.65
EK202310246906,136.45
EK202310120316,127.9
EK202310144965,130.85
EK202310211133,131.1
EK202310167406,144.4
EK202310162901,132.4
EK202310107075,132.0
EK202310140916,157.45
EK202310143120,162.9
EK202310114506,144.55
EK202310175480,160.4
EK202310118790,132.45
EK202310169280,133.9
EK202310129297,153.5
EK202310198282,135.25
EK202310240512,147.15
EK202310192236,135.55
EK202310177577,142.5
EK202310161068,157.15
EK202310111934,131.7
EK202310155260,123.15
EK202310124483,148.95
EK202310155315,143.2
EK202310123325,132.9
EK202310149045,164.85
EK202310222163,129.8
EK202310108935,143.3
EK202310188397,145.1
EK202310110895,143.5
EK202310146042,131.8
EK202310116291,121.95
EK202310214128,169.2
EK202310122572,129.75
EK202310246206,130.7
EK202310190227,133.15
EK202310137442,145.1
EK202310240613,134.35
EK202310171036,143.05
EK202310165619,167.05
EK202310135508,177.0
EK202310203859,128.2
EK202310208937,135.4
EK202310190964,154.85
EK202310157232,137.15
EK202310233329,149.3
EK202310004857,131.6
EK202310114112,146.85
EK202310231381,135.35
EK202310183273,149.9
EK202310198133,138.3
EK202310243118,139.55
EK202310179772,162.05
EK202310177045,132.2
EK202310129608,153.1
EK202310146699,132.3
EK202310118550,137.45
EK202310236716,133.8
EK202310225924,149.5
EK202310137908,133.15
EK202310136472,142.0
EK202310227498,148.3
EK202310197540,136.6
EK202310177606,123.05
EK202310233230,139.25
EK202310129471,155.85
EK202310240950,129.7
EK202320007590,152.95
EK202310163887,133.6
EK202320007425,154.0
EK202310127560,174.05
EK202310155824,142.2
EK202310187346,131.9
EK202310200413,126.5
EK202310185717,156.8
EK202310217975,136.4
EK202310216468,143.1
EK202310201451,148.35
EK202310187386,165.25
EK202310113263,149.15
EK202310129498,141.15
EK202310168744,167.4
EK202310142626,142.6
EK202310190880,114.85
EK202310131573,132.9
EK202310220638,132.35
EK202310207069,158.8
EK202310116824,155.05
EK202310231727,146.85
EK202310184770,145.3
EK202310197350,171.6
EK202310147966,144.55
EK202310160556,148.55
EK202310242942,131.75
EK202310207659,162.55
EK202310189516,140.35
EK202310214218,160.15
EK202310105070,135.65
EK202310218843,139.8
EK202310163176,138.25
EK202310109656,132.15
EK202310004202,132.05
EK202310203545,152.35
EK202310153518,132.2
EK202310119723,139.7
EK202310122303,131.15
EK202310113636,149.0
EK202310216948,136.7
EK202310154167,136.5
EK202310122355,134.45
EK202310150417,124.2
EK202310218226,146.45
EK202310191370,134.65
EK202310146010,126.6
EK202310242320,140.6
EK202310182162,151.15
EK202310129315,138.3
EK202310106705,142.3
EK202310240258,140.35
EK202310241039,163.7
EK202310204816,147.05
EK202310142491,129.05
EK202310200125,146.55
EK202310111662,143.9
EK202310141792,135.45
EK202310242215,172.15
EK202310227322,159.8
EK202310206010,127.8
EK202310220576,128.6
EK202310169744,139.5
EK202310236130,178.4
EK202310117603,133.3
EK202310164018,140.75
EK202310173758,147.8
EK202310169263,130.55
EK202310220742,126.8
EK202310234928,165.55
EK202310133036,134.7
EK202310134185,142.25
EK202310185530,145.45
EK202310218330,144.45
EK202310220164,128.85
EK202310136625,127.55
EK202310190327,126.8
EK202310156810,131.05
EK202310235883,160.65
EK202310135135,162.0
EK202310232747,131.15
EK202310146074,135.95
EK202310170263,163.6
EK202310117439,134.6
EK202310155695,143.6
EK202310180749,127.85
EK202310165733,162.0
EK202310122820,129.4
EK202310132148,144.5
EK202310174037,139.0
EK202310116351,136.8
EK202320007454,160.55
EK202310126404,147.5
EK202310179147,134.5
EK202310119107,144.9
EK202310232208,135.25
EK202310146308,147.55
EK202310221836,150.7
EK202310241730,138.1
EK202310126972,140.35
EK202310190112,171.3
EK202310189550,180.4
EK202310167601,155.55
EK202310129178,157.5
EK202310208362,140.7
EK202310108633,135.35
EK202310119330,125.95
EK202310241595,144.5
EK202310133580,173.75
EK202310184140,151.7
EK202310243629,141.2
EK202310240837,130.85
EK202310133514,148.6
EK202310248438,141.4
EK202310144323,130.25
EK202310199263,152.6
EK202310170561,139.1
EK202320006441,156.25
EK202310156158,142.15
EK202310160966,121.55
EK202310170924,135.9
EK202310166196,157.55
EK202310180519,159.65
EK202310163021,130.6
EK202310217277,137.95
EK202310182542,144.7
EK202310187706,141.75
EK202310177424,147.7
EK202310116469,134.15
EK202310126864,150.15
EK202310171044,145.65
EK202310159422,133.45
EK202310126564,158.25
EK202310136978,125.75
EK202310227254,135.4
EK202310241407,135.95
EK202310151596,152.95
EK202310143155,132.7
EK202310003368,141.5
EK202310225579,140.05
EK202310142662,129.35
EK202310124623,167.15
EK202310117099,143.25
EK202310209488,146.85
EK202310218949,151.0
EK202310163688,132.35
EK202310233616,142.25
EK202310181063,149.05
EK202310122017,129.1
EK202310232279,130.45
EK202310188255,153.25
EK202310222087,134.6
EK202310235863,136.75
EK202310142201,154.1
EK202310142028,124.25
EK202310105750,134.7
EK202310192986,153.0
EK202310183238,132.05
EK202310184211,137.6
EK202310114501,129.8
EK202310183815,152.15
EK202310239065,141.05
EK202310203010,132.85
EK202310119934,131.35
EK202310245690,135.15
EK202310228481,135.9
EK202310115026,127.8
EK202310227715,127.4
EK202310147211,151.2
EK202310112774,128.05
EK202310213753,136.8
EK202310115799,146.9
EK202310158491,163.0
EK202310224855,125.35
EK202310175378,156.65
EK202310120852,133.9
EK202310115724,136.05
EK202310188278,161.6
EK202310218258,126.3
EK202310187357,133.2
EK202310170314,140.05
EK202310219875,133.85
EK202310198138,149.9
EK202310238879,170.45
EK202310179039,150.45
EK202310221294,122.75
EK202310181636,146.8
EK202310180030,122.3
EK202310188261,154.6
EK202310109627,137.15
EK202310218359,143.1
EK202310221160,128.65
EK202310210517,141.9
EK202310231490,123.85
EK202310142904,152.35
EK202310228183,126.0
EK202310190608,150.95
EK202310229652,130.3
EK202310201677,142.6
EK202310161948,169.9
EK202310164852,130.5
EK202310130019,154.9
EK202310137201,156.45
EK202310199958,143.25
EK202310168651,174.3
EK202310163750,137.85
EK202310164255,162.95
EK202310112200,149.0
EK202310226582,125.85
EK202310150983,133.15
EK202310117868,133.65
EK202310104519,137.6
EK202310112900,127.1
EK202310175950,153.0
EK202310132832,151.25
EK202310177022,136.55
EK202310224847,154.75
EK202310220893,142.85
EK202310140282,145.65
EK202310140130,147.1
EK202310111884,136.8
EK202310169119,129.15
EK202310114003,167.6
EK202310204840,151.8
EK202310227423,163.75
EK202310243266,140.55
EK202310224568,128.15
EK202310129159,144.6
EK202310216851,138.7
EK202310173637,144.9
EK202310137694,138.65
EK202310224949,143.85
EK202310182755,174.7
EK202310121872,129.05
EK202310199590,142.0
EK202310237216,136.5
EK202310152666,156.05
EK202310119202,151.9
EK202310154055,129.0
EK202310131194,138.1
EK202310205515,125.1
EK202310226482,130.8
EK202310131717,151.75
EK202310116461,134.05
EK202310209370,151.6
EK202310112844,119.8
EK202310148195,136.45
EK202310205500,133.85
EK202310180785,164.3
EK202310114659,143.25
EK202310206704,144.8
EK202310194100,129.25
EK202310192316,135.05
EK202310227158,149.8
EK202310210960,139.05
EK202310201569,151.65
EK202310208440,138.6
EK202310159738,150.95
EK202310167571,183.95
EK202310133506,143.45
EK202310206074,172.6
EK202310189737,130.55
EK202310168575,156.6
EK202310159786,155.45
EK202310241528,145.3
EK202310135551,143.7
EK202310154421,169.05
EK202310229939,137.5
EK202310199977,125.3
EK202310212346,135.85
EK202310240842,128.65
EK202310188648,143.1
EK202310204867,144.75
EK202310221803,131.05
EK202310216991,131.15
EK202310234267,137.7
EK202310164050,138.5
EK202310160606,132.2
EK202310163801,139.9
EK202310202607,145.05
EK202310211679,145.9
EK202310161289,130.8
EK202310216723,135.9
EK202310241675,131.85
EK202310227693,148.5
EK202310153006,135.95
EK202310152517,132.05
EK202310119296,180.7
EK202310135167,149.95
EK202310129365,136.2
EK202310224938,138.6
EK202310246031,130.75
EK202310227934,153.25
EK202310155888,132.35
EK202310112003,150.45
EK202310110042,136.95
EK202310202481,133.6
EK202310119852,165.85
EK202310191910,156.25
EK202310208404,136.9
EK202310175620,136.0
EK202310162522,141.9
EK202310141148,149.2
EK202310173552,124.95
EK202310235762,137.45
EK202310170630,136.5
EK202310215013,169.95
EK202310233350,134.0
EK202310189297,173.6
EK202310201145,194.85
EK202310128701,124.75
EK202310135409,130.15
EK202310117705,136.95
EK202310122677,129.65
EK202310193307,150.95
EK202310150126,160.4
EK202310203066,149.7
EK202310243263,166.9
EK202310147744,138.5
EK202310115839,145.9
EK202310120766,163.3
EK202310141591,141.15
EK202310171912,157.25
EK202310105341,131.25
EK202320005577,150.75
EK202310168922,164.35
EK202310241884,137.35
EK202310231171,127.4
EK202310160293,141.55
EK202310177237,138.0
EK202310003836,133.25
EK202310159624,145.1
EK202310201626,123.5
EK202310109032,158.5
EK202310139930,143.9
EK202310004116,137.2
EK202310186841,133.65
EK202310118029,132.75
EK202310239323,129.3
EK202310204171,122.4
EK202310190000,149.15
EK202310220235,131.75
EK202310200517,140.1
EK202310124822,141.2
EK202310206677,146.95
EK202310173092,134.35
EK202310140031,135.8
EK202310118392,167.3
EK202310241116,141.25
EK202310162167,131.25
EK202310165764,129.25
EK202310109757,144.05
EK202310166993,136.4
EK202310178462,159.45
EK202310236406,121.6
EK202310168692,119.55
EK202310221373,176.4
EK202310144973,122.85
EK202310125785,128.4
EK202310187049,158.85
EK202310216907,148.0
EK202310129517,147.2
EK202310195530,129.15
EK202310177392,169.25
EK202310224171,154.1
EK202310195298,129.45
EK202310196360,132.1
EK202310197685,136.9
EK202310127212,145.8
EK202310194711,135.6
EK202310134995,170.95
EK202310215322,129.1
EK202310129156,134.05
EK202310194573,175.75
EK202310107850,151.7
EK202310224151,130.75
EK202310236621,138.65
EK202310240110,135.9
EK202310151137,172.25
EK202310245976,142.5
EK202310201981,130.25
EK202310128852,125.3
EK202310105479,139.4
EK202310134237,153.75
EK202310186135,157.2
EK202310126691,131.45
EK202310230960,133.05
EK202310167746,142.7
EK202310220451,144.7
EK202310187367,131.0
EK202310211918,144.45
EK202310218758,126.0
EK202310170030,149.0
EK202310182773,133.2
EK202310132214,138.7
EK202310004044,146.35
EK202310210481,139.05
EK202310233818,147.35
EK202310134772,145.5
EK202310190788,160.8
EK202310245891,162.85
EK202310152473,156.4
EK202310173468,127.55
EK202310134860,157.15
EK202310219927,149.6
EK202310242547,130.3
EK202310190542,150.7
EK202310248304,135.95
EK202310234323,141.25
EK202310116774,133.85
EK202310162192,121.7
EK202310200226,130.25
EK202310223298,129.9
EK202310131109,162.0
EK202310170422,133.85
EK202310247958,129.65
EK202310150344,133.25
EK202310186547,134.9
EK202310159511,138.25
EK202310107832,124.45
EK202310157429,138.2
EK202310206031,136.35
EK202310153162,151.2
EK202310246453,122.85
EK202310169465,129.85
EK202310127917,147.5
EK202310230060,137.0
EK202310115986,130.95
EK202310231341,135.55
EK202310207431,149.4
EK202310115427,139.55
EK202310148216,152.35
EK202310236465,137.45
EK202310214889,128.4
EK202310183344,137.4
EK202310115563,135.7
EK202310204127,138.65
EK202310148558,154.55
EK202310239253,143.85
EK202310223421,135.5
EK202310164157,142.1
EK202310191038,146.15
EK202310206653,144.3
EK202310189587,133.95
EK202320007832,144.7
EK202310107195,124.75
EK202310154834,153.65
EK202310225399,146.55
EK202310200244,127.65
EK202310181369,139.25
EK202310238327,139.9
EK202310119929,158.25
EK202310199445,163.45
EK202310167881,138.6
EK202310134304,136.1
EK202310206774,159.3
EK202310217924,165.0
EK202310114025,127.4
EK202310153648,146.05
EK202310168223,155.2
EK202310217182,147.85
EK202310228108,150.5
EK202310106503,135.25
EK202310132704,154.1
EK202310146469,137.35
EK202310190547,152.5
EK202310131045,119.4
EK202310120149,141.55
EK202310188786,154.35
EK202310164309,157.6
EK202310141856,123.35
EK202310174571,149.55
EK202310191248,149.75
EK202310228497,125.8
EK202310248650,153.1
EK202310003518,135.6
EK202310184477,142.25
EK202310177306,150.25
EK202310124268,124.25
EK202310207962,167.5
EK202310187364,134.5
EK202310188630,174.0
EK202310183825,169.05
EK202310228647,131.7
EK202310242814,126.6
EK202310190403,140.1
EK202310152077,158.4
EK202310127706,138.3
EK202310142346,144.6
EK202310140834,137.9
EK202310124143,133.5
EK202310158418,178.9
EK202310104315,149.15
EK202310186057,131.7
EK202310175318,146.35
EK202310170196,136.45
EK202310222979,173.6
EK202310179579,121.45
EK202310131268,138.55
EK202310232636,133.7
EK202310240941,137.95
EK202310162473,146.8
EK202310214960,142.8
EK202310158148,152.75
EK202310240646,165.9
EK202310190660,159.55
EK202310137900,131.6
EK202310105369,128.05
EK202310182640,126.5
EK202310222831,159.7
EK202310158111,142.9
EK202310137268,144.0
EK202310172836,160.95
EK202310130602,118.7
EK202310116478,132.1
EK202310176354,128.5
EK202310136605,113.55
EK202310120400,143.4
EK202310138807,137.15
EK202310158128,154.55
EK202320007743,159.2
EK202310240290,139.0
EK202310176995,161.1
EK202310178489,152.95
EK202310125320,141.0
EK202310158248,126.2
EK202310115199,150.05
EK202310214342,152.35
EK202310164698,132.75
EK202310181281,154.4
EK202310105605,133.6
EK202310117153,134.95
EK202310169108,168.95
EK202310135565,136.2
EK202310176476,148.55
EK202310245673,148.85
EK202310200545,149.55
EK202310147448,146.15
EK202310195084,128.8
EK202310228420,135.15
EK202310136789,110.0
EK202310141614,148.8
EK202310151545,175.25
EK202310183497,137.25
EK202320005693,148.6
EK202310160617,167.25
EK202310207236,134.8
EK202310123254,134.0
EK202310131721,127.1
EK202310129551,137.0
EK202310125982,132.6
EK202310129231,136.85
EK202310237005,122.25
EK202310138431,148.85
EK202310107167,131.0
EK202310180405,130.95
EK202310185138,123.4
EK202310207362,142.95
EK202310188914,156.15
EK202310157622,132.6
EK202310209933,134.7
EK202310191168,139.25
EK202310168227,123.6
EK202310211342,140.0
EK202310166980,128.45
EK202310206475,150.95
EK202310186567,152.35
EK202310227651,128.9
EK202310157161,138.05
EK202310171211,154.3
EK202310132575,123.2
EK202310135453,146.2
EK202310219005,148.5
EK202310186299,151.25
EK202310122783,145.8
EK202310112879,140.4
EK202310236548,129.8
EK202310156862,173.9
EK202310158283,151.1
EK202310220175,138.05
EK202310205692,133.05
EK202310104703,139.4
EK202310201863,129.25
EK202310175191,128.85
EK202310143809,136.25
EK202310228164,144.3
EK202310227395,133.6
EK202310170797,145.6
EK202310147520,151.25
EK202310241613,130.45
EK202310135976,139.55
EK202310248616,122.75
EK202310246754,132.95
EK202310197862,136.05
EK202310177128,146.4
EK202310232113,147.1
EK202310141746,153.85
EK202310168387,143.65
EK202310245345,145.75
EK202310209506,131.3
EK202310180792,176.45
EK202310230504,142.55
EK202310207171,149.55
EK202310123678,124.3
EK202310116185,136.45
EK202310237515,143.8
EK202310168029,166.85
EK202310226787,156.1
EK202310171773,142.15
EK202310213797,165.45
EK202310210449,138.1
EK202310200138,140.45
EK202310124561,139.75
EK202310104095,131.15
EK202310173838,125.25
EK202310188790,136.05
EK202320006026,145.4
EK202310175964,143.6
EK202310246749,122.85
EK202310211166,136.0
EK202310130296,153.25
EK202310133656,156.55
EK202310162528,163.95
EK202310232172,131.4
EK202310126678,146.9
EK202310175006,135.55
EK202310195947,127.55
EK202310175965,134.7
EK202310194000,147.45
EK202310109642,140.35
EK202310234602,140.5
EK202310216505,145.2
EK202310182057,160.85
EK202310205348,174.65
EK202310231919,132.65
EK202310143248,130.75
EK202310170516,131.9
EK202310228644,143.2
EK202310162365,133.65
EK202310221959,143.55
EK202310135830,133.95
EK202310132773,132.05
EK202310116452,128.65
EK202310125827,128.0
EK202310153615,137.45
EK202310104234,150.05
EK202310171291,132.35
EK202310143530,137.8
EK202310199377,139.95
EK202310148675,135.3
EK202310136051,147.95
EK202310108210,143.75
EK202310199466,136.9
EK202310227747,160.5
EK202310247834,141.1
EK202310241529,139.45
EK202310112144,141.0
EK202310182993,158.2
EK202310189245,145.05
EK202310160406,157.55
EK202310200045,133.65
EK202310220419,149.4
EK202310139976,144.65
EK202310004037,126.1
EK202310151229,136.95
EK202310124255,134.95
EK202310112236,145.5
EK202310169836,134.5
EK202310206379,155.75
EK202310237044,131.55
EK202310156899,169.4
EK202310135286,152.7
EK202310233848,133.15
EK202310243867,128.0
EK202310193719,130.55
EK202310115856,132.8
EK202310152769,129.6
EK202310208931,144.55
EK202310166273,144.4
EK202310174146,170.9
EK202310216893,140.8
EK202310200816,166.15
EK202310117687,137.75
EK202310109308,132.65
EK202310130253,161.75
EK202310129353,141.15
EK202310232695,140.0
EK202310168934,150.5
EK202320006147,163.75
EK202310131865,167.2
EK202310154389,156.7
EK202310144452,126.8
EK202310109772,125.75
EK202310142187,154.35
EK202310220392,143.5
EK202310185327,140.8
EK202310147396,164.85
EK202310207907,135.1
EK202310137274,134.6
EK202310192264,135.4
EK202310217353,122.75
EK202310169024,154.2
EK202310168820,116.5
EK202310156728,134.85
EK202310172897,153.2
EK202310141606,145.7
EK202310209150,168.7
EK202310242727,147.8
EK202310172918,146.4
EK202310238608,140.75
EK202310118817,148.6
EK202310209232,125.65
EK202310246528,163.3
EK202310225110,167.6
EK202310196139,163.6
EK202310183805,145.15
EK202310109611,140.7
EK202310165156,141.15
EK202310169977,161.8
EK202320005840,165.8
EK202310164548,165.05
EK202310200636,159.65
EK202310175371,163.3
EK202310149850,148.7
EK202310192563,138.6
EK202310150786,146.55
EK202310232852,143.85
EK202310129104,165.8
EK202310222400,131.8
EK202310238847,134.55
EK202310215409,139.45
EK202310132626,145.25
EK202310209457,138.8
EK202310191648,153.45
EK202310211924,134.05
EK202310123972,163.9
EK202320006941,142.3
EK202310172894,148.65
EK202310201352,156.75
EK202310246908,143.65
EK202310159957,142.65
EK202310208067,143.15
EK202310132399,150.3
EK202310154363,132.4
EK202310190672,123.45
EK202310191938,151.1
EK202310190279,168.05
EK202310205127,143.05
EK202310202799,132.25
EK202310169811,170.7
EK202310131611,129.8
EK202310124021,131.35
EK202310105652,129.95
EK202310133772,132.0
EK202310222132,138.9
EK202310187623,139.05
EK202310138088,131.5
EK202310203335,131.4
EK202310139562,157.6
EK202310239042,139.85
EK202310231151,131.1
EK202310142022,139.65
EK202310227265,133.85
EK202310122491,146.2
EK202310246498,134.25
EK202310237745,141.75
EK202310230083,143.4
EK202310239818,130.4
EK202310109374,129.0
EK202310188938,148.8
EK202310239985,140.5
EK202310190536,133.1
EK202310108454,144.65
EK202310185187,149.3
EK202310214929,169.0
EK202310163742,165.75
EK202310133341,136.7
EK202310123932,134.25
EK202310224048,144.9
EK202310194734,129.05
EK202310233579,124.55
EK202310111120,150.65
EK202310202005,124.6
EK202310170430,137.7
EK202310215966,148.0
EK202310142957,167.1
EK202310238877,132.95
EK202310197380,159.85
EK202310242798,139.25
EK202310118054,133.55
EK202310171995,146.4
EK202310156378,140.75
EK202310209380,127.0
EK202320005988,155.1
EK202310132771,145.9
EK202310196985,185.0
EK202310209813,137.55
EK202310156025,158.4
EK202310119261,152.25
EK202310200800,147.7
EK202310113114,141.95
EK202310176337,160.5
EK202310116221,129.35
EK202310185787,159.05
EK202310161101,173.35
EK202310109179,129.65
EK202310211864,141.9
EK202310233086,136.8
EK202310203086,144.7
EK202310209153,129.3
EK202320006944,138.0
EK202310124624,153.75
EK202310160066,180.15
EK202310212610,154.55
EK202310176922,144.75
EK202310221476,158.65
EK202310178896,138.3
EK202310242101,132.35
EK202310208004,143.95
EK202310217499,143.4
EK202310133817,126.55
EK202310169528,122.7
EK202310239561,162.2
EK202310158179,141.35
EK202310145688,125.45
EK202310242791,139.55
EK202310152257,130.7
EK202310137070,143.55
EK202310146130,122.3
EK202310204201,170.35
EK202310155505,131.75
EK202310154019,147.1
EK202310233453,166.7
EK202310217804,136.9
EK202310172949,142.85
EK202310188635,145.05
EK202310117443,134.15
EK202310160841,131.65
EK202310125406,139.15
EK202310182154,137.35
EK202310118807,141.05
EK202310159569,147.75
EK202310185202,174.95
EK202310240184,119.7
EK202310180957,155.5
EK202310208211,137.35
EK202310152382,129.55
EK202310174048,144.45
EK202310150319,147.9
EK202310152702,143.4
EK202310170820,131.65
EK202320007378,150.2
EK202310131773,149.95
EK202310185301,160.65
EK202310175383,136.3
EK202310170884,134.25
EK202310178300,146.4
EK202310246617,153.9
EK202310238047,134.25
EK202310208163,176.95
EK202310124260,131.9
EK202310128456,155.75
EK202310212256,133.55
EK202310234312,139.55
EK202310104195,131.25
EK202310148897,167.0
EK202310158080,155.0
EK202310219877,127.05
EK202310165158,134.75
EK202310109254,147.35
EK202310185727,136.9
EK202310143277,163.95
EK202310194994,166.9
EK202310243012,144.55
EK202310134903,128.95
EK202310231333,140.1
EK202310156732,144.2
EK202310216366,141.1
EK202310220643,136.2
EK202310165968,120.6
EK202310246411,120.9
EK202310155750,149.0
EK202310190049,154.7
EK202310004189,152.9
EK202310184691,175.0
EK202310111760,150.7
EK202310176428,134.65
EK202310152951,153.1
EK202310104263,150.95
EK202310103997,142.8
EK202310229279,148.75
EK202310157826,137.95
EK202310142511,139.85
EK202310232992,125.1
EK202320007132,166.1
EK202310180745,129.7
EK202310225853,148.3
EK202310198235,129.9
EK202310196329,160.45
EK202310223113,134.75
EK202310166045,163.5
EK202310174983,142.1
EK202310197554,179.35
EK202310215823,145.65
EK202310122372,157.5
EK202310157463,132.85
EK202310175294,142.75
EK202310004183,121.0
EK202310111002,143.7
EK202310132507,162.05
EK202310226239,143.3
EK202310160993,132.55
EK202310177494,132.45
EK202310247179,143.95
EK202310159413,147.95
EK202310205675,129.05
EK202310204805,152.95
EK202310104970,126.0
EK202310143326,147.6
EK202310104508,150.3
EK202310109138,124.05
EK202310155067,124.75
EK202310180368,162.05
EK202310174283,167.1
EK202310164563,148.9
EK202310248605,142.95
EK202310144814,145.3
EK202310151103,124.65
EK202310137749,132.3
EK202310244871,137.65
EK202310231958,146.05
EK202320006420,161.2
EK202310180132,129.65
EK202310208818,131.7
EK202310242680,143.55
EK202310124810,176.15
EK202310179535,137.55
EK202310180039,135.75
EK202310142068,157.6
EK202310241810,138.9
EK202310142213,139.1
EK202310205835,127.65
EK202310176395,137.45
EK202310108817,142.05
EK202310144432,131.2
EK202310164208,135.8
EK202310125282,137.8
EK202310110364,140.75
EK202310147767,150.3
EK202310175310,149.0
EK202310169612,125.55
EK202310177089,127.45
EK202310164613,135.15
EK202310214491,165.15
EK202310159145,181.7
EK202310148143,169.3
EK202310130196,159.15
EK202310140526,128.25
EK202310220135,134.45
EK202310116422,130.45
EK202310121781,133.95
EK202310108897,142.1
EK202310110908,152.55
EK202310219796,132.0
EK202310109152,147.55
EK202310217807,137.1
EK202310115494,135.45
EK202310221948,141.45
EK202320006012,141.6
EK202310119926,130.55
EK202310212680,135.85
EK202310004522,151.9
EK202310200665,145.6
EK202310159142,129.6
EK202310217394,149.8
EK202310247390,166.7
EK202310153429,132.6
EK202310133009,162.15
EK202310183153,177.05
EK202310223238,130.0
EK202310189167,163.75
EK202310167404,154.45
EK202310123436,152.45
EK202310201161,160.9
EK202310202874,123.55
EK202310205144,139.3
EK202310211825,123.05
EK202310119888,118.35
EK202310187594,150.8
EK202310127146,162.05
EK202310115361,137.35
EK202310122062,128.25
EK202310161120,175.35
EK202310119640,158.4
EK202310196025,167.75
EK202310239045,139.25
EK202310197374,174.5
EK202310201644,135.65
EK202310239463,138.0
EK202310234006,150.15
EK202310209744,134.45
EK202310138496,144.0
EK202310159749,177.95
EK202310199933,138.2
EK202310121772,140.1
EK202310150984,134.5
EK202310245852,120.9
EK202310129919,158.9
EK202310203657,162.25
EK202320007279,132.1
EK202310213923,138.1
EK202310004091,129.4
EK202310142372,151.3
EK202320007651,128.05
EK202310188243,145.1
EK202310162087,158.15
EK202310124791,129.7
EK202310111667,131.25
EK202310105642,125.45
EK202310196224,160.75
EK202310159474,130.65
EK202310137962,129.65
EK202310194276,138.8
EK202310155765,143.65
EK202310222240,126.7
EK202310175830,157.65
EK202310115286,147.3
EK202310179252,131.9
EK202310216929,156.9
EK202310158567,135.35
EK202310124273,134.8
EK202310162224,153.05
EK202310165570,180.9
EK202310151292,141.25
EK202310123293,133.35
EK202310151984,128.75
EK202310133891,171.0
EK202310108554,135.95
EK202310108056,145.75
EK202310208276,153.65
EK202310106720,137.45
EK202310164462,149.1
EK202310153370,176.95
EK202310156354,132.4
EK202310120895,153.7
EK202310204021,153.15
EK202310144453,158.15
EK202310187876,150.15
EK202310234386,120.7
EK202310223302,129.95
EK202310198885,132.45
EK202310133774,151.25
EK202310216355,128.1
EK202310170923,139.2
EK202310190308,154.75
EK202310116974,141.5
EK202310147600,154.45
EK202310134725,162.75
EK202310205939,129.15
EK202310166068,141.0
EK202310228965,138.2
EK202310106007,131.6
EK202310192113,156.4
EK202310168030,168.7
EK202310119751,142.45
EK202310196784,139.3
EK202310147073,154.6
EK202310215585,144.9
EK202310176737,129.7
EK202310191426,145.9
EK202310234686,136.55
EK202310173981,138.35
EK202310238285,142.55
EK202310004398,127.2
EK202310227760,143.65
EK202310228813,135.9
EK202310108999,142.25
EK202310170661,149.35
EK202310107069,123.55
EK202310107605,148.3
EK202310149427,155.95
EK202310235767,124.0
EK202310146513,154.05
EK202310134095,127.8
EK202310212824,162.45
EK202310187784,167.3
EK202310220588,138.5
EK202310171664,126.6
EK202310213580,142.7
EK202310117169,138.2
EK202310225689,118.15
EK202310228834,131.15
EK202310199085,151.45
EK202310115337,137.35
EK202310222451,139.0
EK202310120450,145.3
EK202310196902,158.4
EK202310213448,141.5
EK202310194551,161.0
EK202310210607,132.9
EK202310240625,125.6
EK202310232826,135.15
EK202310115580,139.0
EK202310230496,135.05
EK202310153896,163.5
EK202310167421,157.2
EK202310185386,145.4
EK202310226162,140.8
EK202320006296,152.55
EK202310122211,134.95
EK202310120410,148.35
EK202310135887,128.9
EK202310123262,140.6
EK202310116308,125.15
EK202310141964,148.7
EK202310114738,132.45
EK202320007799,137.05
EK202310135945,166.7
EK202310152049,139.2
EK202310159468,146.4
EK202310137922,120.8
EK202310137799,132.65
EK202310185003,165.3
EK202310183141,130.8
EK202310179706,138.8
EK202310226300,124.85
EK202310209408,151.6
EK202310224094,134.1
EK202310155840,131.7
EK202310153392,154.0
EK202310119916,146.35
EK202310189485,140.05
EK202310153973,156.15
EK202310143859,147.8
EK202310209322,156.25
EK202310219928,143.5
EK202310177843,154.35
EK202310235521,162.25
EK202310227218,132.85
EK202310120634,138.8
EK202310237236,123.05
EK202310174275,178.25
EK202310207517,139.35
EK202310197066,139.7
EK202310235418,122.6
EK202310229043,136.45
EK202310232518,133.5
EK202310127726,130.05
EK202310216259,175.7
EK202310132033,151.75
EK202310204271,144.1
EK202310194461,178.5
EK202310202541,147.05
EK202310201397,147.9
EK202310169275,135.4
EK202310115278,140.65
EK202310157300,168.35
EK202310111329,142.8
EK202310132731,157.0
EK202310107770,150.3
EK202310131063,140.05
EK202310212722,128.9
EK202310172610,148.3
EK202310243791,132.45
EK202310219499,126.15
EK202310131588,142.8
EK202310217120,123.05
EK202310172169,143.7
EK202310133205,137.3
EK202310190824,160.05
EK202310119229,149.5
EK202310172059,154.25
EK202320006521,138.55
EK202310221989,159.75
EK202310178785,178.2
EK202310183830,122.8
EK202310168297,152.45
EK202310127675,118.85
EK202310172854,146.4
EK202310176515,149.8
EK202310154731,154.4
EK202310213784,165.3
EK202310150574,143.7
EK202310130454,137.6
EK202310131489,153.1
EK202310174498,141.8
EK202310103853,154.5
EK202320007395,155.65
EK202310182375,145.2
EK202310146376,141.65
EK202310236179,135.35
EK202310149241,132.85
EK202310135136,128.25
EK202310140867,142.8
EK202310223502,145.7
EK202310243943,140.35
EK202310174164,151.6
EK202310158044,134.45
EK202310148103,137.0
EK202310156336,152.9
EK202310190263,166.4
EK202310176162,154.95
EK202310129272,167.8
EK202310199173,135.9
EK202310150794,154.6
EK202310207717,147.8
EK202310109712,129.7
EK202310142567,155.4
EK202310117141,152.45
EK202310204093,135.85
EK202310241706,142.9
EK202310183611,172.65
EK202310233211,152.55
EK202320005748,149.7
EK202310124159,140.75
EK202310138315,141.3
EK202310193796,184.3
EK202310218166,163.35
EK202310229779,137.7
EK202310131658,143.85
EK202310229978,132.6
EK202310171658,133.75
EK202310121521,123.7
EK202310190841,144.1
EK202310104228,132.6
EK202310113040,134.6
EK202310131735,142.9
EK202310170151,146.85
EK202310124366,130.2
EK202310149451,143.95
EK202310206552,135.1
EK202310129905,133.1
EK202310227850,132.1
EK202310235398,147.45
EK202310218108,116.95
EK202310157681,134.35
EK202310214538,134.85
EK202310201752,158.75
EK202310105353,138.1
EK202310106768,128.85
EK202310200116,158.6
EK202310127715,122.1
EK202310105124,136.55
EK202310198102,141.9
EK202310106141,140.95
EK202310165059,138.85
EK202310163969,158.5
EK202310163911,160.8
EK202310160055,145.8
EK202310126497,135.15
EK202310189545,173.15
EK202310187535,148.15
EK202310224997,128.9
EK202310147587,132.7
EK202310130969,142.75
EK202310157178,170.95
EK202310150244,138.1
EK202310114255,159.05
EK202310214855,154.65
EK202310158832,154.55
EK202310143631,136.9
EK202310206903,152.8
EK202310213965,148.75
EK202310140974,157.35
EK202310243752,149.55
EK202310230647,154.9
EK202310110490,141.2
EK202310168466,137.05
EK202310138755,167.8
EK202310169502,135.1
EK202310203430,178.25
EK202310163679,139.15
EK202310157628,132.0
EK202310224841,136.15
EK202310153096,176.7
EK202310116043,133.0
EK202310201955,126.1
EK202310240755,131.5
EK202310215391,175.05
EK202310120508,132.4
EK202310166816,136.85
EK202310197615,162.0
EK202310149113,157.25
EK202310187571,125.85
EK202310234394,124.5
EK202310204787,142.05
EK202310170562,167.65
EK202310158575,154.15
EK202310200164,137.05
EK202310167493,122.9
EK202310181034,132.85
EK202310167070,151.0
EK202310221166,131.15
EK202310157175,133.9
EK202310148464,141.9
EK202310143208,133.25
EK202310139027,128.65
EK202310224872,130.4
EK202310173761,146.9
EK202310234649,129.35
EK202310134946,150.2
EK202310132145,140.5
EK202310124351,139.3
EK202310240711,131.9
EK202310228181,134.6
EK202310152792,130.5
EK202310218480,144.1
EK202310233680,168.4
EK202310226082,147.5
EK202310166293,158.35
EK202310178413,161.35
EK202310192848,143.15
EK202310169316,140.45
EK202320006913,150.75
EK202310108324,124.5
EK202310209693,150.0
EK202310108004,163.4
EK202310198846,154.3
EK202310219677,145.8
EK202310164857,129.9
EK202310147656,154.75
EK202310145013,131.25
EK202310147368,161.35
EK202310170036,139.3
EK202310120376,126.55
EK202310150683,140.8
EK202310240238,172.1
EK202310217185,187.7
EK202310164586,161.4
EK202310198428,140.6
EK202310233407,139.7
EK202310163412,133.2
EK202310151118,136.45
EK202310206940,160.2
EK202310229350,127.25
EK202310118968,140.55
EK202320006106,156.55
EK202310201360,136.15
EK202310214617,147.7
EK202310230798,127.25
EK202310131993,129.8
EK202310165856,173.65
EK202310208421,118.9
EK202310140732,124.85
EK202310134224,150.1
EK202310108759,136.65
EK202310115586,141.35
EK202310166328,137.05
EK202310104171,140.9
EK202310218466,125.65
EK202310186769,152.5
EK202310231774,143.95
EK202310130856,129.25
EK202310199243,148.55
EK202310178583,154.95
EK202310231077,142.7
EK202310232984,124.8
EK202310204584,127.45
EK202310210808,129.7
EK202310243853,126.25
EK202310114871,134.5
EK202310220680,146.9
EK202310225716,136.3
EK202310171582,137.85
EK202310153093,140.8
EK202310170911,139.3
EK202310165452,167.95
EK202310235729,146.1
EK202310175158,131.2
EK202310161650,168.8
EK202310179057,148.45
EK202310173343,148.35
EK202310188221,148.85
EK202310207572,149.7
EK202310126999,131.95
EK202310121103,138.3
EK202310186391,137.6
EK202310210239,125.55
EK202310195085,149.75
EK202310160300,126.65
EK202310199891,129.6
EK202310163707,132.1
EK202310196523,153.95
EK202310234859,135.0
EK202310231803,143.8
EK202310136798,131.6
EK202310244538,152.8
EK202310004017,133.15
EK202320006492,159.45
EK202310185950,140.5
EK202310130639,125.05
EK202320005689,140.45
EK202320006687,159.3
EK202310167248,130.4
EK202310134731,125.15
EK202310179818,136.9
EK202310147913,155.65
EK202310153980,149.3
EK202310117979,136.05
EK202310149501,145.05
EK202310236960,157.95
EK202310181994,137.7
EK202310170364,127.9
EK202310173530,156.7
EK202310111439,125.65
EK202310222093,127.85
EK202310144055,134.05
EK202310214164,131.65
EK202310177168,159.3
EK202310233756,147.7
EK202310154451,157.3
EK202310193603,141.7
EK202310210012,128.8
EK202310109490,139.2
EK202310161365,161.8
EK202310153596,135.35
EK202310171021,162.05
EK202310135046,158.65
EK202310105468,133.55
EK202310180678,161.8
EK202310123763,155.4
EK202310137466,160.9
EK202310138581,176.0
EK202310221347,135.85
EK202310175567,135.45
EK202310136752,140.5
EK202310129734,146.95
EK202310120365,139.2
EK202310127797,133.6
EK202310183416,139.2
EK202310239153,153.7
EK202310222246,131.25
EK202310144082,128.45
EK202310226435,141.6
EK202310110236,142.65
EK202310172009,146.8
EK202310152432,161.1
EK202310219667,142.9
EK202310202548,155.25
EK202310179444,141.2
EK202310110933,141.25
EK202310112714,148.8
EK202310129776,150.25
EK202310184025,156.35
EK202310199495,148.95
EK202310120853,149.6
EK202310110965,143.85
EK202310125670,128.3
EK202310129995,165.25
EK202310228248,137.1
EK202310128534,128.0
EK202310183479,137.55
EK202310159882,158.25
EK202310224442,121.25
EK202310119875,158.35
EK202310165118,149.75
EK202310003461,145.05
EK202310127902,123.5
EK202310241227,151.65
EK202310177075,131.35
EK202310195321,140.45
EK202310109724,178.9
EK202310224884,133.8
EK202310246986,145.45
EK202310180027,155.8
EK202310143531,136.6
EK202310180604,128.65
EK202310241988,152.65
EK202310109076,141.9
EK202310117902,146.9
EK202310215898,147.8
EK202310134539,127.0
EK202310239440,142.6
EK202310230665,137.7
EK202310172063,156.4
EK202310126450,141.5
EK202310229116,138.9
EK202310178898,145.6
EK202310111721,154.6
EK202310170101,167.55
EK202310158581,124.5
EK202310157015,176.95
EK202310229038,143.5
EK202310222680,131.25
EK202310111285,141.85
EK202310222575,148.15
EK202310156621,172.55
EK202310199481,127.2
EK202310204046,165.45
EK202310219609,132.75
EK202310222642,120.15
EK202310199140,138.85
EK202310200730,140.0
EK202310139007,129.85
EK202310126900,128.7
EK202310228039,140.75
EK202310177276,137.75
EK202310233570,137.85
EK202310237169,153.05
EK202310238023,153.65
EK202310127838,124.7
EK202310232618,129.8
EK202310114863,139.3
EK202310196485,151.15
EK202310128223,128.1
EK202310121663,129.9
EK202310111075,145.8
EK202310131404,129.7
EK202310104361,143.5
EK202310188771,135.95
EK202310166069,183.2
EK202310225476,117.7
EK202310118945,119.1
EK202310203625,131.7
EK202310245898,138.0
EK202310197749,135.3
EK202310185073,161.1
EK202310114565,132.9
EK202310151446,174.9
EK202310206021,129.75
EK202310179791,135.95
EK202310205394,132.95
EK202310166488,174.0
EK202310106840,137.2
EK202310115082,138.45
EK202310173564,140.35
EK202310205877,159.4
EK202310152051,135.55
EK202310144703,127.4
EK202310130259,166.65
EK202310177228,151.85
EK202310218957,141.35
EK202310142498,145.15
EK202310119549,125.4
EK202310233725,140.4
EK202310233810,155.5
EK202310210342,141.9
EK202310142303,136.55
EK202310227362,135.9
EK202310212631,137.15
EK202310148066,142.15
EK202310115133,137.75
EK202310145502,119.35
EK202310151385,176.35
EK202310245859,134.0
EK202310222753,132.15
EK202310170556,153.65
EK202310186591,116.35
EK202310141795,152.3
EK202310129475,139.9
EK202310117335,144.35
EK202310219091,142.0
EK202310224742,131.9
EK202310153827,154.1
EK202310159244,132.7
EK202310218618,138.7
EK202310229622,137.45
EK202310212905,137.65
EK202310190075,132.15
EK202310190265,177.6
EK202310168559,130.95
EK202310215223,151.95
EK202310231305,134.3
EK202310220211,129.75
EK202310183222,136.05
EK202310141182,141.9
EK202310227695,136.85
EK202310233303,132.8
EK202310108658,134.3
EK202310157889,134.7
EK202310176473,149.9
EK202310235635,134.3
EK202310127390,149.2
EK202310137562,152.45
EK202310104205,140.85
EK202310174206,132.0
EK202310212816,150.45
EK202310147436,141.05
EK202310180611,131.05
EK202310210354,145.85
EK202310189663,125.15
EK202310119259,158.65
EK202310235125,143.7
EK202310246750,148.15
EK202310218896,137.2
EK202310203786,129.55
EK202310180913,133.65
EK202310124372,143.85
EK202310165379,142.75
EK202310180954,168.6
EK202310145852,138.7
EK202310236766,135.5
EK202310134276,148.35
EK202310121348,155.4
EK202310141601,141.6
EK202310128602,123.1
EK202310110423,124.05
EK202310145558,144.75
EK202310155126,138.45
EK202310148031,159.1
EK202310174648,132.0
EK202310107125,143.2
EK202310206336,187.2
EK202310244639,147.7
EK202310225703,129.5
EK202310246590,150.35
EK202310162037,158.25
EK202310214389,156.85
EK202310186078,148.1
EK202310237892,143.3
EK202310139019,129.75
EK202310144411,143.3
EK202310121887,124.4
EK202310182472,131.75
EK202310110577,147.65
EK202310217458,148.1
EK202310206751,143.9
EK202310135834,158.1
EK202310129936,149.7
EK202310193629,136.05
EK202310109058,126.6
EK202310229608,136.6
EK202310201686,139.85
EK202310206823,134.55
EK202310109660,133.25
EK202310202418,139.7
EK202310140335,132.3
EK202310198168,129.5
EK202310117989,141.3
EK202310110082,134.1
EK202310227199,137.8
EK202310219307,178.0
EK202310236825,134.15
EK202310114629,142.7
EK202310180370,166.0
EK202310145206,155.85
EK202310108111,138.95
EK202310226175,136.3
EK202310227223,164.75
EK202310199795,144.5
EK202310228694,129.0
EK202310217385,147.15
EK202310104812,127.05
EK202310216111,138.1
EK202310176703,159.05
EK202310240602,135.65
EK202310103728,129.5
EK202310220868,129.1
EK202310114579,142.95
EK202310165033,137.95
EK202310150030,154.85
EK202310201296,174.75
EK202310105195,144.0
EK202310213553,139.3
EK202310162788,164.55
EK202310216325,143.1
EK202310144613,153.4
EK202310226580,129.15
EK202310229109,126.8
EK202310124954,185.2
EK202310205954,133.4
EK202310179712,128.35
EK202310193847,129.25
EK202310175822,132.5
EK202310116359,124.65
EK202320006662,159.6
EK202310111520,156.0
EK202310213288,140.1
EK202310191137,154.3
EK202310132404,139.65
EK202310201570,142.6
EK202310203322,141.75
EK202310143258,139.25
EK202310241669,146.25
EK202310190261,141.55
EK202310145096,146.5
EK202310231686,132.8
EK202310163789,142.95
EK202310196402,134.8
EK202310230132,139.2
EK202310155673,139.2
EK202310210437,128.0
EK202310107353,134.45
EK202310219475,140.55
EK202310232408,129.8
EK202310152774,115.35
EK202310200770,139.4
EK202310185372,147.85
EK202310119209,149.65
EK202310131238,141.1
EK202310162969,155.75
EK202310127182,147.05
EK202310245830,117.6
EK202310205893,140.25
EK202310104756,135.0
EK202310153892,148.6
EK202310244027,137.2
EK202310163145,156.4
EK202310165966,135.15
EK202310185338,149.1
EK202310004564,129.3
EK202310246545,121.2
EK202310243927,146.25
EK202310171098,145.55
EK202310226637,132.65
EK202310240501,139.05
EK202310213124,146.3
EK202310185369,141.0
EK202310184650,182.9
EK202310191710,135.65
EK202310186505,137.75
EK202310246315,138.7
EK202310128179,127.0
EK202310218717,136.9
EK202310140183,129.05
EK202310218416,126.0
EK202310104512,151.0
EK202310148024,142.8
EK202310211056,144.1
EK202310212788,134.5
EK202310151708,148.9
EK202310192193,156.7
EK202310147119,145.8
EK202310134171,169.85
EK202310120405,147.8
EK202310197432,127.9
EK202310116473,129.6
EK202310148941,142.0
EK202310225424,160.3
EK202310160249,168.8
EK202310177564,133.5
EK202310147712,129.45
EK202310130033,139.25
EK202310161738,133.55
EK202310225844,123.0
EK202310200581,159.7
EK202310155845,142.45
EK202310121666,130.75
EK202310124396,141.8
EK202310234458,125.35
EK202310122157,134.0
EK202310122028,148.0
EK202310178168,141.25
EK202320006120,145.15
EK202310104089,139.6
EK202310130047,127.95
EK202310233902,147.6
EK202310145593,134.7
EK202310145435,130.0
EK202310121638,132.8
EK202310175711,129.4
EK202310178650,134.2
EK202310209932,133.75
EK202310150842,150.85
EK202310176075,135.7
EK202310225913,154.2
EK202310223616,142.35
EK202310177498,128.55
EK202310210293,139.85
EK202310243077,142.25
EK202310120981,137.05
EK202310161599,140.65
EK202310199852,146.4
EK202310152182,138.8
EK202310201657,149.5
EK202310108940,144.5
EK202310167429,152.15
EK202310245926,156.3
EK202310152784,141.95
EK202310124342,125.55
EK202310161267,139.65
EK202310145118,135.85
EK202310124701,139.45
EK202310144618,143.5
EK202310233384,140.45
EK202310207039,163.15
EK202310190234,134.95
EK202310198686,145.3
EK202310120341,139.35
EK202310247847,150.7
EK202310003450,143.25
EK202310134573,133.65
EK202310116321,126.1
EK202310202729,142.65
EK202310225102,167.45
EK202320007842,152.95
EK202310185093,144.0
EK202310147662,157.85
EK202310202843,136.2
EK202310233390,139.15
EK202310136750,130.45
EK202310132231,132.45
EK202310229820,125.85
EK202310198900,134.75
EK202310112722,130.95
EK202310124481,133.15
EK202310168703,139.5
EK202310215506,158.65
EK202310227298,126.75
EK202310162425,162.95
EK202310147420,142.1
EK202310230006,150.35
EK202310107551,151.8
EK202310245496,149.45
EK202310121500,135.25
EK202310137045,121.25
EK202310004368,138.35
EK202310124048,138.1
EK202310123230,150.2
EK202310003475,132.65
EK202310129436,136.9
EK202310202223,156.15
EK202310135682,143.45
EK202310113775,151.65
EK202310143850,141.9
EK202310199362,152.0
EK202310206686,132.0
EK202310134277,144.85
EK202310244824,132.5
EK202310127241,152.65
EK202310153015,161.8
EK202310183863,146.4
EK202310194062,135.85
EK202310137570,153.6
EK202310105406,150.65
EK202310211726,132.95
EK202310140163,150.55
EK202310151370,131.3
EK202310183307,123.45
EK202310209242,130.6
EK202310201596,119.7
EK202310148319,147.95
EK202310212091,139.5
EK202310231030,148.25
EK202310111993,128.4
EK202310156211,154.0
EK202310104592,126.45
EK202310133538,155.6
EK202310143489,127.55
EK202310108608,138.25
EK202310209410,145.35
EK202310196298,176.6
EK202310200348,145.6
EK202310130825,122.9
EK202310211388,148.0
EK202310151265,134.05
EK202310161779,143.3
EK202310117949,147.0
EK202310204507,161.1
EK202310104001,131.15
EK202310217266,146.05
EK202310210738,134.7
EK202310179516,140.45
EK202310185260,144.25
EK202310117134,136.0
EK202310218620,124.75
EK202310118920,166.8
EK202310174953,164.55
EK202310235880,176.9
EK202310246765,133.85
EK202310151192,139.8
EK202310218327,139.9
EK202310184977,160.8
EK202310106156,133.25
EK202310174601,135.45
EK202310242933,130.8
EK202320006248,178.8
EK202310155266,145.1
EK202310118205,139.4
EK202320007868,136.3
EK202310122476,132.3
EK202310246704,131.55
EK202310154390,128.1
EK202310208154,128.65
EK202310130903,125.55
EK202310244992,144.35
EK202310141315,139.35
EK202310119220,141.3
EK202310245411,141.05
EK202310122328,134.85
EK202310145979,129.65
EK202310137109,128.05
EK202310107808,142.6
EK202310237598,154.1
EK202310150637,152.4
EK202310115093,142.45
EK202310121973,139.85
EK202310201313,128.7
EK202310171481,167.8
EK202310151406,181.45
EK202310201141,191.65
EK202310179223,144.05
EK202310195934,148.7
EK202310142396,156.4
EK202310161167,169.4
EK202310166581,157.3
EK202310247520,160.65
EK202310113867,131.45
EK202310124498,178.95
EK202310156133,141.5
EK202310199597,148.5
EK202310161135,163.9
EK202310215679,123.05
EK202310238774,114.75
EK202310196868,132.8
EK202310112295,131.4
EK202310235239,147.05
EK202310127731,147.0
EK202310230868,145.4
EK202310217903,133.35
EK202310172613,137.85
EK202310129229,157.25
EK202310190368,189.5
EK202310162297,137.3
EK202310222739,133.25
EK202310161749,137.7
EK202310155297,149.0
EK202310108502,164.55
EK202310130801,167.95
EK202310231593,136.0
EK202310125919,141.2
EK202310209411,138.9
EK202310179339,126.4
EK202310187200,156.9
EK202310146890,144.4
EK202310166979,131.15
EK202310237165,130.45
EK202310152579,167.05
EK202310003917,137.5
EK202310235269,152.95
EK202310108468,150.6
EK202310143968,142.25
EK202310160042,129.05
EK202310203662,149.05
EK202310151437,163.2
EK202310144465,126.3
EK202310190402,136.75
EK202310134264,133.4
EK202310234082,142.7
EK202310210958,135.5
EK202310139701,140.75
EK202310143670,164.05
EK202310144634,150.7
EK202310141663,147.1
EK202310137665,136.85
EK202310205722,134.9
EK202310151909,160.6
EK202310221195,133.2
EK202310137582,153.4
EK202310194278,132.65
EK202310128272,129.6
EK202310106468,142.2
EK202310144004,130.45
EK202310128173,155.15
EK202310111420,133.55
EK202310120296,131.7
EK202310200950,156.35
EK202310175501,138.75
EK202310120331,122.0
EK202310228878,155.6
EK202310182513,175.75
EK202310146179,120.1
EK202310122722,148.15
EK202310105824,150.2
EK202310153125,161.7
EK202310245447,133.7
EK202310119032,144.6
EK202310121833,127.35
EK202310241687,129.9
EK202310239324,132.25
EK202310164441,143.2
EK202310140020,156.7
EK202310130010,153.0
EK202310121272,136.95
EK202310155947,130.75
EK202310235396,147.1
EK202310142223,154.8
EK202310112225,146.75
EK202310169440,148.35
EK202310136706,136.95
EK202310216973,128.3
EK202310226784,152.5
EK202310221041,133.55
EK202310231770,143.35
EK202310145329,161.15
EK202310134603,157.25
EK202310186803,147.25
EK202310004747,131.7
EK202310140470,134.7
EK202310195581,132.75
EK202310150690,145.7
EK202310107903,135.6
EK202310192146,130.9
EK202310148551,175.5
EK202310106261,134.6
EK202310146170,119.3
EK202310136162,142.85
EK202310113122,149.15
EK202310163718,135.3
EK202310183205,141.85
EK202310200858,182.25
EK202310196929,177.05
EK202310171438,179.7
EK202310174765,153.05
EK202310124046,140.05
EK202310152264,153.4
EK202310213792,155.3
EK202310165171,164.8
EK202310162758,153.1
EK202310143468,146.5
EK202310180043,132.0
EK202310147871,130.5
EK202310164549,138.35
EK202310201642,136.75
EK202310109113,138.65
EK202310174688,146.9
EK202310248259,138.15
EK202310185782,126.55
EK202310110936,149.5
EK202310117421,144.3
EK202310142478,131.65
EK202310141930,156.5
EK202310243981,134.25
EK202310172266,141.0
EK202310228140,140.05
EK202310176614,137.25
EK202310233607,171.35
EK202310106233,123.85
EK202310162621,163.15
EK202310190940,149.2
EK202310219344,158.3
EK202310154188,174.95
EK202310219915,142.55
EK202310166730,152.35
EK202310117725,131.95
EK202310166726,136.6
EK202310163657,171.95
EK202310228898,151.8
EK202310184184,125.4
EK202310125372,129.1
EK202310119495,135.9
EK202310117082,124.7
EK202310146291,144.55
EK202310241466,136.2
EK202310150849,146.6
EK202310202757,163.8
EK202310182560,138.25
EK202310112973,128.2
EK202310213514,133.75
EK202310221393,176.7
EK202310158310,152.05
EK202310140347,128.1
EK202310175551,142.9
EK202310180868,137.25
EK202320006868,173.5
EK202310248257,136.5
EK202310180309,153.65
EK202310229558,131.5
EK202310115971,138.55
EK202310160935,131.05
EK202310157633,143.1
EK202310146143,131.7
EK202310186183,144.55
EK202310211422,144.9
EK202310161977,150.6
EK202320006500,154.0
EK202310150314,145.35
EK202310110846,135.25
EK202310203222,136.25
EK202310129532,138.7
EK202310129904,147.1
EK202310186467,143.25
EK202310147117,148.8
EK202310116424,133.4
EK202310149442,148.05
EK202310104505,152.0
EK202310121773,148.7
EK202310127109,155.15
EK202310201894,158.5
EK202310188361,148.8
EK202310193295,166.2
EK202310177870,145.3
EK202310113628,155.75
EK202310139300,145.05
EK202310142961,151.75
EK202310105639,129.3
EK202310200187,131.45
EK202310235386,137.3
EK202310201587,164.2
EK202310139029,129.25
EK202310170332,148.6
EK202310104539,138.95
EK202310221009,154.25
EK202310111917,137.15
EK202310155020,152.15
EK202310209995,139.0
EK202310201277,159.3
EK202310142737,160.8
EK202310226601,139.3
EK202310248195,146.15
EK202310181017,152.7
EK202310141427,140.9
EK202310231407,145.3
EK202310137086,121.55
EK202310125507,138.45
EK202310122987,124.8
EK202310200912,138.3
EK202310104251,135.85
EK202310195674,178.95
EK202310223438,146.05
EK202310153194,147.9
EK202310213990,151.75
EK202310162781,139.4
EK202310187211,150.95
EK202310176227,152.95
EK202310234676,135.9
EK202310125148,162.55
EK202310177679,147.65
EK202310120787,149.15
EK202310145311,144.7
EK202310122627,131.3
EK202310201377,139.65
EK202310212640,138.1
EK202310123690,129.2
EK202310111428,156.6
EK202310231233,136.45
EK202310205587,185.55
EK202310126571,134.5
EK202310145090,131.65
EK202320006877,151.45
EK202310172065,130.3
EK202310198983,127.0
EK202310169546,124.15
EK202310111317,141.3
EK202310119424,123.4
EK202310135345,161.85
EK202310118372,133.05
EK202310170295,160.85
EK202310190557,135.05
EK202310200195,131.15
EK202310131868,160.1
EK202310158562,162.6
EK202310150891,141.0
EK202310151386,177.7
EK202310243101,147.15
EK202310146970,135.8
EK202310194638,148.0
EK202310142085,140.45
EK202310155341,136.7
EK202310226663,139.3
EK202310183726,162.35
EK202310189308,180.9
EK202310198713,179.75
EK202310202117,159.75
EK202310163684,130.05
EK202310111102,141.55
EK202310127044,136.85
EK202310118453,131.85
EK202310128214,129.65
EK202310135042,175.95
EK202310126915,140.4
EK202310147166,155.9
EK202310233052,146.6
EK202310141703,135.7
EK202310164168,136.65
EK202310156751,167.5
EK202310146541,138.35
EK202310184817,182.35
EK202310195187,150.25
EK202310168677,140.15
EK202310188486,132.05
EK202310224018,159.6
EK202310172986,146.5
EK202310161060,165.5
EK202310178666,126.6
EK202310166665,156.4
EK202310141091,169.5
EK202310191127,151.95
EK202310189382,141.8
EK202310172890,149.3
EK202310171361,131.75
EK202310186346,133.5
EK202310189932,140.05
EK202310189293,178.1
EK202310171610,137.85
EK202310239231,124.65
EK202310201004,125.5
EK202310178301,151.9
EK202310246066,135.35
EK202310243993,152.7
EK202310240850,132.85
EK202310115127,129.1
EK202310232199,126.1
EK202310217063,134.55
EK202310115674,136.0
EK202310110226,136.05
EK202310181037,171.6
EK202310004136,135.25
EK202310159843,163.0
EK202310126952,132.5
EK202310230766,128.6
EK202310110797,132.6
EK202310231475,133.4
EK202310135719,148.2
EK202310145051,140.05
EK202310113543,151.25
EK202310159237,148.1
EK202310238856,136.2
EK202310121123,141.3
EK202310192625,158.75
EK202310170391,129.5
EK202310141783,144.1
EK202310117317,139.45
EK202310159443,124.65
EK202310224692,169.75
EK202310129133,145.5
EK202310118922,126.75
EK202310187333,132.0
EK202310149791,153.3
EK202310231752,145.15
EK202310130461,129.9
EK202310151790,135.25
EK202310156693,124.2
EK202310138274,163.35
EK202310217407,136.85
EK202310115388,142.6
EK202310145689,139.7
EK202310104824,129.85
EK202310247570,123.45
EK202310197035,138.8
EK202310230114,143.6
EK202310105854,148.75
EK202310187457,133.15
EK202310192506,150.75
EK202310140455,128.1
EK202310226538,137.85
EK202310175408,142.6
EK202310132765,127.0
EK202310193721,150.4
EK202310151285,164.45
EK202310178760,161.3
EK202310149663,127.9
EK202310219711,145.55
EK202310217272,163.65
EK202310238355,140.5
EK202310188659,147.6
EK202310205449,148.85
EK202310233265,169.85
EK202310109651,130.6
EK202310226933,131.25
EK202310159603,142.65
EK202310105868,133.65
EK202310171812,134.6
EK202310176259,159.45
EK202310122912,147.3
EK202310184013,177.0
EK202310179868,136.7
EK202310176252,160.65
EK202310239466,149.35
EK202310228949,130.3
EK202310169903,175.95
EK202310209528,157.1
EK202310213123,148.4
EK202310173452,109.85
EK202310230252,136.5
EK202310106835,133.65
EK202320007700,150.1
EK202310198359,125.9
EK202310180758,146.05
EK202310227440,131.55
EK202310239839,133.55
EK202310145401,154.1
EK202310131446,131.95
EK202310121079,143.6
EK202310159312,172.15
EK202310167080,139.35
EK202310110131,136.35
EK202310173862,133.45
EK202310184021,175.8
EK202310223793,133.25
EK202310190740,150.2
EK202310165164,139.25
EK202310136762,131.7
EK202310187434,160.85
EK202310212919,151.55
EK202310147933,162.3
EK202310217428,145.6
EK202310163195,136.2
EK202310144020,130.55
EK202310226546,143.2
EK202310172034,138.25
EK202310113666,151.5
EK202310189588,138.95
EK202310107725,143.5
EK202310195274,130.9
EK202310180008,122.65
EK202310164031,134.1
EK202310229645,139.65
EK202310125934,130.95
EK202310218196,143.3
EK202310119725,147.9
EK202310133573,142.15
EK202310219254,164.6
EK202310105775,138.4
EK202310163730,152.9
EK202310119408,162.85
EK202310134331,149.85
EK202310138761,146.9
EK202310126020,137.65
EK202310128964,156.6
EK202310225868,149.95
EK202310217967,132.65
EK202310222323,144.2
EK202310206855,125.95
EK202310152085,157.35
EK202310004023,141.3
EK202310211193,152.3
EK202310189925,144.35
EK202310152235,153.05
EK202310189056,144.8
EK202310242595,131.0
EK202310140195,139.8
EK202310181500,134.7
EK202310171216,139.95
EK202310209110,150.3
EK202310246479,135.7
EK202310194938,142.3
EK202310224895,153.8
EK202310195509,133.75
EK202310173849,120.95
EK202310116837,149.4
EK202310105574,142.85
EK202310196041,164.4
EK202310122385,154.2
EK202310193454,132.65
EK202310124125,149.7
EK202310180862,126.9
EK202310234723,133.7
EK202310126036,134.45
EK202310171137,147.1
EK202310233393,132.1
EK202310132926,134.45
EK202310160365,139.35
EK202310211274,140.65
EK202310225058,163.3
EK202310194840,154.35
EK202310216072,126.9
EK202310224888,172.4
EK202310003930,142.75
EK202310187789,152.55
EK202310237317,129.85
EK202310188643,128.2
EK202310163618,185.3
EK202310216984,141.15
EK202310243216,133.65
EK202310111010,119.9
EK202310140852,144.2
EK202310114085,147.95
EK202310123385,139.1
EK202310222159,124.8
EK202310203038,152.75
EK202320005703,165.3
EK202320006527,142.95
EK202310234277,139.95
EK202310135781,138.7
EK202310157465,140.0
EK202310178744,143.1
EK202310238253,169.45
EK202310122583,137.05
EK202310214372,137.3
EK202310174457,145.45
EK202310167149,137.05
EK202310228958,132.05
EK202310157246,158.7
EK202310148323,150.4
EK202310174823,155.95
EK202310165142,139.9
EK202310207746,143.5
EK202310245090,134.3
EK202310181612,149.95
EK202310217652,113.55
EK202310161957,149.1
EK202310116818,151.35
EK202310180631,161.4
EK202310158422,133.65
EK202310195969,166.35
EK202310226142,135.2
EK202310199652,170.4
EK202310150930,131.0
EK202310148331,153.45
EK202310189171,164.4
EK202310194950,173.75
EK202310242729,129.5
EK202310221050,128.4
EK202310105169,144.95
EK202310231810,139.65
EK202310201600,165.35
EK202310173892,130.2
EK202310103909,158.75
EK202310207543,143.85
EK202310217532,126.0
EK202310131408,133.65
EK202310216303,140.85
EK202310207214,138.8
EK202310237069,132.55
EK202310130210,163.5
EK202310148179,156.1
EK202310230098,126.05
EK202310106540,128.55
EK202310247875,129.35
EK202310131197,163.05
EK202310213017,158.85
EK202310226797,136.55
EK202310124853,139.7
EK202310219648,136.7
EK202310242013,142.35
EK202310190443,120.55
EK202310142718,129.95
EK202310173178,129.85
EK202310125534,136.8
EK202310122118,127.25
EK202310151782,162.05
EK202310142165,138.3
EK202310120956,135.0
EK202310158163,168.75
EK202310110021,127.45
EK202310196057,181.8
EK202310199008,141.95
EK202310003987,165.45
EK202310240352,147.95
EK202310165694,131.1
EK202310232204,142.45
EK202310125243,136.45
EK202310171212,136.75
EK202310165904,134.05
EK202310156703,124.15
EK202310161254,163.75
EK202310141589,146.75
EK202310139870,164.0
EK202310003550,148.45
EK202310004721,133.15
EK202310237716,151.35
EK202310162213,133.8
EK202310231470,120.95
EK202310165710,153.0
EK202310219597,122.75
EK202310177018,160.05
EK202310113173,142.9
EK202310161177,149.6
EK202310105482,130.85
EK202310178942,144.1
EK202310105694,141.05
EK202310120998,131.55
EK202310216864,171.0
EK202310198211,140.75
EK202310118620,165.35
EK202310221238,134.25
EK202310161217,139.4
EK202310218766,136.15
EK202310128213,129.45
EK202310137523,162.9
EK202310210262,124.4
EK202310155407,127.95
EK202310156355,159.15
EK202310171504,163.75
EK202310205541,137.75
EK202310165351,147.65
EK202310247442,151.4
EK202310131239,122.3
EK202310169672,131.55
EK202310118977,127.7
EK202310235793,122.05
EK202310200392,159.3
EK202310164965,128.6
EK202310171249,155.8
EK202310106318,126.5
EK202310237266,151.0
EK202310147471,138.7
EK202310194031,133.7
EK202310192307,126.15
EK202310181117,126.9
EK202310116526,147.95
EK202310194824,185.65
EK202310162842,171.3
EK202310181349,119.05
EK202310164261,161.6
EK202310131101,154.75
EK202310151625,133.55
EK202310141286,146.0
EK202310241249,155.5
EK202310212872,126.3
EK202310226815,137.65
EK202310141152,147.45
EK202310235794,133.25
EK202310229993,138.6
EK202310147668,161.75
EK202310164475,145.8
EK202310110039,143.05
EK202310187421,123.65
EK202310215044,179.9
EK202310105965,131.2
EK202310120150,140.65
EK202310201212,168.45
EK202310127536,133.6
EK202310165403,124.35
EK202310135385,146.95
EK202310159428,157.85
EK202310214834,138.65
EK202310130931,160.0
EK202310206054,178.15
EK202310112744,133.85
EK202310242341,135.3
EK202310159100,149.0
EK202310186817,141.75
EK202310187749,151.6
EK202310246213,145.7
EK202310202813,144.6
EK202310119983,132.4
EK202310241219,169.4
EK202310195435,159.45
EK202310199454,152.3
EK202310194920,148.8
EK202310151167,134.75
EK202310204930,143.7
EK202310210621,134.8
EK202310234981,129.85
EK202310218747,139.75
EK202310125674,129.4
EK202310004025,178.45
EK202310131481,145.9
EK202310162994,140.05
EK202310232677,129.15
EK202310004278,150.5
EK202310108810,136.8
EK202310225683,136.15
EK202310115846,137.25
EK202310003668,150.0
EK202310153044,156.75
EK202310206782,168.4
EK202310198360,142.45
EK202310103708,138.3
EK202310138116,122.2
EK202310160576,137.5
EK202310183081,164.15
EK202310105137,132.35
EK202310170115,151.95
EK202310116604,152.5
EK202310236944,142.85
EK202310175444,146.65
EK202310150908,143.8
EK202310204946,139.55
EK202310139272,138.3
EK202310173841,140.75
EK202310241566,140.95
EK202310140944,152.05
EK202310166702,124.85
EK202310172479,130.15
EK202310209418,141.0
EK202310165364,143.5
EK202310170685,162.1
EK202310137383,139.25
EK202310208374,138.1
EK202310124992,140.15
EK202310227242,153.65
EK202310200684,140.45
EK202310137981,136.55
EK202310183855,164.0
EK202310120432,151.5
EK202310128607,133.05
EK202310146775,137.15
EK202310175473,143.85
EK202310194578,176.1
EK202310199456,116.75
EK202310114576,147.6
EK202310232002,138.7
EK202310133113,166.8
EK202310177757,152.2
EK202310106035,135.55
EK202310161565,146.0
EK202310110506,137.95
EK202310206193,140.35
EK202310134593,183.0
EK202310157521,149.45
EK202310142924,161.7
EK202310237263,143.7
EK202310170297,153.6
EK202310106326,136.4
EK202310128380,139.25
EK202310222238,129.6
EK202310194876,138.75
EK202310228783,151.0
EK202310186905,171.95
EK202310116223,134.95
EK202310124674,143.25
EK202310164997,141.4
EK202310164834,140.55
EK202310207829,135.95
EK202310156532,175.7
EK202310129196,133.55
EK202310119383,152.7
EK202310246942,142.75
EK202310108008,138.55
EK202310209225,137.25
EK202310191622,175.7
EK202310207087,146.3
EK202310152145,153.75
EK202310130483,158.9
EK202310218772,142.85
EK202310202740,146.9
EK202310189738,137.55
EK202310150713,149.0
EK202310235780,138.85
EK202310245036,155.0
EK202310003439,126.2
EK202310231070,130.95
EK202320006731,171.0
EK202310244442,148.55
EK202310132886,127.9
EK202310147295,170.25
EK202310133587,162.4
EK202310186397,145.0
EK202310123728,151.35
EK202310232420,137.35
EK202310233200,142.45
EK202310187145,135.2
EK202310238519,127.6
EK202310122640,135.05
EK202310114892,158.2
EK202310172340,137.65
EK202310109402,158.7
EK202310229865,137.25
EK202310202666,147.0
EK202310106916,151.75
EK202320005781,182.55
EK202310127666,131.9
EK202310224319,135.2
EK202310164602,146.6
EK202310118941,159.9
EK202310234012,142.35
EK202310199233,146.05
EK202310214877,139.0
EK202310179245,151.55
EK202310160250,162.25
EK202310219316,134.55
EK202310175330,147.9
EK202310156975,159.5
EK202310115055,145.35
EK202310112754,141.15
EK202310175770,161.35
EK202310218114,126.3
EK202310135889,127.95
EK202310245028,157.15
EK202310104852,164.85
EK202310216044,147.05
EK202310230940,123.45
EK202310198398,155.3
EK202310152619,176.0
EK202310168477,171.85
EK202310236502,124.05
EK202310112037,128.8
EK202310159871,155.3
EK202310213645,128.25
EK202310120040,135.5
EK202310183203,157.85
EK202310109200,127.5
EK202310132933,150.5
EK202310137560,125.15
EK202310177041,140.35
EK202310137910,138.5
EK202310104847,133.85
EK202310200423,131.0
EK202310187271,134.9
EK202310213803,163.3
EK202310246954,126.2
EK202310118188,136.0
EK202310134413,163.4
EK202310232546,138.65
EK202310158497,186.65
EK202320007533,141.15
EK202310174045,154.85
EK202310232493,140.45
EK202310121025,151.75
EK202310203256,157.05
EK202310142445,179.75
EK202310184247,181.95
EK202310192611,138.95
EK202310119937,160.35
EK202310231831,152.6
EK202310208214,120.9
EK202310237790,149.8
EK202310187705,139.15
EK202310209139,156.65
EK202310170634,140.65
EK202310146481,150.5
EK202310198380,152.8
EK202310226702,130.95
EK202310222936,129.2
EK202310197081,129.2
EK202310116985,123.85
EK202310223669,129.75
EK202310204735,154.1
EK202310184616,128.0
EK202310148138,150.55
EK202310134199,152.9
EK202310149246,138.45
EK202310237457,146.3
EK202310160240,156.95
EK202310177402,163.05
EK202310231985,140.6
EK202310171409,142.6
EK202310176316,156.5
EK202310164869,156.65
EK202310134160,124.1
EK202310213361,142.8
EK202310204421,142.2
EK202310209884,136.75
EK202310136308,140.0
EK202310242777,133.8
EK202310193657,144.15
EK202310188052,156.2
EK202310147057,140.25
EK202310153768,141.95
EK202310144579,125.05
EK202310198362,154.75
EK202310105880,149.45
EK202310171799,129.25
EK202310120109,132.25
EK202310216065,133.5
EK202310170495,143.35
EK202310125667,188.8
EK202310105906,137.45
EK202310003424,141.7
EK202310195264,131.0
EK202310130646,132.45
EK202310115346,139.8
EK202310106003,122.7
EK202310193189,186.85
EK202310120005,134.55
EK202310225659,146.4
EK202310187329,175.25
EK202310234854,138.75
EK202310245195,148.7
EK202310245177,134.5
EK202310229481,140.35
EK202310218683,135.7
EK202310232957,135.2
EK202310244525,132.35
EK202310238364,141.2
EK202310233731,141.3
EK202310114718,123.5
EK202310152186,178.5
EK202310217521,135.4
EK202310183796,161.6
EK202310218461,127.2
EK202310113523,150.6
EK202310149413,176.1
EK202310115324,140.2
EK202310104367,150.1
EK202310124772,131.2
EK202310195448,134.65
EK202310211731,138.15
EK202310162193,120.75
EK202310187308,136.05
EK202310129859,163.75
EK202310170962,166.55
EK202310235749,128.6
EK202320007870,169.35
EK202310154838,155.1
EK202310206242,139.7
EK202310209717,134.1
EK202310247573,161.5
EK202310113989,127.2
EK202310152196,141.1
EK202310183083,131.9
EK202310234475,134.0
EK202310234459,122.9
EK202310106650,173.65
EK202310117634,131.15
EK202310128279,130.1
EK202310158721,136.75
EK202310234607,141.0
EK202310149804,150.5
EK202310242352,128.2
EK202310126148,138.55
EK202310165882,130.55
EK202310137378,168.2
EK202310112801,128.5
EK202310119995,125.3
EK202310123123,133.55
EK202310190387,133.85
EK202310226519,130.2
EK202310129375,130.05
EK202310245192,145.05
EK202310215168,132.7
EK202310137434,123.05
EK202310194720,141.55
EK202310201666,139.4
EK202310193830,181.1
EK202310178910,131.95
EK202310110446,130.15
EK202310166237,135.15
EK202310180109,178.35
EK202310146375,134.95
EK202310227332,131.2
EK202310241765,156.0
EK202310229368,130.5
EK202310135373,135.25
EK202310169663,160.15
EK202310236365,140.6
EK202310182601,128.35
EK202310144591,127.0
EK202310203065,148.55
EK202310185758,137.75
EK202310105204,131.85
EK202310150175,145.0
EK202310172599,139.0
EK202310145266,160.1
EK202310004647,153.95
EK202310242466,152.05
EK202310167834,152.0
EK202310225932,132.85
EK202310132329,130.35
EK202310123888,147.3
EK202310208707,153.7
EK202310201294,155.45
EK202310233641,139.95
EK202310140113,152.05
EK202310218544,148.05
EK202310219472,130.45
EK202310143848,141.65
EK202310134434,142.8
EK202310236630,138.45
EK202310198379,137.75
EK202310222797,133.25
EK202310248842,126.05
EK202310132974,127.1
EK202310235130,137.4
EK202310238228,139.25
EK202310226782,141.05
EK202310210339,132.85
EK202310189790,148.0
EK202310187315,178.25
EK202310171801,137.2
EK202310123573,135.35
EK202310172773,145.4
EK202310139716,155.25
EK202310110431,147.0
EK202310189055,127.5
EK202310124983,128.5
EK202310190155,135.4
EK202310238929,138.8
EK202310180436,150.3
EK202310230021,148.05
EK202310181912,146.85
EK202310178377,152.95
EK202310145374,127.4
EK202310126596,127.6
EK202310225731,127.05
EK202310138678,142.4
EK202310172372,144.0
EK202310116119,131.65
EK202310167609,146.4
EK202310244078,154.2
EK202310217427,131.9
EK202310182904,140.1
EK202310208329,152.25
EK202310189009,156.85
EK202310114945,138.4
EK202310139882,141.8
EK202310206869,135.9
EK202310192874,137.5
EK202310216134,138.25
EK202310203212,144.25
EK202310156888,150.4
EK202310182240,149.2
EK202310141092,154.4
EK202310124359,128.9
EK202310152947,128.7
EK202310114595,140.75
EK202310146656,127.85
EK202310223051,128.6
EK202310134381,125.0
EK202310208234,146.9
EK202310169332,173.5
EK202310103907,143.1
EK202310143678,143.75
EK202310114762,138.4
EK202310120679,138.6
EK202310153376,154.75
EK202310207113,136.1
EK202310229661,126.95
EK202310219333,180.65
EK202310131040,128.3
EK202310120192,143.65
EK202310114032,138.15
EK202310178367,154.05
EK202310195835,149.85
EK202310154385,132.3
EK202310215393,178.2
EK202310107773,144.65
EK202310164250,153.0
EK202310158284,145.95
EK202310181120,148.45
EK202320007585,128.95
EK202310182248,149.3
EK202310178445,165.35
EK202310151607,155.45
EK202310114270,132.8
EK202310237697,129.55
EK202310141166,140.55
EK202310153773,157.25
EK202310129425,158.55
EK202310114483,132.75
EK202310235872,136.35
EK202310140448,118.9
EK202310140940,154.45
EK202310173832,140.3
EK202310131844,146.3
EK202310236956,129.9
EK202310166354,156.5
EK202310122182,146.4
EK202310212213,136.95
EK202310165400,169.3
EK202310148714,130.35
EK202310126880,160.45
EK202310191702,128.05
EK202310161903,140.55
EK202310223034,132.05
EK202310188051,172.1
EK202310205595,131.9
EK202310171306,127.55
EK202310246135,138.5
EK202310210097,171.7
EK202310191192,161.15
EK202310216619,140.05
EK202310153794,157.05
EK202310122914,174.95
EK202310122058,132.75
EK202310138004,122.55
EK202310221367,177.8
EK202310158770,156.6
EK202310145695,133.2
EK202310125582,130.1
EK202310136243,133.55
EK202310194117,135.75
EK202310107078,139.9
EK202310190139,153.1
EK202310156770,144.3
EK202310178929,120.55
EK202310164953,150.0
EK202310118034,136.1
EK202310227978,138.4
EK202310144597,125.75
EK202310176112,161.15
EK202310162357,147.95
EK202310176897,161.7
EK202310134145,132.5
EK202310129907,126.95
EK202310229306,137.2
EK202310198497,124.1
EK202310163561,142.65
EK202310221369,162.2
EK202310176645,145.45
EK202310157146,163.55
EK202310120273,162.05
EK202310192592,140.55
EK202310169221,162.55
EK202310191453,148.75
EK202310131848,144.95
EK202310127626,138.95
EK202310213244,147.65
EK202310137030,121.25
EK202310146412,136.2
EK202310173918,168.15
EK202310161898,176.05
EK202310106892,130.35
EK202310110349,129.5
EK202310209540,135.3
EK202310191336,141.1
EK202310114498,138.75
EK202310181006,162.2
EK202310212668,132.9
EK202310158230,149.0
EK202310004318,116.65
EK202310247144,140.4
EK202310107710,137.9
EK202310228147,132.35
EK202310143106,142.55
EK202310167345,136.25
EK202310208077,134.8
EK202320006983,139.3
EK202310243790,150.9
EK202310126443,129.2
EK202310245699,138.4
EK202310194114,145.65
EK202310195998,170.6
EK202310198935,147.95
EK202310164465,148.15
EK202310181559,140.45
EK202310194595,186.75
EK202310158381,142.2
EK202310155757,131.95
EK202310180220,156.25
EK202310179540,144.8
EK202310161312,132.35
EK202310185555,145.8
EK202310186696,138.3
EK202310161004,135.1
EK202310124318,138.5
EK202310162537,160.85
EK202310246753,143.55
EK202310225958,131.45
EK202310186853,149.95
EK202310171921,162.3
EK202310114970,134.15
EK202310215111,162.45
EK202310211062,142.25
EK202310189772,176.05
EK202310136766,139.8
EK202310126300,134.8
EK202310221810,145.15
EK202310204369,136.3
EK202310169470,162.15
EK202310189339,137.9
EK202310190063,154.15
EK202310220996,131.7
EK202310164885,132.3
EK202310191557,142.5
EK202310210576,142.5
EK202320006385,144.05
EK202310192386,133.7
EK202310129301,141.15
EK202310212266,135.95
EK202310248678,127.9
EK202310121007,137.55
EK202310158409,140.35
EK202310230262,146.9
EK202310105099,134.05
EK202310225197,136.25
EK202310141113,134.15
EK202310112350,136.9
EK202310220805,143.05
EK202310220038,126.35
EK202310153113,143.0
EK202320006647,171.45
EK202310145953,149.35
EK202310209351,132.25
EK202310202126,151.05
EK202310191102,155.65
EK202310127097,145.05
EK202310126540,130.8
EK202310202419,155.7
EK202310116857,139.0
EK202320006346,126.65
EK202310216539,133.15
EK202310224958,143.7
EK202310222877,161.25
EK202310104924,158.5
EK202310230930,143.2
EK202310176678,156.45
EK202310144934,148.3
EK202310148649,154.35
EK202310168500,169.45
EK202310150427,136.75
EK202310205648,137.3
EK202310159787,135.25
EK202310131529,143.6
EK202310173679,144.75
EK202310216340,126.1
EK202310113807,156.95
EK202310189797,149.65
EK202310172848,141.85
EK202320007206,139.45
EK202310183124,141.5
EK202310202871,176.15
EK202310195901,151.25
EK202310108242,133.8
EK202310209662,134.25
EK202310186506,148.65
EK202310241427,139.25
EK202310104646,139.1
EK202310110500,153.35
EK202310140229,137.4
EK202310197951,138.85
EK202310204251,133.05
EK202310218413,125.8
EK202310111117,178.0
EK202310153521,146.55
EK202310163012,151.8
EK202310238189,160.9
EK202310139597,168.2
EK202310239588,138.1
EK202310197135,145.25
EK202310105473,156.15
EK202310142438,172.25
EK202310238026,147.6
EK202310194838,133.15
EK202310218361,141.9
EK202310192741,151.9
EK202310193265,131.25
EK202310216986,139.35
EK202310230537,147.5
EK202310119794,152.95
EK202310170043,141.75
EK202310108833,133.2
EK202310161240,135.95
EK202310234010,143.0
EK202310109182,138.7
EK202310230972,127.35
EK202310149335,131.6
EK202310107970,136.35
EK202310149458,142.0
EK202310144815,124.2
EK202310155738,152.3
EK202310204043,143.65
EK202310150762,128.45
EK202310177738,144.9
EK202310156587,137.3
EK202310157016,148.45
EK202310206235,144.25
EK202310220646,141.95
EK202310173733,146.5
EK202310245161,147.1
EK202310246615,135.05
EK202310107283,137.6
EK202310172948,140.8
EK202310223104,152.2
EK202310137920,133.4
EK202310237485,140.05
EK202310185339,162.95
EK202310150373,141.7
EK202310181031,133.7
EK202310246036,136.15
EK202310211321,137.35
EK202310166021,133.7
EK202310104995,132.75
EK202310154804,145.4
EK202310207957,141.8
EK202310115976,142.9
EK202310146527,154.05
EK202310241764,161.1
EK202310242749,141.45
EK202310174079,155.25
EK202310246052,141.7
EK202310224322,130.95
EK202310136529,114.35
EK202320005962,184.65
EK202310220450,147.55
EK202310212212,130.0
EK202310153182,151.5
EK202310105480,132.5
EK202310125339,138.6
EK202310237988,151.0
EK202310159218,141.0
EK202310178861,131.65
EK202310146447,136.7
EK202310242533,134.75
EK202310239148,135.6
EK202310206069,168.6
EK202310209438,143.6
EK202310203458,131.15
EK202310139769,124.15
EK202310192295,132.75
EK202310213849,157.95
EK202310117386,132.25
EK202310148126,144.6
EK202310141622,143.65
EK202310203974,167.3
EK202310124862,133.7
EK202310238082,157.2
EK202310131352,135.0
EK202310123750,165.7
EK202310165127,128.3
EK202310166390,162.05
EK202310245131,135.05
EK202310191228,149.15
EK202310218338,130.3
EK202310229880,138.15
EK202310139618,154.05
EK202310166418,128.75
EK202310114847,136.55
EK202310129128,136.8
EK202310129085,128.1
EK202310208641,163.4
EK202310241385,139.9
EK202310231427,136.7
EK202310183819,160.8
EK202310103894,156.4
EK202310115562,143.9
EK202310153110,135.35
EK202310107637,139.1
EK202310003429,119.45
EK202310141699,156.95
EK202310200793,137.5
EK202310107984,149.65
EK202310113752,150.35
EK202310136157,127.85
EK202310207954,143.75
EK202310135579,149.45
EK202310166104,151.45
EK202310127366,167.35
EK202310121696,126.7
EK202310138993,136.65
EK202310207033,136.2
EK202310122660,116.15
EK202310132081,141.6
EK202310198420,127.55
EK202310144336,127.3
EK202310238656,160.65
EK202310230161,127.85
EK202310202206,143.6
EK202310213571,136.3
EK202310203092,137.25
EK202310194418,148.35
EK202310128430,160.1
EK202310225153,170.2
EK202310160344,126.9
EK202310130554,125.85
EK202310165569,177.1
EK202310199349,133.5
EK202310129160,185.95
EK202310169725,172.6
EK202310160348,151.05
EK202310126901,129.7
EK202310199923,123.85
EK202310214691,140.15
EK202310202989,168.3
EK202310117244,149.7
EK202310162223,166.75
EK202310178451,167.6
EK202310233563,135.55
EK202310109378,181.7
EK202310177478,142.45
EK202310109053,141.9
EK202310125187,135.4
EK202320005814,138.95
EK202310211630,135.1
EK202310156552,169.8
EK202310148023,164.45
EK202310166593,161.3
EK202310215548,160.6
EK202310111952,135.1
EK202310187710,136.5
EK202310157541,146.45
EK202310171275,157.75
EK202310113025,136.25
EK202310197258,172.5
EK202310112846,136.8
EK202310127206,149.25
EK202310115243,142.6
EK202310124158,136.55
EK202310145344,150.45
EK202310115574,140.4
EK202310157721,177.1
EK202310122313,134.3
EK202310139139,181.05
EK202310225769,147.0
EK202310238365,132.6
EK202310237637,135.55
EK202310109616,142.85
EK202310133259,143.35
EK202310228157,147.0
EK202310198466,155.15
EK202310106809,152.7
EK202310165950,169.6
EK202310128641,155.75
EK202310148916,146.15
EK202310114147,148.65
EK202310232304,136.3
EK202310188415,151.15
EK202310232540,140.5
EK202310207576,137.05
EK202310231963,147.3
EK202310229805,137.15
EK202310161625,137.25
EK202310223364,144.55
EK202310145207,148.85
EK202310154942,137.0
EK202310177414,166.6
EK202310151135,162.75
EK202320005867,152.65
EK202310199483,147.2
EK202310193069,144.75
EK202310231001,127.6
EK202310153397,134.65
EK202320006411,133.0
EK202310178129,133.1
EK202310158178,142.9
EK202320006728,165.8
EK202310168603,152.25
EK202310188957,141.8
EK202310134962,156.45
EK202320006232,162.25
EK202310216197,156.85
EK202310205473,126.45
EK202310177138,149.35
EK202310003578,124.9
EK202310125915,150.35
EK202310163847,126.1
EK202310175723,127.5
EK202310167304,135.1
EK202310231580,133.3
EK202310224672,133.95
EK202310231849,158.8
EK202310118283,161.3
EK202310108021,131.4
EK202310244191,149.15
EK202310176446,155.75
EK202310153144,152.05
EK202310192762,131.25
EK202310155944,130.6
EK202310122042,132.3
EK202310139279,133.5
EK202310124333,151.6
EK202310222309,129.3
EK202310237489,133.9
EK202310225285,146.7
EK202310205925,147.0
EK202310146849,132.45
EK202310155584,133.8
EK202310127840,151.0
EK202310159012,125.2
EK202310171367,146.4
EK202310179659,142.65
EK202310147533,143.95
EK202310134101,130.2
EK202310167244,145.8
EK202310134522,129.45
EK202310188890,153.8
EK202310152081,153.2
EK202310168749,130.45
EK202310185345,150.5
EK202310212863,146.0
EK202310104615,129.15
EK202310188714,131.75
EK202310148084,143.05
EK202310211875,144.5
EK202310134441,152.35
EK202310187368,135.3
EK202310142139,131.6
EK202310216736,174.7
EK202310148523,155.75
EK202310177638,138.7
EK202310191439,144.0
EK202310184957,171.7
EK202310229730,129.85
EK202310171653,138.75
EK202310119614,135.35
EK202310193277,133.9
EK202310221106,133.4
EK202310196517,136.7
EK202310186815,141.0
EK202310118791,142.05
EK202310236202,141.95
EK202310121642,154.75
EK202310228637,127.75
EK202310171042,150.05
EK202310218012,138.15
EK202310238955,135.65
EK202310169993,164.8
EK202310227859,148.85
EK202310175628,141.9
EK202310225536,130.8
EK202310194964,133.85
EK202310170946,118.55
EK202310201972,131.8
EK202310204049,130.85
EK202310238497,137.0
EK202310231256,144.95
EK202310231579,122.6
EK202310174311,132.75
EK202310192651,132.6
EK202310114496,136.1
EK202310230770,128.7
EK202310242388,143.05
EK202310114424,148.85
EK202310166798,159.35
EK202310246359,133.85
EK202310165038,122.6
EK202310197955,141.1
EK202310121307,156.4
EK202310151932,152.5
EK202310242488,127.85
EK202310105346,139.45
EK202310133118,146.2
EK202310125218,134.65
EK202310104440,133.75
EK202310238581,160.35
EK202310128830,130.05
EK202310111289,125.5
EK202310218154,147.7
EK202310184481,153.8
EK202310151857,149.3
EK202310107393,149.3
EK202310150289,149.55
EK202310113235,144.35
EK202310154628,155.35
EK202310183234,123.85
EK202310193060,146.6
EK202310142940,129.65
EK202310177291,152.5
EK202310214941,139.05
EK202310123810,137.55
EK202310234861,148.25
EK202310166088,177.45
EK202310175230,130.4
EK202310173351,156.4
EK202310246599,142.95
EK202310121468,133.8
EK202310115870,132.05
EK202310122689,136.05
EK202310104457,152.35
EK202310239958,141.15
EK202310108834,139.05
EK202310242150,141.15
EK202310127460,148.85
EK202310150161,130.3
EK202310220593,143.6
EK202310208892,147.7
EK202310116640,157.8
EK202310228102,129.2
EK202310178599,138.85
EK202310211615,137.55
EK202310208762,144.55
EK202310118517,138.9
EK202310187114,140.25
EK202310119172,140.75
EK202310131645,156.45
EK202310106254,139.1
EK202310132336,129.75
EK202310226404,145.85
EK202310196510,139.1
EK202310116508,124.05
EK202310188534,155.85
EK202310177793,135.9
EK202310206591,153.8
EK202310192097,143.2
EK202310119525,139.45
EK202310168918,141.35
EK202310004052,166.0
EK202310155004,114.25
EK202310113224,129.65
EK202310168827,155.05
EK202310151452,139.8
EK202310233171,149.4
EK202310189316,130.7
EK202310165015,124.1
EK202310191520,125.2
EK202310154021,156.1
EK202310142035,137.8
EK202310136677,157.6
EK202310193692,143.95
EK202310217638,131.45
EK202310152626,147.85
EK202310130527,133.6
EK202310219621,128.7
EK202310117231,137.0
EK202310184541,163.95
EK202310123337,153.2
EK202310004825,174.85
EK202310004105,138.75
EK202310222141,136.25
EK202310223687,124.25
EK202310004753,135.5
EK202310138231,145.1
EK202310230297,170.5
EK202310123109,129.95
EK202310118394,133.0
EK202310236285,152.75
EK202310142984,149.6
EK202310228922,131.45
EK202310180656,179.05
EK202310198343,136.55
EK202310213613,132.8
EK202310143759,142.25
EK202310243098,155.25
EK202310140826,154.5
EK202310219432,128.3
EK202310235984,130.95
EK202310112132,146.0
EK202310207139,156.3
EK202310123515,136.6
EK202310147539,138.65
EK202310201614,165.55
EK202310242651,143.2
EK202310116831,135.9
EK202310142528,156.4
EK202310158275,139.1
EK202310119240,149.25
EK202310189798,152.1
EK202310140182,131.35
EK202310104020,125.85
EK202310144562,157.95
EK202310211897,140.85
EK202310209649,156.75
EK202310224584,133.3
EK202310149915,169.0
EK202310205659,134.1
EK202310150345,147.25
EK202310228952,130.7
EK202310126648,131.55
EK202310243579,135.5
EK202310164006,150.05
EK202310108668,148.25
EK202310137775,127.55
EK202310233150,138.35
EK202310152386,149.25
EK202310166882,148.4
EK202310231895,140.7
EK202310170539,154.65
EK202310115226,143.7
EK202310214376,132.35
EK202310137712,127.2
EK202310186209,138.3
EK202310205015,127.55
EK202310106040,136.15
EK202310170557,148.7
EK202310201318,130.15
EK202310230025,133.85
EK202310112264,136.9
EK202310187559,163.15
EK202310126729,148.3
EK202310208910,129.75
EK202310131942,136.9
EK202310154020,142.9
EK202310245865,145.75
EK202310192165,149.0
EK202310172699,138.35
EK202310157236,163.25
EK202310131791,140.85
EK202310200367,140.1
EK202310152638,130.5
EK202310229854,134.1
EK202310176423,145.3
EK202310229737,133.1
EK202310203806,131.65
EK202310115409,121.6
EK202310118234,127.1
EK202310140636,171.0
EK202310240942,129.75
EK202310197687,172.45
EK202310124485,138.45
EK202310144257,140.9
EK202310218871,137.8
EK202310210772,133.8
EK202310195971,172.25
EK202310135577,138.15
EK202310203323,149.9
EK202310128855,124.25
EK202310209533,151.6
EK202310174860,149.15
EK202310132988,131.85
EK202310210555,129.65
EK202310229724,141.9
EK202310159406,143.05
EK202310206212,139.5
EK202310105258,148.75
EK202310197230,182.2
EK202310146776,136.15
EK202310171620,124.0
EK202310241357,136.15
EK202310138908,133.0
EK202310144141,174.3
EK202310183530,154.75
EK202310241996,128.85
EK202310143198,141.45
EK202310240754,151.15
EK202310120793,147.5
EK202310152995,147.95
EK202310168076,139.9
EK202310194434,164.6
EK202310231667,133.7
EK202310117230,129.35
EK202310188291,149.5
EK202310149424,151.95
EK202310128832,126.15
EK202310196168,165.0
EK202310197883,174.15
EK202310138276,155.65
EK202310170757,139.9
EK202310191340,137.6
EK202310145811,144.95
EK202310227194,141.05
EK202310111485,145.3
EK202310157083,172.9
EK202310171852,163.05
EK202310207366,140.65
EK202310145654,137.3
EK202310108850,148.8
EK202310231758,143.5
EK202310144301,136.9
EK202310201304,144.35
EK202310178159,137.15
EK202310239482,147.9
EK202310144262,136.05
EK202310143929,139.65
EK202310235952,117.95
EK202310183241,143.2
EK202310189101,184.55
EK202310171584,139.5
EK202310131328,133.15
EK202310226641,136.8
EK202310166552,147.8
EK202310196910,156.6
EK202310166692,142.05
EK202310184651,185.05
EK202310194347,136.45
EK202310208716,138.45
EK202310187760,147.05
EK202310243524,134.85
EK202310155787,128.85
EK202310114204,159.45
EK202310160396,163.75
EK202310172512,169.0
EK202310157332,146.3
EK202310209704,130.6
EK202310154943,137.85
EK202310189036,140.0
EK202310133173,145.65
EK202310130199,162.05
EK202310182622,156.3
EK202310167778,148.6
EK202310163301,139.4
EK202310184220,125.95
EK202310172679,150.95
EK202310171532,139.4
EK202310200942,150.45
EK202310141847,146.2
EK202310122343,139.25
EK202310174760,126.8
EK202310225953,135.05
EK202310159867,153.85
EK202310174529,142.65
EK202310239197,133.15
EK202310142275,130.95
EK202310235069,142.55
EK202310173910,142.1
EK202310155908,145.9
EK202310221001,134.25
EK202310113086,130.25
EK202310200755,163.6
EK202310152545,177.25
EK202310185434,145.8
EK202310110043,144.25
EK202310116474,146.45
EK202310203902,134.75
EK202310157771,134.5
EK202310209652,160.25
EK202310115313,135.55
EK202310149967,146.1
EK202310226488,135.45
EK202310004820,150.6
EK202310240136,135.55
EK202310201496,166.3
EK202310224644,142.3
EK202310168634,140.65
EK202310120438,154.7
EK202310104992,136.85
EK202310152772,153.1
EK202310189045,132.1
EK202310180854,144.05
EK202310162939,134.35
EK202310202787,159.7
EK202310132425,133.55
EK202310106638,135.8
EK202310130488,160.5
EK202310216320,175.7
EK202310174034,138.2
EK202310167069,149.0
EK202310119791,149.25
EK202310191561,148.35
EK202310141924,147.05
EK202310155116,136.5
EK202310194530,158.5
EK202310148342,147.7
EK202310115218,127.95
EK202310208496,131.95
EK202310242665,141.45
EK202310247657,136.75
EK202310228469,140.65
EK202310233886,142.15
EK202310169400,140.6
EK202310161344,160.7
EK202310236712,131.8
EK202310118866,167.1
EK202310221584,150.95
EK202310107825,131.1
EK202310110196,127.2
EK202310159979,152.4
EK202310195875,136.2
EK202310163166,149.8
EK202310206462,150.9
EK202310109481,140.5
EK202310245477,142.5
EK202310129738,164.6
EK202320005730,156.65
EK202310104244,148.55
EK202310227658,132.9
EK202310227290,156.95
EK202310201250,144.3
EK202310170654,141.0
EK202310225211,145.2
EK202310181404,148.75
EK202310175856,132.35
EK202310167250,145.0
EK202310225198,132.0
EK202310247108,143.85
EK202310228244,132.8
EK202310206266,140.6
EK202310215876,142.8
EK202310130596,128.75
EK202310224249,128.3
EK202310154491,133.55
EK202310233669,137.6
EK202310111293,143.45
EK202310120077,119.45
EK202310190354,141.55
EK202310180848,137.2
EK202310206991,130.55
EK202310127954,133.1
EK202310125079,133.2
EK202310211424,149.75
EK202310134279,140.9
EK202310206851,136.5
EK202310164397,148.95
EK202310235148,141.3
EK202310190060,189.35
EK202310240587,140.1
EK202310234152,142.35
EK202310161209,165.25
EK202310187254,141.55
EK202310219785,146.7
EK202310160063,145.0
EK202310225782,164.35
EK202310166126,131.3
EK202310104397,138.0
EK202310195068,139.25
EK202310148964,149.65
EK202310105544,137.65
EK202310190157,132.5
EK202310177029,137.0
EK202310134822,157.2
EK202310188505,143.45
EK202310131430,160.35
EK202310197663,164.85
EK202310150719,147.55
EK202310004834,136.1
EK202310200921,129.75
EK202320005684,140.3
EK202310179009,125.9
EK202310248177,141.05
EK202310132766,127.05
EK202310237026,143.85
EK202310193021,131.75
EK202310190757,134.65
EK202310173200,131.05
EK202310219771,133.5
EK202310109597,156.0
EK202310206771,158.0
EK202310127671,165.35
EK202310167676,138.7
EK202310232944,121.7
EK202310168061,165.1
EK202310105714,134.9
EK202310147632,158.45
EK202310244606,147.65
EK202310118560,144.1
EK202310194271,130.8
EK202310142720,174.7
EK202310166900,181.7
EK202310164794,163.8
EK202310115042,123.05
EK202310174373,124.55
EK202310214507,171.95
EK202310223225,147.7
EK202310107151,141.5
EK202310189175,175.4
EK202310161808,129.8
EK202310121994,133.1
EK202310219449,132.15
EK202310136206,129.0
EK202310111739,143.65
EK202310229388,150.5
EK202310224978,140.3
EK202310149730,127.3
EK202310163504,147.3
EK202310156148,131.65
EK202310150249,128.8
EK202310224329,142.15
EK202310147011,150.95
EK202310192326,137.8
EK202310245006,130.0
EK202310224053,137.5
EK202310228581,134.1
EK202310113047,129.25
EK202310149808,180.65
EK202310175027,119.05
EK202310234758,142.4
EK202310175412,130.0
EK202310132176,150.45
EK202310205739,143.05
EK202310153994,128.7
EK202310200714,146.7
EK202310247869,132.45
EK202310186589,145.15
EK202310145135,145.45
EK202310193164,182.9
EK202310222960,135.6
EK202310116552,138.2
EK202310123971,183.9
EK202310113406,161.3
EK202310234777,142.8
EK202310109531,123.15
EK202310186502,135.9
EK202310190436,148.95
EK202310198804,177.05
EK202310188371,160.65
EK202310189870,168.5
EK202310179411,133.95
EK202310233363,142.6
EK202310104971,126.85
EK202310191357,137.5
EK202310172762,147.35
EK202310199936,131.95
EK202310153452,135.4
EK202310160325,158.8
EK202310240026,132.05
EK202310134117,125.8
EK202310214971,127.65
EK202310210492,131.1
EK202310200943,153.35
EK202310233114,141.35
EK202310209755,134.7
EK202310114040,134.5
EK202310231262,140.9
EK202310196982,164.9
EK202310168935,167.5
EK202310209663,134.9
EK202310171963,170.4
EK202310128429,166.95
EK202310243988,132.3
EK202310131432,125.8
EK202310170157,148.9
EK202310135062,154.5
EK202310180073,170.55
EK202310154392,155.35
EK202310211600,137.95
EK202310221370,150.45
EK202310135902,121.95
EK202310248071,141.5
EK202310140056,144.75
EK202310113087,164.35
EK202310140280,142.8
EK202310231029,135.0
EK202310003876,131.7
EK202310110872,141.1
EK202310110803,139.95
EK202310234005,147.4
EK202310195582,134.4
EK202310216699,120.5
EK202310161870,156.55
EK202310207634,141.0
EK202310154729,138.4
EK202310119219,144.45
EK202310216260,131.0
EK202310241741,147.55
EK202310127099,133.5
EK202310142543,159.1
EK202310159437,149.5
EK202310139226,131.45
EK202310145866,142.6
EK202310240067,149.2
EK202310242685,131.7
EK202310158289,129.95
EK202310145943,145.4
EK202310196762,160.5
EK202310141743,166.9
EK202310222881,133.65
EK202310170624,123.15
EK202310139072,157.7
EK202310168507,144.5
EK202310141768,158.4
EK202310111130,125.3
EK202310217027,154.05
EK202310224945,150.15
EK202310188108,129.45
EK202310200577,183.7
EK202310152955,149.25
EK202310184966,157.95
EK202310133181,132.15
EK202310209985,135.7
EK202310195572,136.0
EK202310199966,132.3
EK202310109052,134.4
EK202310173422,140.75
EK202310216493,140.4
EK202310234480,136.3
EK202310239882,137.05
EK202310151506,181.15
EK202310231481,116.05
EK202310173660,125.65
EK202310124885,134.7
EK202310226112,142.05
EK202310169770,160.95
EK202310112146,158.2
EK202310126447,137.8
EK202310197865,153.05
EK202310144993,133.5
EK202320007830,138.4
EK202310134803,132.2
EK202310247257,145.7
EK202310189213,167.9
EK202310163523,143.9
EK202310177884,135.3
EK202310168374,146.05
EK202310181460,153.9
EK202310164324,127.85
EK202320006373,144.35
EK202310240516,145.8
EK202310106433,139.5
EK202310104794,126.9
EK202310179826,142.05
EK202310220482,124.8
EK202310144501,161.15
EK202310236116,177.25
EK202310143566,126.5
EK202310244286,138.85
EK202310117364,129.4
EK202310182812,133.55
EK202310165290,153.15
EK202310175655,132.95
EK202310191765,137.5
EK202310175575,140.55
EK202310190556,127.3
EK202310109849,143.15
EK202310125361,146.5
EK202310117657,141.25
EK202310166741,146.15
EK202310152997,154.3
EK202310197388,166.55
EK202310131984,140.7
EK202310219422,127.9
EK202310121522,128.5
EK202310175245,154.1
EK202310195205,157.9
EK202310108650,132.6
EK202310181782,144.95
EK202310115038,146.3
EK202310158797,129.4
EK202310170666,165.4
EK202310168966,124.7
EK202310214825,168.6
EK202310120494,136.7
EK202310220603,138.05
EK202310225685,122.55
EK202310223164,138.9
EK202310162099,140.95
EK202310181378,126.75
EK202310206274,153.05
EK202310245110,130.75
EK202310149953,173.0
EK202310200512,136.9
EK202310195166,137.8
EK202310181696,157.3
EK202310246293,115.45
EK202310112958,132.95
EK202310144239,127.9
EK202310112531,139.8
EK202310215394,187.7
EK202310214916,147.95
EK202310135655,151.15
EK202310234936,136.5
EK202310216594,141.95
EK202310221025,134.5
EK202310111609,156.2
EK202310213129,141.85
EK202310117137,147.85
EK202310239490,139.15
EK202310157671,137.35
EK202310188165,140.8
EK202310134859,124.05
EK202310183908,165.25
EK202310147406,152.4
EK202310175129,117.2
EK202310164780,152.35
EK202310227743,133.8
EK202310120706,147.5
EK202310118366,140.95
EK202310106692,139.35
EK202310190791,154.75
EK202310208607,149.2
EK202310170692,165.15
EK202310225887,146.55
EK202310182352,136.3
EK202310185880,135.15
EK202310178297,146.65
EK202310195149,155.65
EK202310231610,135.25
EK202310137276,130.1
EK202310184484,164.3
EK202310121199,136.05
EK202310125536,140.95
EK202310213706,140.35
EK202310135204,149.15
EK202310247699,137.45
EK202310217787,126.95
EK202310182191,145.0
EK202310198529,141.3
EK202310220299,129.8
EK202310188677,142.75
EK202310232253,135.65
EK202310164691,152.95
EK202310103832,126.8
EK202310149722,138.6
EK202310198859,148.0
EK202310234749,144.15
EK202310104566,128.55
EK202310211383,145.45
EK202310170287,148.1
EK202310150824,148.25
EK202310171304,132.0
EK202310193205,169.55
EK202320006114,158.9
EK202310135524,126.2
EK202310192025,143.5
EK202310170020,169.5
EK202310198095,149.95
EK202310105801,155.05
EK202310177479,139.15
EK202310108455,140.65
EK202310165998,126.45
EK202310122714,136.7
EK202310164202,159.45
EK202310226026,147.65
EK202310223682,147.95
EK202310116148,126.05
EK202310210129,138.25
EK202310242087,147.55
EK202310116328,145.4
EK202310217261,168.65
EK202310106484,155.8
EK202310157473,136.7
EK202310198511,125.6
EK202310217751,130.0
EK202310168432,160.0
EK202310151251,145.85
EK202310120767,131.8
EK202310127801,143.4
EK202310118354,142.7
EK202310209195,153.35
EK202310172035,139.95
EK202310114626,142.2
EK202310144629,152.65
EK202310185061,138.8
EK202310174592,134.4
EK202310164708,180.1
EK202310149304,143.75
EK202310170289,122.55
EK202310213861,152.55
EK202310126098,132.2
EK202310133915,151.0
EK202310148594,134.0
EK202310116687,138.35
EK202310171866,132.85
EK202310147735,135.2
EK202310105679,158.3
EK202310248635,130.0
EK202310139369,133.0
EK202310105974,143.9
EK202310104978,124.55
EK202310174467,145.7
EK202310124199,128.5
EK202310135676,133.5
EK202310146763,128.1
EK202310205937,124.45
EK202310135445,141.1
EK202310109193,115.4
EK202310161169,158.1
EK202310204092,152.1
EK202310202680,140.15
EK202310172794,129.4
EK202310217791,121.3
EK202310158468,137.9
EK202310149937,146.8
EK202310166789,145.4
EK202310159167,158.35
EK202310125029,138.4
EK202310203531,145.0
EK202310181665,141.1
EK202310142148,146.8
EK202310166843,160.0
EK202310161022,147.6
EK202310118997,130.35
EK202310239449,143.85
EK202310210440,135.7
EK202310205614,138.35
EK202310179227,151.25
EK202310143023,133.25
EK202310178605,142.35
EK202310151926,150.5
EK202310205156,177.8
EK202310227477,153.85
EK202310118582,143.0
EK202310145669,146.45
EK202310181578,144.9
EK202310193806,174.2
EK202310233863,136.4
EK202310111982,135.55
EK202310228092,147.2
EK202310117791,126.4
EK202310174095,144.55
EK202310199167,134.3
EK202310147864,149.2
EK202310136545,125.35
EK202310004781,130.05
EK202310110648,122.85
EK202310187608,125.5
EK202310212121,145.55
EK202310200654,151.8
EK202310110670,125.7
EK202310148332,149.3
EK202310198602,144.05
EK202310162570,152.8
EK202310105840,133.1
EK202310216931,145.75
EK202310152841,175.85
EK202310107705,143.2
EK202310178316,148.45
EK202310147750,128.05
EK202310110434,142.95
EK202310219134,132.95
EK202310207502,139.6
EK202310137524,149.2
EK202310237806,127.45
EK202310248546,149.8
EK202310246510,145.85
EK202310215312,163.55
EK202310135935,130.8
EK202310246337,137.75
EK202310133292,142.7
EK202310208105,137.7
EK202310221927,135.45
EK202310185220,135.25
EK202310195012,168.1
EK202310220382,136.7
EK202310228071,125.15
EK202310139303,159.45
EK202310146446,143.3
EK202310113629,161.75
EK202310121125,138.35
EK202310179172,158.2
EK202310135030,170.3
EK202310154871,132.85
EK202310104446,135.1
EK202310112990,146.65
EK202310189753,142.9
EK202310239147,134.65
EK202310170148,158.85
EK202310227849,164.75
EK202310206204,136.15
EK202310160122,125.45
EK202310131964,133.25
EK202310111949,139.2
EK202310122396,124.0
EK202310187780,143.95
EK202310205438,131.9
EK202310153038,180.2
EK202310152163,135.15
EK202310192310,135.55
EK202310174795,133.85
EK202310193009,138.85
EK202310150434,137.25
EK202310118338,134.65
EK202310197441,162.2
EK202310142091,155.05
EK202310117239,146.15
EK202310179745,143.7
EK202310219687,122.6
EK202310176027,155.6
EK202310104893,136.15
EK202310227192,145.55
EK202310146856,130.45
EK202310107173,125.35
EK202310211813,140.55
EK202310188253,134.35
EK202310233335,129.3
EK202310217329,153.15
EK202310155219,139.1
EK202310157321,159.7
EK202310153713,156.7
EK202310120830,163.65
EK202310229321,147.75
EK202310130365,149.1
EK202310202308,152.1
EK202310203388,169.7
EK202310185835,148.85
EK202310188805,173.0
EK202310159594,165.55
EK202310147573,135.1
EK202310190109,143.1
EK202310180140,144.45
EK202310149775,139.45
EK202310238274,154.75
EK202310242923,125.9
EK202310107321,130.4
EK202310204141,127.5
EK202310219133,132.95
EK202310139067,163.7
EK202310140520,130.0
EK202310248527,132.85
EK202310003682,130.0
EK202310162432,166.05
EK202310179950,159.5
EK202310240868,131.85
EK202310116267,135.15
EK202310221765,142.8
EK202310173563,141.75
EK202310143455,118.6
EK202310207343,146.45
EK202310217689,125.65
EK202310146102,129.4
EK202310168973,133.25
EK202310222519,124.35
EK202310129680,137.0
EK202310178200,150.05
EK202310170870,135.75
EK202310126872,155.4
EK202310148891,164.9
EK202310173852,135.45
EK202310125523,135.9
EK202310159491,146.7
EK202310157366,140.6
EK202310178992,124.05
EK202310143866,128.45
EK202310152326,152.6
EK202310202864,179.1
EK202310218888,142.9
EK202310209358,122.9
EK202310227775,158.0
EK202310186270,154.6
EK202310203414,138.55
EK202310225866,150.15
EK202310234055,139.55
EK202310129825,150.75
EK202310209772,152.6
EK202310182146,167.95
EK202310180456,143.4
EK202310182353,150.8
EK202310199926,130.8
EK202310226078,142.4
EK202310212125,134.95
EK202310149668,185.7
EK202310234903,131.6
EK202310205875,132.85
EK202310157799,132.75
EK202310211749,133.65
EK202310224314,166.2
EK202310124274,149.6
EK202310127800,173.1
EK202310238415,143.1
EK202310229891,150.75
EK202310145946,133.95
EK202310181109,155.45
EK202310147129,151.1
EK202310178177,144.35
EK202310113395,144.55
EK202310217919,147.7
EK202310154751,148.3
EK202310130965,147.35
EK202310190874,136.6
EK202310195521,135.85
EK202310201613,137.8
EK202310214697,143.8
EK202310191560,152.9
EK202310121406,150.2
EK202310114089,124.75
EK202310159340,131.3
EK202310113700,158.85
EK202310126654,136.65
EK202310144476,132.1
EK202310131321,129.25
EK202310187814,140.1
EK202310220881,126.9
EK202310189638,170.45
EK202310178407,152.3
EK202310180651,150.8
EK202310239749,128.45
EK202310171046,145.45
EK202310164907,136.45
EK202310147112,148.6
EK202310181779,130.7
EK202310177716,153.9
EK202310211440,135.15
EK202310205701,147.45
EK202310116151,114.45
EK202310183859,175.7
EK202310135998,150.75
EK202310201975,131.65
EK202310170925,126.25
EK202310104593,126.65
EK202310110432,137.95
EK202310129862,153.25
EK202310189525,152.95
EK202310111229,145.65
EK202310188865,133.6
EK202310146283,130.55
EK202310178823,166.3
EK202310147049,143.55
EK202310221900,126.25
EK202310182664,146.2
EK202310115895,122.0
EK202310137882,138.75
EK202310142987,159.65
EK202310230693,128.15
EK202310105910,123.3
EK202310176888,136.0
EK202310179407,136.5
EK202310113511,134.3
EK202310226410,133.4
EK202310194828,174.0
EK202310209526,175.8
EK202310232266,141.25
EK202310190901,145.35
EK202310120320,157.4
EK202310109391,139.6
EK202310126276,139.5
EK202310223714,118.4
EK202310211517,155.85
EK202310110636,124.2
EK202310235623,129.75
EK202310186004,141.85
EK202310004261,121.0
EK202310193375,160.45
EK202310218449,120.65
EK202310179058,146.85
EK202310133795,127.4
EK202310164408,146.2
EK202310159492,147.65
EK202310214283,130.35
EK202310133551,160.55
EK202310190061,189.3
EK202320007557,145.25
EK202310114241,137.8
EK202310203894,146.6
EK202310186487,156.9
EK202310004631,135.2
EK202310172845,140.65
EK202310124858,131.0
EK202320006937,138.2
EK202310164626,149.55
EK202310109948,145.45
EK202310112053,129.25
EK202310184712,141.7
EK202310122821,143.9
EK202310179754,148.25
EK202310230071,147.0
EK202310169385,159.75
EK202310205297,126.5
EK202310176789,128.6
EK202310234641,132.7
EK202310216672,163.8
EK202310218187,155.15
EK202310163653,136.2
EK202310173938,142.7
EK202310144779,122.15
EK202310105452,138.15
EK202310203289,136.25
EK202310244916,142.4
EK202310212913,147.55
EK202310195593,156.5
EK202310109392,145.5
EK202310239794,159.5
EK202310156466,168.75
EK202310234091,147.2
EK202310202246,139.05
EK202310208070,129.85
EK202310199529,138.4
EK202310191597,142.85
EK202310232873,164.95
EK202310245305,155.85
EK202310196018,175.6
EK202310205608,132.6
EK202310211776,139.0
EK202310219819,135.75
EK202310152910,181.95
EK202310244549,144.3
EK202310123421,156.2
EK202310205600,151.85
EK202310219535,138.15
EK202310247105,137.1
EK202310223625,144.2
EK202310135177,152.5
EK202310167858,123.2
EK202310193232,134.4
EK202310144624,128.65
EK202310132627,140.75
EK202310213967,166.25
EK202310236061,134.75
EK202310177659,174.3
EK202310145236,152.65
EK202310118399,135.6
EK202310215365,152.55
EK202320006049,131.25
EK202310185900,121.95
EK202310133957,172.55
EK202310234170,122.3
EK202310126261,135.15
EK202310118103,185.8
EK202310118678,154.2
EK202310113678,153.3
EK202310111849,129.6
EK202310218593,132.95
EK202310145457,131.55
EK202310174907,162.65
EK202310004460,136.15
EK202310194109,131.35
EK202310108378,127.35
EK202310200664,142.55
EK202310167993,135.75
EK202310157089,165.95
EK202310210287,145.1
EK202310148250,135.75
EK202310207303,153.6
EK202310206507,140.9
EK202310243704,137.65
EK202310179019,123.0
EK202310243866,178.95
EK202310137648,141.55
EK202310173887,147.3
EK202310235491,127.35
EK202310212645,133.2
EK202310190281,144.85
EK202310220934,141.75
EK202310230719,131.4
EK202310201074,133.75
EK202310178051,145.25
EK202310181204,156.0
EK202310135829,139.1
EK202310170445,129.95
EK202310238141,132.6
EK202310135822,136.1
EK202310227546,142.5
EK202310140976,144.5
EK202310246668,149.2
EK202310105632,139.05
EK202310109270,168.7
EK202310131782,145.85
EK202310233567,137.75
EK202310161598,156.15
EK202310110724,142.1
EK202310229148,155.5
EK202310159146,143.9
EK202310195696,144.6
EK202310117218,147.2
EK202310205895,183.65
EK202310194401,145.0
EK202310126710,169.45
EK202310152278,168.55
EK202310190916,145.4
EK202310110549,133.75
EK202310177514,150.05
EK202310175686,137.15
EK202310223432,142.65
EK202310244466,155.25
EK202310134231,142.1
EK202310236274,150.7
EK202310195863,166.95
EK202310241144,154.3
EK202310202269,141.4
EK202310231316,140.3
EK202310211605,134.75
EK202310200954,161.75
EK202310224489,130.0
EK202310165476,135.0
EK202310204173,131.85
EK202310178369,150.3
EK202310170774,124.95
EK202310205764,144.3
EK202310236659,136.45
EK202310170743,124.95
EK202310136793,152.15
EK202310187675,154.15
EK202310156962,130.85
EK202310216942,160.0
EK202310168321,137.15
EK202310243793,129.85
EK202310235437,144.95
EK202310118510,138.05
EK202310139337,157.85
EK202310120961,147.95
EK202310214076,148.85
EK202310241228,159.4
EK202310212101,147.4
EK202310199696,169.95
EK202310163542,138.05
EK202310232836,140.2
EK202310189334,144.25
EK202310239101,128.55
EK202310156523,124.1
EK202310201002,148.65
EK202310003364,134.9
EK202310179389,143.0
EK202310163130,133.9
EK202310232481,124.45
EK202310186459,138.75
EK202310164481,129.95
EK202310169941,155.3
EK202310131128,150.3
EK202310228174,123.5
EK202310173249,137.6
EK202310202077,144.2
EK202310225477,132.5
EK202310247572,145.4
EK202310181799,142.4
EK202310119740,148.05
EK202310131395,133.25
EK202310224529,129.75
EK202310156156,147.4
EK202310200552,193.65
EK202310169146,159.55
EK202310143038,125.15
EK202310170406,130.35
EK202310200533,188.65
EK202310119387,148.5
EK202310202355,131.5
EK202310225013,128.15
EK202310214250,160.9
EK202310210556,136.45
EK202310201139,182.1
EK202310130429,159.5
EK202310224863,149.7
EK202310153482,131.2
EK202310241062,140.85
EK202310164485,131.0
EK202310245636,130.0
EK202310157534,142.05
EK202310229118,130.65
EK202310171426,126.75
EK202310210127,129.8
EK202310111733,147.0
EK202310141203,153.05
EK202310232387,127.55
EK202310188639,136.55
EK202310190835,159.15
EK202310201801,156.0
EK202310175974,153.2
EK202310187326,133.85
EK202310212155,130.4
EK202310151022,171.05
EK202310211125,139.55
EK202310219268,136.65
EK202310110245,128.15
EK202310238069,128.25
EK202310199559,142.15
EK202310167739,127.55
EK202310142979,131.25
EK202310191202,130.85
EK202310144654,159.15
EK202310224039,139.35
EK202310150921,123.7
EK202320006004,142.05
EK202310108116,139.2
EK202310226608,139.25
EK202310237947,149.9
EK202310245724,145.35
EK202310216589,137.35
EK202310242883,140.6
EK202310192702,138.95
EK202310168445,131.05
EK202310205542,140.0
EK202310150929,141.25
EK202310173039,127.8
EK202310139742,104.15
EK202310138564,134.75
EK202310145764,134.2
EK202310148134,154.95
EK202310180451,143.7
EK202310149802,145.25
EK202310247608,155.95
EK202310130999,133.15
EK202310141610,145.35
EK202310224015,168.4
EK202310229698,138.0
EK202310197753,147.85
EK202310152255,159.45
EK202310133838,173.35
EK202310192249,189.3
EK202310195834,174.65
EK202310186510,137.75
EK202310177054,139.2
EK202310107524,158.7
EK202310128174,152.7
EK202310187413,139.85
EK202310234580,139.2
EK202310104409,158.75
EK202310125276,131.7
EK202310113893,139.65
EK202310179353,149.6
EK202310240438,134.95
EK202310229420,136.15
EK202310116112,131.5
EK202310117942,143.9
EK202310163339,127.25
EK202310166509,136.65
EK202310185556,123.25
EK202310227524,143.85
EK202310109010,187.05
EK202310183425,121.0
EK202310191714,147.65
EK202310155039,135.35
EK202310169140,167.4
EK202310177573,148.2
EK202310170318,133.55
EK202310207697,136.75
EK202310199740,169.15
EK202310149864,163.55
EK202310150264,133.95
EK202310189933,129.7
EK202310218127,155.15
EK202310108083,147.2
EK202310154872,135.6
EK202310160785,135.95
EK202310206282,144.75
EK202310124253,129.0
EK202310196633,122.55
EK202310105966,129.25
EK202310141033,158.9
EK202310197213,123.75
EK202310206024,129.1
EK202310113110,130.1
EK202310114366,143.15
EK202310133810,145.3
EK202310135192,148.2
EK202310233334,136.45
EK202310148079,140.9
EK202310109276,127.4
EK202310124568,138.55
EK202310162273,133.9
EK202310126242,127.5
EK202310106288,131.3
EK202310190761,150.95
EK202310003653,126.4
EK202310111116,135.0
EK202310193002,140.0
EK202310107463,147.7
EK202310237608,133.05
EK202310213418,127.6
EK202310204153,142.55
EK202310104707,132.25
EK202310238820,131.45
EK202310141697,158.65
EK202310178269,151.75
EK202310229367,152.15
EK202310172017,163.95
EK202310223139,132.4
EK202310125096,131.45
EK202310143070,160.4
EK202310234470,123.2
EK202310131911,129.3
EK202310176053,164.5
EK202310158201,145.85
EK202310113896,153.25
EK202310217246,139.6
EK202310202878,140.75
EK202310179418,178.45
EK202310106198,129.5
EK202310130287,158.85
EK202310203618,134.65
EK202310144069,137.6
EK202310225997,164.2
EK202310137087,144.6
EK202310114093,166.4
EK202310125025,132.15
EK202310169960,131.25
EK202310211027,141.6
EK202310156374,149.65
EK202310184239,156.5
EK202310193887,153.0
EK202310169120,140.4
EK202310214116,169.9
EK202310004097,134.2
EK202310156682,118.05
EK202310154604,154.5
EK202310218245,145.35
EK202310224853,131.9
EK202310164480,135.4
EK202310130017,126.35
EK202310142314,145.85
EK202310104271,149.45
EK202310245758,135.2
EK202310229784,136.9
EK202310110502,128.15
EK202310121032,159.35
EK202310233632,172.3
EK202310126266,130.85
EK202310109825,128.55
EK202320007054,160.9
EK202310166953,140.8
EK202310227160,143.7
EK202310215524,166.25
EK202310221415,146.05
EK202310224669,130.5
EK202310182834,159.15
EK202310155348,145.0
EK202310186571,154.9
EK202310130542,120.75
EK202310108675,136.1
EK202310147107,147.6
EK202310175270,148.3
EK202310223760,131.6
EK202310124746,132.7
EK202310170040,169.9
EK202310004065,134.9
EK202310221363,136.0
EK202310209500,139.75
EK202310178304,154.2
EK202310133005,153.15
EK202310120850,138.3
EK202310213264,144.55
EK202310149096,130.25
EK202310177683,143.9
EK202310242597,132.9
EK202310177919,146.0
EK202310134733,141.95
EK202310181823,135.2
EK202310136672,147.35
EK202310151585,131.25
EK202310117995,129.15
EK202320007252,185.85
EK202310231786,137.2
EK202310241673,125.3
EK202310161732,166.25
EK202310161656,172.25
EK202310212063,123.7
EK202310217895,162.15
EK202310138774,140.55
EK202310126590,141.95
EK202310123141,134.75
EK202310224982,130.85
EK202310206262,149.55
EK202310139370,132.15
EK202310224820,130.3
EK202310130273,171.9
EK202310133523,133.3
EK202310239621,135.75
EK202310190678,153.25
EK202310125061,129.9
EK202310234940,143.1
EK202310178076,134.75
EK202310153610,153.0
EK202310179234,181.5
EK202310159634,120.95
EK202310186548,155.1
EK202310135839,152.25
EK202310136969,156.0
EK202310145737,161.85
EK202310164062,136.7
EK202310237524,141.0
EK202310225600,119.35
EK202310130766,123.6
EK202310198060,136.1
EK202310202900,138.65
EK202310180295,144.3
EK202310161819,147.65
EK202310182490,139.55
EK202310151915,159.15
EK202310114135,165.9
EK202310155620,132.3
EK202310156539,161.2
EK202310164137,137.4
EK202310172602,143.65
EK202310161051,166.25
EK202310225217,173.9
EK202310220749,135.4
EK202310135024,155.65
EK202310236167,124.15
EK202310106428,139.55
EK202310191224,149.6
EK202310126171,166.1
EK202310152423,159.95
EK202310168273,144.15
EK202310129168,164.45
EK202310176927,144.2
EK202310172428,181.9
EK202310181185,152.9
EK202310004161,149.65
EK202310221234,127.45
EK202310161711,156.4
EK202310240221,142.95
EK202310222828,133.2
EK202310210279,129.0
EK202310170097,141.5
EK202310188723,143.55
EK202310166478,170.25
EK202310221027,155.75
EK202310114979,137.1
EK202310242042,140.35
EK202310140021,135.6
EK202310130000,165.35
EK202310186640,149.95
EK202310004760,133.25
EK202310122844,153.95
EK202310153842,142.55
EK202310177802,136.4
EK202310004581,131.95
EK202310246710,143.35
EK202310113952,147.35
EK202310151035,150.85
EK202310216428,132.85
EK202310144070,171.4
EK202310169605,128.65
EK202310159620,135.7
EK202310105550,147.35
EK202310240970,137.6
EK202310182151,149.15
EK202310231587,131.15
EK202310118075,125.3
EK202310133019,165.3
EK202310206992,158.2
EK202310220008,143.65
EK202310234156,122.65
EK202310162641,152.65
EK202310142907,151.9
EK202310154115,139.0
EK202310130815,124.95
EK202310150846,141.15
EK202320007669,149.9
EK202310227486,135.95
EK202320007572,147.35
EK202310137639,139.35
EK202310103836,126.8
EK202310202037,162.1
EK202310223420,150.8
EK202310185672,148.45
EK202310229956,136.4
EK202310183246,156.55
EK202310138498,154.8
EK202310191631,148.1
EK202310197089,144.6
EK202310133822,126.05
EK202310245494,160.4
EK202310207684,144.6
EK202310170631,134.05
EK202310230054,136.25
EK202310229119,151.95
EK202310162261,145.1
EK202310134206,151.0
EK202310126114,126.4
EK202310202130,138.0
EK202310201610,145.0
EK202310140475,127.1
EK202310134356,137.35
EK202320007186,160.3
EK202310120790,128.7
EK202310245157,148.3
EK202310208016,139.65
EK202310174476,147.45
EK202310188403,143.5
EK202310142082,149.6
EK202310126792,146.25
EK202310182973,145.9
EK202310236318,147.35
EK202310191185,144.85
EK202310135600,131.8
EK202310212912,151.45
EK202310109044,141.55
EK202310220665,133.6
EK202310209857,149.15
EK202310136210,135.0
EK202310241948,153.7
EK202310147383,141.1
EK202310119158,147.15
EK202310225656,128.3
EK202310115771,125.4
EK202310115861,125.5
EK202310156104,147.8
EK202310168339,137.35
EK202310186770,146.35
EK202310227679,140.8
EK202310198604,146.15
EK202310126896,160.4
EK202310119992,118.15
EK202310194849,129.05
EK202310224912,138.95
EK202310163124,129.9
EK202310181144,158.45
EK202310147897,140.85
EK202310177921,151.0
EK202310199607,154.5
EK202310172680,138.95
EK202310129543,143.5
EK202310161704,140.25
EK202310193784,129.55
EK202310243291,148.75
EK202310208991,139.6
EK202310140086,133.15
EK202310136481,129.5
EK202310178220,158.6
EK202310210109,173.85
EK202310128687,124.55
EK202310213632,141.2
EK202310215453,164.6
EK202310235764,143.2
EK202310216758,171.1
EK202310163056,150.9
EK202310125899,140.15
EK202310180181,151.85
EK202310224630,134.05
EK202310118929,124.5
EK202310178808,165.8
EK202310234570,142.1
EK202310127428,135.2
EK202310213472,139.65
EK202310192759,137.4
EK202310210638,137.4
EK202310104955,132.45
EK202310124793,130.9
EK202310154265,135.95
EK202310136853,133.3
EK202310160020,130.15
EK202310129715,163.75
EK202310208844,136.05
EK202310165769,136.6
EK202310119276,169.05
EK202310155853,140.2
EK202310148019,146.8
EK202310158588,149.85
EK202320005915,135.3
EK202310139760,116.4
EK202310235740,136.75
EK202310163003,148.1
EK202310166151,132.8
EK202310205151,123.9
EK202310163809,127.25
EK202310195046,139.75
EK202310190606,131.95
EK202310201185,189.2
EK202310244204,141.6
EK202310221873,132.0
EK202310213079,127.25
EK202310167878,123.5
EK202310108748,138.15
EK202310231105,131.45
EK202310162450,161.1
EK202310106681,136.25
EK202310175585,145.0
EK202310216131,132.1
EK202310247112,134.65
EK202310133778,150.9
EK202310226737,153.6
EK202310149352,145.8
EK202310125918,129.25
EK202310163682,135.55
EK202310189571,157.75
EK202310128706,125.8
EK202310227554,167.4
EK202310149106,139.75
EK202310200290,137.2
EK202310192844,139.5
EK202310229985,133.25
EK202310196907,147.75
EK202310148131,153.6
EK202310223289,138.75
EK202310169529,130.5
EK202310169806,169.45
EK202310212585,134.25
EK202310196857,163.55
EK202310190419,129.2
EK202310219008,144.85
EK202310142486,126.5
EK202310192709,165.0
EK202310182822,131.0
EK202310136899,151.1
EK202310115463,121.2
EK202310146582,137.7
EK202310132422,147.9
EK202310112592,132.5
EK202310226203,143.1
EK202310121586,167.2
EK202310181107,155.05
EK202310213474,138.45
EK202310138830,157.1
EK202310168849,131.3
EK202310229317,121.95
EK202310204390,131.65
EK202310192992,151.2
EK202310152280,154.5
EK202310155151,165.2
EK202310174087,137.0
EK202310212165,131.5
EK202310152752,132.3
EK202310168592,131.65
EK202310191895,134.9
EK202310200059,133.35
EK202310243745,113.7
EK202310158852,158.65
EK202310157579,144.1
EK202310225059,142.4
EK202310183337,139.9
EK202310198264,133.7
EK202310114412,142.1
EK202310227155,146.65
EK202310234975,167.35
EK202310197349,145.9
EK202310208018,149.0
EK202310200505,128.2
EK202310115897,133.05
EK202310202707,162.5
EK202310207442,157.7
EK202310185479,166.55
EK202310237037,170.1
EK202310136200,129.35
EK202310154113,147.8
EK202310114492,132.8
EK202310176297,167.8
EK202310107640,131.9
EK202310209670,126.65
EK202310105256,138.45
EK202310108117,144.4
EK202310214550,132.9
EK202310175559,153.25
EK202310148239,125.1
EK202310181548,137.8
EK202310216342,152.5
EK202310160035,143.65
EK202310168843,139.95
EK202310131732,138.65
EK202310209477,150.15
EK202310237971,137.2
EK202310129891,156.25
EK202310171726,143.05
EK202310229665,135.8
EK202310204967,155.5
EK202310174899,132.2
EK202310116238,142.2
EK202310114560,143.35
EK202310238506,148.35
EK202310234905,142.0
EK202310229020,136.95
EK202320006240,185.0
EK202310142292,135.6
EK202310150080,172.1
EK202310159478,128.25
EK202310158699,150.75
EK202310245027,160.5
EK202310152722,134.35
EK202310233081,141.4
EK202310246556,136.85
EK202310105650,126.5
EK202310190838,147.95
EK202310218394,158.7
EK202310118154,137.55
EK202310131520,143.45
EK202310139487,151.25
EK202310146562,145.8
EK202310205269,165.25
EK202310139486,150.25
EK202310106738,152.7
EK202310196849,131.9
EK202310181949,151.8
EK202310201469,143.7
EK202310163916,125.7
EK202310221312,166.0
EK202310138582,172.8
EK202310135507,145.55
EK202310179372,120.55
EK202310004219,121.15
EK202310158089,129.6
EK202310150765,129.5
EK202310191391,130.15
EK202310112611,143.65
EK202310107389,138.3
EK202310233851,148.15
EK202310151219,144.55
EK202310232601,141.9
EK202310202073,141.55
EK202310225289,132.35
EK202310166576,134.95
EK202310224067,139.1
EK202310136837,141.6
EK202310177674,140.9
EK202310246493,156.95
EK202310183092,134.85
EK202310109401,127.7
EK202310145629,138.0
EK202310130973,123.55
EK202310208348,149.1
EK202310184342,139.4
EK202320007150,153.55
EK202310237789,151.35
EK202310114883,136.85
EK202310205366,148.3
EK202310124191,127.25
EK202310155262,131.7
EK202310220998,145.6
EK202310220544,127.7
EK202310143757,139.3
EK202310106423,156.6
EK202310221380,130.45
EK202310126488,134.45
EK202310161364,132.4
EK202310239501,138.15
EK202310164868,140.95
EK202310203126,142.05
EK202310137546,143.7
EK202310121376,147.9
EK202310105109,129.4
EK202310205221,152.1
EK202310188382,163.0
EK202310241423,142.75
EK202310167391,142.65
EK202310228119,143.7
EK202310207564,155.9
EK202310141877,132.4
EK202310244134,133.1
EK202310148484,142.95
EK202310213947,120.1
EK202310189815,141.75
EK202310196971,172.7
EK202310170035,137.75
EK202310118616,155.9
EK202310202991,175.9
EK202310193605,146.75
EK202310142332,157.15
EK202310107201,148.55
EK202310196602,151.85
EK202310112787,142.7
EK202310237416,119.05
EK202310234910,137.95
EK202310190727,131.4
EK202310114532,167.5
EK202310202380,129.55
EK202310196667,135.2
EK202310118771,128.7
EK202310112695,132.8
EK202310196403,129.5
EK202310214197,147.0
EK202310204797,136.35
EK202310107958,138.15
EK202310130013,166.05
EK202310135758,128.35
EK202310193054,121.0
EK202310148141,131.8
EK202310166034,169.8
EK202310158033,146.25
EK202310150288,159.05
EK202310113821,137.4
EK202310179440,143.6
EK202310217819,128.9
EK202310162109,166.4
EK202310200554,191.15
EK202310115242,138.5
EK202310154839,167.35
EK202310208688,146.9
EK202310191490,131.9
EK202310137318,125.15
EK202310142738,174.4
EK202310180609,133.75
EK202310158752,162.95
EK202310181525,156.9
EK202310236876,144.1
EK202310151933,134.8
EK202310203259,139.95
EK202310158609,139.15
EK202310142468,143.25
EK202310178475,146.5
EK202310113000,153.85
EK202310112010,138.5
EK202310141067,155.75
EK202310228986,122.3
EK202310123898,148.4
EK202310247624,141.2
EK202310110313,152.4
EK202310148786,149.9
EK202310200971,133.75
EK202310202596,159.7
EK202310196164,148.45
EK202310106209,123.3
EK202310177374,159.05
EK202310179062,145.55
EK202310222889,133.25
EK202310144590,147.4
EK202310136010,132.45
EK202310157710,133.25
EK202310168920,136.05
EK202310194908,141.6
EK202310245967,130.45
EK202310210453,138.9
EK202310223279,134.45
EK202310146923,135.4
EK202310231717,146.6
EK202310133833,130.0
EK202310108447,121.7
EK202310156614,183.9
EK202310124987,138.65
EK202310215881,136.9
EK202310161152,166.75
EK202310224348,133.8
EK202310242122,140.95
EK202310173831,137.5
EK202310122353,133.05
EK202310238723,139.6
EK202310232778,140.95
EK202310198262,131.15
EK202310206795,153.9
EK202310105061,139.8
EK202310147550,140.2
EK202310169793,157.3
EK202310174721,132.4
EK202310197557,158.4
EK202320007058,142.65
EK202310201254,145.25
EK202310243393,137.65
EK202310225384,128.85
EK202310004551,138.9
EK202310187388,130.9
EK202310221213,144.7
EK202310206186,135.55
EK202310118966,153.4
EK202310126228,141.9
EK202310143806,140.6
EK202310134776,120.65
EK202310222461,144.2
EK202310125996,136.2
EK202310219494,125.95
EK202310110685,125.5
EK202310222225,142.25
EK202310191983,165.5
EK202310144685,165.75
EK202310179138,136.15
EK202310179457,126.2
EK202310217372,149.85
EK202310158103,170.75
EK202310167022,128.9
EK202310148101,135.95
EK202310174010,143.7
EK202310247906,179.4
EK202310146964,137.75
EK202310195616,149.05
EK202310187966,134.65
EK202310172204,134.25
EK202310201348,135.0
EK202310125866,141.55
EK202310107865,143.85
EK202310116596,155.75
EK202310247975,176.1
EK202310118528,146.7
EK202310148683,149.85
EK202310158367,153.7
EK202310126019,130.7
EK202310163868,122.65
EK202310125121,138.2
EK202310152576,144.95
EK202310170352,127.55
EK202310233529,138.75
EK202310186906,137.55
EK202310144083,181.0
EK202310184975,148.0
EK202310178056,157.6
EK202310188978,148.1
EK202310217567,130.65
EK202310184281,179.25
EK202310140673,153.85
EK202310228899,135.15
EK202310196162,132.2
EK202310135089,161.6
EK202310115752,126.1
EK202310214385,159.5
EK202310232516,134.15
EK202310220873,140.55
EK202310172989,138.1
EK202310240149,145.6
EK202310212616,136.9
EK202310187474,158.2
EK202310156838,152.1
EK202310183007,166.2
EK202310227341,161.45
EK202310110343,155.2
EK202310198412,155.45
EK202310150894,138.55
EK202310181422,139.8
EK202310198432,140.4
EK202310187779,140.85
EK202310159706,145.3
EK202310127815,147.3
EK202310242438,150.2
EK202310145323,153.0
EK202310130401,153.45
EK202310116797,142.6
EK202310123002,144.05
EK202310152154,168.85
EK202310117372,164.9
EK202310116670,134.4
EK202310237203,142.55
EK202310162551,153.5
EK202310113370,140.7
EK202310228900,135.55
EK202310175209,138.65
EK202310236343,143.05
EK202310236383,139.35
EK202310131357,119.8
EK202310159166,140.0
EK202310170247,146.3
EK202310222379,132.8
EK202310154909,152.4
EK202310146442,135.0
EK202310003774,131.05
EK202310112911,133.4
EK202310227351,147.45
EK202310209062,152.2
EK202310238802,131.1
EK202310210919,133.0
EK202310232835,132.95
EK202310117128,132.45
EK202310219225,135.65
EK202310174933,158.35
EK202310204676,170.7
EK202310107148,135.3
EK202310181371,157.2
EK202310146220,144.95
EK202310224369,123.4
EK202310114927,143.25
EK202310177552,131.35
EK202310221588,160.3
EK202310107465,156.5
EK202310135932,142.65
EK202310110876,141.45
EK202310237021,134.8
EK202310109014,136.55
EK202310140401,131.65
EK202310137294,124.8
EK202310163064,158.45
EK202310147482,158.1
EK202310127284,163.85
EK202310201694,147.75
EK202310198350,151.55
EK202310208750,142.5
EK202310004741,143.0
EK202310164975,134.0
EK202310219480,132.9
EK202310213044,133.05
EK202310225710,133.4
EK202310174791,150.25
EK202310110800,134.95
EK202310208627,144.85
EK202310191043,148.8
EK202310154022,148.0
EK202310224070,137.9
EK202310119217,140.05
EK202310166221,141.8
EK202310135615,125.9
EK202310184260,138.7
EK202310123132,143.65
EK202310234461,118.4
EK202310167872,133.3
EK202310174913,165.0
EK202310199190,116.9
EK202310207044,132.15
EK202310121394,129.25
EK202310191133,145.9
EK202310222955,142.65
EK202310193537,130.7
EK202310131922,138.55
EK202310241321,171.65
EK202310223125,143.2
EK202310177034,148.25
EK202310189208,170.5
EK202320006578,165.4
EK202310204325,161.65
EK202310104387,150.65
EK202310188941,167.75
EK202310163981,125.5
EK202310222266,128.35
EK202310108713,135.15
EK202310201346,141.25
EK202310218638,132.95
EK202310161345,138.6
EK202310241526,138.45
EK202310199356,138.7
EK202310134515,125.15
EK202310004519,117.95
EK202310135276,162.75
EK202310219279,137.3
EK202310136740,130.6
EK202310200952,161.85
EK202310110068,130.4
EK202310157132,163.25
EK202310149621,147.05
EK202310138788,146.65
EK202310224324,143.7
EK202310239811,130.6
EK202310201046,130.2
EK202310165503,142.3
EK202310238259,145.4
EK202310165302,125.95
EK202310191144,137.15
EK202310185640,128.15
EK202310120926,138.8
EK202310197879,133.0
EK202310196320,154.8
EK202310220563,146.75
EK202310221699,133.55
EK202310229519,139.6
EK202310108573,141.1
EK202310184582,148.3
EK202310211294,152.6
EK202310195625,140.65
EK202310139587,154.55
EK202310118764,134.0
EK202310110542,127.45
EK202310173704,153.45
EK202310136262,126.45
EK202310237271,128.85
EK202310205898,141.3
EK202310245831,115.6
EK202310193909,161.5
EK202310204263,143.05
EK202310105876,147.2
EK202310192947,134.15
EK202310183403,136.65
EK202310133788,145.0
EK202310222018,143.4
EK202310129042,137.15
EK202310227808,132.25
EK202310218437,171.4
EK202310237736,133.35
EK202310141333,141.8
EK202310156395,143.3
EK202310004469,124.05
EK202310114436,129.7
EK202310118411,128.35
EK202310163568,145.1
EK202310183481,160.85
EK202310124719,155.05
EK202320006725,151.15
EK202310166370,157.45
EK202310133824,140.4
EK202310210325,130.55
EK202310144287,133.4
EK202310130686,142.05
EK202310177102,148.55
EK202310168931,123.9
EK202310235183,131.75
EK202310228458,165.85
EK202310207703,139.4
EK202310203188,167.05
EK202310111430,116.2
EK202310244894,137.85
EK202310113983,148.05
EK202310202824,153.9
EK202310138446,139.85
EK202310176444,128.15
EK202310126844,127.1
EK202310226840,152.2
EK202310109459,138.5
EK202310118743,153.35
EK202310129553,138.85
EK202310199845,150.6
EK202310228563,129.15
EK202310218219,141.75
EK202310197921,144.25
EK202310233068,136.5
EK202310159242,175.7
EK202310198622,138.8
EK202310203352,127.6
EK202310164418,137.8
EK202310119871,147.6
EK202310207409,160.1
EK202310109177,163.0
EK202310165988,140.8
EK202310199785,134.6
EK202310196659,175.65
EK202310169272,132.75
EK202310197425,126.3
EK202310175738,130.05
EK202310135941,132.85
EK202310139904,130.95
EK202310194855,131.5
EK202310221332,141.25
EK202310126755,134.35
EK202310220018,141.8
EK202310134041,139.05
EK202310210951,145.4
EK202310122540,128.0
EK202310205978,133.15
EK202310159579,135.7
EK202310118408,135.15
EK202310115221,142.4
EK202310120155,145.85
EK202310163240,153.6
EK202310147464,143.2
EK202310248306,145.5
EK202310152592,137.1
EK202310192478,127.95
EK202310126785,121.65
EK202310110706,149.35
EK202310182765,144.5
EK202310248138,153.55
EK202310186154,138.95
EK202310181675,179.15
EK202310217987,124.45
EK202310179130,150.3
EK202310135992,136.95
EK202310221623,157.8
EK202310113128,148.15
EK202310210010,130.85
EK202310163945,145.4
EK202310239487,133.2
EK202310238588,145.2
EK202310146898,148.5
EK202310147158,150.9
EK202310187097,119.9
EK202310195731,146.9
EK202310105999,145.0
EK202310200746,171.55
EK202310129579,136.1
EK202310197982,171.0
EK202310183465,126.85
EK202310105248,133.05
EK202310142138,131.2
EK202310171408,138.25
EK202310131832,141.0
EK202310211971,141.3
EK202310240690,143.9
EK202310003608,115.85
EK202310145836,127.15
EK202310171399,147.6
EK202310137705,130.95
EK202310136000,150.0
EK202310133882,134.9
EK202310141636,138.45
EK202310147290,141.4
EK202310241487,147.2
EK202310137723,122.95
EK202310140855,152.15
EK202310177098,149.15
EK202320006676,175.0
EK202310112514,133.85
EK202310141677,147.25
EK202310175682,144.0
EK202310236633,145.35
EK202310196176,136.25
EK202310156999,134.05
EK202310213305,150.25
EK202310200333,148.0
EK202310196550,139.85
EK202310226257,138.05
EK202310210514,138.05
EK202310185954,142.45
EK202310239737,152.2
EK202310231636,135.45
EK202310167744,148.1
EK202310227786,132.8
EK202310234832,149.55
EK202310126608,125.15
EK202310231942,138.15
EK202310107679,140.8
EK202310154939,140.6
EK202310191434,129.45
EK202310143462,124.5
EK202310228890,133.1
EK202310181791,129.9
EK202310147122,148.85
EK202310114485,143.45
EK202310104634,133.3
EK202310183103,134.8
EK202310003449,132.15
EK202310220154,122.0
EK202310215919,133.9
EK202310183173,126.6
EK202310136581,143.65
EK202310135891,147.45
EK202310234960,139.1
EK202310213672,125.25
EK202310160012,141.55
EK202310112248,121.5
EK202310136825,137.0
EK202310243733,150.25
EK202310235540,130.4
EK202310241172,149.4
EK202310189939,145.8
EK202310115473,121.65
EK202310188980,169.65
EK202310248520,153.4
EK202320006015,139.5
EK202310156531,134.3
EK202310146465,146.9
EK202310104718,149.5
EK202310208272,147.1
EK202310170862,136.6
EK202310235381,136.55
EK202310171376,137.7
EK202310167650,126.4
EK202310160990,153.9
EK202310195882,133.65
EK202310190552,140.95
EK202310120695,136.6
EK202310177689,133.4
EK202310116634,133.3
EK202310110519,133.8
EK202310125017,157.4
EK202310182959,127.3
EK202310181811,163.1
EK202310214725,147.0
EK202310212263,135.4
EK202310122692,140.95
EK202310215131,137.7
EK202310202575,137.25
EK202310167856,134.7
EK202310196698,161.55
EK202310226483,122.0
EK202310162014,178.25
EK202310125942,146.2
EK202310106367,131.4
EK202310229140,150.15
EK202310207884,135.05
EK202310152869,175.8
EK202310178619,154.95
EK202310211976,133.95
EK202310229203,131.7
EK202310192119,169.5
EK202310202715,126.9
EK202320007183,167.35
EK202310218337,124.0
EK202310146967,142.8
EK202310184808,171.75
EK202310190764,128.9
EK202310156823,139.25
EK202310199791,151.7
EK202310128548,122.5
EK202310156699,121.25
EK202310191011,147.3
EK202310192556,123.7
EK202310201947,137.15
EK202310180835,137.4
EK202310218514,132.35
EK202310235403,126.25
EK202310222338,162.1
EK202310129625,133.7
EK202320005601,142.25
EK202310167199,149.2
EK202310216271,175.7
EK202310186219,140.2
EK202310200112,143.9
EK202310240709,136.75
EK202310140388,157.2
EK202310167460,143.5
EK202310207710,150.2
EK202310136954,145.2
EK202310238009,171.3
EK202310241135,151.0
EK202310118669,150.5
EK202310177676,136.5
EK202310110622,136.5
EK202310106125,177.75
EK202310137730,124.15
EK202310169952,148.35
EK202310201586,138.25
EK202310199082,148.8
EK202310110230,129.35
EK202310169093,167.8
EK202310151384,184.05
EK202310118353,123.25
EK202310217860,141.15
EK202310155832,129.2
EK202310192043,144.35
EK202310227031,126.05
EK202310181504,131.7
EK202310123944,136.8
EK202310155457,121.45
EK202310121127,158.25
EK202310004367,154.95
EK202310113745,148.75
EK202310121643,140.05
EK202310126640,141.85
EK202310203242,169.95
EK202310144892,132.4
EK202310108440,132.35
EK202310169807,166.35
EK202310247122,139.1
EK202310129519,161.85
EK202310235954,144.05
EK202310122880,134.9
EK202310231944,138.25
EK202310244881,135.85
EK202310124312,143.45
EK202310193201,189.1
EK202310229571,121.95
EK202310157769,128.95
EK202310109164,140.1
EK202310188000,143.95
EK202310109289,120.85
EK202310157844,130.9
EK202310237961,167.7
EK202310138503,136.65
EK202310155205,131.8
EK202310199658,162.7
EK202310168116,135.4
EK202310236349,141.95
EK202310003984,148.85
EK202310227800,146.05
EK202310238162,140.65
EK202310207863,131.05
EK202310104629,133.85
EK202310199877,143.7
EK202310242313,148.0
EK202310180497,148.95
EK202310205863,147.15
EK202310198959,149.0
EK202310150579,147.2
EK202310142769,160.8
EK202310198383,139.65
EK202310114099,125.1
EK202310189094,163.55
EK202310128005,124.85
EK202310210639,136.8
EK202310247606,159.0
EK202310161724,133.35
EK202310141881,130.8
EK202310131694,134.1
EK202310204730,143.45
EK202310171972,138.3
EK202310208602,130.45
EK202310154432,127.35
EK202310122263,131.05
EK202310192830,139.9
EK202310211505,145.2
EK202310247017,157.2
EK202310106742,151.8
EK202310160358,137.75
EK202310241263,170.75
EK202310109888,136.9
EK202310119208,135.8
EK202310138383,132.05
EK202310195693,158.9
EK202310150042,136.3
EK202310233867,183.3
EK202310151155,133.0
EK202310152450,132.35
EK202310216227,146.9
EK202310119674,153.6
EK202310151394,176.2
EK202310198198,130.35
EK202310231585,129.4
EK202310220310,175.7
EK202310133553,128.55
EK202310119758,143.4
EK202310154895,165.1
EK202310166029,133.75
EK202310209935,135.45
EK202310106150,148.75
EK202310220446,130.35
EK202310138946,142.2
EK202310136698,127.9
EK202310237887,129.2
EK202310133476,146.2
EK202310219601,130.9
EK202310171218,148.2
EK202310235182,135.95
EK202310132648,125.9
EK202310244452,139.95
EK202310138113,143.1
EK202310187317,131.9
EK202310179142,129.1
EK202310165891,142.1
EK202310177495,144.2
EK202310150032,149.3
EK202310133680,126.15
EK202310133975,169.6
EK202310203779,134.65
EK202320007546,136.35
EK202310191528,142.1
EK202310129147,152.05
EK202310181778,134.4
EK202310230476,150.85
EK202310110448,133.2
EK202310107980,135.7
EK202310150018,138.55
EK202310222076,133.85
EK202310178437,159.65
EK202310206209,135.6
EK202310211038,135.65
EK202310130172,160.85
EK202310166466,156.35
EK202310183473,126.75
EK202310196150,157.05
EK202310157693,138.1
EK202310104605,145.75
EK202310235306,145.25
EK202310107563,136.75
EK202310163320,131.4
EK202310136756,132.5
EK202310211564,125.35
EK202310232534,128.85
EK202310132550,150.25
EK202310160312,155.6
EK202310234805,143.45
EK202310185938,135.55
EK202310144699,152.25
EK202310191954,170.95
EK202310146126,127.35
EK202320006284,180.85
EK202310185460,146.3
EK202310191567,148.45
EK202310222307,158.85
EK202310105032,128.65
EK202310230256,134.5
EK202310220456,133.55
EK202310125059,138.7
EK202320006649,190.95
EK202310170919,142.95
EK202310244926,141.2
EK202310123389,148.1
EK202310122848,140.55
EK202310211774,136.9
EK202310197231,137.6
EK202310138568,134.3
EK202310198554,141.4
EK202310121478,132.3
EK202310236719,129.95
EK202310168801,155.2
EK202310224443,172.15
EK202310206512,151.15
EK202310220836,144.25
EK202310247269,137.3
EK202310131994,133.9
EK202310134008,116.85
EK202310157322,138.8
EK202310143414,154.9
EK202310173429,143.9
EK202310217512,133.95
EK202310166684,140.15
EK202310203358,145.6
EK202310135525,142.4
EK202310190632,141.4
EK202310109605,145.8
EK202310209788,126.75
EK202310184706,137.45
EK202320006994,159.7
EK202310184357,147.05
EK202320007190,138.65
EK202310105990,131.75
EK202310168348,127.65
EK202310138422,132.45
EK202310136152,139.85
EK202310126424,134.15
EK202310147111,146.55
EK202310231544,133.1
EK202310149122,146.1
EK202310212352,137.15
EK202310178385,155.15
EK202310224803,168.05
EK202310004063,181.45
EK202310206156,130.1
EK202310157699,140.05
EK202310154414,149.1
EK202310149221,129.95
EK202310171384,152.7
EK202310153408,135.15
EK202310109654,149.9
EK202310158683,134.0
EK202310206976,139.35
EK202310186788,142.2
EK202310187515,138.3
EK202310153792,156.75
EK202310144321,143.25
EK202310222822,138.35
EK202310152281,155.9
EK202310003851,164.45
EK202310205656,169.9
EK202310239556,129.25
EK202310145427,138.25
EK202310107329,129.55
EK202310135305,152.9
EK202310225618,151.35
EK202310212945,133.3
EK202310244567,149.35
EK202310188392,124.7
EK202310188450,144.5
EK202310119188,142.4
EK202310156387,134.1
EK202310154237,131.65
EK202310232890,138.8
EK202310219207,146.35
EK202310247057,122.1
EK202310229305,134.0
EK202310128710,124.4
EK202310179533,141.05
EK202310115467,125.65
EK202310237723,138.15
EK202310197376,181.55
EK202310135350,142.8
EK202310135038,162.4
EK202310190843,146.95
EK202310148220,157.0
EK202310193335,176.75
EK202310201565,144.45
EK202310108505,137.45
EK202310236715,145.65
EK202310149792,148.95
EK202310193733,156.9
EK202310248391,134.0
EK202310134202,147.75
EK202310174938,161.65
EK202310104253,150.55
EK202310178227,153.7
EK202310200622,153.3
EK202310162938,128.35
EK202310136715,128.65
EK202310219551,151.8
EK202310213720,147.25
EK202310197334,154.5
EK202310162409,156.0
EK202310176758,122.15
EK202310106155,135.2
EK202310178600,135.1
EK202310181111,125.5
EK202310237737,138.7
EK202310135634,124.55
EK202310222019,151.3
EK202310211690,134.85
EK202310223930,145.1
EK202310159564,149.05
EK202310123361,152.6
EK202310154711,145.8
EK202310196284,180.05
EK202310142525,135.1
EK202310185635,156.7
EK202310163743,137.55
EK202310176119,152.0
EK202310243732,146.0
EK202310153106,154.05
EK202310105266,151.45
EK202310192211,137.8
EK202310109959,128.7
EK202310124347,139.5
EK202310215657,132.85
EK202310181609,156.25
EK202310166089,179.45
EK202310180562,134.4
EK202310220766,147.85
EK202310208527,128.55
EK202310197946,125.75
EK202310165805,129.15
EK202310184781,146.15
EK202310212044,159.05
EK202310182865,148.05
EK202310187564,150.1
EK202310187093,135.8
EK202310243295,133.4
EK202310156858,149.05
EK202310123996,161.15
EK202310120097,143.8
EK202310135094,177.4
EK202310189874,148.8
EK202310210390,140.55
EK202310108372,123.5
EK202310217559,147.45
EK202310136995,154.3
EK202310119918,149.0
EK202310108102,135.35
EK202310205335,133.2
EK202310192571,146.0
EK202310122214,149.25
EK202310111079,147.3
EK202310143134,151.75
EK202310244019,137.35
EK202310238237,142.0
EK202310136960,155.4
EK202310140905,139.35
EK202310207571,162.55
EK202310185887,160.45
EK202310179874,140.05
EK202310228155,135.25
EK202320006551,155.85
EK202310198810,181.25
EK202310197956,132.75
EK202310109446,153.75
EK202310145921,128.55
EK202310127078,136.55
EK202310106661,135.55
EK202310107868,145.05
EK202310137756,129.45
EK202310112214,134.05
EK202310223082,156.2
EK202310180270,131.05
EK202310164239,158.7
EK202310126360,129.75
EK202320007775,161.1
EK202310212210,124.15
EK202310154670,154.3
EK202310225780,141.5
EK202310159250,140.45
EK202310189634,147.85
EK202310140814,135.5
EK202310127508,174.05
EK202310218677,132.8
EK202310128068,128.7
EK202310113414,134.2
EK202310127227,148.45
EK202310119514,137.35
EK202310228944,129.6
EK202310109272,124.5
EK202310181673,145.45
EK202310213638,126.9
EK202310244798,143.95
EK202310204831,138.25
EK202310208541,134.6
EK202310226684,158.1
EK202310106021,133.35
EK202310186790,144.5
EK202310134623,125.05
EK202310004353,137.05
EK202310120823,123.65
EK202310193351,129.6
EK202310129759,126.35
EK202310211069,151.3
EK202310145710,135.45
EK202310129442,147.7
EK202310157511,133.8
EK202310210155,155.75
EK202310240481,129.9
EK202310182044,145.4
EK202310180996,152.2
EK202310130678,139.3
EK202310003775,128.85
EK202310155552,142.05
EK202310111202,130.15
EK202310108361,131.8
EK202310224126,131.2
EK202310115508,137.55
EK202310225464,135.45
EK202310198925,134.15
EK202310143314,139.9
EK202310231386,140.8
EK202310120970,129.9
EK202310179304,125.3
EK202310222188,140.0
EK202310173726,150.8
EK202310151318,141.85
EK202310139619,133.6
EK202310175938,160.55
EK202310178847,129.6
EK202310191627,148.05
EK202310180100,134.15
EK202310237846,147.25
EK202310136435,128.2
EK202310104391,137.4
EK202310182074,161.5
EK202310197546,190.4
EK202310237183,162.7
EK202310113688,157.75
EK202310168496,130.95
EK202310140650,131.6
EK202310202579,135.3
EK202310173337,131.55
EK202310148159,140.95
EK202310177447,128.5
EK202310172439,173.3
EK202310193776,133.35
EK202310126160,126.35
EK202310129091,144.15
EK202310180011,151.15
EK202310219524,165.7
EK202310188997,143.85
EK202310183044,160.25
EK202310192813,146.15
EK202310148696,160.7
EK202310197244,171.4
EK202310243949,138.75
EK202310223004,168.05
EK202310159964,155.5
EK202310226266,140.85
EK202310227381,130.55
EK202310143706,134.55
EK202310156505,144.05
EK202310146977,153.2
EK202310207164,159.4
EK202310115033,138.3
EK202310197774,193.35
EK202310183602,160.2
EK202310163574,150.65
EK202310139474,149.95
EK202310139787,138.35
EK202310151771,134.75
EK202310141474,148.35
EK202310201682,140.8
EK202310235051,137.25
EK202310197036,136.3
EK202310208162,125.8
EK202310192736,126.45
EK202310239207,136.0
EK202310213359,113.15
EK202310165987,127.35
EK202310144351,122.4
EK202310192377,150.65
EK202310178661,159.2
EK202310133799,135.55
EK202310167137,139.1
EK202310196182,169.95
EK202310239217,127.65
EK202310163146,148.1
EK202310139455,151.65
EK202310164544,135.95
EK202310105037,159.65
EK202310168936,168.55
EK202310182321,137.55
EK202310223204,137.6
EK202310124648,121.7
EK202310133402,133.55
EK202310189249,149.0
EK202310211896,130.4
EK202310153695,142.25
EK202310197047,152.15
EK202310115358,137.35
EK202310178231,156.5
EK202310140750,159.5
EK202310196690,142.6
EK202310180158,126.7
EK202310118819,151.15
EK202310129172,118.4
EK202310160427,172.85
EK202310217514,149.8
EK202310228544,138.6
EK202310129411,131.9
EK202310120076,126.95
EK202310147682,154.65
EK202310119579,141.2
EK202310231294,135.4
EK202310205896,130.3
EK202310168792,152.8
EK202310194600,140.3
EK202310231773,134.5
EK202310197094,137.1
EK202310159125,158.8
EK202310145220,152.6
EK202310109432,154.1
EK202310154128,129.8
EK202310226955,139.05
EK202310232457,137.55
EK202310196244,137.1
EK202310246079,141.3
EK202310168088,163.15
EK202310128614,139.75
EK202310156766,132.15
EK202310208139,130.05
EK202310167951,159.05
EK202310140914,132.35
EK202310123858,147.05
EK202310246678,151.55
EK202310231310,133.6
EK202310145596,149.2
EK202310227515,149.0
EK202310124946,164.1
EK202310146823,130.05
EK202310135586,133.35
EK202310201307,129.8
EK202310182403,163.9
EK202310215443,134.85
EK202310126298,142.45
EK202310189734,134.3
EK202310150496,147.25
EK202310201647,140.05
EK202310236856,137.9
EK202310141840,144.05
EK202310129012,149.45
EK202310191859,141.1
EK202310128135,128.2
EK202310140784,143.8
EK202310106371,133.85
EK202310189118,147.3
EK202310185786,130.15
EK202310177437,147.05
EK202310183495,134.65
EK202310183166,144.8
EK202310121858,132.35
EK202310128877,128.75
EK202310155995,160.35
EK202310158905,124.85
EK202310197700,138.35
EK202310135362,139.85
EK202310238208,151.15
EK202310225984,136.5
EK202310196965,177.25
EK202310244512,145.4
EK202310113816,139.05
EK202310141423,134.2
EK202310226411,138.5
EK202310217081,139.7
EK202310161000,136.35
EK202310141027,177.2
EK202310231746,144.0
EK202310209069,150.05
EK202310142345,155.65
EK202310117104,146.65
EK202310108603,135.65
EK202310196141,141.2
EK202310192522,144.7
EK202310144266,136.3
EK202310203451,166.05
EK202310161877,173.3
EK202310155543,140.95
EK202310123638,148.3
EK202310145309,150.25
EK202310138293,169.4
EK202310227474,141.85
EK202310227560,124.85
EK202310152889,171.5
EK202310107200,125.85
EK202310205243,141.2
EK202310203128,153.4
EK202310176303,159.9
EK202310236159,132.8
EK202310146226,134.75
EK202310114477,137.75
EK202310193701,155.05
EK202310132862,127.5
EK202310146635,139.85
EK202310118476,146.25
EK202310207776,141.1
EK202310165877,137.2
EK202320006410,133.7
EK202310111513,143.7
EK202310143909,142.75
EK202310132541,126.2
EK202310209469,149.0
EK202310103777,130.1
EK202310138311,167.05
EK202310155715,155.75
EK202310161111,179.55
EK202310231380,130.6
EK202310129520,141.85
EK202310234907,138.55
EK202310107216,109.55
EK202310106843,142.65
EK202310204308,142.75
EK202310214592,153.05
EK202310116839,143.0
EK202310180647,131.15
EK202310142824,134.8
EK202310196639,144.2
EK202310231947,151.6
EK202310135996,160.1
EK202310225970,135.1
EK202310232921,120.1
EK202310229671,136.9
EK202310143117,132.85
EK202310235001,125.3
EK202310223296,143.95
EK202310166180,151.2
EK202310144778,135.15
EK202310140206,147.3
EK202310146221,133.65
EK202310191931,135.1
EK202310139195,119.75
EK202310110326,118.4
EK202310198683,142.15
EK202310108642,132.35
EK202310147919,152.7
EK202310120403,139.7
EK202310148663,145.15
EK202310194369,135.9
EK202310188744,168.2
EK202310197143,136.2
EK202310188007,167.85
EK202310230690,128.8
EK202310109322,124.2
EK202310122503,131.05
EK202310208466,134.55
EK202310169759,148.45
EK202310004770,142.85
EK202310197055,135.85
EK202310190099,149.4
EK202310238226,129.5
EK202310166147,148.2
EK202320006000,145.4
EK202310214036,150.85
EK202310004510,129.1
EK202310144131,133.6
EK202310182006,152.35
EK202310115418,121.6
EK202310203399,158.85
EK202310219700,156.45
EK202310141585,139.95
EK202310236911,121.6
EK202310153553,139.65
EK202310152777,150.95
EK202310216006,122.85
EK202310159334,163.35
EK202310200189,132.4
EK202310176376,143.2
EK202310177091,157.25
EK202310135092,169.8
EK202310152730,160.6
EK202310194718,153.4
EK202310174761,153.45
EK202310187516,168.85
EK202310225948,145.25
EK202310159500,145.75
EK202320005628,148.95
EK202310150262,174.2
EK202310197555,192.9
EK202310224652,135.95
EK202310239239,135.15
EK202310222699,142.8
EK202310115560,140.0
EK202310179277,126.55
EK202310202696,175.85
EK202310154234,130.35
EK202310113254,141.5
EK202310139630,145.5
EK202310202764,179.8
EK202310121640,141.35
EK202310142534,124.4
EK202310239215,144.5
EK202310244715,139.0
EK202310185779,134.3
EK202310221201,132.25
EK202310206833,142.95
EK202310171904,156.15
EK202310178044,154.8
EK202310168114,160.45
EK202310138587,131.65
EK202310173356,145.5
EK202310197110,164.05
EK202310242357,126.25
EK202310208746,137.2
EK202310217847,123.85
EK202310199265,124.75
EK202310182895,149.85
EK202310107553,152.1
EK202310107608,128.7
EK202320005608,151.1
EK202310199563,131.95
EK202310141002,135.55
EK202310187238,149.15
EK202310187741,135.95
EK202310189994,149.1
EK202310147256,136.05
EK202310118527,151.1
EK202310229103,136.55
EK202310135696,129.95
EK202310165074,136.25
EK202310205649,136.75
EK202310174231,133.1
EK202310181105,142.05
EK202310173608,162.6
EK202310147350,128.6
EK202310145408,104.2
EK202310163214,134.65
EK202310141179,142.3
EK202310235877,131.4
EK202310168519,166.3
EK202310111852,145.5
EK202310120721,133.6
EK202310239396,138.5
EK202310125811,174.3
EK202310122414,150.6
EK202310109063,134.2
EK202310136944,130.7
EK202310112504,129.6
EK202310187424,141.6
EK202310107467,142.8
EK202310170488,152.55
EK202310221856,132.4
EK202310146245,137.1
EK202310211446,138.4
EK202310234464,124.9
EK202310216823,138.75
EK202310158691,132.85
EK202310130435,118.95
EK202310173064,143.7
EK202310159177,134.0
EK202310164312,124.2
EK202310190628,135.5
EK202310108846,141.65
EK202310180445,158.1
EK202310131205,156.05
EK202310164126,132.25
EK202310107936,159.8
EK202310243521,140.8
EK202310208141,130.75
EK202310190781,125.25
EK202310172000,139.85
EK202310190053,155.35
EK202310233066,121.8
EK202310131018,119.65
EK202310149945,152.4
EK202310205501,123.85
EK202310248483,137.2
EK202310129538,135.0
EK202310167469,160.6
EK202310106330,132.85
EK202310225391,145.6
EK202310125703,151.6
EK202310208418,133.0
EK202310147781,145.7
EK202310164598,158.8
EK202310214120,180.0
EK202310118444,134.2
EK202310145109,141.05
EK202310150661,150.75
EK202310134650,142.65
EK202310170695,167.7
EK202310171347,136.35
EK202310118507,137.1
EK202310135088,162.55
EK202310169570,148.75
EK202310198285,152.0
EK202310244339,126.35
EK202310218458,137.15
EK202310167361,152.3
EK202320006358,134.75
EK202310155685,142.1
EK202310193521,153.7
EK202310178456,136.85
EK202310120435,135.35
EK202310229594,138.9
EK202310204793,150.2
EK202310128806,153.95
EK202310145561,134.35
EK202310218298,133.55
EK202310185508,156.8
EK202310169152,157.5
EK202310119338,115.55
EK202310172073,155.7
EK202310164403,153.2
EK202310228535,138.8
EK202310233245,132.95
EK202310247155,138.6
EK202310184707,151.15
EK202310244628,142.3
EK202310184991,140.45
EK202310200030,141.15
EK202310131926,136.7
EK202310183294,171.1
EK202310156979,140.55
EK202310196008,171.2
EK202310124917,147.35
EK202310182478,139.7
EK202310206853,142.9
EK202310131555,126.0
EK202310134282,147.3
EK202310120141,162.7
EK202310246441,123.2
EK202310195921,150.9
EK202310214428,128.55
EK202310124519,154.65
EK202310153352,176.95
EK202310155554,132.3
EK202310193684,129.3
EK202310225319,127.65
EK202310148621,138.35
EK202310237907,144.1
EK202310202805,121.5
EK202310161990,163.15
EK202310200477,129.95
EK202310114915,129.25
EK202310242909,130.1
EK202310142330,152.65
EK202310221377,129.8
EK202310137957,135.7
EK202310151180,153.8
EK202310182686,124.45
EK202310244166,136.9
EK202310242349,142.95
EK202310121472,128.55
EK202310192151,137.1
EK202310112554,145.0
EK202310225810,133.0
EK202310235008,150.6
EK202310217946,170.05
EK202310197822,145.25
EK202310003944,142.65
EK202310135754,130.0
EK202310235898,132.8
EK202310171140,136.25
EK202310145149,163.9
EK202310202195,127.3
EK202310220091,144.35
EK202310232376,131.6
EK202310189509,131.15
EK202310113709,155.5
EK202310119993,123.05
EK202310223647,151.55
EK202310227478,135.85
EK202310174661,141.0
EK202310165728,149.7
EK202310182436,160.5
EK202310181591,128.15
EK202310233458,135.4
EK202310138708,139.85
EK202310107419,135.15
EK202310242771,130.5
EK202310110825,126.85
EK202310148516,141.35
EK202310169259,146.3
EK202310139428,139.25
EK202320005946,162.65
EK202310212395,135.95
EK202310211186,148.2
EK202310124150,128.55
EK202310172970,136.9
EK202310212383,136.9
EK202310152532,132.95
EK202310174856,140.6
EK202310150761,128.1
EK202310192707,182.45
EK202320006514,161.35
EK202310230857,137.35
EK202310209642,156.4
EK202310244831,151.9
EK202310004958,136.95
EK202310222994,165.0
EK202310122972,140.9
EK202310240517,153.25
EK202310154489,146.4
EK202310149568,143.65
EK202310173750,143.95
EK202310127136,149.85
EK202310162460,142.85
EK202310237884,138.35
EK202310128591,136.6
EK202310167782,162.6
EK202310173162,146.85
EK202310176040,170.8
EK202310180187,134.0
EK202310205385,149.9
EK202310189417,147.35
EK202310110265,127.55
EK202310175081,156.75
EK202310241247,157.15
EK202310210940,134.25
EK202310239869,132.4
EK202310208022,133.3
EK202310186683,131.05
EK202310244974,154.4
EK202310196503,135.95
EK202310147774,138.5
EK202310194263,137.3
EK202310188228,156.35
EK202310164624,142.35
EK202310153042,163.65
EK202310157883,163.2
EK202310110532,130.05
EK202310166599,162.8
EK202310153767,148.85
EK202310126138,126.8
EK202310121044,151.2
EK202310133142,161.5
EK202310128385,136.55
EK202310175042,130.85
EK202310189448,162.05
EK202310190050,155.0
EK202310172092,133.7
EK202310207334,121.2
EK202310182559,128.05
EK202310137090,150.3
EK202310190532,139.3
EK202310236425,124.3
EK202310203185,132.1
EK202310168314,126.65
EK202310151263,164.25
EK202310108095,154.85
EK202310232838,150.75
EK202310135295,153.0
EK202310163910,139.8
EK202310194553,147.9
EK202310174190,141.85
EK202310231328,132.95
EK202310147991,153.15
EK202310161571,148.5
EK202310240598,141.8
EK202310236106,125.95
EK202310109500,139.0
EK202320005589,139.6
EK202310143413,137.35
EK202310153498,160.75
EK202310181818,138.3
EK202310137951,143.65
EK202310158889,154.0
EK202310147118,150.95
EK202310153978,174.65
EK202310107126,143.75
EK202310145858,128.25
EK202310220104,147.9
EK202310112400,124.45
EK202310236894,155.4
EK202310217550,134.75
EK202310236693,139.3
EK202310217785,133.15
EK202310235143,135.15
EK202310182831,147.9
EK202310117677,150.4
EK202310207224,132.95
EK202310217694,141.85
EK202310144000,139.3
EK202310165837,160.7
EK202310211421,151.8
EK202310004270,157.6
EK202310189309,173.15
EK202310127417,135.5
EK202310197347,187.0
EK202310209401,143.4
EK202310180542,142.4
EK202310162786,127.05
EK202310223059,137.7
EK202310147692,154.65
EK202310244440,155.25
EK202310180779,134.25
EK202310189325,135.6
EK202310110924,120.15
EK202310157687,141.15
EK202310154799,137.4
EK202310169628,119.7
EK202310169107,177.55
EK202310105506,142.25
EK202310154969,135.45
EK202310122511,129.4
EK202310156453,161.8
EK202310246928,125.85
EK202310203362,178.6
EK202310138843,173.6
EK202310157857,147.55
EK202310236705,136.05
EK202310236064,127.55
EK202310190655,142.2
EK202310232773,162.5
EK202310209352,134.7
EK202310196574,146.9
EK202310153431,134.95
EK202310213738,166.9
EK202310159195,176.4
EK202310192497,134.8
EK202310179803,133.85
EK202310122219,136.25
EK202310121778,146.3
EK202310240799,138.85
EK202310186388,145.5
EK202310227442,150.7
EK202310236831,142.55
EK202310146534,154.1
EK202310108548,137.0
EK202310127039,134.95
EK202310239867,136.5
EK202310140091,142.45
EK202320007345,155.3
EK202310181587,137.4
EK202310183586,180.05
EK202310161537,149.2
EK202310221929,131.65
EK202310115533,125.4
EK202310245422,125.5
EK202310134303,128.4
EK202310206878,140.2
EK202310143077,126.35
EK202310187766,143.3
EK202310233861,167.5
EK202310145715,128.05
EK202310186238,129.2
EK202310168663,138.7
EK202310230983,145.35
EK202310139816,129.2
EK202310206473,139.95
EK202310153829,139.5
EK202310182371,142.0
EK202310173647,142.3
EK202310114150,145.45
EK202310242508,145.4
EK202310203427,164.7
EK202310132984,134.05
EK202310117793,122.5
EK202310138841,149.0
EK202310139058,153.0
EK202310164995,144.45
EK202310202198,162.2
EK202310160037,142.85
EK202310138091,141.05
EK202310183753,153.2
EK202310211184,132.85
EK202310187233,154.0
EK202310225971,120.15
EK202310155927,128.7
EK202310123628,138.25
EK202310183593,184.0
EK202310196797,142.75
EK202310129620,136.9
EK202310157287,149.65
EK202310181152,152.4
EK202310203161,185.4
EK202310247889,129.55
EK202310205874,126.15
EK202310175828,160.4
EK202310141292,157.5
EK202310127480,137.95
EK202310112716,147.6
EK202310200229,131.75
EK202310112035,137.6
EK202310204257,139.6
EK202310145471,134.8
EK202310210409,137.25
EK202310166832,144.75
EK202310248711,135.7
EK202310177732,136.9
EK202310160771,133.7
EK202310136073,120.25
EK202310182269,136.05
EK202310240985,130.15
EK202310106392,129.95
EK202310208908,126.05
EK202310113165,129.65
EK202310152602,129.7
EK202310210636,135.3
EK202310140721,131.15
EK202310148290,144.85
EK202310199880,148.85
EK202310227144,148.4
EK202310147589,134.05
EK202310004177,165.3
EK202310138763,140.15
EK202310172464,181.65
EK202310105200,152.1
EK202310184573,153.75
EK202310208816,139.45
EK202310109118,138.8
EK202310200139,136.65
EK202310133070,127.35
EK202310122855,155.05
EK202310233834,152.25
EK202310209821,131.15
EK202310124502,149.7
EK202310187088,157.9
EK202310133122,159.35
EK202310004846,135.4
EK202310147252,133.45
EK202310175414,127.9
EK202310181170,139.6
EK202310004408,122.6
EK202310125748,171.65
EK202310131440,139.55
EK202310192559,131.95
EK202310192910,162.35
EK202310180784,151.8
EK202310236540,137.9
EK202310175339,134.4
EK202310160527,176.4
EK202310236221,143.85
EK202310238864,178.7
EK202310166680,154.6
EK202310117287,149.4
EK202310192797,149.25
EK202310200327,116.0
EK202310176045,172.95
EK202310148346,148.65
EK202310142274,135.55
EK202310122242,138.35
EK202310126568,129.3
EK202310204418,136.45
EK202310156236,166.5
EK202310189484,140.4
EK202310137543,126.15
EK202320007300,156.7
EK202310198932,125.1
EK202310108514,139.5
EK202310219932,148.7
EK202310132147,143.5
EK202310227649,183.6
EK202310224668,135.6
EK202310156447,137.8
EK202310210496,123.55
EK202310152297,148.4
EK202310187324,131.9
EK202310247309,133.25
EK202310190789,124.95
EK202310199601,139.3
EK202310239017,130.35
EK202310106841,135.65
EK202310182928,145.15
EK202310204568,139.15
EK202310243353,138.2
EK202310123522,140.5
EK202310162526,148.65
EK202310214114,167.8
EK202310197207,165.7
EK202310232110,138.75
EK202310179397,152.95
EK202310155653,134.85
EK202310004343,135.1
EK202310192586,140.95
EK202310186352,153.0
EK202310124214,138.45
EK202310228925,136.5
EK202310112746,145.0
EK202310158948,163.9
EK202310210700,124.2
EK202310164939,145.5
EK202310183358,180.75
EK202310144690,151.6
EK202310206169,141.15
EK202310107548,150.0
EK202310213425,138.7
EK202310127466,139.35
EK202310215414,171.1
EK202310113096,130.25
EK202310177778,141.75
EK202310225362,138.5
EK202310164338,161.8
EK202310247571,154.25
EK202310126985,132.2
EK202310226690,156.25
EK202310122754,121.2
EK202310114324,147.05
EK202310162544,165.1
EK202310185834,123.95
EK202310147784,151.0
EK202310122287,125.75
EK202310169104,160.25
EK202310212851,162.35
EK202310004912,140.45
EK202310122676,157.85
EK202310241678,154.45
EK202310235919,128.7
EK202310200266,145.8
EK202310229111,138.7
EK202310143535,156.85
EK202310132424,133.1
EK202310150394,143.25
EK202310121122,129.7
