ESTU_CONSECUTIVO,PUNT_GLOBAL
EK202310003556,132.83713250618516
EK202310170625,153.29634448403405
EK202310167359,156.84649573647488
EK202310118370,127.56379516895367
EK202320006361,142.4497878139793
EK202310003542,137.69738307983394
EK202310125266,141.01157222413258
EK202310144740,130.07390921153817
EK202310137443,136.20406519406063
EK202310159067,157.66846422393328
EK202310245067,130.30688541331457
EK202310240556,134.14130489433302
EK202310166743,141.01042612211484
EK202310247454,130.0957889319199
EK202310215702,163.98956845635095
EK202310142190,158.36340464212915
EK202310205417,136.5211023144417
EK202310119601,150.33108333015608
EK202310190356,136.11491079391467
EK202310158758,139.548083119485
EK202310145496,134.5415557464434
EK202310164763,143.03487712623948
EK202310200188,134.87747188126556
EK202310238803,168.81112133490186
EK202320005607,155.89478608512533
EK202310225681,134.38568517742732
EK202310127174,138.950395833475
EK202310204317,148.39401933065747
EK202310179355,126.63899570756978
EK202310176524,148.3388451550959
EK202310237228,133.1162649210655
EK202310172549,158.13955153405317
EK202310168863,130.2662146281623
EK202310185904,160.14001939757438
EK202310133615,170.0860267596023
EK202310122063,133.78700215001962
EK202310121770,138.69668353843022
EK202310125590,134.32891612542878
EK202310172269,138.15441100882947
EK202310147894,145.6453500301206
EK202310137986,134.75987989972063
EK202310150838,135.05206747192787
EK202310104915,115.07905391662172
EK202310170090,130.1939442943577
EK202310165637,137.40738532181845
EK202310134467,131.23763750981735
EK202310182637,168.00337781155943
EK202310112116,152.58643710263922
EK202310241220,157.5735142403298
EK202310103801,146.73154516177127
EK202310177448,126.28194637835465
EK202310157860,176.56437214661418
EK202310211985,136.958763909713
EK202310232907,129.29159376905218
EK202310162917,146.85178891880497
EK202310211786,127.57243340868816
EK202310132171,140.6279770550269
EK202310153694,154.87420236927744
EK202310174960,159.5675987350556
EK202310121096,132.154800540563
EK202310222475,128.16413904977017
EK202310146254,145.9987238213813
EK202310111466,141.87282963303386
EK202310004385,185.20743863259833
EK202310108961,134.8849741005116
EK202310203170,143.91232164360972
EK202310161424,174.53935474411438
EK202310206583,145.34597036684434
EK202310138840,128.63451529103457
EK202310221976,142.16085126398036
EK202310143972,134.64564651037932
EK202310175420,137.7789059061537
EK202310227655,139.73047298311803
EK202310163389,136.37533242329124
EK202310239480,140.96867070729948
EK202310146467,142.5055784606903
EK202310162597,135.92524328246117
EK202310194862,135.71924473719176
EK202310152448,149.24878653072216
EK202310245431,147.41424317846304
EK202310206822,185.35671469160775
EK202310166559,149.88536395575247
EK202310221701,148.28846515769564
EK202310231403,128.3950007786587
EK202310156027,148.63776354857626
EK202310135956,131.45985257758437
EK202310183176,127.50999322798886
EK202310206055,178.26343551943248
EK202310167360,135.59011513305802
EK202310142701,139.1148234640794
EK202310156629,176.69624117758366
EK202310241352,145.5307304876634
EK202310123587,150.66646016375995
EK202310003639,146.48011041828002
EK202310158269,135.79815848772148
EK202320007090,141.3611734624372
EK202310111707,135.46446162805455
EK202310104096,151.42786447524736
EK202310235404,127.42545817455928
EK202310108783,135.37137843064912
EK202310116298,130.7634015165441
EK202310156281,168.90062622295585
EK202310164483,136.0329893006944
EK202310108212,127.77544497133479
EK202310233950,141.6643668735655
EK202310157041,136.6516184873093
EK202310104522,133.59145683984497
EK202310175972,152.58471656641854
EK202310225965,137.80290343091207
EK202310138403,129.8692926713519
EK202310234452,137.62631255726058
EK202310104614,151.17108378545828
EK202310117970,136.03686779781773
EK202310128727,133.07827513775825
EK202310190230,136.13826040228088
EK202310201465,146.13969972213872
EK202310197534,184.35807072957064
EK202310171846,131.62612068607788
EK202310193751,145.98869568625014
EK202310242967,135.60092818462124
EK202310112852,164.65447955805777
EK202310132804,145.03863912187947
EK202310127612,134.81742272457188
EK202310136082,181.8026702862523
EK202310186665,151.68068985022498
EK202310156519,131.17013713600824
EK202310108430,139.27483816434471
EK202310164930,141.4446308428041
EK202310153971,156.76415216986234
EK202310129412,132.72996707687915
EK202310124383,130.15489416162015
EK202310215858,146.3893932173198
EK202310104131,136.93106240605815
EK202310185040,145.67543181087223
EK202310119251,147.1037886717049
EK202310191724,153.82929661172295
EK202310149922,129.73622900495383
EK202310176193,139.01953692245536
EK202310204311,154.53642324267267
EK202310248324,148.918962081959
EK202310120496,134.05945442398
EK202310233548,131.21856751487064
EK202310219178,140.78669416945317
EK202310114723,136.99753246740912
EK202310185832,169.76123399877395
EK202310106587,160.70597002549474
EK202310239252,129.83426712598293
EK202310208710,137.41744934747715
EK202310244056,128.39808351310185
EK202310223702,124.3997228270388
EK202310236969,129.68873916063978
EK202310196070,149.1114266583321
EK202310227710,137.2115829664027
EK202310119702,143.1192304507443
EK202310143351,144.4027819223971
EK202310144967,138.1179877130143
EK202310207097,133.4152433904431
EK202310193281,131.1773471670146
EK202310223068,140.4221647589404
EK202310158743,139.64758171999577
EK202310142353,135.92234540803204
EK202310154024,168.6438728386672
EK202310136326,127.95304865806744
EK202320006526,145.6036292314561
EK202310240160,133.21803450455343
EK202310230270,138.04486904995687
EK202310209591,136.01551837592163
EK202310201937,146.18849547543556
EK202310138686,145.7448139617074
EK202310125946,153.85920502539037
EK202310112949,138.6636592636766
EK202310128660,168.46842669866618
EK202310223565,144.54878530332843
EK202310155372,151.92103003612607
EK202310229467,139.76896988276295
EK202310232289,147.15021522456064
EK202310142439,166.12400977447626
EK202310128595,139.04884013771226
EK202310228661,131.18909381602637
EK202310220811,129.61569532803637
EK202310104677,145.40860748139664
EK202310108708,145.4563412623156
EK202310235044,127.7944084502721
EK202310141363,139.79464826397324
EK202310174855,140.5788762315092
EK202310154755,137.47894185100594
EK202310157326,137.20115817555828
EK202310228659,138.7834435439255
EK202310215026,167.35231909161217
EK202310177129,134.36909161320892
EK202310178830,165.92713375863093
EK202310222959,123.17126687565008
EK202320007347,137.71947289567285
EK202310153807,145.5516624270735
EK202310165563,157.1744817237752
EK202310240070,128.67256544783558
EK202310171642,132.61030453625656
EK202310221419,134.7661207637268
EK202310210258,140.89308669254746
EK202310108225,143.17226116799213
EK202310156515,140.62052810439656
EK202320006021,180.60985541239873
EK202310214746,163.79088625907588
EK202310166648,145.08915925305158
EK202310243041,147.7406843671757
EK202310227731,127.39569875120164
EK202310118513,126.63811386699355
EK202310240129,141.27557026668538
EK202310140813,138.34966269532964
EK202310181628,146.43966408818437
EK202310126085,132.4503155407076
EK202310246101,140.05607354902926
EK202310113312,133.36771823701469
EK202310217968,131.10052029651465
EK202310213114,133.9342695613079
EK202310219800,140.50421351547047
EK202310184495,154.56004094222106
EK202310119316,132.69428232397834
EK202310180007,152.73122431509643
EK202310199156,132.8476017371402
EK202310177234,155.28087060436272
EK202310226743,133.82566742961973
EK202310189141,149.97981590146324
EK202320006005,153.49837251419356
EK202310227823,139.61872274273287
EK202310174022,143.62776740594225
EK202310134374,137.69241287135108
EK202310200180,126.6353202878187
EK202310161433,154.8972828721164
EK202310121700,142.3820115964946
EK202310237451,138.96935381464536
EK202310192827,148.89211289483328
EK202310160428,156.55752244627794
EK202310205223,141.90976570227596
EK202310111659,150.04629435037995
EK202310218773,142.07780587567447
EK202310161247,141.14748238541677
EK202310109618,147.68144136516244
EK202310155619,128.21399204035316
EK202310135096,157.45230257128821
EK202310188704,146.66985122612445
EK202310198311,155.6515892868878
EK202310138345,138.6568254770419
EK202310187653,147.74817250230848
EK202310223676,139.6466388841423
EK202310165688,130.42789002321715
EK202310104779,139.47861784850932
EK202320007241,160.1867704909622
EK202310247012,135.48841780291235
EK202310115649,134.1530577945145
EK202310158687,137.0395159080261
EK202310139898,152.766084643372
EK202310183012,134.93817680463667
EK202310189323,174.36566485329791
EK202310236084,140.59169290304354
EK202310187745,147.31190612846865
EK202310213754,146.23054315263593
EK202310207691,130.39909626742931
EK202310213360,132.6467592470558
EK202310134511,133.29472656525056
EK202310162421,139.7519870225857
EK202310137854,137.65068014566256
EK202310150901,141.67273637863704
EK202310114810,130.91248818223158
EK202310110564,137.05473153129364
EK202310188498,106.76198507075509
EK202310122137,130.31083063388988
EK202310234827,135.82881989089734
EK202310123845,155.00070740030839
EK202310117679,143.5773763659313
EK202310226733,135.2479370578368
EK202310146806,142.95931095732266
EK202310186532,146.62198741693592
EK202310198523,130.17153377171806
EK202310169242,140.61514630691659
EK202310189605,163.20734704268045
EK202310177460,145.60388467659348
EK202310156053,145.46148005909012
EK202310138997,136.4167776474535
EK202310231114,136.62500140934034
EK202310147763,129.9604022765741
EK202310119709,142.49114071235456
EK202310121129,146.20135702108394
EK202310137901,135.18444094121614
EK202310144077,152.67536416523296
EK202310110337,123.3873056041151
EK202310184408,138.44310806428248
EK202310215841,129.60155727886382
EK202310157214,154.15852630436393
EK202310193140,131.26460709326534
EK202310216105,133.32086382122193
EK202310246420,133.08667988494938
EK202310118424,129.1094798196418
EK202310144290,133.95692338469078
EK202310236171,131.76960937772773
EK202310161913,144.15125422841123
EK202310116195,134.60318750287206
EK202310140252,138.6458030551925
EK202310238025,148.07482922687552
EK202310146861,139.63877725900556
EK202310125756,131.69525625081394
EK202310211082,139.02817344145961
EK202310202590,132.06284477549872
EK202310212292,138.862443420171
EK202310151188,144.1210818470392
EK202310186431,163.84595773187738
EK202310197054,139.59833999774858
EK202310229535,136.51646710333748
EK202310237693,130.4366249602607
EK202310127899,144.11471979593642
EK202310125513,135.16516997998136
EK202310143417,151.50429608777083
EK202310114922,133.27774542754125
EK202310185011,132.42958761675362
EK202310157380,138.75707297916205
EK202310242841,141.3664547532642
EK202310128764,137.39599052478522
EK202310160302,131.702517527731
EK202310132265,130.63764102296818
EK202310142152,135.32082835284734
EK202310184138,152.2202959496751
EK202310218922,152.684346553599
EK202310105732,131.90306248808332
EK202310202421,130.74893508736767
EK202310204745,133.3766900626002
EK202310231651,133.06747703007017
EK202310206373,149.4044126310887
EK202310231327,131.99138467238916
EK202310129440,149.82382089036258
EK202310229405,155.7273344973298
EK202310233561,137.2210239040694
EK202310141433,144.3006367128199
EK202310164651,141.72239256938371
EK202310201935,141.36128552065574
EK202310184574,128.07009149413204
EK202310223915,142.38458266468595
EK202310200908,158.19234692129416
EK202310128941,148.89718249255557
EK202310186952,151.69232722804733
EK202310193974,154.00704398698346
EK202310169879,168.9381027639045
EK202310172093,135.5914717295146
EK202310184529,128.99603469713125
EK202310230089,136.3882473108273
EK202310181118,158.903142600856
EK202310204225,147.49484055823513
EK202310112100,151.67103650480473
EK202310222373,164.08156699832702
EK202310182126,159.38566649585988
EK202310169072,136.6725816493939
EK202310203100,182.01727696903419
EK202310228065,146.97999622899616
EK202310003374,127.1695765546541
EK202310231993,142.8319577351632
EK202310166999,139.40321691069732
EK202310113561,146.3603237509179
EK202310150384,150.2542382194217
EK202310204151,141.0607976589799
EK202310243179,162.44565407009534
EK202310229664,140.9514057725072
EK202310214850,145.8455545078277
EK202310203348,145.0901322520689
EK202310146725,130.40161939036997
EK202310134763,129.06554378728634
EK202310145729,161.2453912173695
EK202310246535,138.94603160080385
EK202310141577,134.7853309002675
EK202310216160,127.43475780291125
EK202310116782,138.54582021137531
EK202310211327,147.13745091663097
EK202310204090,138.83159943389452
EK202310175898,147.78076721510322
EK202310226259,140.3529993776898
EK202310151274,150.28761830955165
EK202310154215,146.6838870730932
EK202310174277,139.35005971425647
EK202320006496,145.3563731907311
EK202310141969,149.5749670958925
EK202320005622,144.19196040878788
EK202310157093,149.48013454408522
EK202310139909,138.06104091206146
EK202310209908,140.6920352940719
EK202310218730,138.01717610320847
EK202310229718,123.98041504803881
EK202310111615,141.94092544957294
EK202310138168,132.02998804424692
EK202310162118,160.41308179895464
EK202310164185,137.3881490318191
EK202310123341,136.16220363818567
EK202310154152,134.79556747022107
EK202310169662,149.68647529154967
EK202310195289,142.01013439159945
EK202310247758,179.74129824654239
EK202310223580,134.12535956374896
EK202310104690,146.0031017160806
EK202310234439,132.61415782301424
EK202310225052,167.98982215328715
EK202310139674,157.41654165176368
EK202310186662,131.15080085364423
EK202310198339,145.91270542946484
EK202310219978,139.69019744439223
EK202310205279,140.22410984329233
EK202310241147,161.63881048402828
EK202310225981,170.85325236739
EK202310168112,145.2466827530152
EK202310226106,139.50240966901288
EK202310116095,149.69286295905235
EK202310114593,136.57384387731838
EK202310175636,133.64198302341467
EK202310117905,144.37196168534066
EK202310200614,152.50135435359797
EK202310137390,136.73526764105847
EK202310196458,139.06969930797675
EK202310212839,143.38454548450215
EK202310149449,152.53382284067706
EK202310172721,142.1343981208932
EK202310133382,132.3340530270684
EK202310171991,140.40734600547108
EK202310178147,152.2727467445258
EK202310210822,125.86921362773356
EK202310169958,146.26382751068962
EK202310216612,134.89530281269532
EK202310190351,148.40109131149634
EK202310128333,133.79245292313217
EK202310156052,147.6370371936964
EK202310207300,143.72546969231436
EK202310148098,137.92877520397192
EK202310236834,142.20289527746698
EK202310206502,133.37361916326375
EK202310232490,136.32261633701165
EK202310115920,136.82850412712315
EK202310155557,137.10262564425122
EK202310118792,151.90687379649572
EK202310213449,144.51358800871904
EK202310157956,148.20774606139562
EK202310202461,152.34651122856286
EK202310210080,157.7112820846505
EK202310123713,152.54079569266185
EK202310138636,142.94628614289502
EK202310197194,142.7162387563235
EK202310136131,176.22728033853014
EK202310194280,130.8232794126934
EK202310144073,160.88488630361695
EK202310196767,163.26092731778513
EK202310152659,139.50216217272643
EK202310119318,128.27725393626807
EK202310175079,155.3739697677542
EK202310246973,143.73893039161928
EK202310177069,140.83638525226291
EK202310228915,135.0032533183259
EK202310237967,136.3047946438258
EK202310004766,140.09622892183933
EK202310197580,183.2097918034433
EK202310163370,149.25375555123057
EK202310126258,131.40185685626918
EK202320006245,161.01406778765377
EK202310214455,130.97146854235908
EK202310225077,171.91407341602073
EK202310121345,126.81355241056193
EK202310118753,123.11160957663596
EK202310209148,149.95285357423305
EK202310235651,129.82776825733123
EK202310195584,167.84736250232837
EK202310131541,144.85123737676403
EK202310167958,161.2349409802199
EK202310232848,128.97479046913082
EK202310112373,134.09254920629172
EK202310247588,160.5894973648156
EK202310124781,139.8259261036904
EK202310187345,171.911076751553
EK202310117200,138.86517239858264
EK202310103838,131.27708356761485
EK202310123310,151.5736338271714
EK202310193567,151.31318516498214
EK202310176987,156.40597833393298
EK202310217483,130.9512236735953
EK202310219653,127.15693470568233
EK202310189258,146.85038550707625
EK202310213235,139.67513866427538
EK202310148485,141.15465093686439
EK202310243846,132.03931300041145
EK202310157685,136.15486269536504
EK202310228217,178.3006355655639
EK202310167414,158.45275236118482
EK202310116553,132.45403174233067
EK202310154306,139.54064975803095
EK202310218246,142.3862832799179
EK202310214924,163.3710442749324
EK202310124301,131.57640464076718
EK202310132969,123.88162876421544
EK202310116665,138.67606458212504
EK202310126109,142.3822459297132
EK202310246626,144.13405365941315
EK202310165655,127.77905512347523
EK202310222900,139.68409751623184
EK202310183920,145.47571032019042
EK202310188655,129.59264483824452
EK202310140837,144.4155197907408
EK202310110105,128.1623973447312
EK202310166926,161.28704062497027
EK202310222571,152.81502391956684
EK202310130862,159.49460059531668
EK202310159918,148.14454404644934
EK202310191732,156.3950155804444
EK202310154430,151.16502555435827
EK202310209379,140.60966683950613
EK202310242826,159.35376284034342
EK202310127621,136.36575742216723
EK202310144269,134.71141537633818
EK202310168554,168.3518356689456
EK202310225096,123.01653476642971
EK202310004191,139.7646476364306
EK202310198832,135.2764729904223
EK202310166122,156.13281584279528
EK202310197812,187.49831005174664
EK202310173577,136.38418187387043
EK202310107780,137.6137333551587
EK202310200080,142.39958802253756
EK202310244832,163.17959936468327
EK202310153701,149.62416249911922
EK202310248897,156.50601805285086
EK202310238758,143.06067097410545
EK202310180956,166.48454957175403
EK202310133597,170.27270667964856
EK202310165926,144.17620433049024
EK202310113563,148.7204062884329
EK202310219177,141.93347108831753
EK202310215546,152.15915687743052
EK202310239803,140.47517138552203
EK202310170081,124.97770039690316
EK202310206625,139.34595242058893
EK202310104069,133.11370524602123
EK202310186393,167.38037256605085
EK202310173267,134.87682892394835
EK202310110426,148.43056991325793
EK202310164765,138.4502599655001
EK202310158220,131.73713897677604
EK202310168816,142.4849577692865
EK202310204071,143.31111254630403
EK202310157259,139.89835263444542
EK202310156843,142.89781624913098
EK202310223529,139.05966370572443
EK202310149961,150.72625083843954
EK202310108241,135.49175670235283
EK202310168245,146.75327152405544
EK202310191021,134.67721448779554
EK202310165776,147.65218464859524
EK202310172874,143.03156279689787
EK202310163779,140.0145589263986
EK202310188731,153.441242236164
EK202310105850,145.18895093469828
EK202310129025,150.18768901990546
EK202310122251,133.7199554810461
EK202310233739,128.21417356768723
EK202310145467,139.65583299240996
EK202310125541,131.63162777961062
EK202310128736,149.34510521945947
EK202310157339,154.0799062025922
EK202310204674,166.47022988310687
EK202310199931,138.08022637037567
EK202310159776,152.56538432672892
EK202310233618,162.56227188709937
EK202310209554,150.38460512154845
EK202310147590,143.11857337199874
EK202310233558,128.49825827705433
EK202310141475,140.57199378661107
EK202310192184,146.371466722586
EK202310121465,136.7064972688401
EK202310144674,167.24519644537932
EK202310225145,152.43914468217957
EK202310211862,134.70820751669652
EK202310218476,132.11971024222544
EK202310227106,163.9842096265555
EK202310184475,139.08407586444892
EK202310132027,138.64945376795018
EK202310134826,137.24327522750144
EK202310182784,160.7497426003951
EK202310236142,128.44257443436717
EK202310215997,167.78797361915173
EK202310218885,148.47450251910064
EK202310189497,136.3619787007886
EK202310242392,144.79787944812452
EK202310139831,135.4876393290238
EK202310159899,128.92976077931002
EK202320007536,142.56026796099528
EK202310205864,147.89293007568583
EK202310205412,149.60899493707726
EK202310178623,144.50575255922413
EK202310144137,137.61563344631043
EK202310156851,151.58237724837923
EK202310200692,124.77233668973693
EK202310221442,140.2177027751916
EK202310225402,138.20203967693675
EK202310128314,147.78220708019523
EK202310135585,162.93694831833156
EK202310230304,158.26667581226806
EK202310106564,142.30908887951426
EK202310195276,130.2430125204887
EK202310168561,140.2289640481321
EK202310238035,145.761479876409
EK202310210412,131.37822224151876
EK202310193015,138.46532599694842
EK202310160429,158.65805489602772
EK202310203227,137.98744814403278
EK202310144260,130.83448322967695
EK202310231994,136.61166506554468
EK202310169556,139.13958955082904
EK202310112231,155.05919365081618
EK202310179305,136.39943660334924
EK202310111693,137.0708273322502
EK202310163778,140.2742690151125
EK202310197562,167.79116897899866
EK202310147780,143.42280393006746
EK202310165497,172.0770742586439
EK202310191527,132.09652477658486
EK202310106149,130.69509985968284
EK202310179787,128.60886451979127
EK202310247018,146.50646602397907
EK202310177578,152.36633794402553
EK202310138872,170.394769050324
EK202310204378,136.13876572400875
EK202310146296,141.59800593791002
EK202310110160,150.61764971842103
EK202310179095,140.14959806453479
EK202310220481,117.1755843980856
EK202310227227,155.15322474576143
EK202310234336,157.3020280685724
EK202310145809,137.01752690917868
EK202310209306,145.7364410496744
EK202310225649,128.37506980226286
EK202310226704,144.5833639735096
EK202310157072,167.52136615315865
EK202310121530,134.64033212562913
EK202310165600,130.5039872275435
EK202310197233,145.53414996707167
EK202310184332,136.05640655884227
EK202310143743,129.8878528040476
EK202310154640,142.33027446102912
EK202310158286,136.13480729403926
EK202310123880,138.2375824486752
EK202310182423,157.39243328331042
EK202310124053,127.60827688727505
EK202310206144,134.5221704318973
EK202310140890,151.01540330442205
EK202310127015,128.23024435532756
EK202310134941,154.12326375051623
EK202310119304,130.79262040751277
EK202310212796,147.27419070317166
EK202310108377,130.85644634817092
EK202310174180,141.50322250590503
EK202310239157,151.9377244269697
EK202310216632,141.72133147052875
EK202310172285,135.18737452063922
EK202310150279,156.07196214392798
EK202310186491,122.83469186714339
EK202310197932,149.83835618624943
EK202310120172,134.02847452235685
EK202310216664,149.15129525954976
EK202320006884,150.1748768852472
EK202310178918,152.19582056889936
EK202310144935,143.28323957857617
EK202310141510,131.99907099895964
EK202310216762,132.63478603989694
EK202310106406,128.19034206172367
EK202310111996,130.63790735988368
EK202310208681,140.04628802742266
EK202310226247,131.21249537846546
EK202310113253,165.85777356667506
EK202310122999,145.05347974082193
EK202310155079,148.8633079008937
EK202310160222,140.91714153848395
EK202310210742,138.97770301539487
EK202310156801,153.00768324575714
EK202310159360,153.0076218596955
EK202310180024,131.94169401399725
EK202310213928,137.60285091893877
EK202310152334,145.6736734770914
EK202310245937,131.54744842735437
EK202310164808,166.39620222965232
EK202310146870,137.24805951904793
EK202310163950,154.51018659724016
EK202310195716,145.03819015889837
EK202310150305,150.2563224478118
EK202310229713,127.02653071710878
EK202310188916,157.50271946135868
EK202310121395,141.2824046956702
EK202310160376,137.6682278442116
EK202310244651,147.0655462034907
EK202310150169,134.74865857484156
EK202310110958,134.76610042066883
EK202310143966,131.53808653006652
EK202310221741,151.1389898760018
EK202310187012,153.2765750839197
EK202310193822,190.71157104999241
EK202310172094,140.30279492227962
EK202310178633,143.16077154043035
EK202310117674,146.89521455714475
EK202310133805,129.7118590864194
EK202310180948,166.62514596288358
EK202310203849,141.82076027503226
EK202310149491,176.1815129726965
EK202310216830,164.7487253891243
EK202310229432,134.2037380731198
EK202310109652,143.8321994749783
EK202310181925,146.44884561451502
EK202310196245,137.54767078613213
EK202310248098,138.4470033944154
EK202310183221,167.88313014547234
EK202310196195,160.11342582744436
EK202310197137,147.56706077236825
EK202310110247,136.20668874205
EK202310144126,144.50121414487018
EK202310156911,157.04690851846536
EK202310224215,136.92360221521696
EK202310236337,137.5236170609813
EK202310188431,151.50197626161136
EK202310137114,167.18926423179892
EK202310115030,141.3832004062588
EK202310117460,126.11231000000188
EK202310162361,130.38108606481458
EK202310130281,168.3526106213797
EK202310148428,151.36131873263594
EK202310163311,137.05590039064774
EK202310145526,133.74648928620567
EK202310235374,132.37320991473817
EK202310156223,151.81599523123245
EK202310151269,141.78126595516383
EK202310150741,142.5602949573668
EK202310225372,145.03498812886605
EK202310133344,144.16300987735292
EK202310127071,128.09728103141256
EK202310152237,147.32542670787572
EK202310244229,128.8056363942879
EK202310167190,138.0115405525919
EK202310154488,160.1530654493727
EK202310211108,135.52210613154682
EK202310114416,145.7080346416909
EK202310222978,162.20687793130324
EK202310187337,175.57025344640297
EK202310195712,170.8837404003306
EK202310176238,143.98678790086927
EK202310204719,150.81469012366858
EK202310184298,141.54047902268198
EK202310215525,149.70568184297653
EK202310154861,140.8387900752865
EK202310200739,125.1292860330875
EK202310242424,133.92014433562775
EK202310247300,130.8803813891942
EK202310116475,140.68669073329892
EK202310225458,132.39894099053137
EK202310126918,135.11396588280638
EK202310185579,127.3672573452521
EK202310241455,137.82490147529498
EK202310209465,137.23843922100127
EK202310142842,137.81586054350123
EK202310185122,148.2565276008053
EK202310223530,140.04627770408942
EK202310188514,134.832754225939
EK202310171731,139.1701650759417
EK202310130376,161.79189112248773
EK202310222189,138.543498020174
EK202310106430,145.97884870719616
EK202310127369,136.35369127466822
EK202310236443,130.5859798808698
EK202310182405,149.521015224496
EK202310210187,128.98328106775637
EK202310116888,136.19260051460893
EK202310173132,160.61869736897336
EK202310108743,135.8214916043795
EK202310125006,134.59785599473335
EK202310213574,137.36370727128627
EK202310165356,137.97700990864666
EK202310149418,162.81892074315854
EK202310198882,128.959342202537
EK202310231320,135.18412413628408
EK202310205653,142.57991047267873
EK202310198599,134.41771179008848
EK202310199963,135.51167381570815
EK202310173699,146.25821775377375
EK202310245726,133.26122590866592
EK202320006040,185.37339427055122
EK202310154743,140.54464946947382
EK202310188160,139.6196172521532
EK202310214367,154.69987021745487
EK202310103702,132.30602361249785
EK202310127965,143.00137753028287
EK202310203245,153.67959259616444
EK202310139888,138.22931402962988
EK202310108972,138.28195586873844
EK202310004612,128.9252881820333
EK202310143552,153.29934047647288
EK202310120024,155.10111107532356
EK202310221518,135.70005622284387
EK202310180966,166.21787172574398
EK202310193489,138.5311796020724
EK202310117005,141.1264676598787
EK202310213271,142.83682886973884
EK202310120394,136.91650317297723
EK202310183259,153.67839876958743
EK202310125697,140.20789432233303
EK202310110553,137.04001506246632
EK202310150138,137.46411556008212
EK202310169349,138.99238126183658
EK202310224959,129.94936640251723
EK202310003872,134.8302100520962
EK202310189922,181.1501158568639
EK202310196746,165.08557723624963
EK202310189397,139.90016055144358
EK202310154076,155.5414146731947
EK202310003409,125.4023021077862
EK202310132461,139.907841862746
EK202310114430,133.9401124473892
EK202310207939,138.37441425949157
EK202310219274,130.95971211986242
EK202310226342,141.04786089584488
EK202310127397,141.3958125577205
EK202310237125,130.72522767739656
EK202310214068,174.09340113435383
EK202310184942,148.79825402837335
EK202310113334,132.05630595961708
EK202310121808,126.97251028308838
EK202310134472,135.9778742383942
EK202310213189,138.2325348685135
EK202310200986,136.31819317978986
EK202310183319,138.81908961103008
EK202310138451,131.7240089917152
EK202310134480,130.3078830478546
EK202310248001,146.6620990558548
EK202310215511,132.32313462567473
EK202310148692,166.29527144862448
EK202310003356,131.91633167602762
EK202310186363,136.05286600368842
EK202310117649,140.51530638464322
EK202310107222,113.40452352647576
EK202310140103,132.9517982740476
EK202310162055,161.16802251706895
EK202310160543,156.94620006378076
EK202310104526,139.19286413922512
EK202310111072,141.99669616723108
EK202310144115,135.10239618547845
EK202310227753,161.63807666094286
EK202310168401,162.11602167823705
EK202310225278,138.6718389999703
EK202310121727,129.9465419363868
EK202310209068,138.22185634604628
EK202310117324,142.21135606195568
EK202310119649,141.23247892522485
EK202310154151,139.67388750365595
EK202310235668,135.14356038258245
EK202310197052,134.9895581020383
EK202310133218,144.75897967908253
EK202310228623,134.54320179579403
EK202310236771,138.97827306509365
EK202320007756,152.68790696911907
EK202310123680,134.78850219754565
EK202310153796,147.26315149517328
EK202310184256,185.26895787093832
EK202310189360,167.78992180546393
EK202310169170,145.45668943882868
EK202310238568,157.31097198345464
EK202310147463,146.8664013265643
EK202310246348,143.34315212253512
EK202310146645,138.53142381863927
EK202310112043,127.18332632877946
EK202310126693,141.29799102818498
EK202310105633,130.65461462258725
EK202310108187,145.37988828906472
EK202310142659,146.25837561469606
EK202310154109,156.33995922916105
EK202310187961,172.39503609631404
EK202310138151,134.0723767560429
EK202310145768,136.26146291955345
EK202310204437,132.65014289961394
EK202310234444,131.3803473699973
EK202310146920,129.65260739555694
EK202310191972,143.96056687807757
EK202310135664,142.77314475061073
EK202310136647,161.1212645432826
EK202310149136,141.40873120973524
EK202310004755,135.05753244677754
EK202310003806,132.06647260081658
EK202320005862,144.87873992946845
EK202310238222,127.81486862636503
EK202310165638,132.1530924463447
EK202310195278,154.37799715195524
EK202310191050,147.82037300467854
EK202310165081,170.7096568986418
EK202310141108,138.74110835571057
EK202310225501,135.69192013234587
EK202310190006,175.4767982473775
EK202310232901,163.7479153530204
EK202310183145,139.40395793384738
EK202310133834,169.06117395014877
EK202310111865,137.40440802238496
EK202310233162,135.68759106630475
EK202310144096,130.603233629278
EK202310241460,144.2614626584953
EK202310148061,148.1559856857096
EK202310123096,130.65783767100373
EK202310168745,131.50458473499123
EK202310232533,134.60560459521759
EK202310238139,150.07332654439233
EK202310107671,147.63407555941788
EK202310003635,135.30835701688508
EK202310160939,137.86988254426373
EK202310165138,143.71220264238863
EK202310177363,156.67179444260282
EK202310140380,157.46391961720752
EK202310127640,134.959009540357
EK202310145483,135.3306334988206
EK202310144142,133.01430848257598
EK202310182466,155.05778745401264
EK202310134774,135.86948708728787
EK202310239504,139.24647568647057
EK202310179694,130.14135368031526
EK202310105818,138.8464255109976
EK202310206801,145.60960005189986
EK202310133427,142.18371588976802
EK202310172349,136.58270254335204
EK202310144166,130.9331015684893
EK202310118960,124.36615649842388
EK202310199115,143.08673282010218
EK202310213777,151.0021685169912
EK202310232118,137.23430786380766
EK202310204757,141.28713462958325
EK202310241858,150.54830293003712
EK202310204589,165.4825339830787
EK202310224131,140.75659327401655
EK202310160384,159.83175327538396
EK202310158733,146.0141611441288
EK202310139320,123.2955396601723
EK202310186373,161.28198373466026
EK202310207408,138.34113152414923
EK202310202032,127.44145111375205
EK202310191726,135.3405276792669
EK202310237659,137.46803298278752
EK202310202929,161.90493182293204
EK202310138221,131.07494125278237
EK202310213944,142.76193765108982
EK202310217592,135.41373394092435
EK202310156873,137.55863933841536
EK202310154026,130.562792455707
EK202310227896,135.9069822755409
EK202310165724,167.05308501332203
EK202310160534,140.64999685114114
EK202310238733,142.45075186943652
EK202310187242,169.80323972975478
EK202310160829,141.70033651051344
EK202310160276,152.38130730953674
EK202310137939,125.25145476588135
EK202310200291,136.01412275412443
EK202310238138,128.97241658645817
EK202310217144,148.22434436558376
EK202310196491,137.87789423897635
EK202320006298,144.3476468646107
EK202310228178,136.90754579655007
EK202310138802,135.87106882085752
EK202310240713,138.73238163831573
EK202310175243,144.84969231594863
EK202310207967,128.6345713793902
EK202310107352,136.39854556393863
EK202310211309,137.61598520261234
EK202310131783,152.56335323115312
EK202310166826,140.43415423381097
EK202310112512,124.99417787238791
EK202310153955,171.25190661877605
EK202310223762,137.95385661446917
EK202310220803,132.52501095242738
EK202310191806,131.07536909650253
EK202310139794,132.52853149081554
EK202310004495,142.5548602919159
EK202310165321,145.83538492911674
EK202310152644,143.44328753693756
EK202310107844,137.99006002561453
EK202310224636,134.61010693371998
EK202310182912,152.6321703846348
EK202310227725,137.61860069984968
EK202310129401,131.3750733209975
EK202310132710,139.13222359466397
EK202310167591,157.93159408913945
EK202310209362,143.16813122753078
EK202310191553,148.78288645193
EK202310191129,155.15712036159493
EK202310229273,135.35772741876627
EK202310177141,142.55987388489106
EK202310210987,128.685124259689
EK202310246808,128.21856724279144
EK202310186424,136.12206106360858
EK202310243671,151.75442956055585
EK202310157978,128.3355427451803
EK202310141176,131.08392059226338
EK202310166632,157.41297395559485
EK202310188518,145.9841795445337
EK202310176726,153.6444649330711
EK202310232858,172.2686169362729
EK202310203103,141.04510683665686
EK202310172581,143.3190456982145
EK202310129669,137.10084172055994
EK202310149026,156.0553915336281
EK202310151271,135.28729925240407
EK202310164311,135.15730641210067
EK202310193156,178.4791699919863
EK202310183315,156.83143438379372
EK202310129742,164.56442044110403
EK202310244163,143.05516389647434
EK202310162820,138.87591344175698
EK202310158627,148.0296206574997
EK202310195793,135.22707757650318
EK202310243898,155.69531294440085
EK202310211036,131.1734211937336
EK202310231066,132.21201397615818
EK202310188792,158.24901079541718
EK202310181166,151.96456567118878
EK202310240476,133.9148160110765
EK202310197771,185.13639387723316
EK202310141037,160.5573818918131
EK202310204780,136.9145230056194
EK202310191058,158.59758775009652
EK202310173228,136.9073452225622
EK202310197491,149.69116591179497
EK202310156720,151.1191720307931
EK202310244219,142.58980265816317
EK202310119128,137.77004559118438
EK202310241327,154.51729585044436
EK202310152238,146.80601417595216
EK202310179839,129.0501253769715
EK202310238196,141.29087936773143
EK202310153091,162.3868249924906
EK202320006753,167.786773137864
EK202310123570,137.1004232622123
EK202310163341,132.84916712898394
EK202310162440,169.9447261516135
EK202310151053,136.80841285935293
EK202310188188,162.79650974594713
EK202310127289,153.401307232131
EK202310248374,130.19523466524876
EK202310167393,149.16168431055684
EK202310192930,135.31959691951712
EK202310113187,158.13773090894125
EK202310174516,147.78072649632676
EK202310187588,134.06848028380855
EK202320007750,147.91402329828188
EK202310189741,175.88629436266987
EK202310174859,141.08393069814758
EK202310195086,147.3187605925968
EK202310183873,169.87306718467826
EK202310171631,135.38537081737329
EK202310123283,129.09382276722184
EK202320006306,176.01526023447178
EK202310139834,133.608728854068
EK202310239785,133.73029309569182
EK202310153276,149.73042264511122
EK202310180328,164.17687634205592
EK202310207645,153.06425790584714
EK202310130192,164.86623318590148
EK202310154977,141.17410203916342
EK202310139793,132.22244918332208
EK202310243107,141.00103716618378
EK202310209482,138.5043333950156
EK202310241115,130.782195372414
EK202310214880,127.44143877521499
EK202310240253,137.86612418365664
EK202310226088,154.47505187516384
EK202320006633,186.69918168144278
EK202310245104,150.8184454237596
EK202310112870,145.51033256912598
EK202310161734,163.2528378028158
EK202310225927,133.19281849433642
EK202310145336,153.842577742274
EK202310137212,132.04108670244904
EK202310190306,139.5181675697017
EK202310172851,155.87587917618825
EK202310231101,138.23797988535225
EK202310212990,131.14729322063522
EK202310122658,133.65689388383888
EK202310176278,154.0140962021043
EK202310200882,142.4632960002006
EK202310152325,144.13501184494268
EK202310151272,150.40816823613366
EK202310194215,174.2109146155228
EK202310185678,155.2674864279054
EK202310243281,144.72889155981733
EK202310120514,130.83044059433416
EK202310126433,135.31605877710186
EK202310122944,123.95434451941729
EK202310236394,134.54725712478833
EK202310218087,138.76561613315565
EK202310151593,170.41289095635892
EK202310110201,141.11800841687534
EK202310131708,138.11612943756617
EK202310111333,131.63950500468542
EK202310183969,151.10605775136676
EK202310161113,170.4210028557902
EK202310184302,152.81974795519753
EK202310152148,137.51578524801144
EK202310236146,130.18099560189162
EK202310229823,140.1590719169694
EK202310133950,152.22056798972682
EK202310176959,156.6846508741454
EK202310003859,165.34254808896668
EK202310185070,154.74349658681723
EK202310004826,147.45077975989037
EK202310192593,131.7223011104581
EK202310212457,139.6540177312961
EK202310133750,126.53686727382988
EK202320007484,175.10187398222538
EK202310190675,157.72338219274368
EK202310129882,153.7838070095581
EK202310216142,136.67844030713113
EK202310197446,151.33584483146217
EK202310243332,142.94522093493782
EK202310139113,162.8413684539642
EK202320007314,147.0894901648774
EK202310192244,146.72406441512868
EK202310209792,129.88851227126378
EK202310218921,139.12175832330135
EK202310128700,133.66569888849276
EK202310219548,137.73945393813196
EK202310230864,133.82594156627263
EK202310141941,144.58427108044216
EK202310206423,151.66938692051917
EK202310188250,139.15843870953216
EK202310180278,128.75790501404194
EK202310123620,143.40701448440132
EK202310180928,134.51413403253093
EK202310148298,129.00959684029056
EK202310124265,135.55725379730046
EK202310125883,137.47831220643968
EK202310128123,133.88163656280022
EK202310234185,128.54673702526543
EK202310141809,168.6885061307849
EK202310125724,147.7388983459425
EK202320006085,146.6812172093984
EK202310232099,141.124786944651
EK202310193331,149.4834766384351
EK202310205400,142.1573029125053
EK202310160975,129.24669156579662
EK202310203863,145.1041304481864
EK202310126413,132.71488085541537
EK202310118450,146.7410990107167
EK202310133563,137.2313886362882
EK202310239448,122.10735456600369
EK202310114694,140.59785920589198
EK202310158288,175.31055540895383
EK202310122422,128.10756951599726
EK202310235320,138.62241733578568
EK202310201960,124.86148067882728
EK202310194645,153.7487752097038
EK202310214962,156.46753304697145
EK202310247868,159.1286933345219
EK202310126826,134.582249097888
EK202310120690,147.8042221196192
EK202320006557,166.67641998554348
EK202310224482,132.11041074562888
EK202310188666,130.85192376902685
EK202310167967,150.56918705314166
EK202310240200,131.33186884478118
EK202310183867,150.57441597012715
EK202310195682,126.76451456190891
EK202310108034,150.5013320101322
EK202310143324,134.5136851881868
EK202310139977,142.57196032495753
EK202310134578,144.3677494045435
EK202310003485,130.4428883078734
EK202310127332,142.37609547849618
EK202310195959,145.90260518063397
EK202310173389,133.02377666777554
EK202310120326,123.83184317146234
EK202310228101,129.97227182587147
EK202310194577,141.1225787279698
EK202310230845,144.6383549252088
EK202310144430,128.10612785923203
EK202310155784,137.04913045220223
EK202310160254,162.25959060889886
EK202310118458,137.5496408589329
EK202310134107,163.38369843022534
EK202310247672,163.14965454778599
EK202310233715,132.69819019019087
EK202310192802,183.51790629994713
EK202310226073,125.75821048239469
EK202310112128,154.33273192563385
EK202310214142,170.64276322761646
EK202310205070,154.90471081170455
EK202310191656,132.3622290997769
EK202310108700,138.1691645193095
EK202310121333,168.0413123205889
EK202310153942,130.71164896925285
EK202310228151,133.8998390745766
EK202310185062,141.62205496486516
EK202310133213,149.4158955345863
EK202310242233,141.06834159388615
EK202310143796,131.82965805851828
EK202310202444,142.57696757246563
EK202310166800,152.1658580400247
EK202310191020,132.25077313363605
EK202310122069,123.71183318197988
EK202310221793,160.01111763064674
EK202310235848,135.56158581200015
EK202310205016,148.23145310624957
EK202310119021,159.60969196415988
EK202310222995,164.17472605020737
EK202310114479,133.53512818761504
EK202310182453,154.4338409338485
EK202310143133,144.5738221360027
EK202310175194,140.9134961825129
EK202310144671,148.60260923498024
EK202310245023,143.23875423238275
EK202310144979,132.1839984459365
EK202310235216,138.33223334789434
EK202310247586,131.66165676913317
EK202310105223,149.44298595652174
EK202310163741,164.3203440360156
EK202310141732,144.83058496548753
EK202310142505,149.322381755225
EK202310131799,152.45443453001354
EK202310209090,139.10776770542404
EK202310159139,146.0758747970446
EK202310214093,146.11427163812337
EK202310199515,139.07922420955174
EK202310228095,137.07259513022433
EK202310173578,148.51470999354504
EK202310170010,154.8350082222997
EK202310164861,145.405909045075
EK202310167580,152.1914529236246
EK202310225936,123.54744984864668
EK202310147008,153.72970408338793
EK202310187537,155.8645374192786
EK202310170479,147.20483271409935
EK202310238268,133.84344686947063
EK202310231268,134.85719923630342
EK202310167280,146.65923904812354
EK202310203266,133.84608770260252
EK202310179810,128.26645816014977
EK202310107445,150.5175916693079
EK202310107969,151.75817882299881
EK202310127481,130.69283803220287
EK202310180706,128.61589618020315
EK202310125230,134.74116738350625
EK202310127751,142.63169348826088
EK202310172588,151.71534025568948
EK202310202984,178.63216177343483
EK202310104212,129.69515897324754
EK202310106923,141.51456678359432
EK202310147971,153.74315663647133
EK202310243146,130.17705719291547
EK202310171023,141.51009571242545
EK202310109775,148.2259529407167
EK202310205700,136.64915918971073
EK202310143997,131.6097449898233
EK202310132126,133.02578479759185
EK202310127316,162.68666919447426
EK202310107147,133.30523030437385
EK202310151185,147.36757792089438
EK202310228200,132.82949985936915
EK202310117856,159.72979451392246
EK202320005717,157.24412151655417
EK202310129616,148.14255448851503
EK202310232791,141.01492181325034
EK202310243834,138.2080338604559
EK202310246208,155.98537377642114
EK202310160233,162.49108463898645
EK202310149219,138.02243182933188
EK202310108589,139.67175145237698
EK202310204725,151.1847115754934
EK202310243502,137.46102826792304
EK202310114320,127.14491777522964
EK202310202291,137.18789561371523
EK202310237771,137.98610565541978
EK202310216760,135.22547219194018
EK202310244222,148.46519569408855
EK202310113733,139.29393293819436
EK202310138119,135.8593946236558
EK202310219085,133.81898840556613
EK202310153944,129.93487576789474
EK202310161644,163.93053170571582
EK202310204382,135.10630754367665
EK202310229663,126.39596480174012
EK202310156198,138.43142714426563
EK202310148211,136.58444522877946
EK202310152274,124.85121971322884
EK202310197042,134.74138834996018
EK202310163556,135.20353983456772
EK202310197960,165.40054061043202
EK202310232731,129.383827856559
EK202310147947,155.44955152593568
EK202310144176,127.13702085455424
EK202310237272,135.3071181987066
EK202310195596,138.23427183762928
EK202310231682,139.6780887625889
EK202310114178,141.2953757514968
EK202310165798,127.91055043329263
EK202310177163,133.7236635345584
EK202310161995,165.44887616290507
EK202310130803,125.03704357982022
EK202310225601,128.75374992915235
EK202310139718,135.6058909055545
EK202310146622,136.9912846938646
EK202310113181,125.60650643460318
EK202310179401,168.03377724677492
EK202310202908,145.68346473473744
EK202310171925,131.97455145721645
EK202310136543,129.34140174816855
EK202310119266,130.70530850837915
EK202310144770,138.98435830036917
EK202310217594,140.49750504132018
EK202310224918,151.1599730435298
EK202310116728,141.89407294066268
EK202310136368,140.32688212870855
EK202310242872,153.92808140750142
EK202310226098,137.47516863349685
EK202310243029,128.42946697813474
EK202310234838,138.73105907840338
EK202310103797,153.43517931402937
EK202310159666,125.66756663147595
EK202310234494,128.09033952908243
EK202310134806,132.62060602329092
EK202310191437,143.03485961364163
EK202310125110,135.57134279545136
EK202310217366,152.81859849901147
EK202310191101,139.1201375189151
EK202310179382,153.6396770516794
EK202310137469,132.30965203828532
EK202310137658,145.36048934551732
EK202310134629,132.1704473760604
EK202310104525,131.0717397462495
EK202310151444,164.76372928876557
EK202310237636,144.34793296897755
EK202310143439,129.39955846057404
EK202310149845,137.12715294217668
EK202310128851,152.0370042782597
EK202310237330,139.19068477413484
EK202310117295,139.94071285143272
EK202310243270,137.22149494444105
EK202310187106,128.7441785339863
EK202310137652,140.37164164873943
EK202310217947,133.68131695332195
EK202310215368,155.83593360552777
EK202310113202,136.90462735689093
EK202310122109,134.29561145617924
EK202310121040,143.16159902658663
EK202310226711,132.99400467963451
EK202310132709,142.09920411267134
EK202310169984,174.53825632290713
EK202310198212,149.74558464095722
EK202310158003,151.0781849970279
EK202310214974,147.19251464357328
EK202310134360,141.89857371315549
EK202310178688,167.24577354276315
EK202310171682,164.374360887696
EK202310103768,141.0973472163874
EK202310209555,150.2264502884544
EK202310151086,132.61468950631712
EK202310201836,152.10255447713163
EK202310174895,131.2890519702675
EK202310138537,156.1938767980936
EK202310111581,132.5380315276965
EK202310219638,152.7417835324429
EK202310154214,149.92214883463322
EK202310200463,143.46672712158139
EK202310172356,136.98846087330983
EK202310164996,145.16044424555324
EK202310140375,158.35111479326034
EK202310216009,126.54174433540311
EK202310113207,127.37780617589617
EK202310132100,147.48063417939377
EK202310126863,147.97310452772894
EK202310146868,133.77655454697657
EK202310108177,159.94632974936607
EK202310166280,168.28233139030243
EK202310182008,171.42333392467245
EK202310162197,134.35325920779874
EK202310147752,140.101272902744
EK202310003947,128.48115555990705
EK202310176472,129.68390007883374
EK202310234387,131.8793937701206
EK202310170022,132.74245648325083
EK202310171056,132.71902463815093
EK202310180973,166.93514365873537
EK202310166464,136.96064418463035
EK202310123184,136.60891963837238
EK202310192128,158.52738305283145
EK202310207232,126.80213498445859
EK202310133397,128.95451720644425
EK202310113037,147.83975984832028
EK202320007617,158.2145027123468
EK202310128691,126.89880344583425
EK202310234443,123.77847404467774
EK202310163599,142.26301291795932
EK202310124529,159.42678829823475
EK202310195861,135.73845496021366
EK202310004652,133.5533306003457
EK202310128598,140.918462123218
EK202310219754,138.49105903898004
EK202310153907,144.3090326976748
EK202310210564,143.5981712251666
EK202310119285,156.9656694517982
EK202310236273,125.99983070152713
EK202310205597,161.14512159578734
EK202310232930,125.46353187618585
EK202310191886,157.05321911265838
EK202310236382,121.671409784611
EK202310174764,152.52538275365953
EK202310105490,141.23881584081
EK202310177012,172.4569747421197
EK202310128378,140.30283897278971
EK202310165398,139.89929494199984
EK202310142395,153.92813549467215
EK202310220861,137.5945455580788
EK202310209523,157.28627008151287
EK202310122997,138.68664382985187
EK202310205282,147.56145627683662
EK202310131435,158.20178846587308
EK202310203906,141.39597824931772
EK202310236413,136.352746279421
EK202310156951,162.70858990319476
EK202310106622,137.47500914373367
EK202310189975,169.42227733464478
EK202310225784,129.1318086074471
EK202310219294,134.64375743875823
EK202310105442,130.64345080240412
EK202310132208,127.15711342029643
EK202310105616,140.37578711346035
EK202310174736,132.76990539038877
EK202310196913,176.62842510090695
EK202310137961,131.9960765592396
EK202310176163,149.28523386834686
EK202310110032,131.7960994010283
EK202310157504,130.71542327874988
EK202310233635,136.80498932492534
EK202310248436,153.54846341789036
EK202310202168,126.22518093819042
EK202310155766,139.07158252762616
EK202310139190,140.9226327876027
EK202310178893,143.6960217194844
EK202310194060,157.76625844554178
EK202310118567,132.8694483532979
EK202310127903,138.756083538539
EK202310236053,127.10516947341976
EK202310156969,158.4722299085726
EK202310113094,143.49412645339083
EK202310117682,138.67113933121598
EK202310175150,133.85216174353064
EK202310190181,144.03507367547925
EK202310144477,133.37163490098723
EK202310167953,156.04245737890255
EK202310123207,138.06770448271635
EK202310211120,132.6311497416295
EK202310158476,154.2012412131425
EK202310245986,136.42912396459164
EK202310141979,154.82512698130355
EK202310210627,136.3604438419612
EK202310131358,128.3846002421035
EK202310108863,138.0173384979329
EK202310106507,149.18706308993492
EK202310219636,138.28702773447185
EK202310206075,154.59546492172942
EK202310164374,160.83278836912328
EK202310247640,132.110157063608
EK202310128033,172.3726353828123
EK202310202213,156.24541664865822
EK202320007199,147.89484177618903
EK202310148351,141.6801730340794
EK202310167191,141.2712750240126
EK202310191728,150.6058589076399
EK202310200275,132.58890636427685
EK202310240207,141.7652880445543
EK202310169132,143.36717349559288
EK202310144609,154.62811948277547
EK202310198534,140.5478236796889
EK202310117322,141.7244857604402
EK202310111311,146.32687905944755
EK202310132198,132.26313434646488
EK202310123213,135.17700608865294
EK202310175579,145.23293544408526
EK202310179611,160.51624090018493
EK202310162505,154.65301983067687
EK202310192578,137.44351562915503
EK202310106746,143.82530127478685
EK202310131965,132.34689509947236
EK202310193615,127.98920817898285
EK202310196394,152.74920381745983
EK202310219201,132.5917330687081
EK202310223123,134.76273004921208
EK202310193426,161.1272863791488
EK202310118739,162.994440679303
EK202310106117,139.60096886015612
EK202310104981,135.08287281049726
EK202310210450,136.955910390267
EK202310174407,136.52795817362352
EK202310104567,140.84912951372343
EK202310127432,132.572610995292
EK202320005737,144.5348775824279
EK202310191941,141.46635420862407
EK202310153855,133.7478063134856
EK202310207694,152.57590607438166
EK202310227244,136.17669612267153
EK202310153520,128.1355066923113
EK202310160923,171.01678300658168
EK202310105321,133.97013683933042
EK202310134289,145.21705872064362
EK202310221860,135.7416176816193
EK202310127051,127.23029400982
EK202310004011,139.72613600751188
EK202310106438,129.77628910667053
EK202310223885,128.3765631379686
EK202310147175,151.35605158515952
EK202310172305,132.06852968288604
EK202310233355,128.0429729836845
EK202310175639,150.1764890044232
EK202310119187,138.17736772289166
EK202310208266,146.3479744877512
EK202310218780,140.58932763067946
EK202310208314,138.15462148125542
EK202310231800,129.61060017730597
EK202310128055,153.35337396880382
EK202310239898,129.3582206801552
EK202310216957,141.44399757525332
EK202310209441,127.50050551557973
EK202310123208,146.78788380515124
EK202310209923,140.90290960205382
EK202310133751,136.97920119387703
EK202310245312,136.28988681170517
EK202310115764,135.91166519450027
EK202310207764,131.64440235222807
EK202310240599,158.71305051892085
EK202310147315,160.17607001007272
EK202310131500,130.09160955814286
EK202310176669,143.4349584969557
EK202310123945,140.60270095154632
EK202310209731,126.55901667733168
EK202310144605,149.50306437928313
EK202310122549,129.29992287947448
EK202310145497,141.41482663487656
EK202310140293,130.8403570491425
EK202310139650,135.06687654450434
EK202310157829,130.99681067479762
EK202310106995,143.8039391660073
EK202310124413,170.27469504664825
EK202310214088,146.69216408815495
EK202310164191,154.40235354578186
EK202310226197,128.81643653523793
EK202310004226,143.9319643583225
EK202310108441,132.21218211936238
EK202310135386,151.01382675110358
EK202310129306,160.48606993190626
EK202310235944,142.44790041339581
EK202310247944,140.83876706428669
EK202310165677,134.81644220530848
EK202310199534,152.64172728907948
EK202310126380,138.14022179026992
EK202310154011,147.63630797386713
EK202310132506,167.296623721908
EK202310108076,149.26698498302568
EK202310160457,143.88175320431426
EK202310208714,144.28308410863713
EK202310154569,146.79957073579027
EK202310144642,136.2858074184283
EK202310190051,185.12394616268398
EK202310117172,141.5070422720899
EK202310177405,162.55413536282325
EK202310213301,136.77179474021494
EK202310137198,156.7492318612353
EK202310151042,138.95659307848996
EK202310168461,152.79882061313933
EK202310243164,141.42720664599042
EK202310179023,130.03164712277015
EK202310160904,181.89939427211624
EK202310171189,133.70804665440167
EK202310239158,134.0189960685509
EK202310167988,154.27245514406468
EK202310226837,153.32064975708028
EK202310135580,141.45164382386395
EK202310246488,137.93477998614165
EK202310003762,141.76068819876144
EK202310134904,135.4621665773116
EK202310136330,144.27349679486713
EK202310217816,134.03029727744715
EK202310122041,139.59775983341424
EK202310246474,138.5878574590369
EK202310157040,147.45218606859288
EK202310198401,184.58084213566988
EK202310117127,136.59239654548358
EK202310105754,161.73537200618972
EK202310166261,143.6098744548145
EK202310168044,151.77340057443186
EK202310220538,133.43940390629785
EK202310139280,141.13835836786788
EK202310135523,146.64624252328719
EK202310236682,146.65627892360914
EK202310244877,139.74237134867715
EK202310107483,133.93278061947737
EK202310175451,127.75961854267926
EK202310180461,161.53967002734097
EK202310144697,133.25985301614324
EK202310123532,128.82085991029015
EK202310123754,161.38941825663747
EK202310206309,150.8607281567062
EK202310239121,140.49169802503334
EK202310104310,138.56293943354618
EK202310211761,144.88357450372735
EK202310191013,154.4517581098782
EK202310240312,143.70096849395642
EK202310217200,142.26248918332
EK202310114563,144.72005434980193
EK202310161367,137.79770547642738
EK202310144122,139.50868001052933
EK202310212504,136.57045805064254
EK202310177497,138.9586858241253
EK202310236237,147.5950488095748
EK202310198587,145.4778948555284
EK202310163062,140.22994757394548
EK202310164746,142.218127958146
EK202310201875,132.81409920165027
EK202310172081,154.47013981469425
EK202310239571,145.9823615493894
EK202310135582,134.30135762942427
EK202310168412,160.7491637553654
EK202310207958,141.2218839414224
EK202310192851,151.22025172258773
EK202310192868,135.260804890015
EK202310240745,143.53541578719384
EK202320007142,142.02329126463513
EK202310242152,150.62006530774795
EK202310158334,146.3280284739236
EK202310202840,150.10961037008906
EK202310135210,161.81305456716382
EK202310140844,152.58464253506517
EK202310231684,129.23329265923527
EK202310220876,139.8254671267935
EK202310135369,135.18901762066105
EK202310163963,146.78434146484227
EK202310126679,132.71072547844085
EK202310162655,149.6517094876967
EK202310154642,135.39189668148092
EK202310178024,132.37312103752674
EK202310168498,152.7788220313157
EK202310220365,134.6946542870532
EK202310111380,130.56378481356944
EK202310152697,149.20352585520033
EK202310246759,140.3528285973262
EK202310111419,138.81140769636227
EK202310218578,125.82813787532451
EK202310110262,126.00657938108246
EK202310112025,152.9112668221347
EK202310219733,145.10803384786047
EK202310188715,158.76901880135657
EK202310120824,168.02869335204014
EK202310115460,122.61061250758098
EK202310243920,133.47135496402336
EK202310177399,155.28102616805157
EK202310187981,159.12284287179182
EK202310245247,137.1826471203664
EK202310121751,136.27618278296606
EK202310157398,136.96833249770856
EK202310146316,150.5390883956305
EK202310147009,156.37805691775296
EK202310186969,160.42972672041364
EK202310137065,169.60219108182667
EK202310121746,129.33476404402887
EK202310156291,142.9108198709687
EK202310214011,149.95483851832847
EK202310214233,147.90618225590504
EK202310119619,139.11640518074012
EK202310179742,138.840788115426
EK202310182000,153.6679060965173
EK202310200585,155.16623499975162
EK202310152222,154.6431939307527
EK202310149190,172.0643803574326
EK202310187819,158.85194388470688
EK202310124003,171.70578581535375
EK202310201545,135.86399780943742
EK202310171385,135.20525243996155
EK202310238751,139.86385068558107
EK202310140367,125.29533906372305
EK202310237130,140.90999057829976
EK202310198345,142.59967223741543
EK202310247133,138.8520363696048
EK202310137734,123.07909902536382
EK202310148474,133.61515092885463
EK202310150325,155.44100848950234
EK202310208250,138.88400920698317
EK202310232333,139.06084759504995
EK202310226045,132.76820647054873
EK202310158994,140.5274490558868
EK202310198109,157.7079558437307
EK202310193685,173.51536631169589
EK202310178796,167.62914996309883
EK202310168028,144.05135635308406
EK202310106830,128.1422583291059
EK202310181540,131.998200261761
EK202310182066,154.30842069225167
EK202310206663,136.86196029494485
EK202310219839,161.33048380949498
EK202310201710,161.20733209685153
EK202310187487,132.81009429683814
EK202310202274,149.84363145312818
EK202310137558,145.45979776937395
EK202310190906,138.00361568875164
EK202310223424,152.57678188644476
EK202310178941,132.44120022038848
EK202310184440,134.0801096907642
EK202310155782,125.97320989509839
EK202310122432,147.66660954324053
EK202310182848,147.72044883410967
EK202310164226,152.86495674255372
EK202310173490,136.4612153846968
EK202310213090,132.19686087853094
EK202310153722,161.99996272172473
EK202310173472,157.10113549726879
EK202310167875,148.66360302377882
EK202310133234,132.96350958590224
EK202310223308,133.98213720674917
EK202310205100,135.67719417980092
EK202310198402,124.44795318493564
EK202310110225,157.8385810423412
EK202310171586,155.27268170947164
EK202310122356,143.28264094320798
EK202310163392,129.9239196046092
EK202310183719,182.39007167302617
EK202310003951,164.40483673718106
EK202310138515,149.96391532297113
EK202310170831,137.56309285440454
EK202310133182,124.71162827103353
EK202310111516,132.58138701088077
EK202310125263,134.72220681466897
EK202310240055,137.10078139428018
EK202310180483,138.43907024544188
EK202310204716,129.80032153572802
EK202310187018,142.94773167926576
EK202310158527,169.7022361980703
EK202310122260,140.16962279190014
EK202310234650,139.89668249940175
EK202310144474,132.48969996005255
EK202310237894,130.95749087476096
EK202310106091,156.240555273991
EK202310188317,131.5740203575856
EK202310158850,150.21546459249902
EK202310186426,170.14621758326183
EK202310169750,130.05802299997154
EK202310206676,149.7867315967103
EK202310155928,161.11981755186656
EK202310230978,127.90602345689273
EK202310233369,123.7015179301567
EK202310129476,134.20071171347206
EK202310133048,145.02402737484945
EK202310165488,139.80027157656102
EK202310143637,169.59424029444938
EK202310214266,146.0349032956602
EK202310126225,138.0989128087478
EK202310152458,174.09273507132215
EK202310223231,142.0319400153743
EK202310120167,131.1530108883733
EK202310143015,151.90172962522365
EK202310158308,144.0435859976393
EK202310173081,138.46400668447558
EK202310189028,130.7122453556898
EK202310132273,160.50388174625905
EK202310128353,132.97799582608016
EK202310174810,134.97030488693838
EK202310239062,147.10668693603432
EK202310120641,140.20175933669236
EK202310244227,136.04722660780632
EK202310118757,128.83512330371718
EK202310129075,151.55195333121105
EK202310224814,134.9977157069406
EK202310004731,131.68255505127732
EK202310156915,167.3578450859593
EK202310115641,132.70544498868773
EK202310118147,171.3793522877844
EK202310248390,173.73370187475584
EK202310218403,131.92884028522502
EK202310155441,147.5344951842625
EK202310230283,134.64586646836563
EK202310162794,151.43663989404257
EK202310182211,172.38686238074263
EK202310143073,149.1222421684237
EK202310177848,150.18432455656395
EK202310003966,178.28829509720472
EK202310194839,156.82253300087896
EK202310233597,143.47625503064245
EK202310160959,155.3601853601429
EK202310225528,136.4048929314499
EK202310108255,141.21088514441004
EK202310166709,145.94754518053892
EK202310203616,145.09325942048787
EK202310189898,179.6544018911358
EK202310135324,147.543534195865
EK202310183856,157.44996027436537
EK202310178334,144.78376831409142
EK202310112277,137.12722817092808
EK202310116332,130.91955551091243
EK202310174408,135.3807697552405
EK202310225395,138.7481998332283
EK202310179921,135.93361207749075
EK202310136896,135.60507561902762
EK202310246946,149.92004939211787
EK202310132878,136.6464374469511
EK202310132936,134.31586352221552
EK202310117215,132.72420529714393
EK202310194744,140.81367041606433
EK202310239667,145.16896977831271
EK202310137081,139.97919799531223
EK202310195120,155.65615627788333
EK202310244943,139.8088604406925
EK202310216463,149.63319918261618
EK202310175023,144.22254688064797
EK202310123452,137.21242251976687
EK202310120759,144.18712481321427
EK202310200555,174.86285093022212
EK202310183159,155.0212280618083
EK202310237119,148.9176389725424
EK202310241465,130.2733925984135
EK202310185913,146.71522778400856
EK202310207534,151.27700471406
EK202310158605,152.4868038513983
EK202310193608,137.9066827919311
EK202310238219,147.34496746346272
EK202310142209,167.03191098181685
EK202310158659,131.7751281304961
EK202310196102,149.00674940549763
EK202310244335,135.76877205069943
EK202310151300,155.76822049154055
EK202310135647,124.9026420102267
EK202310208600,134.15623218879983
EK202320006689,151.82229935095077
EK202310208813,158.2201416744882
EK202310154438,142.36982135884384
EK202310165804,135.4413011360919
EK202310124724,133.4203011596729
EK202320005923,156.88123079473172
EK202310193868,150.632822071293
EK202310243558,139.03066728029862
EK202310213393,139.446242819446
EK202310142913,154.41166565648498
EK202310168870,156.20768076857993
EK202310246882,155.60971367727552
EK202310123829,134.15445428988374
EK202310125993,141.5678117262955
EK202310148678,129.32749513742425
EK202310214338,129.67393328775574
EK202310118609,139.3031422092274
EK202310223350,152.37081834816246
EK202310161314,129.68545320775715
EK202310172634,161.78340254169493
EK202310218585,138.25436704874534
EK202310004027,133.47014681058096
EK202310177913,139.4608032917733
EK202310195749,135.6814077376013
EK202310176453,134.7539983715762
EK202310213885,155.317026400085
EK202310137118,160.72217873271967
EK202310219450,128.4331674922869
EK202310228378,158.31390104001173
EK202310157141,159.66688222133308
EK202310131718,139.71301928558847
EK202310165083,132.39061224672133
EK202310004821,131.53584927983042
EK202310115195,130.71600795531694
EK202310179460,127.7007964791976
EK202310204918,145.42921937466818
EK202310126066,125.6841287154293
EK202310147822,152.76402729001904
EK202310233974,140.61430573094384
EK202310152337,165.9109145849001
EK202310121597,148.8228949992145
EK202310113315,133.33078769771313
EK202310172487,162.3220892255726
EK202310208865,139.5668408072877
EK202310178856,125.99265677398226
EK202310163216,139.36220962717294
EK202310192275,139.18870947154505
EK202310123629,133.40102841796528
EK202310118365,145.5272908203041
EK202310205626,149.20261472977978
EK202310197305,136.9996444619035
EK202310168104,140.00760830724596
EK202310147731,159.5702501854554
EK202310202905,136.7523644501455
EK202310240860,141.06523759740276
EK202310003646,147.30401804790213
EK202310241992,131.59054918580432
EK202310139823,140.42075108827564
EK202310229599,130.68254790512657
EK202310183516,167.5362624426744
EK202310224914,120.9197168583056
EK202310191077,148.54871864523844
EK202320006964,172.53093478707729
EK202310237895,136.14566153199894
EK202310176057,146.09134733143532
EK202310165954,130.84897712495734
EK202310122162,136.7272264567128
EK202310126238,130.6280831886926
EK202310121795,141.20291188167218
EK202310161976,160.27441274719857
EK202310191508,144.11769824772827
EK202310176644,147.3349019096261
EK202310152467,158.43352743690355
EK202310219240,133.77917375097627
EK202310208125,142.12891718621992
EK202310159439,157.1071671338227
EK202310112020,151.84677882348169
EK202310131152,153.67274967384907
EK202310231176,134.22113228368818
EK202310119600,150.6420786469274
EK202310142740,164.3722039877877
EK202310190305,131.34250431072397
EK202310181410,153.9917034929155
EK202310195269,131.31226823052737
EK202310154821,128.54949776165688
EK202310247409,136.45550437875178
EK202310146034,131.9643256258398
EK202310193073,157.95446766847553
EK202310184666,165.4047406743688
EK202310107982,146.72895318683146
EK202310118565,131.44289806180322
EK202310189557,142.65691119938998
EK202310176523,148.3231063212403
EK202310199098,142.81702425407187
EK202310192444,160.6767884576471
EK202310201510,147.12717618357493
EK202310152404,140.97716620130987
EK202310159084,166.38951843086227
EK202310241360,142.5812611709007
EK202310216628,145.58140096716204
EK202310228907,129.07099404438924
EK202310129890,146.4157650304286
EK202310151590,131.49297261080923
EK202310145359,128.28013083405
EK202310157050,136.41870125244492
EK202310176488,132.81964505080614
EK202310130834,138.82201858782054
EK202310209574,138.88080718376614
EK202310111176,138.21393515968566
EK202310147278,134.52863167778932
EK202310208597,157.41145520127415
EK202310196533,135.6464104451373
EK202310195547,182.2156599973253
EK202310176613,133.0561274295282
EK202310164726,147.84720684761788
EK202310243633,137.00214940506808
EK202310196133,145.5065608009285
EK202310147029,156.166898041522
EK202310218892,149.78105750443268
EK202310140920,135.17687004128356
EK202310155482,138.61422457573602
EK202310135200,141.846276785545
EK202310172820,139.35936446492616
EK202310105543,127.53616612282022
EK202310172387,138.2635999746626
EK202310176697,145.38010762939496
EK202310218951,149.76139573740645
EK202310103784,140.97697782625644
EK202310230023,130.76798161997277
EK202310164692,145.3632123319933
EK202310104542,134.72861244942482
EK202310176068,150.25748472065894
EK202310244683,139.04305099658342
EK202310119149,138.43500385046488
EK202310191861,127.76277665367192
EK202310199949,131.19004416711425
EK202310161393,141.16591255201772
EK202310125111,135.79458560851867
EK202310199054,146.90480430737992
EK202310004487,138.33271703974535
EK202310183184,130.15182000913433
EK202310201897,179.86014215635527
EK202310210681,125.5287946435599
EK202310171699,122.85150727537903
EK202310136344,129.43560081805114
EK202310142799,138.02807047549373
EK202310003358,138.8525302772139
EK202310177915,141.73401863824643
EK202310233198,142.36296899725983
EK202310180154,129.21800555161892
EK202310174450,128.02498513575983
EK202310136841,137.45594751304768
EK202310121016,149.2511113195879
EK202310165032,138.31832370220462
EK202310228963,135.29812668009458
EK202310121559,151.87199620395893
EK202310181916,133.3087829363349
EK202310145575,153.10377072073038
EK202310239181,143.49240185337234
EK202310188158,139.4938990169153
EK202310128251,125.74630617790262
EK202310132218,146.97037141148064
EK202310171818,161.0447246602319
EK202310104717,122.8783228742687
EK202310166536,155.1007945909552
EK202310165544,168.19606757713225
EK202310106140,133.76108824834478
EK202310120542,129.22143420437575
EK202310200432,142.72862727800467
EK202310137688,144.4788066829618
EK202310199770,141.67260762288345
EK202310151234,141.47529233030008
EK202310239824,142.7337145265566
EK202310109979,139.02843369529896
EK202310222377,123.79197962187123
EK202310129765,145.57455992259847
EK202310004768,129.980601871784
EK202310161683,156.16520408597395
EK202310111657,155.91725647446032
EK202310233223,136.69830436948212
EK202310191113,174.0145223738832
EK202310133283,143.91363588797213
EK202310196259,142.8640926439378
EK202310180866,140.49458764065574
EK202310219289,135.93348227652592
EK202310195465,188.68348549152142
EK202310163110,147.22491768279409
EK202310236924,133.71958914339305
EK202310175544,153.348036248704
EK202310106368,138.23040141278233
EK202310187622,159.0416124607257
EK202310204563,155.47339997776282
EK202310169494,143.80329963893413
EK202310151846,155.74812933966197
EK202310239299,137.0788494890415
EK202310145012,127.92792984453912
EK202310110945,136.0852314755696
EK202310198659,136.70210499711544
EK202310130369,122.07082072120006
EK202310191235,149.52327337613607
EK202310171717,133.9596859880798
EK202310235589,139.11328618189648
EK202310114348,137.6048201183811
EK202310232893,159.77223978769646
EK202310164789,151.8613059318465
EK202310236042,164.7862720324138
EK202310004445,134.45977149666612
EK202310172245,132.96935556371338
EK202310224823,129.86616798850923
EK202310136877,134.77587844131753
EK202310123423,146.6835057940493
EK202310153225,154.69406093271562
EK202310145756,136.6885736607963
EK202310146568,138.03939596373834
EK202310163087,138.10165297827854
EK202310245297,167.70398922135328
EK202310209644,147.1934867461591
EK202310140290,130.18220844491572
EK202310221072,141.0950898445958
EK202310135414,139.73011037127418
EK202310187378,154.94642421911922
EK202310133530,154.63825198750888
EK202310224364,142.59697615052144
EK202310195517,142.04827263398025
EK202310204169,137.8864640179241
EK202310210323,125.71768562593992
EK202310200422,134.64490976618265
EK202310151056,129.8309730409398
EK202310227277,136.26604147655803
EK202310247028,140.70722180846388
EK202310180050,140.78572812992766
EK202310127868,141.9292609143397
EK202310234685,142.31563068490073
EK202310223304,132.90523538795802
EK202310222628,131.46769034885943
EK202310132162,142.92358135226644
EK202310107313,160.39463347683656
EK202310193034,123.81735443380877
EK202320006263,158.91493207764933
EK202310180508,135.03497249057475
EK202310126699,135.7880092772367
EK202310161588,153.92274586599328
EK202310230044,131.2921169853635
EK202310131679,143.5177163598051
EK202310130402,142.0964379873129
EK202310186216,133.1883241571497
EK202310104460,142.66798818562012
EK202310138193,126.48786406305983
EK202310190994,156.70565360736828
EK202310235895,135.1809365195349
EK202310129828,155.08756448132826
EK202310188700,160.4823221567784
EK202310162187,132.731281165224
EK202310137095,138.74298542859628
EK202310142210,141.78738581568524
EK202310197331,148.38577084525593
EK202310224439,159.81260922115945
EK202310202545,167.20283458413596
EK202310172841,151.2291515604078
EK202310185316,149.65682091936728
EK202310193096,130.81775123557418
EK202310239366,134.32449344715778
EK202310157680,138.65795725301953
EK202310216245,133.73480922809276
EK202310122188,131.9581272222925
EK202310229644,138.91228831335908
EK202310205871,131.78044860597993
EK202310215556,153.1127561923553
EK202310158679,186.757721664294
EK202310147755,137.69115064494486
EK202310186194,154.19092222766125
EK202310117620,131.65027463437323
EK202310194359,139.31010108536245
EK202310198922,130.3188784731693
EK202310116214,141.1216877963643
EK202310162259,141.29755099067054
EK202310157059,170.45114410277395
EK202310128924,137.7591864248554
EK202310141619,147.23983876572547
EK202310221578,138.18183185110394
EK202310138618,137.64706706276556
EK202310183482,143.09935974631338
EK202310152447,137.15138433098934
EK202310237940,138.02974056135938
EK202310150193,130.4135238200842
EK202310183803,167.9545549775918
EK202310111372,136.2986332887414
EK202310201263,151.67536899378763
EK202310124638,148.27877928072903
EK202310178960,150.61988958085846
EK202310210327,131.62268627152784
EK202310201273,155.41909113844218
EK202310222624,150.525274221529
EK202310180840,133.72274626067528
EK202310185078,156.32575139638993
EK202310168572,159.812904740576
EK202310170490,127.65421093926271
EK202310232989,127.76291276351232
EK202310162228,153.58063414056843
EK202310175459,145.98999661615215
EK202310165474,138.78189058474882
EK202310243395,146.2095751259672
EK202310127631,130.21711694888273
EK202310186924,134.22996305704902
EK202310163431,126.31620424107635
EK202310189463,184.00254888456783
EK202310190842,155.82590041692455
EK202310185696,155.1974442251953
EK202310111713,132.46332359236598
EK202310193617,157.23015944717775
EK202310125805,138.52966194646228
EK202310151745,145.34672496777043
EK202310175297,133.67482115192584
EK202310196724,131.8542192785392
EK202310233146,164.0873754207873
EK202310143125,153.59113811389744
EK202310162683,148.8106887421525
EK202310105844,145.18989188041604
EK202310137395,134.81884582341857
EK202310234360,159.8686438883719
EK202310169711,172.93460361156394
EK202310229840,131.04820035030335
EK202310108815,140.8889837969669
EK202310173350,142.90059595943
EK202310221654,135.690263507576
EK202310117503,136.15833891886865
EK202310118377,128.05707971758227
EK202310193948,161.31514764750634
EK202310157293,149.10734317942396
EK202310229924,143.82944108386815
EK202310207252,136.82795034552717
EK202310112063,153.23248678499309
EK202310211575,135.80897748650858
EK202310121865,131.03303250365136
EK202310229242,135.16436273685457
EK202310217753,127.54468217510814
EK202310154203,158.06747497073636
EK202310119526,137.0401397541389
EK202310233019,140.19459497372594
EK202310110136,140.23019955434782
EK202310136917,159.80136358612032
EK202310232125,143.028927498989
EK202310195652,157.43700556152334
EK202310003341,166.67433801178188
EK202310172729,143.98121160982544
EK202310106011,149.70645211542177
EK202310226908,133.09313036222042
EK202310160952,168.6104085293398
EK202310123901,143.92305240435607
EK202310219883,135.28782015778575
EK202310239294,137.70813965481662
EK202310191292,137.22591516870688
EK202310242675,132.17135473946087
EK202310159365,142.09217392787522
EK202310207357,129.82220534386576
EK202310134219,151.8152313476632
EK202310204692,161.7652925393051
EK202310145833,142.9795381366503
EK202310232367,133.0924609798721
EK202310133942,169.75827793910625
EK202310116957,138.9759711432646
EK202310113990,133.59635713285522
EK202310110317,132.03612328739544
EK202310183678,132.69501768522795
EK202310210475,134.85883201105815
EK202310215753,137.06091100573514
EK202310172041,158.79423450048293
EK202310127368,138.97160907893291
EK202310133141,165.87533575183895
EK202310166184,156.86619002931454
EK202310123460,131.10937211014772
EK202310159288,169.3078386612987
EK202310224966,155.79172282834773
EK202310169548,134.50219838467825
EK202310157945,161.94481121522645
EK202310208906,134.1883138853586
EK202320005732,145.05391754566844
EK202310140120,162.2163252806211
EK202310153086,159.89176871410493
EK202310230330,128.97471720568882
EK202310213318,131.4026452342549
EK202310178418,151.28747764715243
EK202310155143,132.677152058291
EK202310183350,154.30970982600618
EK202310171243,152.92441142458438
EK202310241995,138.99812225497826
EK202310166956,134.40469623140936
EK202310239455,163.36350698837254
EK202310230110,133.5508568497344
EK202310232654,137.36810625184577
EK202310230579,130.61154830993667
EK202310230165,144.4419386295504
EK202310150438,149.9408736868264
EK202310114432,123.08480335186124
EK202310178701,172.01549680715573
EK202310193862,158.5990686238959
EK202310133458,133.8203968501799
EK202310126585,130.16427467578052
EK202310114949,129.59408854671238
EK202310239835,131.44358825545808
EK202310198418,165.23148790072122
EK202310164005,133.99371854004357
EK202310108538,150.47425339325196
EK202310248296,134.68460454880682
EK202310164825,137.27700075766353
EK202310202468,135.16736120792137
EK202310179750,143.46665561046876
EK202310178078,149.31318894038694
EK202310224170,173.89540922372032
EK202310108711,138.02445878056628
EK202310107024,141.65827570527034
EK202310229155,133.97830450056614
EK202310109556,138.49487590417283
EK202310202152,139.61474403996934
EK202310237189,141.51398893743206
EK202310147644,155.4478184268687
EK202310161108,176.53541522292804
EK202310122907,158.32070896896474
EK202310108647,137.66138942881653
EK202310116234,136.8801327713548
EK202310180820,145.3653370433717
EK202310185427,139.15189204312566
EK202310156227,159.05813613725746
EK202310121246,132.93822007500094
EK202310135704,134.11094753957138
EK202310225359,131.87398810936682
EK202310205195,152.81029107514766
EK202310201515,150.17091571779656
EK202310195070,155.43632746630664
EK202310185184,140.83958387693403
EK202310233163,133.83064738488048
EK202310169236,147.8709658980342
EK202310113651,147.8019385899612
EK202310105373,133.52485624543655
EK202310106115,127.78121934177648
EK202310245413,136.1722605668784
EK202310219987,138.40489402466946
EK202310142576,144.1660241277204
EK202310158268,146.24813132699998
EK202310156894,155.63557694613317
EK202310004886,152.35623733814828
EK202310154420,139.02836578536
EK202310210832,136.44088322029896
EK202310220049,141.6364359883381
EK202310181921,160.4535872651191
EK202310201324,164.07173751088828
EK202310191459,139.10520853381593
EK202310128368,143.21853491120817
EK202310175128,127.91853652566232
EK202310172288,144.69836553163773
EK202310216634,136.48286742315872
EK202320007004,184.6484802300474
EK202310244935,122.42626913177017
EK202310176831,135.68933070137297
EK202310119255,144.63122974799322
EK202310225916,134.18789760565468
EK202310159227,176.6310711788829
EK202310208285,151.3317189132984
EK202310139560,163.0891418847324
EK202310122710,125.65442973966617
EK202310121289,136.59756694099912
EK202310124642,139.4442404957785
EK202310232850,135.15833020561118
EK202310162749,161.5963382130238
EK202310114861,146.18701737009567
EK202310147672,154.35272643047148
EK202310146693,144.078468143218
EK202310229560,141.8558341191775
EK202310153109,145.53052979243958
EK202310159133,134.45666655385773
EK202310147681,123.1605263288733
EK202310154454,143.73546522855506
EK202310215971,134.8967832392162
EK202310176116,150.86061464664758
EK202310108965,149.07334880467727
EK202310117311,137.08163866107688
EK202310205689,135.09018645761813
EK202310196959,180.7628811910209
EK202310208747,176.32066217264574
EK202310220306,138.260324314758
EK202310229825,138.84603213618738
EK202310156765,160.75568354182477
EK202310123916,138.5066612817861
EK202310208563,143.80782290440672
EK202310176612,139.61080367893194
EK202310150270,170.4969035518665
EK202310167920,121.18825418746367
EK202310004780,134.03841258546535
EK202310228392,142.0345997300993
EK202310162764,141.4973527862727
EK202310178248,151.56060344078733
EK202310161854,122.65608672397623
EK202310184896,155.0521944050348
EK202310196454,143.34305860397518
EK202310166252,152.74889170006585
EK202310224266,136.3611875571707
EK202310228300,157.14698422612938
EK202310228517,129.83875483995655
EK202310119762,136.47163044142732
EK202310197634,132.10259297436494
EK202310163433,126.70564945485043
EK202310205791,146.48992708384694
EK202310198433,132.48925451353625
EK202310205023,142.906239193668
EK202310139454,142.69172795864864
EK202310201839,137.66597546551878
EK202310197547,184.37779413634465
EK202310233724,142.4956249196455
EK202310153252,159.5117556806005
EK202310190922,129.29486435424053
EK202310142523,142.35472779287974
EK202310219846,142.62013924740282
EK202310198901,128.20223978379826
EK202310167227,144.04414844675904
EK202310111384,130.79482057685365
EK202310136046,157.47797379566825
EK202310214121,156.17129099096397
EK202310118169,138.1121896227894
EK202310183250,137.94195329572977
EK202310188579,136.19100764059718
EK202310131031,140.85494693268515
EK202310104480,141.4175120541922
EK202310239710,148.52242129274603
EK202310234691,126.67677199886008
EK202310168972,129.53757797169192
EK202310120008,129.7046211113838
EK202310212233,134.09168260026496
EK202310215929,138.6431125765792
EK202310211484,126.00863708505067
EK202310222506,137.03362662737067
EK202310202763,180.58675164736616
EK202310220490,144.40728337577522
EK202310116375,134.76286737883996
EK202310175337,166.6071219941028
EK202310240580,137.6837730098534
EK202310109905,149.02102914156268
EK202310192597,143.30066355778567
EK202310114800,125.5661896216492
EK202310132205,126.0552987987867
EK202310110193,128.14857855751922
EK202310165102,146.55134285409432
EK202310116663,139.67956783418958
EK202310218315,140.51935264247078
EK202310113156,147.01689391691485
EK202310231146,131.0457840849018
EK202310180373,132.9579642517523
EK202310232424,130.021370688895
EK202310224878,132.16545332079164
EK202310103830,128.09321186142375
EK202310240706,129.81781561641597
EK202310120776,143.57621612837244
EK202310160117,140.16649574421285
EK202310132998,134.1473156921901
EK202310003968,172.41093578426626
EK202310209613,146.6036214288903
EK202310241092,139.26849144380247
EK202310123771,141.9579697101062
EK202310245280,132.79988779833488
EK202310244377,140.20204706674073
EK202310109713,176.1056284594147
EK202310228232,138.04775001320974
EK202310148652,140.00968947410817
EK202310243472,132.0126774780395
EK202310170765,140.92068461454042
EK202310170088,127.91872744610852
EK202310004315,129.70545312243024
EK202310217178,134.68731878028058
EK202310108775,134.5419613929351
EK202310180920,152.63969728259843
EK202310246305,138.95431437479175
EK202310206922,168.582505886592
EK202310167783,159.5020327539796
EK202310129574,138.0211976210116
EK202310174308,136.6859643473669
EK202310161413,157.91333957408602
EK202310148150,166.8931347374046
EK202310141044,166.14254623744773
EK202310231588,137.0268524106395
EK202310118970,128.3109528066442
EK202310181033,164.75081261905285
EK202310194383,153.6270827946131
EK202310183986,167.72725184752102
EK202310150419,142.9554552494141
EK202310194684,145.56145648781936
EK202310123982,170.34137841742907
EK202310167254,136.05557069601795
EK202310170710,135.46251728725954
EK202310112450,137.56723247684664
EK202310220586,144.4117512029295
EK202310189665,145.42442613797658
EK202310117974,138.26528529734816
EK202310131602,135.6255835854394
EK202310162096,140.76822297092681
EK202310243659,142.77950818746277
EK202310187107,120.14649451658654
EK202310188591,129.56765053989173
EK202310130729,144.5052822556704
EK202310207612,136.41593054171176
EK202310190165,133.49855836466514
EK202310240918,132.66037497695498
EK202310138933,144.47500766800638
EK202310124424,131.75185138590822
EK202310207452,140.75739407157153
EK202310149692,156.90294485380662
EK202310122269,138.88509486064052
EK202310178206,145.72794031283908
EK202310236928,126.87235855820667
EK202310108129,150.49667226268596
EK202310242986,136.45492594194147
EK202310153555,136.06121287227398
EK202310135472,148.06103096974218
EK202310135151,146.8558152921828
EK202310121132,152.36995460626062
EK202310159808,141.28478117728488
EK202310111940,131.9185410916168
EK202310211823,128.95233435863258
EK202310208954,159.7537507940839
EK202310174925,165.24062185667762
EK202310139934,135.1684179180648
EK202310128204,140.13845243689283
EK202310207948,137.8666938514804
EK202310194132,158.15425929935813
EK202310213757,138.00493837698528
EK202310210438,138.5788916465588
EK202310144525,148.08599053963536
EK202310125105,136.40031461878118
EK202310120299,138.73555218098338
EK202310246727,135.11181161303645
EK202310200847,155.04689579403444
EK202310181091,140.6098836848773
EK202310130669,128.35964290241665
EK202310164111,135.54918449272543
EK202310141945,143.69512264361924
EK202310238865,166.26094794656922
EK202310107320,130.09503870486364
EK202310220000,144.78138776186756
EK202310180826,151.07046506178
EK202310117534,150.04584325358962
EK202310148403,159.0361591956085
EK202310235756,139.58796640452934
EK202310215153,130.07108723719244
EK202310215909,134.12364348801896
EK202310232668,136.20109746323286
EK202310169331,170.3808791567086
EK202310168151,137.60661558732863
EK202310218890,133.51438155825036
EK202310186779,139.87831653637744
EK202310114858,133.3031190141308
EK202310152341,147.10867396656383
EK202310128217,123.68169043658523
EK202310193271,131.19882209158467
EK202310180464,155.02744133712383
EK202310205276,127.02911186521433
EK202310125640,126.49975895385748
EK202310141600,146.57542557491968
EK202310141981,159.59096415545747
EK202310167795,155.1921590781724
EK202310192334,133.91511961870506
EK202310241694,139.02289948565308
EK202310196935,131.75785235191466
EK202310180151,131.02640098487154
EK202310106774,138.11525159657967
EK202310215027,167.06021631382941
EK202310216078,142.5550981999764
EK202310163711,149.8699978980027
EK202310109770,156.9583953548074
EK202310215501,133.0154133645268
EK202310163977,141.39306011348873
EK202320007174,159.10636580459433
EK202310205844,132.91646198508195
EK202310139223,143.29905032685195
EK202310244458,130.40698810282035
EK202310131387,156.63165474415368
EK202310143831,132.26669360232452
EK202310147793,150.42569332372943
EK202310219748,128.2516032451914
EK202310155389,131.6230232488623
EK202310134466,163.54414379854921
EK202310151903,142.5511892981052
EK202310234772,136.58372810135302
EK202310131775,173.1537595839237
EK202310134952,152.03473332291642
EK202310118242,128.70662700375516
EK202310107035,137.22673672775886
EK202310131515,143.47625303025646
EK202310244132,141.1037662446628
EK202310201654,150.36821432831658
EK202310237041,147.4777709978914
EK202310171334,153.68308292388298
EK202310104916,128.19401684468514
EK202310182983,144.86675845482625
EK202310164359,153.0281856499529
EK202310112552,144.2606381299784
EK202310201546,138.16156355097706
EK202310202954,132.80685521198734
EK202310134253,152.49754976938726
EK202310004718,154.98064544918222
EK202310242169,160.5491982562734
EK202310188966,135.26773233678168
EK202310179423,129.96229781850317
EK202310218744,155.35806488233828
EK202310193025,153.55013218043763
EK202310232272,136.61764315899967
EK202310217104,130.37705288916854
EK202310245973,133.35645892105777
EK202310108124,142.54645663615267
EK202310195074,166.43595705694145
EK202310177534,152.15071729439825
EK202310220572,133.34585732442022
EK202310176418,149.5636398465928
EK202310159967,157.1200150919849
EK202310163800,140.7055385872958
EK202310154402,171.42236342939975
EK202310212424,138.64931990193074
EK202310115194,146.88830330844016
EK202310157002,145.6043913568591
EK202310236493,135.20664295625963
EK202310209384,139.29504024150214
EK202310153699,134.07169566687966
EK202310140162,134.12107553215944
EK202310191690,161.7476179261659
EK202310164321,148.12278999757066
EK202310167679,127.89304513169029
EK202310118401,132.3420847798333
EK202320006231,149.38634264783732
EK202310158105,137.85034379067517
EK202310179352,146.21618937118114
EK202310112735,147.75687949189125
EK202310144319,133.7839507014762
EK202310173893,150.6407038720827
EK202310160526,140.69539619486372
EK202310147338,126.61331845504125
EK202310164737,149.01254811659444
EK202310226429,132.72035857035868
EK202310119510,136.51152592165548
EK202310111353,141.92256609338926
EK202310121601,128.929271255518
EK202310138216,123.74906968004827
EK202310222532,147.9998982830414
EK202310138949,142.61914483154413
EK202310214912,153.09952276006095
EK202310121057,139.19806596194377
EK202310231318,138.65320450389115
EK202310137231,132.74086291419832
EK202310136824,132.0078919502668
EK202310115476,141.62201328930533
EK202310195522,178.76252642884603
EK202310130890,118.98215903349917
EK202310161838,182.49593735259492
EK202310158188,129.40287676492554
EK202310184190,136.15224120061512
EK202310106659,157.3387874165829
EK202310134400,133.22905478986993
EK202310209267,140.5106838845217
EK202310241209,140.55548895349798
EK202310214760,144.8722565346413
EK202310151809,160.09267906065818
EK202310198002,137.36680409064314
EK202310228621,134.2537970467642
EK202310162885,138.821464559103
EK202310133298,143.1734845237309
EK202310126484,134.75139179929914
EK202310196380,127.84396088211946
EK202310143373,135.55564353141233
EK202310202385,145.9845473811786
EK202310131648,136.31919637943028
EK202310116966,139.85930205208427
EK202310134410,157.30952413880874
EK202310191544,136.376870212877
EK202310196047,144.9434973494853
EK202310119440,135.39293882701398
EK202310132919,154.7601155851582
EK202310156448,170.74741727058355
EK202310198177,131.2828449088538
EK202310148838,151.12701174626568
EK202310171364,141.9017959613094
EK202310120500,125.54292289604965
EK202310247151,134.20887095026484
EK202310144904,125.16208751892383
EK202310174989,140.23013140925204
EK202310133355,136.2802120970751
EK202310226353,160.61259784975314
EK202310176858,133.26052326039874
EK202310227114,154.08816567425794
EK202310187693,143.31854127237077
EK202310109711,169.50682181033318
EK202310181780,166.8162286479247
EK202310163147,149.78565398563177
EK202310190696,144.09864453569563
EK202310165868,146.58269062867373
EK202310110400,139.20288462124554
EK202310135537,144.32033708863165
EK202310169217,158.86812311954293
EK202310195878,153.6288179605248
EK202310189489,132.24704384774114
EK202310205257,134.05583427416403
EK202310239304,163.81108494696127
EK202310132417,128.8955073514388
EK202310221095,128.36638975935836
EK202310110398,132.87601185863193
EK202310240389,141.95431339075606
EK202310185614,150.22299695848548
EK202310213110,134.30286016406737
EK202310154463,143.44540268598507
EK202310177140,177.59344890474694
EK202310175268,165.90886316710012
EK202310199152,133.42505500249538
EK202310128676,157.33062943137185
EK202310168399,164.95312757377326
EK202310201459,139.44917356216493
EK202310235106,145.2303965602392
EK202310232368,142.28678801662667
EK202310127908,126.36034956343259
EK202310182464,145.15774196157295
EK202310184852,127.78319927392988
EK202310170955,135.60343818717953
EK202310185265,156.58830224010018
EK202310114431,143.10493578113935
EK202310124741,159.39691264384973
EK202310193561,149.94083380430328
EK202310113830,139.49865526085756
EK202310229300,148.82033476217057
EK202310176918,151.8315564782646
EK202310222543,134.25026974396636
EK202310240095,156.87785203623554
EK202310208448,144.10082342945998
EK202310201172,191.25256229834662
EK202310125525,140.25996358377083
EK202310221529,138.39657182230505
EK202310120352,154.7742801565528
EK202310140711,133.8919972853273
EK202310211389,139.05352078367224
EK202310124018,168.64557033803504
EK202310143340,127.85203692305004
EK202310180385,147.75836952348084
EK202320006974,155.32668560457194
EK202310159693,149.71486685554518
EK202310181459,128.1575168466312
EK202310182182,141.71500839339907
EK202310141048,158.9993547441037
EK202310211604,136.9562834464291
EK202310141173,138.06347209486663
EK202310151648,140.97761957652713
EK202310243583,143.31754376776843
EK202310133700,128.94989871761848
EK202310152960,158.18451734714668
EK202310192543,141.0889163305725
EK202310131141,120.79501156576
EK202310134377,136.7448072843651
EK202310174653,138.209372231289
EK202310218574,148.91192074981927
EK202310191005,142.72048820244953
EK202310104855,129.48801882012623
EK202310178218,152.03021776077196
EK202310166318,167.1700949205469
EK202310202248,144.24415584438614
EK202310234490,154.45547171120322
EK202310225442,153.4267523760966
EK202310123331,142.68461485073985
EK202310238951,136.99987245100004
EK202310114122,133.7980579254915
EK202310202645,141.83925838806968
EK202310221624,132.59272649566378
EK202310147534,156.62500151211103
EK202310197356,185.54284637718922
EK202310222430,134.14008179130525
EK202310225523,129.0687358918526
EK202310177178,161.66951314407174
EK202310153665,133.57228157530653
EK202310196238,137.17788081740935
EK202310244577,150.3639988022511
EK202310172448,159.42651348545726
EK202310225799,128.88471560913212
EK202310183968,135.48125224741585
EK202310203019,149.017822244868
EK202310109776,141.90896357730074
EK202310111537,142.24410362851373
EK202310124731,167.76917939379612
EK202310213643,133.9687978237803
EK202310146267,139.8381621563591
EK202310245701,135.7101583181323
EK202310177157,130.0883461673273
EK202310153114,157.55994238028842
EK202310004024,177.62880484833352
EK202310240323,137.5733273871378
EK202310116344,133.7314158398812
EK202310174344,136.7266611917109
EK202310166165,146.04094417385463
EK202310122743,154.80789991219197
EK202310226015,141.50730937878046
EK202310152541,144.94172276187652
EK202310189773,145.81894745744185
EK202310232097,144.4764369268891
EK202310155304,131.1366905155906
EK202310200289,136.2093516985572
EK202310208997,131.6284930877409
EK202310176430,142.67878284262827
EK202310205504,132.51085992398356
EK202310241123,140.09034763563196
EK202310160664,142.1411289751601
EK202310235837,141.5101524495939
EK202310190225,135.43184181078783
EK202310218794,122.26852699726433
EK202310244811,137.65327053931387
EK202310144333,130.50991788977925
EK202310134916,161.66054023998853
EK202310133279,146.3281754534949
EK202310230299,137.9075412925636
EK202310181539,159.21556457569815
EK202310137837,139.7479410395887
EK202310142434,165.25823090598462
EK202310108559,137.29119692957053
EK202310172173,143.3010237055886
EK202310170541,155.7085183173045
EK202310106066,130.59854856338734
EK202310242004,144.0424569895009
EK202310114374,143.7462910980873
EK202310147018,156.2898725986961
EK202310193730,135.3597930769837
EK202310155054,127.15425506850121
EK202310211249,130.20882183754216
EK202310203058,146.77664103142942
EK202310224924,165.2242707730993
EK202310153934,146.00822333152672
EK202310192789,143.4805140028724
EK202310176566,135.25495270165078
EK202310215186,132.15746204306717
EK202310159944,142.73302881185612
EK202310209677,135.97473401112578
EK202310137062,149.16414318669024
EK202310209003,165.4753719941362
EK202310236143,138.36777821291545
EK202310159540,149.80256459023911
EK202310141923,150.80169573532393
EK202310214900,140.78877577759113
EK202310150311,147.2051569859914
EK202310145121,138.6463554666909
EK202310138102,130.3259946922722
EK202310195227,156.87356680788585
EK202310215003,150.1901130334017
EK202310133345,142.2206914558708
EK202310241621,154.7591682714051
EK202310232734,134.29494997847183
EK202310192752,177.27649620273857
EK202310155287,133.6175147468966
EK202310230367,135.4248821535096
EK202310204826,138.51618308579827
EK202310217569,172.52941543238842
EK202310239151,141.62120443470002
EK202310225087,174.9389754736234
EK202310142211,158.87890921348952
EK202310143872,161.37413092968816
EK202320006692,144.90635531205263
EK202310243470,130.32819974019253
EK202310202312,163.11135400693365
EK202310172400,152.50391848917968
EK202310175257,147.75721840148069
EK202310156574,141.4420918519939
EK202310195996,161.07663933920338
EK202310207174,159.27733047014036
EK202310221440,147.93700966511224
EK202310229365,139.58211973334016
EK202310184849,130.1324374528081
EK202310186317,148.2583991080635
EK202310122351,131.49034814753006
EK202310147942,156.9701767301799
EK202310204767,133.04062897786773
EK202310151776,135.24277710061324
EK202310162542,174.96177307994972
EK202310149376,161.789881855268
EK202310188687,143.09181075902362
EK202310126040,129.4291092480403
EK202310132787,130.01030220635496
EK202320007196,148.89302415979762
EK202310194184,140.3275540108252
EK202310148035,154.6776061269055
EK202310242086,144.36276208053067
EK202310158984,149.5669775411684
EK202310123998,176.99579512090307
EK202310143322,156.892348904466
EK202310169220,162.97519248055
EK202310163343,128.74084438541448
EK202310195035,162.27113389436667
EK202310244095,138.77663444202406
EK202310004865,159.82950027158125
EK202310202516,144.44478117828234
EK202310170156,157.24669058403222
EK202310217210,135.98123680909973
EK202310139116,159.7920650763642
EK202310181676,166.5970385473191
EK202310117650,137.05384309497796
EK202310126117,130.66209529763918
EK202310145631,132.22027882793077
EK202310194552,145.27562151479532
EK202310231065,131.06132143049678
EK202310243723,143.05730132913365
EK202310150462,148.6496241776059
EK202310175160,139.7571323716331
EK202310145549,140.41970763041334
EK202310218100,130.57766319945765
EK202310172122,130.9311355107071
EK202310195049,135.98864442682722
EK202310179443,162.05735804005542
EK202310149733,148.26078355014985
EK202310115695,130.32622553395663
EK202310149488,147.21546575776242
EK202310154087,165.82546156726283
EK202320006192,144.97258692299488
EK202310125278,133.05939169365897
EK202310241332,156.7170714923192
EK202310143810,137.26070626782447
EK202310105018,135.77310081477683
EK202310237785,143.692143509177
EK202310223864,169.63734608269263
EK202310226433,166.58979339283624
EK202310157972,146.98781196797205
EK202310174015,143.7685074355322
EK202310183160,142.11225396270203
EK202310191076,155.63598078033613
EK202310172756,135.85374285415514
EK202310104599,127.30724975030019
EK202310238264,142.4476551243552
EK202310127187,150.3962490477594
EK202310165833,149.60794547719618
EK202310195179,154.3937913193273
EK202310153898,166.91141063793475
EK202310170585,134.5831590434107
EK202310245910,135.95864507036384
EK202310170174,144.27691681197913
EK202310115207,132.3166989726613
EK202310120317,141.33239188999877
EK202310236898,134.5004064639601
EK202310146305,154.82746734974785
EK202310112140,151.06676924142795
EK202310143217,129.07734688688655
EK202310150540,154.2683734115182
EK202310223717,137.9693958482845
EK202310219843,136.49487552978033
EK202310198855,139.21076791954115
EK202310191446,142.273202374513
EK202310190334,153.93746129742655
EK202310184752,143.3776833435524
EK202310160416,138.61755356943527
EK202310173011,134.38156748145724
EK202310128863,133.32142800305158
EK202310190262,138.39099488252413
EK202310110902,135.98884515301165
EK202310193520,164.5637729824824
EK202320006543,147.54865638692942
EK202310187711,138.87665402762985
EK202310200254,136.64733754890602
EK202310155513,138.16352954766361
EK202310180642,154.2337895029159
EK202310196569,148.1700307871156
EK202320007271,158.0122003029563
EK202310179403,137.65788658498425
EK202310241241,157.87483953568344
EK202310192182,138.2667243730665
EK202310203673,145.24073381152004
EK202310163605,136.96570940794336
EK202310108085,142.83369456619144
EK202310195692,173.25112230466132
EK202310190401,145.30495529517998
EK202310192575,136.01391314111405
EK202310227513,170.42099876977633
EK202310130882,147.34887066037092
EK202310104224,144.47918245241803
EK202310144297,131.15375099515774
EK202310210525,139.8870797145504
EK202320006267,161.94627467794268
EK202310150061,139.87360091701828
EK202310189465,171.9583391513397
EK202310239884,138.47489436022514
EK202310137344,147.26013258642473
EK202310212273,138.5292262002973
EK202310205202,169.48411881963264
EK202310147736,139.97024811902932
EK202310138489,140.7539848860353
EK202310169998,180.52907029245551
EK202310123563,127.21216123099263
EK202310162573,151.927992987195
EK202310122865,147.5700560262559
EK202310189811,140.71007789202804
EK202310160895,148.5906603725598
EK202310153256,133.4449352320022
EK202310216969,142.50950790964572
EK202310152260,147.60630370931523
EK202310141709,143.97569919133264
EK202320007373,140.18272385957792
EK202310193336,170.81333859480296
EK202310164703,141.4189640671244
EK202310103814,139.3108713324886
EK202310200017,135.68969965436168
EK202310218767,135.45411383987837
EK202310188858,147.50976445690526
EK202310192187,148.10773037861784
EK202310194207,140.9944359099848
EK202310130206,166.89809198111337
EK202310110494,143.82784616207834
EK202320006130,165.60364182538225
EK202310211320,139.05266108509588
EK202310224161,140.4040591766398
EK202310240472,147.3574466335051
EK202310209032,146.62944881094276
EK202310167634,129.8763557408657
EK202310180571,152.5897511481461
EK202310229017,133.02599778816537
EK202310131345,134.56938622939526
EK202310138019,124.1488207966849
EK202310004554,133.56889943021713
EK202310132971,132.84414206005803
EK202310141635,150.7758241966192
EK202310194247,157.40737641307587
EK202310148311,160.7298261726219
EK202310121972,144.77915432716267
EK202310142685,156.66673952596872
EK202310106949,145.4644288967345
EK202310163326,149.04417340648297
EK202310220547,134.32287602084136
EK202310104514,132.50725817884538
EK202310145431,141.96986452724755
EK202310117273,140.2486954383429
EK202310166607,133.23306234960555
EK202310189589,128.24767699370506
EK202310196074,132.40881681820667
EK202310153363,137.42152969040842
EK202310162392,148.18808746708123
EK202310229624,132.14257471473508
EK202310195898,137.4283711352152
EK202310219784,128.63811196188917
EK202310184116,150.79356534332868
EK202310223449,142.69787136630634
EK202310163821,147.66426440941677
EK202310183192,136.74514259516627
EK202310226918,132.29522449659643
EK202310154785,151.37021354358814
EK202310179367,144.8258402738621
EK202310195531,141.47084545680596
EK202310130452,136.87956625457375
EK202310121734,128.24216810818595
EK202310133991,139.96656422933447
EK202310210591,148.13524040750403
EK202310139555,170.5002580321239
EK202310228357,140.44396082136348
EK202310125608,126.56935612458379
EK202310107185,133.18630197310065
EK202310235572,135.35115594670282
EK202310230158,136.00308852001913
EK202310145383,124.17710633203622
EK202310143147,143.58479588987652
EK202310164771,151.41047974179142
EK202310144247,144.3506945089264
EK202310220979,136.5845932531858
EK202310149131,137.08815744675417
EK202310196632,177.12774936319724
EK202310131051,153.21424624441053
EK202310134659,139.28492597543536
EK202310200213,128.54328402521605
EK202310146862,134.12561457637923
EK202310188949,138.87088551365366
EK202310137016,164.97670389614967
EK202310239591,136.90735738648203
EK202310160714,173.73205597963823
EK202310120187,143.45848147976926
EK202310171815,146.49202969811796
EK202310197107,155.7129632552579
EK202310135357,130.88722725835012
EK202310139656,143.6299092150039
EK202310210779,160.3173848537229
EK202310238374,132.056490938782
EK202310232468,129.13949672228878
EK202310170608,133.28490053783725
EK202310161875,145.25228494628982
EK202310154794,141.03170833197163
EK202310178981,134.89086763747372
EK202310115024,127.83855168255921
EK202310198317,164.58955045100382
EK202310176549,140.71781803216845
EK202310125448,131.40565605543568
EK202310223899,128.95941375414841
EK202310240237,150.8324717414212
EK202310194815,186.72360816882127
EK202310245437,139.49168796367366
EK202310109463,134.4576138565123
EK202310126220,139.1700962259653
EK202310162672,139.5251656899015
EK202310106706,120.57396405767587
EK202310230813,138.3648666776374
EK202310229853,145.96289668595824
EK202310183987,159.2604087920321
EK202310130317,158.84592410076993
EK202310104984,143.2983805072162
EK202310174152,145.31373715924082
EK202310228308,137.94100982304715
EK202310111938,152.1451773045079
EK202310191965,156.45076271489125
EK202310125325,134.18838976059186
EK202310235246,141.730021661592
EK202310108851,158.00854442239233
EK202310139648,159.819061586113
EK202310116135,134.49893866914636
EK202310195391,136.9963835531445
EK202310139056,167.46819231625153
EK202310201109,137.81287136271555
EK202310247192,181.47982902073235
EK202310119623,152.4052727131242
EK202310174223,132.73812706669128
EK202310150628,159.20968501936434
EK202310166077,168.69621230728694
EK202310178835,140.46197808473826
EK202310184672,185.7187059681129
EK202310245587,131.99523537034187
EK202310211153,142.2818750498389
EK202310148852,150.19443111248998
EK202310237982,138.84409207066068
EK202310212607,140.3960420778447
EK202310188439,157.71932634865001
EK202310244428,134.11652007920853
EK202310187031,132.1046706472277
EK202310114894,159.26615470988395
EK202310140044,152.3393721073396
EK202310223861,133.9643892221111
EK202310184954,140.3943890393829
EK202310229341,153.43893002897858
EK202310193100,139.92343906246325
EK202310154175,134.90757849637953
EK202310103979,137.91320471944334
EK202310210100,169.31262715744708
EK202310112422,132.92635924962875
EK202310147941,147.5967010675377
EK202310109450,133.77898711794327
EK202310227736,142.63703374981597
EK202310147053,160.64037458782295
EK202310219645,131.1153099443134
EK202310213369,138.49881260577465
EK202310154826,160.16903364291437
EK202310119234,139.76160594796636
EK202310210678,132.85305420240033
EK202310106182,153.69555837998013
EK202310132534,131.16952764249686
EK202310220157,130.28323667270675
EK202310108493,142.78333439643978
EK202310192669,173.5167066831418
EK202310172385,150.28330080695622
EK202310133787,126.57210255500912
EK202310172222,137.78676004423738
EK202310183649,151.6108082238007
EK202310135892,125.92717525506022
EK202310129170,161.57858128616292
EK202310209741,142.3697422128927
EK202310129427,147.72329702043626
EK202310192393,164.17232456111515
EK202310245714,133.97300341410377
EK202310130517,142.8582824048916
EK202310178411,157.70748471037209
EK202310189618,173.1291667516156
EK202310143288,170.89047710833108
EK202310199193,131.24911177940612
EK202310227313,174.35774705908554
EK202310213919,159.9413023297162
EK202310244481,133.63867346061286
EK202310120478,132.78097366142342
EK202310107634,140.20404366966235
EK202310157691,133.56843451746371
EK202310215874,137.22001193853342
EK202310246981,136.56761078533074
EK202310153195,153.71866219013944
EK202310242256,145.9834099135109
EK202310123017,125.02210503119596
EK202310205136,154.64671485198113
EK202310170231,177.06946902462238
EK202310168120,132.45797553638943
EK202310003727,144.7393424900449
EK202310217369,162.83995998518594
EK202320006688,153.239291607728
EK202310230112,135.4390422649399
EK202310177152,142.70255916552946
EK202310106847,124.27315086771529
EK202310228061,135.88091859021074
EK202310233311,140.9268019309773
EK202310226138,139.70647981844613
EK202310200931,142.64180992433188
EK202310219804,144.69852458162723
EK202310141658,143.1272905372341
EK202310207757,130.59388870067275
EK202310147486,155.9349181876346
EK202310239005,145.92846077591312
EK202310129712,162.4701581499139
EK202310148369,146.4996984328751
EK202310155404,130.51752570178613
EK202310218716,140.49676129488958
EK202310188882,135.50774561099317
EK202310221316,126.073213638485
EK202310137120,149.46223795407286
EK202310217405,137.15949760807985
EK202310149231,137.65902454297037
EK202310174189,140.82546404228725
EK202310138929,151.95865965693685
EK202310123610,135.44134951748765
EK202310200717,139.9436372896646
EK202310190751,144.79041050315973
EK202310146784,142.61987420394883
EK202310132879,156.9564410887033
EK202310133709,157.33110005767043
EK202310128722,133.88373276216083
EK202310103790,148.84671263187911
EK202310218931,130.97083592499118
EK202310218663,139.72669233945376
EK202310247844,179.3854656146403
EK202310190812,151.7371965353037
EK202310208756,154.80039567392924
EK202310156744,136.73769497504395
EK202310228838,156.82654201604805
EK202310136171,141.4864455574934
EK202310126151,138.0928141016795
EK202310173890,131.67466321584905
EK202310235680,128.9723793778107
EK202310156616,172.03923783072992
EK202310134563,154.77838809376385
EK202310211003,145.43844268538578
EK202310185632,143.59305183216716
EK202310241758,126.70440907432176
EK202310148534,131.52412242744813
EK202310182316,146.0390535856707
EK202310191280,155.09928856610884
EK202310129812,163.59139423415917
EK202310004693,130.29232290016301
EK202310172541,167.9804369469274
EK202310201639,132.25202131537802
EK202310204202,147.85002240959022
EK202310129486,134.94037577577606
EK202310203423,170.96672221195672
EK202310169919,139.77569048690933
EK202310174297,153.99534665509233
EK202310172937,142.12767302435373
EK202310109427,139.67622139647943
EK202310131119,152.79060342463097
EK202310151810,158.35138008042082
EK202310137213,133.24252627920657
EK202310136572,153.89872786706366
EK202310132184,143.79268238837324
EK202310238825,137.73015654624353
EK202310160725,169.63497722653696
EK202310127240,168.4830184158422
EK202310115224,136.07922213856588
EK202310127515,130.17241832501418
EK202310130232,146.28522933779968
EK202310176152,124.4965697604413
EK202310189265,140.81151436084784
EK202310121845,140.63028206555987
EK202310248808,134.97454330148338
EK202310216603,134.37207411877063
EK202310106462,139.51997656259758
EK202310186070,155.88117989884284
EK202310200271,142.5802195314352
EK202310222232,138.04785588383098
EK202310224303,145.63108132692716
EK202310108205,139.81845349804533
EK202310213223,142.34172070311487
EK202320007747,146.3789669603717
EK202310195798,146.66924487890319
EK202310172690,133.63817816714717
EK202310139602,137.4065430350305
EK202310124892,135.3401342958106
EK202310136630,152.68790237218073
EK202310133236,131.84053547404915
EK202310109780,156.00978248267418
EK202310139773,129.99456654451313
EK202310138601,140.86168465418984
EK202310192309,140.75747256259226
EK202310201720,133.17803468718745
EK202310246040,152.74668109813254
EK202320005733,163.6333057478834
EK202310119837,137.7524027866836
EK202310235139,143.94129682353608
EK202310129171,142.33414205503166
EK202310204107,139.96516788764734
EK202310206346,169.1651897844872
EK202310126908,134.63493200686213
EK202310201951,129.08206822280252
EK202310185504,155.3554503076203
EK202310139015,166.14721473090137
EK202310164756,154.99038699423343
EK202310207001,134.97043990817394
EK202310217541,136.58409559925872
EK202310149840,134.03086821694677
EK202310218711,139.9417061922293
EK202310133519,142.75107116259727
EK202310168888,151.66574421582058
EK202310209126,139.86319303121746
EK202310189031,147.944462391208
EK202310217455,150.05075124854653
EK202310155271,139.49549939596716
EK202310215067,164.14919749373396
EK202310161595,128.5801619869581
EK202310120502,131.81659347357927
EK202310241869,159.53226940323424
EK202310103712,145.51005916264688
EK202310150266,171.0203165676853
EK202310119972,135.76709965702923
EK202310179290,132.5424833311436
EK202310192440,152.33928393081408
EK202310131793,150.5959210931098
EK202310109571,164.70563438194986
EK202310230188,169.4942695328845
EK202310119855,154.13647681954103
EK202310138704,149.35101001082253
EK202310118159,127.70191565646732
EK202310166249,140.19748793657462
EK202310187053,158.41975053160562
EK202310165742,158.45976748687957
EK202310183750,178.9973281308241
EK202310205405,138.32685552685905
EK202310131038,158.38359734220103
EK202310207627,147.87094212658684
EK202310220460,137.35530713224546
EK202310239483,139.50714712514193
EK202310141073,167.1473452770488
EK202310217239,131.70131480203415
EK202310146989,150.46850214730145
EK202310160800,135.77445228999937
EK202310190813,162.44274911112572
EK202320006164,142.59656362395145
EK202310143973,161.38988333280443
EK202310111799,140.72221676504958
EK202310208269,149.75774161475655
EK202310159828,167.75025625962172
EK202310113945,129.17053475991878
EK202310168361,132.5420976405434
EK202310176103,152.929454403412
EK202310136310,130.18305886946
EK202310200326,136.69942204111308
EK202310179044,142.65605112056568
EK202310197944,134.92613624494902
EK202310183295,180.23241827476883
EK202310240215,151.3342140093769
EK202310225695,130.33680016234007
EK202310138029,122.19477207213484
EK202310208987,141.35562178625545
EK202310156602,170.4667734123938
EK202310239059,145.00977435231664
EK202310185901,152.29274598324116
EK202310200662,134.70680774482344
EK202310109920,102.54097002356407
EK202310188247,150.31045676925999
EK202310183201,157.1026077802014
EK202310104073,143.51484753931294
EK202310183040,133.99287873562562
EK202310200329,139.38576104618076
EK202310108982,144.69275090975466
EK202310214848,148.62746159481955
EK202310194212,131.0489702354874
EK202310155460,148.34383939477306
EK202310179825,137.5443430960147
EK202310183614,155.9972392571625
EK202310233580,140.05734864221037
EK202310223060,135.56614827657842
EK202310110018,142.71651034781087
EK202310219086,141.3751003301334
EK202310210708,127.91288179726453
EK202310206894,151.31944124560886
EK202310176692,154.52956543347798
EK202310211237,133.53412246423179
EK202310216145,136.94506107646026
EK202310174790,150.42744868224273
EK202310130432,134.4974579881671
EK202310176912,146.19127534476104
EK202310239861,135.65397246266684
EK202310201821,140.262882394975
EK202310194140,152.8924651034235
EK202310201014,138.32268245030804
EK202310211210,147.7420241054083
EK202310210215,137.23426437916407
EK202310109048,142.76809516610595
EK202310115364,148.97644724533882
EK202310125998,132.30497854128802
EK202310113308,125.98572425884564
EK202310166014,167.12403149094408
EK202310240961,131.7084510234495
EK202310192526,148.66564164494952
EK202310118614,134.89670748600147
EK202310208485,136.7592652504226
EK202310113185,135.7295063782374
EK202310123009,136.58114484546348
EK202310131866,144.4640675996648
EK202310246596,138.0516670955646
EK202310144786,127.1782820880199
EK202310188069,162.33993412529804
EK202310161238,180.8407538210117
EK202310108065,139.64207126173775
EK202310176554,143.6253717752269
EK202310172801,167.34583830501424
EK202310231997,144.22129747879976
EK202310150544,146.96656927925588
EK202310242116,157.05251280959308
EK202310228121,122.89256705766466
EK202310163938,145.91911098588395
EK202310208770,148.96210832731776
EK202310162906,140.79705722933886
EK202310171122,131.33757926615945
EK202310136574,128.1995246276643
EK202310168247,151.41932631379663
EK202310116653,136.38203655082242
EK202310225365,138.65326297947846
EK202310154568,131.76033831150718
EK202310144616,138.2260763259803
EK202310123329,145.39217700777635
EK202310184908,151.9863559831146
EK202310176975,156.07477772090215
EK202310244230,148.39930978203273
EK202310139801,164.2017786506299
EK202310140231,142.18251045121366
EK202310163109,129.53104414175993
EK202310133245,128.4074017640794
EK202310003719,133.59592168411888
EK202310128658,131.9970140022802
EK202310196514,149.31810389296018
EK202310136745,127.56686815698903
EK202310135739,128.7197067404429
EK202310167219,145.58056348530053
EK202310188340,160.62571427665398
EK202310233341,139.21945163630704
EK202310207484,135.77701029781366
EK202310145893,149.49324379595672
EK202310137850,139.7918789693343
EK202310228098,146.43445389774413
EK202310123631,152.19333473947378
EK202310233006,144.15019698676156
EK202310236781,138.66393264527701
EK202310184351,142.8219783681812
EK202310197215,159.0531704205469
EK202310134606,133.71093058518952
EK202310124613,155.48425248402538
EK202310176760,130.78746715458934
EK202310181242,154.17425789757166
EK202310146018,130.4225172839224
EK202310118057,140.5586731039917
EK202310241929,136.65423137387356
EK202310134625,163.23956986186178
EK202310226675,154.66984391714772
EK202310200650,167.21509663217725
EK202310202459,136.6769277438684
EK202310165871,150.8675871586095
EK202310190177,142.77551629254754
EK202310221650,135.31148708408185
EK202310195755,135.18423056888489
EK202310128800,141.11578045647624
EK202310103775,148.49785861263194
EK202310117228,139.18030576943315
EK202310151800,138.4205035173271
EK202310210424,134.73022584993333
EK202310208507,134.193714288057
EK202310003803,119.51103742274603
EK202310171322,153.7612804249543
EK202310168526,158.4062084949979
EK202310197721,137.00740883159432
EK202310238027,143.99974473469646
EK202310172276,140.08198179428197
EK202310124247,132.62881647960222
EK202310158194,138.08780014917815
EK202310167282,146.79345539600862
EK202310173439,156.30064266082692
EK202310125677,140.33954644074015
EK202310210177,141.74905362662776
EK202310238899,137.47812808144204
EK202310113985,129.8705366387443
EK202310209990,135.59114702082942
EK202310228124,141.05222969047637
EK202310104190,137.67027724981915
EK202310201389,124.9560092307808
EK202310123163,138.4266211364234
EK202310191131,162.96990779871672
EK202310203502,144.63140642659835
EK202310123878,142.84387949170983
EK202310247275,132.80986815057133
EK202310227023,130.50081618729132
EK202310175135,133.95834128378146
EK202310226835,153.12133557616235
EK202310109034,154.24246712511504
EK202310186583,145.5723651318092
EK202310107744,139.7185534134996
EK202310220042,133.01891921378004
EK202310202298,148.6579339095924
EK202310189344,168.32668851625002
EK202310148801,152.01897359484488
EK202310172716,139.37357570208147
EK202310179116,143.13370384652933
EK202310174016,138.17534595352208
EK202310108847,137.7173978831443
EK202310232003,139.0181674045721
EK202310126703,144.943027282309
EK202310106477,151.0521843931803
EK202310123106,128.93470746838616
EK202310169334,179.76052371202698
EK202310231339,133.44997163909628
EK202310175772,146.02104327202971
EK202310196241,168.2005332059979
EK202310143871,151.77601875855493
EK202310142265,142.08531805350506
EK202310163563,134.74674844149516
EK202310244604,129.74267873261394
EK202310247610,140.94391503366592
EK202310116133,134.18172600052145
EK202310144893,125.23476241790809
EK202310138511,147.23784193078535
EK202310178199,152.97123378102492
EK202310238970,173.41724318335596
EK202310137277,132.91468569329825
EK202310195419,146.45965771820394
EK202310234603,140.72053953631973
EK202310137485,137.71553630112044
EK202310221268,123.25043839599621
EK202310166447,158.54041560059375
EK202310163342,128.00655645508033
EK202310160258,149.19031017990577
EK202320007173,142.8513278906935
EK202310166608,132.64233549428155
EK202310190777,147.0559032499136
EK202310228415,134.75337911965448
EK202310160470,136.0354764243277
EK202310199928,140.10715104176535
EK202310139397,133.15031752198013
EK202310103828,135.9836376853092
EK202310198546,141.42043316801897
EK202310168601,160.60400810997277
EK202310199500,151.59796329528461
EK202310130735,124.8464457779296
EK202310203344,144.12187791314463
EK202310149177,134.60416133887918
EK202320006908,148.1896343416322
EK202310182119,157.41786840595594
EK202310108526,150.25958783165328
EK202310123316,127.92539418616194
EK202310175509,150.74747215429224
EK202310115166,143.849979543012
EK202310169504,139.2503693352613
EK202310191512,134.05106376781174
EK202310111425,137.7625703461032
EK202310192823,148.2461960108104
EK202310159703,145.182668510892
EK202310110465,133.86830413498902
EK202310217003,144.64976495175975
EK202310187166,142.16975608666135
EK202310225739,156.12291418225934
EK202310125501,138.2392939929483
EK202310118486,129.34864007939257
EK202310221279,131.48352474046501
EK202310194956,138.30242637224276
EK202310178722,132.01517639384448
EK202310182533,157.39881549562148
EK202310138053,132.91378271936372
EK202310231131,130.99219990723898
EK202310212157,134.90738775666682
EK202310125603,132.75966442435885
EK202310136248,139.54963656201377
EK202310115244,131.46975313572514
EK202310132254,131.1348192390625
EK202310178792,166.6303702770582
EK202310191023,145.45075673042092
EK202310162415,133.8339694007586
EK202310125102,133.9966796640432
EK202310208134,140.0507279556219
EK202310105586,136.99387846519096
EK202310213166,130.945076912844
EK202310247801,133.7883141825491
EK202310247262,129.31902066028178
EK202310126467,139.70627034793955
EK202310176266,142.21194240579274
EK202310109933,159.23834985553452
EK202310161495,174.97040705326128
EK202310205248,139.52180824173888
EK202310224138,137.19869093510243
EK202310212586,146.4873717216212
EK202310131904,131.3909875029801
EK202310120534,139.64228442314865
EK202310109184,156.82643502695984
EK202310198723,183.90136998959292
EK202310190770,153.20101556145096
EK202310114461,140.74569482649608
EK202310223578,133.52719154279617
EK202310133222,152.569029563381
EK202310136866,138.1853142305186
EK202310176700,155.71066701021508
EK202310126084,136.09848966608436
EK202310196727,152.23139436708726
EK202310225009,130.69714143451816
EK202310207005,189.73111396386386
EK202310222794,137.71174628001853
EK202310171893,159.58639375076106
EK202310172296,130.94802056367985
EK202310139698,167.6665449304005
EK202310128914,131.11164998457346
EK202310235545,134.42412450411868
EK202310109242,130.6891308099671
EK202310177486,136.4952143054332
EK202310199539,139.01153880793385
EK202310188301,145.1141220282795
EK202310201859,155.1108587495167
EK202310170159,150.23107861893538
EK202310148167,142.58903620150954
EK202310155933,168.60503302043196
EK202310149269,148.03668781908436
EK202310188885,131.27218139837655
EK202310109274,136.36293262458952
EK202310162745,158.68125593724648
EK202310146260,145.27450129161977
EK202310168090,115.91397162282404
EK202310219761,111.44045632795954
EK202310230205,125.44219918269029
EK202310114523,135.14554032104934
EK202310201162,174.23470753619162
EK202310188350,141.94580553697125
EK202310178664,139.44632036425892
EK202310125253,138.30232524239582
EK202310194315,134.60811556056868
EK202310178855,148.03253612978125
EK202310114913,152.9149104999319
EK202310209479,153.8656109349779
EK202310207800,157.73561852711842
EK202310205487,132.82890577297812
EK202310168431,156.56411970106274
EK202310235593,140.8975882534112
EK202310235602,128.6672830067964
EK202320007124,185.0123115312613
EK202310207771,132.25589951580793
EK202310228788,128.29009588334486
EK202310227982,135.96299097109198
EK202310194813,184.14391634251496
EK202310241087,141.15985214755474
EK202310148405,144.77204776941073
EK202310140778,155.00119854803143
EK202310198551,147.2441932330654
EK202310120216,149.6532532821903
EK202310154323,141.56662023200877
EK202310158123,171.46542782592246
EK202310215528,156.89694377372402
EK202310237307,144.40068709321685
EK202310144499,159.0643352849337
EK202310200349,149.5870605183832
EK202310199428,161.70094017110375
EK202310205917,139.95084028820955
EK202310123848,138.7378202658457
EK202310171335,157.9685199728769
EK202310113026,138.33509677722614
EK202310227460,141.37233764037563
EK202310218273,165.2062863948494
EK202310211553,150.76084789286077
EK202310196786,149.41881409311287
EK202310237300,133.71557969541396
EK202310125146,137.6285761306388
EK202310118100,125.19518685693824
EK202310186326,148.87741712645567
EK202310128919,129.2194379187879
EK202310198759,130.307190749536
EK202310236246,159.44515186983526
EK202310149187,169.7133089830245
EK202310182726,151.05206995274878
EK202310152601,137.91825781893138
EK202310220436,136.2418479727239
EK202310193514,159.07135163966475
EK202310246478,131.16485877201652
EK202310243128,154.5102191113046
EK202310127415,135.01389547567723
EK202310213162,136.3512605323803
EK202310137235,124.34931624469753
EK202310178654,152.06977373053456
EK202310118153,139.35223345146204
EK202310004571,138.653565061816
EK202310151403,170.78725510953853
EK202310245278,153.40670321064107
EK202310143897,132.35983162005616
EK202310218277,134.20954530789984
EK202310162879,144.19513531375057
EK202310136599,128.85222120792818
EK202320006442,160.9073698051028
EK202320007344,144.50725792730483
EK202310189969,184.40229242139932
EK202310166949,169.0981247735345
EK202310114939,138.5988090265983
EK202310226036,144.36693892145712
EK202310166986,137.42726759118892
EK202310217723,128.7367517069503
EK202310137499,164.07492883513663
EK202310132371,147.00819943430315
EK202310197508,144.94135039341634
EK202320006448,175.7226739523147
EK202310217287,137.93179898578097
EK202310210663,127.04714931724762
EK202310104277,144.82558577636476
EK202310200683,149.75171563878382
EK202310225623,156.58919034784202
EK202310207191,146.17702253602016
EK202310129539,130.29095299751268
EK202310128514,168.85670431860507
EK202310140966,134.82958614540425
EK202310129386,154.82781192985556
EK202310179691,139.56336052992154
EK202310188920,150.26652740569804
EK202310247484,131.49941437081034
EK202310193673,145.77317302642533
EK202310170091,131.62498779244248
EK202310172920,158.9462658067529
EK202310223477,138.70613350330117
EK202310171073,158.4669644963303
EK202310194158,149.4928699732651
EK202310207919,156.2870048747163
EK202310120306,152.9454482620228
EK202310207223,132.44985595715616
EK202310244280,137.53979769442785
EK202310106527,130.30699554406652
EK202310142859,151.73831279014004
EK202310168389,159.30961666929647
EK202310143594,133.11083739149439
EK202310167480,155.63007017950244
EK202310156995,132.30994401375636
EK202310119214,138.87812035779297
EK202310148853,149.22210549418844
EK202310217497,136.8231480973908
EK202310120366,134.15658434629603
EK202310217526,162.60095769615089
EK202310195002,143.01074127775652
EK202310169241,169.48445279860934
EK202310159114,155.0182275177169
EK202310192176,137.17126395614198
EK202310159110,165.1597031714814
EK202310158664,144.03502135375598
EK202310192338,133.45270446502224
EK202310230524,133.28520076942146
EK202310210362,150.29125123495848
EK202310212895,146.4197558718772
EK202310193440,135.231155742735
EK202320007869,143.29024381042572
EK202310167916,145.74717662919548
EK202310206630,142.2972683649038
EK202310157459,141.158400383608
EK202310216902,134.56111058014346
EK202310198965,142.3308720414084
EK202310201874,132.68429218288054
EK202310117999,144.26311940909736
EK202310204212,146.2014514105908
EK202310183852,151.1026393057981
EK202310219321,138.2349401206164
EK202310235218,138.33492567324816
EK202310106655,137.39322694231433
EK202310109169,167.09453131814968
EK202310229525,131.00323129422424
EK202310234441,134.31789613810164
EK202310119016,133.5497776077962
EK202310003723,151.43459666157443
EK202310177973,133.5608630388968
EK202310143560,153.40531960943656
EK202310245405,157.46838624893863
EK202310123670,127.47895192252604
EK202310125143,150.12375829429675
EK202310162721,145.4369153816351
EK202310121368,141.4486765621904
EK202310207810,157.38201006525858
EK202310110877,139.8046926261488
EK202310207642,138.91923932028934
EK202310236676,133.58325499912922
EK202310178731,161.9057210600258
EK202310166361,159.88352590481642
EK202310221798,150.29061210540894
EK202310177403,164.1451619332352
EK202310134022,133.13689860434735
EK202310167333,148.83165965586807
EK202310166210,147.4622073917288
EK202310110220,134.65933959333594
EK202310145795,135.05166784751145
EK202310164123,149.38751960168722
EK202310196621,171.2606898354687
EK202310120415,147.10411694176315
EK202310148912,145.54758686393077
EK202310179102,130.7814666561815
EK202310196322,134.15311138760853
EK202310157568,160.4835091260473
EK202310146998,146.2382285022997
EK202310223698,158.56767963825945
EK202310234532,139.74611965453033
EK202310138792,162.3789902103668
EK202310246869,133.14509880860476
EK202310126504,138.6032602314912
EK202310113606,156.14105733121892
EK202310131578,129.36055095712643
EK202310156389,139.2476692961645
EK202310138943,134.65862094905762
EK202310105288,146.1007058846689
EK202310188558,166.71531200962374
EK202310234995,139.24492061054636
EK202310181950,170.65770265835692
EK202310157098,148.99528105920555
EK202310132543,134.2125022032409
EK202310174319,138.1329435813472
EK202310225811,135.0170144377074
EK202310157066,142.4261220961268
EK202310205138,145.23892521809688
EK202320007203,151.64519171340226
EK202310227039,138.65462118381868
EK202310106033,129.79212332878822
EK202310146183,154.332215526777
EK202310226180,139.0970303399952
EK202310162385,136.41119290587415
EK202310235946,126.45481458992695
EK202310182408,143.17456444006393
EK202310155735,145.67550091639725
EK202310190520,154.51384019673375
EK202310146058,141.8609632602735
EK202310202633,146.4938560687129
EK202310196099,158.82710558792274
EK202310129632,137.37937284628325
EK202310138166,123.10198911041111
EK202310148720,151.15021651042582
EK202310145781,140.1878148338462
EK202310140364,147.9686937184613
EK202310152526,132.06154454706913
EK202310109041,133.70232074673856
EK202310239518,156.62521143422248
EK202310187894,127.08970724773184
EK202310140674,147.77442585308955
EK202310133919,128.86198755427466
EK202310183378,145.43495897569738
EK202310232538,134.8375394363473
EK202310203159,146.91548358564876
EK202310114364,140.69531673628063
EK202310165382,152.84717377077732
EK202310212412,135.49450184729946
EK202310106291,128.11333499342567
EK202310136964,152.13629683473508
EK202310114872,135.28278368190962
EK202310211044,137.7884867574586
EK202310196962,165.40785281757607
EK202310229743,150.32980638765164
EK202310180091,130.15991459727442
EK202310113899,148.84586860831539
EK202310238528,158.21460842020065
EK202310167500,141.15425882963004
EK202310184018,152.25327889222044
EK202310194972,143.74594703413055
EK202310120304,152.3138464908418
EK202310142049,127.39394235301151
EK202310178765,176.77523473086893
EK202310182864,148.08340903679314
EK202310192331,138.9766031835345
EK202310164774,147.43292037640794
EK202310156817,166.1551009929654
EK202310237151,142.0964937350906
EK202310234802,140.10470836665718
EK202310210106,170.05056511507132
EK202310195014,130.74312398589655
EK202310147893,153.94450414816913
EK202310113010,130.14396276689826
EK202310183485,149.3293772348894
EK202310123549,146.54067219015127
EK202310215820,131.60986004405495
EK202310174861,146.0656692056003
EK202310170243,137.7618497913089
EK202310139779,135.3313312695655
EK202310226387,140.03921065186492
EK202310126951,132.99097120220466
EK202310122461,128.12008371359894
EK202310137617,152.24228584512804
EK202310232607,153.55035247449047
EK202310188917,147.5402263494895
EK202310230010,132.14307700133193
EK202320007620,147.66349039860518
EK202310179514,132.1672281772832
EK202310200726,131.9517174776945
EK202310145542,141.24351349966304
EK202310140934,157.8561480564355
EK202310141993,135.02506805445992
EK202310202052,128.9052111631412
EK202310206128,141.41830330153456
EK202310129191,163.56398274781148
EK202310132531,143.39332662833883
EK202310145895,143.73500925297725
EK202310150717,159.06207611790117
EK202310238478,132.71662166611637
EK202310215961,148.367467659414
EK202310140355,162.81517818581176
EK202310107109,110.33954621555648
EK202310245704,136.99336043896676
EK202310140078,149.75759721209943
EK202310201205,160.65872230826895
EK202310105811,130.5312844167457
EK202310213056,146.2565727533414
EK202310218710,134.60925943751377
EK202310212505,142.96108930332036
EK202310222413,128.1810117114801
EK202310172293,133.14683485216463
EK202310109647,133.1796988131231
EK202310188891,146.39785977365733
EK202310137965,131.8969039686285
EK202310107117,106.38202225054182
EK202310207869,138.22444629217236
EK202310169495,154.61956603709626
EK202310114538,147.99719265797057
EK202310165920,130.4411096219666
EK202310130807,141.6305274896044
EK202310170628,157.86215260308134
EK202310117370,131.8329983020596
EK202310239420,147.63269736930584
EK202310108908,141.05597560562805
EK202310124380,126.8170097047165
EK202310114384,142.9973815962403
EK202310176015,159.72743728947685
EK202310213032,136.23584830393335
EK202310191795,135.8513088398798
EK202310203571,135.03215066327334
EK202310138185,130.96362861055871
EK202310182667,153.65425293639746
EK202310178540,162.14145043556317
EK202310173419,152.77166859740404
EK202310171759,142.17605231893302
EK202310230057,144.8997383121124
EK202310239289,139.22937708920324
EK202310203690,166.47603928144895
EK202310109021,136.69137010842834
EK202310126805,167.6951110202146
EK202310213809,126.92430607045472
EK202310174863,165.35663149757227
EK202310221636,134.3932627963379
EK202310171548,127.0855958546453
EK202310194319,135.33268562165395
EK202310233853,174.72815389990882
EK202310158671,148.48313407057992
EK202310230596,139.51410104905116
EK202310221893,124.02928789175401
EK202310227172,142.69757641241566
EK202310231306,138.3631685911793
EK202310158074,134.22680533812365
EK202310104860,155.6596728769557
EK202310216640,152.37945490779023
EK202310200103,137.54419281154662
EK202310141785,140.22623533386232
EK202310145978,127.9471179922976
EK202310004077,179.87013599298152
EK202310133888,144.44925073943506
EK202310125723,142.3875022701557
EK202310136090,178.44337288462947
EK202310246571,138.6032813411501
EK202310243027,136.0668001733053
EK202310109649,146.3351024173924
EK202310176461,130.29330361837876
EK202310122952,144.90328115495737
EK202310243326,145.7277648285015
EK202310135058,173.45615630236523
EK202310200094,141.62944205489904
EK202310146558,130.03448868060187
EK202310121295,132.78398896857496
EK202310214783,164.78493747920822
EK202310172681,133.52312117733678
EK202310241971,132.27278975989668
EK202310188843,146.2823574219952
EK202310136447,138.2247217344036
EK202310231662,137.37198301367317
EK202310157790,149.18674726167902
EK202310120107,140.54672016602498
EK202310225152,149.51622830790592
EK202310200264,162.36136316585416
EK202310134521,139.24362460659833
EK202310173584,133.46261682032102
EK202310196666,148.36568438558697
EK202310164106,124.62976547232664
EK202310138379,155.75811148715303
EK202310228204,127.32029603693532
EK202310125152,146.26526991273911
EK202310216720,138.70642122680036
EK202310228063,146.8694772608712
EK202310169786,142.52193722235222
EK202310176342,155.19226679690044
EK202310163187,146.07452905949458
EK202310124025,157.18881286822386
EK202310171872,164.72411163930636
EK202310137265,129.52899476999647
EK202310209292,148.34203845183302
EK202310137925,131.80118068568618
EK202310199295,137.4763049525182
EK202310152826,175.92218702948935
EK202310104368,126.72009771584901
EK202310187730,140.82330910348637
EK202310181862,140.5561413648227
EK202310165938,131.07021469686012
EK202310183431,147.33232077086814
EK202310236615,136.78305668574507
EK202310189593,128.1386496489577
EK202310221069,138.74038791751428
EK202310205373,158.11872152863882
EK202310142031,154.15229117894947
EK202310128716,136.59254653365724
EK202310202961,171.24817537887643
EK202310205295,138.26615921836557
EK202310116568,139.24069156877792
EK202310209928,136.8705395819871
EK202320005639,142.51152754299898
EK202310133603,167.8892904145295
EK202310196192,181.04711584422677
EK202310133688,159.41350682635394
EK202310107855,155.4929533161692
EK202310138935,147.61235133449398
EK202310204089,139.02792565214642
EK202310219313,134.89678676226265
EK202310189726,159.62420551103168
EK202310152282,145.0546392849352
EK202310180251,141.20048225227052
EK202310165981,143.75054006080427
EK202310137451,141.18550199111368
EK202310126122,151.35630563565846
EK202310243998,133.30074174772324
EK202310184231,169.84599071315077
EK202310228417,137.73758653891926
EK202310241091,140.1632777347812
EK202310190393,160.65725921810008
EK202310211537,131.68999739815078
EK202310147678,144.4434505953654
EK202310242270,141.67078306160408
EK202310149069,157.87081042797104
EK202310163921,160.48968315035742
EK202310133083,130.1304733579867
EK202310224140,142.77565516126072
EK202310152867,128.67584899879625
EK202310203736,119.18791362320611
EK202310165596,134.95523718834946
EK202310214453,132.8691480936138
EK202310164740,137.50031518596626
EK202310214137,174.67773912694628
EK202310146679,145.20180194116426
EK202310104097,132.67081324078384
EK202310200834,161.88757802827865
EK202310163017,159.00798555225018
EK202310165977,160.23951105954004
EK202310243475,130.10319034006133
EK202310241365,171.58918613523673
EK202310244319,152.18580945348697
EK202310120396,136.76569616027578
EK202310241624,143.95265381749664
EK202310198761,177.42230349052338
EK202310150943,131.13697565027425
EK202310248679,156.8090924793803
EK202310215685,154.12605358550522
EK202310104356,136.57637592542468
EK202310206239,136.19275168616622
EK202310157180,132.150887543753
EK202310131514,141.87188946368852
EK202310244801,161.4697569429798
EK202310116569,146.80439582582565
EK202310123027,126.18028313498085
EK202310223311,138.3713061044654
EK202310174904,142.98044818439564
EK202310133194,153.83216615920688
EK202310184130,133.99568778119044
EK202310194455,165.0799520113167
EK202310106381,142.64905136117264
EK202310227001,147.7070894637602
EK202310153912,163.5670856624871
EK202310193865,134.26583162153597
EK202310232459,134.48439300665817
EK202310198400,129.61390072796155
EK202310182607,149.26291029953617
EK202310225129,135.37799968733916
EK202310197516,149.93614235292418
EK202310131801,166.13104505077342
EK202310212554,154.41646646124846
EK202310227543,156.5857099733875
EK202310130530,140.92812938709852
EK202310193825,175.4709298030991
EK202310211045,144.7377423690133
EK202310129373,151.74557094120482
EK202310147392,149.62672326018617
EK202310187904,148.9217495693867
EK202310208503,143.6588861843533
EK202310110837,145.0302563866351
EK202310229225,132.15585497434677
EK202310164336,133.78314457556348
EK202310195313,156.12081696804023
EK202320006926,145.9825301248217
EK202310174594,133.56379915804894
EK202310187599,160.1848934711023
EK202310198391,138.14857833766777
EK202310224871,132.0905542652176
EK202310128469,141.25518929970357
EK202310108118,137.80270825543127
EK202310164855,140.4338841054092
EK202310157619,157.6547048400247
EK202310212148,132.21234575052821
EK202310241888,140.93688775199288
EK202310200720,141.75950865078764
EK202310178703,163.1186955383801
EK202310208199,151.08904680585727
EK202310200707,150.2887057995763
EK202310222186,158.9008189207716
EK202310235687,154.2845144439737
EK202310169723,176.84623792775685
EK202310242395,140.023035463984
EK202310202866,185.86622547341034
EK202310137258,130.7754745522808
EK202310209819,149.43173089428944
EK202310111291,139.17764724794048
EK202310210190,136.46043803198856
EK202310181968,145.9831676458286
EK202310173847,148.7313412731298
EK202310170341,132.6457317589334
EK202310112839,150.05528682517576
EK202310207240,143.58718067409444
EK202310122514,123.34009938665041
EK202310190722,145.183381748369
EK202310186422,131.84140641788582
EK202310154379,161.24948486632968
EK202310245323,148.53439635051046
EK202310122299,136.2652823007024
EK202310125100,134.98082962700923
EK202310118253,135.11504130213976
EK202310238969,167.5757994001605
EK202310168188,164.99801898055267
EK202310160206,161.7316837459646
EK202310222871,158.97401836703187
EK202310209611,153.20890064894752
EK202310212974,139.19783270980363
EK202310128407,133.16494935653725
EK202310222412,130.58544205077663
EK202310200939,133.82183917779435
EK202310003959,133.9450114062133
EK202310190302,155.81375243336294
EK202310186405,167.3316371338305
EK202310138957,133.54440707037386
EK202310105023,133.77364968441017
EK202310236632,139.36974380156173
EK202310162662,133.75578026727345
EK202310198218,145.0043011361376
EK202310186500,141.68306210806045
EK202310138863,134.64208902951128
EK202310241224,160.41678587570922
EK202310171644,155.9674281107343
EK202310239875,140.5057967659376
EK202310187156,152.34699375879666
EK202310174507,136.14973071627318
EK202310139245,154.30967515133145
EK202310161355,158.95151499708373
EK202310131302,136.595392269808
EK202310106366,137.44890669106624
EK202310180236,156.8829596896091
EK202310146739,139.3505445367123
EK202310122526,137.07563426794283
EK202310171449,128.80885849702995
EK202310158382,142.52895441694423
EK202310003648,133.14453530757496
EK202310203626,129.4338781374263
EK202310105539,128.36905108530655
EK202310172856,156.4490082220125
EK202310247114,158.54834638882315
EK202310169299,175.82452326534755
EK202310216048,142.40182599025437
EK202320007664,138.02271004872364
EK202310106821,137.31180843112068
EK202310201424,140.91506520240915
EK202310177794,138.3303415159404
EK202310225174,139.02258299002494
EK202310236955,128.48251362185738
EK202310216158,133.07183649106577
EK202310176370,137.93235820746574
EK202310139805,124.10073004118632
EK202310129688,139.32007651425315
EK202310114179,147.36174439533357
EK202310004734,139.9546112531714
EK202310153706,165.06748867915056
EK202310159985,135.42598936399168
EK202310207436,143.89238606571496
EK202310172357,137.81677034505805
EK202310137540,147.6336840092323
EK202310246082,138.44468625715024
EK202310231504,128.75544689791872
EK202310180342,173.5947428528548
EK202310149538,153.4819528667561
EK202310236300,143.1295065348793
EK202310184866,148.06834246004794
EK202310236107,162.60316668389584
EK202310177453,136.88722732290137
EK202310171178,143.06987433911414
EK202310146756,138.55701975397017
EK202310147896,152.18913623224586
EK202310167599,143.90250082406035
EK202310165277,131.1503638851294
EK202310213182,147.32289544518233
EK202310231983,137.88282743868697
EK202310119961,134.49208021808585
EK202310168921,158.46898166130077
EK202310152986,143.75337431739842
EK202310222123,133.87299296116626
EK202310165121,127.81676797241937
EK202320006143,165.93681712464374
EK202310136406,133.62899984011662
EK202310113171,143.77953643666189
EK202310178750,166.43511884858174
EK202310184720,134.5066664652628
EK202310135947,125.78216035434991
EK202310106555,146.7399217302785
EK202310147773,151.37660500907586
EK202310166654,133.53074620335974
EK202310231220,139.4857042933536
EK202310179554,149.1382703794319
EK202310121805,127.31637542750526
EK202310221539,140.72029116003117
EK202310109095,142.32007385542724
EK202310228094,156.67079690943822
EK202310128632,135.56007367020146
EK202310168239,163.47536156126338
EK202310229923,136.63534867821522
EK202310182545,143.364057278648
EK202310111819,136.7563244689238
EK202320007299,159.3402271389598
EK202310113423,133.69812627700514
EK202310141017,142.42202196688967
EK202310236316,138.0900091373443
EK202310108216,139.4357873730347
EK202310192703,152.68863050035216
EK202310123050,127.08227165665656
EK202310221659,131.939852030898
EK202310195354,186.9292840816015
EK202310218205,156.97649024034178
EK202310142204,145.40202014349555
EK202310169069,150.2099437759864
EK202310110164,137.95494665508036
EK202310242272,131.43590266397683
EK202310171541,167.84571581375238
EK202310164252,161.0155544398838
EK202310230378,130.3450070222365
EK202310162807,131.94727571812635
EK202310125970,140.2061240927482
EK202310232037,136.49736630775126
EK202310179302,131.6043235244521
EK202310113416,136.7424434208315
EK202310120907,142.06667847772135
EK202310131914,131.1344959856508
EK202310246477,145.31884252688874
EK202310210578,146.82831517023354
EK202310224656,163.64982781565664
EK202310134643,131.37665723789448
EK202310165344,131.69550210504957
EK202310128094,140.9135696959392
EK202310212344,143.56803740929973
EK202310163429,129.41315579628227
EK202310142109,125.18491739321118
EK202310148011,157.4716040706893
EK202310177720,135.12082089032648
EK202310130679,145.68005641118728
EK202310128185,180.24837746981078
EK202310157906,136.7323816351655
EK202310219715,133.81418317039095
EK202310107586,123.81488236628817
EK202310236962,137.9972313771156
EK202310133594,173.176752957378
EK202310124136,136.05444523602714
EK202310147276,154.65924575314048
EK202310209860,159.19854930607647
EK202310170014,130.70368655157668
EK202310125838,137.6213669302393
EK202310176810,135.7891144860146
EK202310104451,152.91599024309463
EK202310181648,151.24266006628764
EK202310148857,140.4226295804927
EK202310161540,158.47751054885074
EK202310109347,133.0775946687019
EK202310143168,133.18618041691664
EK202310182799,137.59687461522293
EK202310183847,144.00549796309826
EK202310231882,134.38240538653258
EK202310236483,121.30796076180606
EK202320007850,142.77926050279277
EK202310171115,127.5777153796513
EK202310138799,159.75389133096624
EK202310229790,142.3965096428295
EK202310120135,133.50075692605813
EK202310165362,149.1103017601749
EK202310160759,134.09372139239147
EK202310128908,152.98454975114552
EK202310126950,132.0901465451486
EK202310210878,137.76111556410152
EK202310144127,135.70256026552806
EK202310103769,143.6408436469555
EK202310224658,167.5274612702781
EK202310158660,152.23092500792413
EK202310115044,138.28532827706687
EK202310225928,131.9855322770649
EK202310131183,145.79636153154465
EK202310191329,136.4045741157962
EK202310247806,149.24686467133176
EK202310128359,138.2946838974617
EK202310158015,146.33456849635076
EK202310216742,146.733669724324
EK202310180156,124.52725845784259
EK202310156742,165.72481969709582
EK202310206889,138.155588988566
EK202310141595,147.69443948746516
EK202310213331,139.62738753077272
EK202310110177,126.51611471155195
EK202310177752,162.5955951075905
EK202310143528,129.86309273410092
EK202310121245,135.7450594360808
EK202310121730,139.83146621526524
EK202310166696,159.99017507958166
EK202310139416,136.76396799199807
EK202310137350,139.25653777251705
EK202310173056,136.17130893584496
EK202310183242,152.33157487243085
EK202310181856,141.69182241359724
EK202310187043,152.31547423355275
EK202310146563,135.4489651756228
EK202310210145,151.0203096443712
EK202310149292,152.86669791758015
EK202310219306,136.41257079148593
EK202310180670,143.16419499574465
EK202310154730,151.2457792299832
EK202310220947,130.05940950632697
EK202310202735,140.43525755208475
EK202310123527,130.41741647646813
EK202310120644,139.53475942768446
EK202310129017,166.44474523604345
EK202310162431,164.7340407232519
EK202310150024,148.32348247884633
EK202310237610,146.41173449287854
EK202310228863,139.46246532622166
EK202310114239,144.87444466314997
EK202310111704,143.7469799622538
EK202310175377,130.6132160878467
EK202310128857,134.82117871296802
EK202310141561,135.8376044380968
EK202310133921,139.99905469471656
EK202310143422,132.04264453486908
EK202310222897,133.67166917485076
EK202310127138,143.18984025388576
EK202310185976,139.60388272095915
EK202310118702,144.4606995875927
EK202310112998,152.55372261477027
EK202310134460,162.67507112242288
EK202310198419,135.26776131079384
EK202310116533,137.37400148725683
EK202310152035,146.84547122773878
EK202310186167,148.56810439096307
EK202310174777,138.4047148821574
EK202310241957,130.0148971529474
EK202310194759,146.36590707271392
EK202310209627,141.22298846733008
EK202310110386,140.2290023556832
EK202310183168,130.97931026874795
EK202310230042,145.9214056033013
EK202310173070,145.144536976943
EK202310118014,139.63784308319285
EK202310201071,135.87988582870702
EK202310151104,122.04375169587925
EK202310150451,142.06786932774304
EK202310185662,170.5582539637054
EK202310152420,136.70441890274805
EK202310004807,140.32983761897256
EK202310123731,141.07171353779916
EK202320007290,143.81575911378226
EK202310159273,163.2022717728817
EK202310241776,158.22169140145033
EK202310240911,130.52841321589108
EK202310128834,144.93023351350195
EK202310128400,144.20894751934313
EK202310233118,137.5075750038367
EK202310234404,133.9855055199132
EK202310158169,158.330708658113
EK202310168826,135.77960239674928
EK202310223636,154.81960028394022
EK202310228740,173.54466746440605
EK202310115835,133.620783257129
EK202310131407,132.04514703995025
EK202310150935,145.45549136243054
EK202310225345,169.02733773200833
EK202310146990,148.2577550904492
EK202310227539,158.50357922863986
EK202310145038,132.83584865890893
EK202310134905,134.64635338062942
EK202310176247,143.59054673723094
EK202310238587,152.26509423876212
EK202310208338,145.76944148758434
EK202310202600,154.72729020197207
EK202310244941,137.681257025898
EK202310121341,147.09847307488852
EK202310142598,166.10199116741563
EK202310198678,125.55796197511803
EK202310243034,142.71616139755972
EK202310188200,143.77280441779382
EK202310248513,122.26553236096214
EK202310247587,134.9213918837211
EK202310175167,130.8409823481238
EK202310248135,133.3182989848784
EK202310116341,134.4732514978229
EK202310187249,169.79591234532225
EK202310117946,140.89420425774512
EK202310120013,131.3272455413181
EK202310168464,127.70199422532325
EK202310188127,128.8030100560068
EK202310234954,141.20715027850622
EK202310240694,148.9868086008477
EK202310156774,147.83183866114243
EK202310242931,142.86233378685486
EK202310120909,137.73605979590735
EK202310213600,129.00373615183034
EK202310185790,159.30465216108192
EK202310189010,132.90926356092464
EK202310198849,131.60199708750795
EK202310110578,145.24675815824835
EK202310197754,158.4511564821785
EK202310224146,132.60884189148825
EK202310174258,140.10305317718144
EK202310190295,156.60400190502477
EK202310215366,153.79520507066414
EK202310236141,140.18531420403488
EK202310235081,135.335321933445
EK202310113404,131.42398997214647
EK202310147836,160.92742411200922
EK202310119847,149.6761356190369
EK202320006154,152.72933331718264
EK202310181606,155.3807919257539
EK202310108458,142.0858675965648
EK202310191692,154.08952467345668
EK202310137028,149.35046387180086
EK202310186568,131.37522326169847
EK202310193659,178.45806419973118
EK202310201443,138.10080382324432
EK202310171284,160.97237186785014
EK202310162022,151.70379727535996
EK202310124310,130.8078936848091
EK202310150577,147.11690652449252
EK202310180293,161.52798019844812
EK202310233601,145.75349624096108
EK202310218244,141.05985955284947
EK202310147274,134.0626126975876
EK202310144827,135.83943298310692
EK202310188705,129.43778939391137
EK202310171879,132.34671777518358
EK202310004380,159.16132941189417
EK202310124117,135.89924558427538
EK202310139515,167.26374787643996
EK202310223076,132.0031227796077
EK202310189237,142.2862112760033
EK202310158900,154.28677868917558
EK202310172965,142.66871860063821
EK202310133331,130.1717804528664
EK202310139550,139.2377041115639
EK202310182260,140.99539501375477
EK202310240459,135.83479966198018
EK202310129723,164.48641623725595
EK202310140428,126.92098260231572
EK202310116169,129.64787800858363
EK202310121335,133.66703708896165
EK202310154424,138.4619208009587
EK202310171495,154.74533540538354
EK202310230777,136.45037643523978
EK202310207460,156.32627625887997
EK202310194955,124.60237275637907
EK202310233382,138.653565061816
EK202310126476,142.9727331477648
EK202310112541,132.10767242719695
EK202310211941,145.37072588596814
EK202310160649,154.4736803385893
EK202310147152,138.04472934673564
EK202310226978,135.46596745495017
EK202310156779,135.4640891771685
EK202310160400,147.20097742730871
EK202310113592,144.96620483433892
EK202310173652,152.5987061123949
EK202310159519,149.25143536105543
EK202310124262,132.0254089994329
EK202310205506,132.6483388925472
EK202310219097,157.06195802452928
EK202310226057,129.3965991752258
EK202310153736,135.71116809434983
EK202310180775,136.0263107756689
EK202310169348,184.25091170627135
EK202310131502,150.4050000451374
EK202310121729,122.65923883504219
EK202310159565,143.61050520705783
EK202310204448,131.0140396411781
EK202310153462,138.4379419244026
EK202310144316,133.1892413653403
EK202310135075,170.55658502054766
EK202310221375,133.77174524372307
EK202310163745,161.58014133919565
EK202310128307,138.97932606714232
EK202310117545,174.34291529870885
EK202310135049,177.6529171774214
EK202310168241,154.5833369497865
EK202310212910,138.25178346648488
EK202310201819,143.33900205212262
EK202310159317,151.7399187956106
EK202310205644,141.9476033308903
EK202310154083,128.21009072019936
EK202310229522,138.62085845845286
EK202310110884,154.58939565395954
EK202310157913,136.84826367448645
EK202310178487,172.87677863932427
EK202310159316,161.46990630232384
EK202310109379,147.95842813012592
EK202310188031,130.81970829492386
EK202310198040,145.46039874231585
EK202310175083,164.62815579225978
EK202310155364,141.28886687351297
EK202310204163,141.82469956229235
EK202310199502,140.99828498756278
EK202310204489,146.79757307341032
EK202310179081,142.06382994538305
EK202310233796,135.92900059042324
EK202310166659,160.38378482996194
EK202310160108,151.263102267345
EK202310189609,165.2678609636025
EK202310104591,135.6875990198359
EK202310241388,133.2415177361678
EK202310141772,147.4163253338603
EK202310193970,147.02319172485358
EK202310115247,131.0439156702457
EK202310205518,141.72573271649688
EK202310169284,142.44293874589556
EK202310148744,154.1030365668207
EK202310190361,131.1643425782692
EK202310174521,169.15787038992985
EK202320005722,157.4577451172305
EK202310223637,139.6525541393827
EK202310206779,141.35521397319013
EK202310205588,135.91658231418927
EK202310173304,140.1374647442424
EK202310168176,148.0259074753067
EK202310213786,137.79940577743702
EK202310193979,149.3650750028666
EK202310126924,126.36150062008802
EK202310130529,142.59139750965988
EK202310119471,139.96422009842988
EK202310196749,140.2538227967028
EK202310113250,146.83964229295225
EK202310155906,138.52639910751193
EK202310105766,130.43102059786784
EK202310201584,154.0706323260891
EK202310106175,127.12627293398612
EK202310178826,160.53878782274265
EK202310184322,131.41532221092666
EK202310106188,130.29705205123628
EK202310124482,141.19627134554418
EK202310186934,138.21345488857824
EK202310190559,141.47576958674756
EK202310247940,129.26637442624585
EK202310161261,161.10312423852943
EK202310167492,129.0926711487476
EK202310117822,127.64319916243826
EK202310185255,149.69893544917608
EK202310209656,129.4198487090324
EK202310161945,153.59829074105085
EK202310214665,164.20531665430738
EK202310146073,128.80361067520406
EK202310160721,167.58132973780988
EK202310245095,145.37301501282303
EK202310239697,143.61022204452948
EK202310196401,146.67360037704233
EK202310245200,142.811251019506
EK202310151874,164.5385507273261
EK202310127590,149.8505434671897
EK202310172784,133.10643439799153
EK202310217741,144.82050134622347
EK202310118696,142.24433521300116
EK202310175680,161.08251800942497
EK202310248407,134.23760064188792
EK202310116779,132.99902934525923
EK202310230914,136.13723159774617
EK202310121682,140.6025297123392
EK202310124137,131.22175163345577
EK202310138758,137.62450218770152
EK202310115217,162.23462544407477
EK202310165227,134.52109451768249
EK202310198606,134.28214491194808
EK202310139887,135.09517151322697
EK202310235696,135.59426454414174
EK202310140862,134.35601896286389
EK202310245296,141.9815627982471
EK202310178643,161.5657005581959
EK202310109769,113.59019163156725
EK202310168383,131.26022301652148
EK202310173293,153.21628838400682
EK202310199278,150.29264209915385
EK202310188364,169.2233037081258
EK202310226539,128.79214164159373
EK202310104626,137.33213509868355
EK202310113611,145.74807353230966
EK202310155381,131.7489425018484
EK202310207381,159.67417469065842
EK202310232919,154.86064418425502
EK202310239683,136.4665376584183
EK202310131225,131.98163954137445
EK202310173001,142.17110939978832
EK202310194749,135.74294547846497
EK202310103766,140.87759982587164
EK202310173848,138.8667602539501
EK202310134143,128.84930438674476
EK202310233093,146.64789433659737
EK202310184337,157.62677458106361
EK202310129410,136.35092471948133
EK202310118391,129.6003500762832
EK202310222008,141.7045826098361
EK202310172498,136.36726214323934
EK202310187928,143.36987225029333
EK202310159483,124.02864915423612
EK202310110871,168.16822581572288
EK202310146779,152.54034039830586
EK202310155616,129.22184413848382
EK202310137460,149.50263984287585
EK202310209877,140.5403534600598
EK202310140666,149.40102800122423
EK202310122918,134.80743391059497
EK202310170046,140.0764721281766
EK202310143434,159.64609957603088
EK202310140495,126.23694008260401
EK202310174705,159.6879171809814
EK202310228168,143.34247732270626
EK202310127824,122.9427127749045
EK202310235975,131.3165697893077
EK202310190602,143.90850296262082
EK202310106408,141.23367058422212
EK202310233717,140.6502431555051
EK202310203927,133.6043198690259
EK202310106512,131.3985507280076
EK202310208972,133.73553795886792
EK202310156588,173.2233547693163
EK202310242168,143.49881052557762
EK202310123091,138.6138541165741
EK202310199389,153.21257629518766
EK202310154978,141.2523802624341
EK202310158716,132.66538532948533
EK202310159396,152.63442943007988
EK202320005678,164.68411512128446
EK202310110183,126.49517796269774
EK202310225959,132.7086521236742
EK202310225303,137.24411342985448
EK202310108877,147.4388440543307
EK202310237629,142.56917629531858
EK202310211593,127.6677970512304
EK202310151540,162.72168587142306
EK202310149041,161.20934360361488
EK202310147417,150.65727060503707
EK202310229267,140.89425066330398
EK202310194169,130.3820159727741
EK202310130855,145.56528218096668
EK202310218381,140.67623302541259
EK202310131759,179.43886761261436
EK202310159130,161.19129856347433
EK202310181380,155.96677639349525
EK202310154840,156.60516058763014
EK202310155113,141.35952907988062
EK202310190213,135.35591483296167
EK202310125761,161.43292747858106
EK202310228436,133.446723354495
EK202310245583,134.6049189552581
EK202310138440,143.08650241107586
EK202310153292,137.40720156488248
EK202310114994,127.68351952223279
EK202310172366,143.7369518798178
EK202310124479,153.44883195773482
EK202310184003,169.9611555502615
EK202310179734,136.46798580204924
EK202310185315,150.51999144864774
EK202310247954,183.68905387661266
EK202310146620,140.41689072195464
EK202310171244,146.64029568723072
EK202310134666,150.16211598719514
EK202310220005,143.87234325432857
EK202310156110,136.65175337767317
EK202310207825,178.19222561707636
EK202310168883,142.81968544445635
EK202310136483,113.91596731026976
EK202310196952,183.44012184328028
EK202310196373,132.81469505925315
EK202310118816,135.16429338998924
EK202310165110,137.69481688885446
EK202310142607,143.826267631614
EK202310168946,143.49124387356505
EK202310105295,146.94307175262838
EK202310106334,134.55882890986305
EK202310105612,135.53609777748918
EK202310119938,150.63880557099824
EK202310192361,144.71636444538922
EK202310195020,135.46836928330023
EK202310129686,132.1882365673996
EK202320005926,165.05289191334674
EK202310210500,131.2273543828982
EK202310139090,157.06783828705107
EK202310138528,149.00774540515528
EK202310201466,138.99843231892623
EK202310230750,131.8818346155513
EK202310148719,142.05243485593823
EK202310150803,141.24491758509862
EK202310216988,142.51398111046242
EK202310111431,141.5580400214531
EK202310185972,127.67885811513284
EK202310195667,187.2970962308576
EK202310140854,156.3461899802206
EK202310210882,143.4504503386129
EK202310233837,126.27060008892676
EK202320006073,170.80524787875322
EK202310196309,178.70016294973968
EK202310206916,161.63399785607407
EK202310226122,139.23029115402542
EK202320006289,143.11366612425897
EK202310226436,144.41369441663247
EK202310169442,176.47036246969287
EK202310241543,136.954478151547
EK202310217591,129.74383106466098
EK202310140276,133.4503541519082
EK202320007784,145.35517398386403
EK202310149529,142.7518454150573
EK202320007633,152.97047279012043
EK202310119859,151.37804867404694
EK202310230599,132.37760967061288
EK202310140256,136.36814469757053
EK202310155491,137.6540612090213
EK202310132167,150.4999060151922
EK202310224240,171.7225269380172
EK202310110704,142.18285829944932
EK202310140659,129.47708919281845
EK202310209654,136.18761029948337
EK202310210751,131.0903807937177
EK202310114252,141.4502917403425
EK202310131050,131.62196476150902
EK202310176400,128.1116586879835
EK202310225146,134.91278941667986
EK202310218218,145.31336882580115
EK202310199879,137.0114403810338
EK202310233661,137.2217784418405
EK202310225646,129.41303149993573
EK202310141379,132.46907328086576
EK202320006182,142.8391115594412
EK202310173692,129.85962225577583
EK202310177607,146.12454451662268
EK202310233946,135.8745788459323
EK202310126324,136.52585413816072
EK202310191584,148.586224400908
EK202310162051,151.39793076652145
EK202310217086,135.3349647604969
EK202310175283,141.32686044655642
EK202310161464,154.03605340420933
EK202310175429,143.5698124470793
EK202310162548,166.80907797354425
EK202310124184,135.96060265242568
EK202310175929,158.25866803984763
EK202310162414,145.25539058137977
EK202310243129,127.71594906940376
EK202310157428,168.03672269398908
EK202310155573,138.10233529761823
EK202310163052,138.69520177987638
EK202310206064,135.9062253516462
EK202310248323,134.3843268886445
EK202310168056,153.16094246351122
EK202310128927,149.40851713970665
EK202310139485,164.1855542337903
EK202310242735,146.88630207765615
EK202310134082,128.7920119645199
EK202310104455,128.70475154978104
EK202310159631,152.75231574684022
EK202310212803,143.99116470257655
EK202310104486,138.9146836845276
EK202310194508,139.0938872718941
EK202310147608,156.24471326330047
EK202310150343,137.2389356953958
EK202310231361,135.92048049824845
EK202310170149,161.86480339302653
EK202320005932,175.4115295227072
EK202310211081,131.86718317997767
EK202310164819,158.189371121833
EK202310182415,154.43103807988697
EK202310129406,149.89896938929041
EK202310186466,137.2859254405555
EK202310116340,130.41478882740444
EK202310177218,145.13316189487767
EK202310207532,141.61996994133244
EK202310222391,133.03707838775395
EK202310176449,169.67032829982833
EK202310245955,139.75027192873875
EK202310193130,140.8890271420961
EK202310158757,133.4021829820584
EK202310227627,128.78968246559816
EK202310136426,141.79710829199874
EK202310130279,165.40889418393732
EK202310140320,134.76746956704613
EK202310208976,146.5094192005734
EK202310140233,156.2197001801934
EK202310111236,145.66787398616265
EK202310106947,157.06444572816676
EK202310225392,139.05964483727362
EK202310156828,159.6230437317882
EK202310169518,126.21180442502998
EK202310112332,142.1970660083944
EK202310157079,173.2053827338288
EK202310113908,132.51296644335804
EK202310228518,130.7843106120519
EK202310162931,137.88459386666236
EK202310209191,133.63339425493015
EK202310170787,147.36540850102898
EK202310123235,147.11397250639888
EK202310155678,134.9817011800779
EK202310164712,134.73567055395904
EK202310124306,133.2283071237884
EK202310209118,142.62995239481023
EK202310198258,129.68951116190075
EK202310234831,142.00743949574442
EK202310226914,144.89885331186306
EK202310202181,139.08164928604117
EK202310181074,126.31239115285459
EK202310231524,126.7564738164733
EK202310159999,166.60716694950213
EK202310214159,161.6099972000427
EK202310104655,130.42781327571177
EK202310191665,147.63213858224364
EK202310226912,140.01950778216423
EK202310229568,133.10716276655265
EK202320006366,150.16117976937306
EK202310158803,137.69456630351573
EK202310218310,136.0104259227506
EK202310204232,138.01610334573408
EK202310186641,140.52074201437858
EK202310145275,146.4057644742449
EK202310215048,166.5023915198526
EK202310155714,139.4020438818808
EK202310154842,141.4172689150093
EK202310131202,139.00676817158472
EK202310166844,155.477245971134
EK202310209974,131.65057820881015
EK202310111411,142.51394073042107
EK202310208383,142.4130806848503
EK202310228239,138.1855526910895
EK202310220185,127.53527590963597
EK202310177863,131.8794383091676
EK202310191386,143.46931881129
EK202310176540,141.96428569414425
EK202310128361,140.08384865957942
EK202310127737,137.08817017730962
EK202310205567,191.698728023418
EK202310110038,133.35604821276212
EK202310135018,174.1867107162722
EK202310152829,175.99376900490742
EK202310106061,138.87820403370992
EK202310234328,160.6491353146436
EK202310179105,143.66753065540885
EK202310106635,139.6759312107289
EK202310133437,122.22050989280964
EK202310163497,141.71873803673827
EK202310170389,128.6636562929788
EK202310176900,156.99033262078342
EK202310218778,149.63039127994912
EK202310188856,146.73340069312468
EK202310195987,181.79074842683525
EK202310139386,148.14134619887224
EK202310220080,149.5458574447634
EK202310132718,146.82847138852028
EK202310184630,173.08494675682672
EK202310175811,136.18261339720817
EK202310109074,135.89536428033318
EK202310237543,136.0890436462799
EK202310229949,133.48322988489502
EK202310174243,132.20622469964331
EK202310185313,141.338463606297
EK202310150933,151.09403282060313
EK202310114721,139.45273956030792
EK202310168635,138.1676021605549
EK202310188341,142.97926967689736
EK202310213705,133.77195284383862
EK202310239073,134.59548627076063
EK202310163500,138.2501371825951
EK202310208351,136.94023845220082
EK202310106450,141.24620511109927
EK202310115408,131.00752401679532
EK202310223788,139.20147015614023
EK202310243905,132.37033674364153
EK202310173232,129.76692272858725
EK202310147240,164.41856308916468
EK202310170514,161.074754516407
EK202310150951,125.93996676049689
EK202310116493,143.65647947561624
EK202310195983,166.4724812984752
EK202310152131,133.60931172813812
EK202310104754,151.13216728746718
EK202310205406,139.80455053016684
EK202310160153,152.1399502934764
EK202310221221,127.5246216445498
EK202310160257,159.72660555206807
EK202310137708,144.25218488313467
EK202310115489,140.82993136712642
EK202310137151,142.45637518050248
EK202310227780,129.72625040965912
EK202310214472,150.21927512273203
EK202310133088,158.7537915589782
EK202310239663,151.76134138773872
EK202310215474,133.21703075355532
EK202310183236,131.9109281392906
EK202310214837,140.41148633794188
EK202310187923,134.56845009670636
EK202310197935,182.08363071476566
EK202310140273,142.71071841266124
EK202310117788,130.87670667586838
EK202310170592,145.46528923001935
EK202310156315,133.65226366544434
EK202310166296,149.40627932769016
EK202310156678,154.4285099168154
EK202310197364,172.82033106787512
EK202310004739,143.11289832580044
EK202310133626,140.53552158461025
EK202310199623,137.84096771502828
EK202310159296,167.56003362314706
EK202310192767,154.60764927496834
EK202310148778,143.81732898700022
EK202310156041,144.2338541376094
EK202310186950,142.72711942767478
EK202310236558,134.19372335633113
EK202310213585,133.50470684904838
EK202310184418,137.1317180013452
EK202310140115,144.37787111898464
EK202310163224,133.1036277393903
EK202310228835,130.09955984385036
EK202310162030,152.52145620041117
EK202310168987,135.67398999527353
EK202310221729,159.75861446105196
EK202310181909,140.31552109117908
EK202310149566,152.56429734782824
EK202310149852,139.12906059951158
EK202310246189,137.89595998926325
EK202310173822,150.27728770799948
EK202320006684,162.05541045953194
EK202310151342,154.62318730901592
EK202310004964,138.63429118234373
EK202310167966,140.7083888979968
EK202310184397,129.01670371786702
EK202310200638,152.00826923596912
EK202310181195,151.22459224252069
EK202310149384,149.79203516147572
EK202310192111,159.4835973348914
EK202310119248,142.41091886912508
EK202310150757,132.57675370799953
EK202310105899,118.75603543783274
EK202310109147,139.12851060478198
EK202310003890,137.54599047714302
EK202310136861,148.87661081739265
EK202310209403,152.7648555783335
EK202310143496,126.46585374290527
EK202310171668,138.53651921512918
EK202310168536,145.22942130434856
EK202310216195,148.45589902829775
EK202310117347,142.8192184675886
EK202310208923,137.59181559970415
EK202310239643,135.43799850895934
EK202310206445,144.41631474339871
EK202310104049,133.12572276988226
EK202310228180,137.88300705589677
EK202310116347,132.40773587600702
EK202310205059,132.8865613186042
EK202310248120,132.10035086042592
EK202310171398,138.09040151289372
EK202310161887,137.93390813663348
EK202310208795,152.30329842886277
EK202310211198,138.41230199290538
EK202310175547,150.93023840568685
EK202310168520,141.43289025867276
EK202310212595,136.12666925430017
EK202310116251,133.38934905969367
EK202320007851,151.26147848542524
EK202310106764,120.2532062893612
EK202310187318,125.70937490697763
EK202310158705,143.60129625817285
EK202310185110,137.73753608012896
EK202310170152,151.6566313059869
EK202310195607,158.7971997625672
EK202310111449,125.22844387315412
EK202310153841,159.988895583523
EK202310167617,171.760675782156
EK202310114265,140.49230817154418
EK202310133143,159.32900700371482
EK202310158293,141.43096801759776
EK202310181702,140.14631745066242
EK202310212416,139.06476596473786
EK202310231600,130.72370628021253
EK202310230507,134.2785914430012
EK202310223031,129.82619794829915
EK202310180391,125.44755940334976
EK202310177543,146.4662961576798
EK202310218831,150.93492324109494
EK202310223265,137.36676961153458
EK202310109405,141.22467157397477
EK202310138084,130.04118469397199
EK202310144834,133.98820111285235
EK202310119130,142.01408997911005
EK202310241445,132.79383687458545
EK202310187813,142.727722511619
EK202310233825,162.42101863788747
EK202310163582,138.98905399403566
EK202310152391,133.18989183027185
EK202310236241,143.42145297365457
EK202310179557,146.0156210280073
EK202310004239,166.21679635140305
EK202310218905,128.63732615122711
EK202310132305,130.16663837942275
EK202310230005,137.89734409255374
EK202310210560,139.28061118580752
EK202310216882,155.68059468752907
EK202310176911,142.2229036284654
EK202310136229,132.54572433773865
EK202310106054,147.86019588071764
EK202310195370,138.31197428178015
EK202310173198,135.57709529644896
EK202310173224,141.34973106757025
EK202310192049,153.83669150909785
EK202310119480,134.52395954451046
EK202310173031,137.8827415271404
EK202310141972,155.9857687515678
EK202310146369,141.7302429753088
EK202310242801,130.0694370161575
EK202310206809,138.07523313934834
EK202310185734,123.95618874920528
EK202310139207,165.60660494644685
EK202310210887,138.57170046465907
EK202310105956,147.32832649952368
EK202310163503,142.81728941500927
EK202310123765,131.4861211824864
EK202310232619,141.6766056618338
EK202310205867,135.5772851466268
EK202310158665,151.45667614872463
EK202310236631,137.82743098508172
EK202310190792,140.88202627484185
EK202310210386,139.03092843887663
EK202310200450,141.10363451948996
EK202310174140,138.45452725021798
EK202310138770,137.99166794314579
EK202310237110,130.0101225364158
EK202310164459,141.25795837837458
EK202310132579,125.82428674600948
EK202310196378,134.1359867539811
EK202310193320,149.98516016518968
EK202310232595,166.58089070253513
EK202310130509,136.48885207665415
EK202310109357,163.6520558814648
EK202310231395,137.7082478169343
EK202310193035,162.77343965378472
EK202310213027,138.07848236043915
EK202310138622,136.14341947172662
EK202310193234,165.6511449938411
EK202310185497,135.00301378206248
EK202310228201,133.53318457351128
EK202310230916,140.60611371224752
EK202310219136,139.74029528093047
EK202310229694,137.70484477557335
EK202310242998,137.3339738416007
EK202310118461,153.81859158342345
EK202310147273,129.4876130629143
EK202310112383,148.94849500946634
EK202310161078,167.94441348785756
EK202310164392,156.60489886988327
EK202310111127,124.4245362236098
EK202310169688,122.19262486014496
EK202310111033,142.43009146178724
EK202310118526,141.3212515058623
EK202310190143,153.78805078267183
EK202310232739,143.49597254493867
EK202310199403,147.90039675938718
EK202310168879,159.26071391981696
EK202310140593,130.10974924362148
EK202310003734,141.75216650545778
EK202310234646,129.13341916509023
EK202310133170,143.094661811857
EK202310181389,131.9114805301999
EK202310173177,151.8016797984932
EK202310164882,136.0488536672093
EK202310191760,154.35257939662844
EK202310234933,148.00294684048805
EK202310164012,139.88865982328613
EK202310207434,146.95981755542365
EK202310198243,135.2464999202361
EK202310162062,149.72131905033112
EK202310124086,143.20089148497144
EK202310159310,152.43302644576224
EK202310241058,134.4490092732063
EK202310179083,138.48531038679013
EK202310175051,137.29456261489327
EK202310149452,153.74541159042522
EK202310230416,132.3821670321836
EK202310187500,152.77766198302112
EK202310183313,148.33113001857143
EK202310237296,140.4419141025734
EK202310214789,144.60037131576337
EK202310180222,152.35553970494257
EK202310122939,157.37582348622232
EK202310181965,144.63852005702188
EK202310228380,149.14056553658767
EK202310159058,128.3141620240967
EK202310188976,151.81150421741958
EK202310172452,140.7093241053685
EK202310215052,145.34829991865377
EK202310247517,157.80117968483975
EK202310156349,144.55364009164666
EK202310242723,142.5713235819248
EK202310107972,135.92194622404304
EK202310153284,132.98053387996575
EK202310142419,146.77508019348323
EK202310202260,139.65073481132018
EK202310169840,154.30824455813507
EK202310229959,139.22458082197136
EK202310112101,159.43062279546825
EK202310170405,136.21000171333478
EK202310187604,139.33203095603767
EK202310226938,131.84535499110595
EK202310170407,134.42265882950252
EK202310188787,137.4162696806674
EK202310157751,146.75690639014724
EK202310110049,138.90840404281317
EK202310171605,139.5555751709759
EK202310225647,136.25831510032882
EK202310160034,131.2667753700318
EK202310104086,142.82498024005397
EK202310133846,137.0420721949215
EK202310149687,151.73375543561812
EK202310237643,145.03525003811794
EK202310240693,144.85115206387002
EK202310209107,142.14164099688247
EK202310152954,153.21806367089255
EK202310107042,138.7588012862203
EK202310147766,134.691214968548
EK202310157864,137.00257105727417
EK202310132609,154.49343421665117
EK202310198224,149.48256985644065
EK202310181372,162.9064817107568
EK202310107536,138.7454167261921
EK202310107339,123.8629071075009
EK202310231880,159.0549168296068
EK202310121562,134.19447401094226
EK202310219911,127.01914281148504
EK202310111456,136.84086085360948
EK202310230174,137.3313787736457
EK202310123273,141.67082767278922
EK202310130394,131.8061404321506
EK202310125858,138.17499490634424
EK202310148270,145.36595368538696
EK202310158632,144.26975748376404
EK202310131026,129.64816750712012
EK202310204177,145.98996440200028
EK202310116255,156.1189218608766
EK202310149497,151.10255933781258
EK202310105304,148.7057845042599
EK202310188432,128.39366966367618
EK202310153241,144.83363062148774
EK202310143739,145.54044389441987
EK202310157045,141.5194392483113
EK202310221281,134.34277490718011
EK202310183812,161.4641951224549
EK202310237731,139.96326946593322
EK202310157369,137.48911631459345
EK202310162985,146.39620181908373
EK202310120645,140.42773923400398
EK202310222168,132.29337157411575
EK202310185855,142.88140425544321
EK202310208538,154.32861514421947
EK202310176660,145.2944761668829
EK202310004357,153.02850780131595
EK202310131180,144.82115777527437
EK202310239429,153.0608072571952
EK202310143219,136.99859890514912
EK202310117261,138.3549830333561
EK202310185385,156.65427349594825
EK202320006967,155.69385036723222
EK202310133649,142.2404192090345
EK202310124686,135.8663927515462
EK202310158040,144.32043089110525
EK202310196688,134.10541198232895
EK202310191616,143.4161711794099
EK202310115678,125.18968822929742
EK202310147246,143.07236239038954
EK202310143506,141.81061373258842
EK202310151678,130.31336087335708
EK202310154413,142.0397848928507
EK202310140205,135.0488065505511
EK202310220100,148.77295389017505
EK202310125163,141.20884201117715
EK202310220961,130.7939319930486
EK202310230382,132.3469185901268
EK202310235095,135.14278197554836
EK202310161057,164.07540183977667
EK202310118114,132.39818064054768
EK202310170808,132.9796714859018
EK202310134456,149.42830058659203
EK202310200301,133.52349661662288
EK202310159200,160.80128134685341
EK202310238472,132.1226616024146
EK202310128987,128.1066097010492
EK202310108858,134.96411823846998
EK202310226102,137.69348850499264
EK202310113124,126.70783073386255
EK202310225235,138.29471332673518
EK202310179343,136.5691015489649
EK202310178389,151.06923206530388
EK202310119599,125.23024232360312
EK202310244023,133.30793134303963
EK202310156102,142.84627455674533
EK202310130216,159.69064039442887
EK202310234897,142.636369603899
EK202310187102,129.53115064393646
EK202310239290,129.05089435810908
EK202310136586,136.6754306974815
EK202310108466,144.92603484428292
EK202310230613,140.80068774087226
EK202310152593,158.0901853761339
EK202310196010,175.98172462011587
EK202310226253,125.80748340834171
EK202310203216,151.78925710721688
EK202310166883,140.25282582376073
EK202310129487,147.2295880539409
EK202310105043,138.36844277401113
EK202310138902,131.43053343222644
EK202310202724,148.57303081075784
EK202310201811,160.25985139989493
EK202310175242,138.06941611719117
EK202310114269,123.33809812644151
EK202310231260,131.74192438270845
EK202310104135,141.47768136733836
EK202310157818,134.98285646143452
EK202310182339,151.44792001107734
EK202310147937,146.31970857137946
EK202310200292,135.11349643206287
EK202310230177,130.89752019112294
EK202310162469,135.9717322364391
EK202310204330,146.83008099243062
EK202310139204,139.19390057815062
EK202310130100,135.69546040489467
EK202310155710,146.32610349057094
EK202310233995,141.2036297054743
EK202310184497,155.64182131017378
EK202310164378,133.42373626485264
EK202310219862,141.9719348254869
EK202310125493,138.31717328419347
EK202310154947,145.10374204449226
EK202310177743,149.45618404459708
EK202310183365,124.91475209410484
EK202310195017,155.76466418147845
EK202310111369,137.0646407531853
EK202310225082,167.56757910503694
EK202310155429,133.16223870540438
EK202310226852,136.70480935737328
EK202310180504,139.154037358225
EK202310181743,166.41801998019443
EK202310003997,143.87692184456304
EK202310205645,140.27536090412607
EK202310115820,141.42299817243526
EK202310162941,128.66289573368854
EK202310180586,131.9890681611398
EK202310220916,128.60234867513182
EK202310202555,173.84022763458975
EK202310149995,143.47915083029707
EK202310119295,158.71810493579503
EK202310187858,143.4000193109115
EK202310237992,147.84807366002528
EK202310213952,158.78891480680542
EK202310123029,128.8509963836881
EK202310147096,146.41557535255484
EK202310223097,134.64341539877697
EK202310166215,134.98581311503582
EK202310004720,158.24440208299237
EK202310163572,132.71137697187788
EK202310162607,150.6320622328621
EK202310126965,157.8928791557839
EK202310140141,135.74810778788157
EK202310177046,142.75462807883312
EK202310197851,152.86542037153325
EK202310117189,135.09052899670013
EK202310210540,140.12855779803834
EK202310177596,140.877035302266
EK202310155696,140.6522070003531
EK202310175690,157.38509133959985
EK202310219739,134.96376829000147
EK202310003649,131.70903676834732
EK202310175576,143.22902191835914
EK202310178878,138.39558030521763
EK202310211266,129.67707093222396
EK202310141670,157.41885140151902
EK202310159615,145.6281599833782
EK202310234233,140.99906042688048
EK202310229461,132.54322827747103
EK202310205036,141.8090563416914
EK202310225181,142.20990881772835
EK202310191452,140.35222939563056
EK202310146939,133.90290122773814
EK202310182164,154.11369664440568
EK202310170225,177.73193273729348
EK202310194220,138.94540493599914
EK202310197061,164.63861900966964
EK202310173373,140.85599557241767
EK202310209119,142.3256632109603
EK202320006628,188.10998984665102
EK202310136886,126.25183970293132
EK202310159668,130.2806901648902
EK202310204891,145.16416595178669
EK202310246209,147.04222828874657
EK202310198151,149.67256055072153
EK202310111528,142.962755836919
EK202310181657,133.43317228477048
EK202310110692,133.04408548876265
EK202310187777,166.65311416959958
EK202310180038,137.03028895837312
EK202310107931,133.98430498086552
EK202310186808,139.11027359001514
EK202310229289,141.29187828622193
EK202310223469,138.17468176481205
EK202310124329,128.78163905361345
EK202310181534,149.32457077796354
EK202310132729,144.62849321494733
EK202310121382,136.91865039305787
EK202320006815,168.9386825611862
EK202310199820,155.77106876629017
EK202310148775,156.55177744372605
EK202310160487,135.90438922783142
EK202310225148,169.20207532592502
EK202310144291,136.15942576696358
EK202310177549,154.75460662967566
EK202310195485,140.80816250634726
EK202310183864,181.2705590474293
EK202310120532,128.3741371867994
EK202310170076,126.63140808385077
EK202310195740,141.76736165769447
EK202310179595,135.06483836444855
EK202320007837,138.15595480193633
EK202310184046,142.62609445849407
EK202310171869,153.35809669446425
EK202310223256,135.36468031217652
EK202310233904,141.68463867406615
EK202310247327,161.98368976870222
EK202310127761,139.2183638752854
EK202310131174,140.06254185161728
EK202310112799,138.96977333425093
EK202310121242,144.72938666033176
EK202310220124,142.60210075214945
EK202310118386,146.79312757057616
EK202310111074,150.90041478122546
EK202310182197,143.8589364124853
EK202310138009,128.39139226865765
EK202310205273,163.94597348594758
EK202310118039,145.6206695749345
EK202310126134,147.42275561257165
EK202310130337,125.31509616141332
EK202310106788,131.64010038005102
EK202310167682,158.4739967039237
EK202310146264,136.5272246350175
EK202310138461,132.13461131473446
EK202310218689,124.85022562361391
EK202310176319,159.30144867854048
EK202310118958,127.4590101391656
EK202310167604,161.99883952233134
EK202310205793,130.40873950274488
EK202310104740,128.7225879763469
EK202310166561,131.91065266720898
EK202310110675,130.0200201135337
EK202310201775,142.87700294445864
EK202310188302,166.99179064385052
EK202310167994,145.04514265360805
EK202310135487,143.562581515262
EK202310168143,138.91709052665246
EK202310204808,147.21239775667837
EK202310151944,154.8151012120234
EK202310224341,137.5004173310208
EK202310111538,165.4833448710696
EK202310122316,134.86656677810166
EK202310178272,155.17707013653867
EK202310174655,147.15453239336063
EK202320006786,168.5858552697973
EK202310170761,152.2699345505422
EK202310117836,134.5494702854806
EK202310197808,170.27059767675092
EK202310236038,169.5104006106086
EK202310147177,149.26982337754237
EK202310226210,140.06351811128218
EK202310128001,139.68667497698723
EK202310150524,163.5291754216024
EK202310128526,155.85637651880256
EK202310126204,129.82213292119113
EK202310117271,144.09917874694048
EK202310176809,140.27612629425695
EK202310169896,168.0136093822712
EK202310241503,128.39588058247196
EK202310159411,158.49366666656508
EK202310168543,177.51716865783703
EK202310196558,150.25982033796691
EK202310163150,143.910514850531
EK202310235581,136.64259443674592
EK202310233161,136.62819984755095
EK202310190473,153.4026165826342
EK202310196173,128.82309794269239
EK202310208613,130.67513483928323
EK202310177724,133.68003843444805
EK202310175056,140.3846704823606
EK202310111228,143.94585434499177
EK202310234828,135.878055412254
EK202310121915,150.0066446478934
EK202310220373,136.78033199020513
EK202310145989,149.933207310705
EK202310246664,141.94354652129275
EK202310239676,141.38946075175122
EK202310223963,141.5777709414898
EK202310210083,164.0376029914325
EK202310165601,130.45407198161888
EK202310211271,148.5525901017047
EK202310179038,143.91161665317358
EK202310112961,145.7218658157599
EK202310141004,150.07167600279692
EK202310150784,160.2456878946965
EK202310174865,164.67807304944336
EK202310123688,127.04718949054013
EK202310190962,136.37179529202749
EK202310192255,131.3503382406023
EK202310192265,137.87878308652708
EK202310193019,139.29642408263922
EK202310114602,137.87328075319914
EK202310110286,135.0895769286701
EK202310163569,138.56274507066942
EK202310174927,167.56363476451625
EK202310204027,149.29454780313796
EK202310197637,135.26463420152893
EK202310190376,131.473669512053
EK202310146945,136.7755341387555
EK202310149841,135.30242333792984
EK202310170965,164.61621470199677
EK202310107183,141.86946808471131
EK202310163517,134.72270301278132
EK202310203286,159.23338987241627
EK202310146022,129.88922037153475
EK202310111432,132.65512653059147
EK202310202147,166.34344909154083
EK202310139521,164.25793998519728
EK202310214439,154.099883663984
EK202310178903,142.52109867633754
EK202310123729,137.25157674199804
EK202310199058,140.85209417348992
EK202310136770,137.85199394227837
EK202310226727,140.9856678204202
EK202310223073,127.55865762656543
EK202310200813,151.56967440643243
EK202310123891,137.75313296855035
EK202310122410,148.12240586305714
EK202310213591,133.06965583403465
EK202310247671,187.33894897197808
EK202310168753,128.6751109274118
EK202310227492,137.4262890154767
EK202310121230,127.289026074633
EK202310162300,156.1028844326103
EK202310138673,137.0427074613934
EK202310177419,138.54396619018192
EK202310221047,130.59108897578668
EK202310199069,136.58186481557271
EK202310124433,145.1240329685025
EK202310152193,168.2744506021791
EK202310221750,141.93891417915424
EK202310111508,139.2700280044974
EK202310225858,132.66362842512984
EK202310244419,147.84096725698836
EK202310139413,155.14490728246264
EK202310156930,139.14703850011793
EK202310160323,165.6932279917735
EK202310140167,130.0716895102472
EK202310106834,130.56578767100726
EK202310116024,131.20237290754986
EK202310221867,130.5904895676018
EK202310158833,151.97685799339584
EK202310123702,135.91739666601214
EK202310192686,130.31921656711086
EK202310210956,141.49215647136177
EK202310142282,151.61689525179597
EK202310138282,157.78873330138086
EK202310224531,131.5533912933666
EK202310165971,127.67277148755716
EK202310161662,154.41130741985617
EK202310109830,140.6026737453618
EK202310149086,155.31780408912934
EK202310128457,163.3335216056078
EK202310146894,142.89465700663925
EK202310153536,130.23408102685863
EK202310137317,119.79775469388844
EK202310109096,144.62409069657056
EK202310188535,145.97872031786122
EK202310193279,134.2170894446312
EK202310229951,147.0982929898369
EK202310110507,134.30577827480738
EK202310158912,126.2591744925519
EK202310121939,141.9709846128795
EK202310133006,154.61593137216525
EK202310123534,130.61948700309753
EK202310116590,134.26537048030494
EK202310225727,135.84456246331078
EK202310121585,115.92683453117137
EK202310204778,139.6165057950987
EK202310185473,154.2176445397676
EK202310210130,141.15524648539287
EK202310148836,144.9267857357924
EK202310119653,140.55937716158002
EK202310198898,131.6547073307723
EK202310248089,168.67244383015847
EK202310139296,149.57118560994905
EK202310179982,166.7086458175084
EK202310237915,131.16530368416534
EK202310158701,142.1272346537387
EK202310200383,142.96912184965396
EK202310123263,137.0676583840314
EK202310120640,138.21809164990424
EK202310164686,147.84446113204598
EK202310172560,150.38425479104328
EK202310112120,155.05349576578237
EK202310111450,138.78664209294345
EK202310127176,182.39560995866844
EK202310155228,140.12256988694634
EK202310122785,151.69532786263875
EK202310129726,161.01173682309437
EK202310202138,146.92232782928286
EK202310174059,132.9506186225587
EK202310241322,152.9675225723622
EK202310240201,132.29941807599764
EK202310152861,175.72465796846384
EK202310190128,181.96411292140158
EK202310142222,151.78336213478372
EK202310239282,151.2378660366705
EK202310123815,130.81628261951488
EK202310135342,144.07262746417237
EK202310165056,135.03659623878926
EK202310197918,154.79462262423826
EK202310152287,137.877957544924
EK202310118776,140.23389981338477
EK202310204594,148.96006636252437
EK202310207755,138.86878732906146
EK202310202942,139.51156725777983
EK202310115468,133.580363010592
EK202310196078,156.505227237661
EK202310208592,147.4411624974792
EK202310138579,137.7833357712791
EK202310221870,132.32333033812898
EK202310104365,138.86395643073882
EK202310240461,150.94838005693626
EK202310189760,136.00146567315966
EK202310190187,149.00672968479418
EK202310221590,155.89840055828068
EK202310195095,137.01686559330736
EK202310209962,133.65369620732037
EK202310236666,129.41517062563844
EK202310163532,139.35315139246032
EK202310200231,128.64851980271075
EK202310166801,139.26242645203214
EK202310137829,123.22303571704293
EK202310178645,139.78037653317992
EK202310132257,132.29122514098526
EK202310116109,137.31736231437978
EK202310170340,137.10838296702133
EK202320005685,146.9798625903896
EK202310110254,136.01594592349576
EK202310142286,140.08676019244564
EK202310113972,137.76843147897685
EK202310173627,169.3044383135185
EK202310161526,161.2648108890402
EK202310199255,134.26730149624464
EK202310127635,129.5208809257782
EK202310230652,138.2591556798427
EK202310162047,152.48307402578823
EK202310187427,148.41168386567958
EK202310183777,182.94175863578772
EK202310209587,140.9317340735114
EK202310206498,141.46150069191282
EK202310212354,129.74199773284772
EK202310124840,137.79426856256546
EK202310120474,135.57490506854086
EK202310145470,134.51713437995915
EK202310193235,141.01720571067474
EK202310173946,131.02425966850046
EK202310139407,136.9006652470105
EK202310172298,131.07913186634244
EK202310172477,166.41603579602912
EK202310136836,132.34135470273128
EK202310153000,146.46445522938794
EK202310227011,132.5504809946285
EK202310116524,132.67086683950487
EK202310182080,154.65274122301278
EK202310172447,163.01633992066186
EK202310202778,136.7186034471445
EK202310173634,136.9946990472338
EK202310233498,154.0726073234132
EK202310147033,152.59872009539336
EK202310229276,135.5670490920573
EK202310149539,153.08752529845572
EK202310169898,164.37049516148295
EK202310140444,146.23414124612333
EK202310148794,138.67784779645885
EK202310168225,155.74551160206553
EK202310122509,133.32890911100012
EK202310200433,148.87371810743335
EK202310147275,143.70989019474203
EK202310173524,146.9541865933986
EK202310172383,131.176785798119
EK202310162443,163.9328407240885
EK202310136680,157.34815046398546
EK202310145392,116.99203953644749
EK202310128822,151.07231871009964
EK202310178947,130.8378055221771
EK202310161017,131.1432745088529
EK202310117154,139.88075376316138
EK202310191847,141.8248339958759
EK202310235861,144.8117395644101
EK202310144219,134.8792302947707
EK202310163279,152.01300345138733
EK202310123158,133.04804163759397
EK202310130523,169.26727092098906
EK202310149646,138.4973500944173
EK202310135587,137.06197195874913
EK202310206712,185.59389712637002
EK202310114144,147.79146185849476
EK202310143984,131.9148622263407
EK202310247715,127.53994304421417
EK202310166729,154.04576721646734
EK202310166588,175.66506312000365
EK202310104103,138.80284915116633
EK202310180245,167.61202369982536
EK202310147372,164.03834752601693
EK202310153045,137.58286271147324
EK202310218342,131.60896480117543
EK202310178452,146.01087588492203
EK202310215610,145.90809008876946
EK202310125820,141.8298335066609
EK202310145000,145.61168211463774
EK202310123565,134.6454343095698
EK202310119232,136.12097930863604
EK202310121655,129.66052687319618
EK202310220009,142.1674569749898
EK202310108478,164.08692440812476
EK202320006810,160.16677486152582
EK202310164302,127.75193025194734
EK202310127527,135.22209392177234
EK202310158421,145.54501258981125
EK202310130473,132.2472923631213
EK202310191209,159.40072680968277
EK202310151031,133.146736003969
EK202310242418,125.21633767540004
EK202310117038,139.89275772885048
EK202310169468,174.10647077996586
EK202310155518,135.50252975825512
EK202310160439,145.6346383486149
EK202310137675,137.85715634273538
EK202310129243,137.38915660131207
EK202310161476,179.97303622701605
EK202310117393,135.15437036077128
EK202310183468,135.69421591791323
EK202310136137,135.36013733348256
EK202310186954,171.25584216634633
EK202310149506,154.50848519143995
EK202310138751,160.0419340847161
EK202310210563,150.4182226087308
EK202310153823,162.01019571938656
EK202310109991,143.0497637496191
EK202310163957,160.71010127772698
EK202310213655,133.3998868687949
EK202310200962,164.04107618416853
EK202310161409,162.74277908704448
EK202310153656,154.98439226381694
EK202310135461,124.08952773849451
EK202310192428,150.20966163141125
EK202310125512,141.41138374458598
EK202310217273,156.91542829103875
EK202310154096,163.45745583176537
EK202310230788,129.43724120160198
EK202310178884,125.174046141554
EK202310172461,162.01611355338557
EK202320007592,143.45972975989056
EK202310199895,136.36085720826006
EK202310239443,138.28253629272845
EK202310123294,135.0358928820585
EK202310177951,142.75207922103962
EK202310203901,170.66237914888703
EK202310133270,141.51278901933594
EK202310150003,146.65688913212463
EK202310173535,154.95552824295083
EK202310177996,134.15478674184283
EK202310177998,135.88821540656895
EK202310105111,139.47234809926712
EK202310132782,138.89605001973038
EK202310147465,153.7941550899641
EK202310189373,154.6597373738184
EK202310212915,142.81105276225372
EK202310192950,135.96780380979575
EK202310116860,131.2949355579219
EK202310219235,138.30291893539086
EK202310159602,169.481906128426
EK202310004247,132.7804148257339
EK202310108971,137.98693538887227
EK202310188852,152.8180483997751
EK202310139403,148.65030993227356
EK202310234630,140.9759661140315
EK202310003419,132.3548261848716
EK202310240718,137.2185408183434
EK202310139149,164.05818404151472
EK202310191432,149.30612243982273
EK202310150654,185.5353225780803
EK202310106818,133.74167788210673
EK202310238168,136.71062875721267
EK202310164496,130.98517269527642
EK202310187495,156.49774965766488
EK202310103974,144.53650512803043
EK202310109251,143.33477338680132
EK202310120857,129.43854173592194
EK202310170330,145.4546854400318
EK202310173297,138.05300200804618
EK202310140255,144.36694505098964
EK202310139229,142.88842364465313
EK202310174339,151.78428294178798
EK202310241642,144.04833209762336
EK202310124888,139.70033025350153
EK202310182131,149.09010001645407
EK202310204239,138.0602980092386
EK202310168111,137.09973383028688
EK202310121789,136.74119240803648
EK202310140719,129.9222580561462
EK202310192995,144.39785728976568
EK202310117846,130.8094256282866
EK202310116879,131.28961277152263
EK202310146348,132.92307054973273
EK202310161368,167.8427391421534
EK202310176187,155.5908922872131
EK202310003798,131.25660532326145
EK202310147169,155.8892318781795
EK202310130622,131.5571913586251
EK202310246544,169.79514644116188
EK202310153051,154.13285849925649
EK202310185995,144.18827009750584
EK202310110814,141.33744320657516
EK202310151121,137.21155976939755
EK202310219095,130.37707045169924
EK202310110404,122.5917846776966
EK202310144409,133.93125564263468
EK202310187391,133.00105355503
EK202310149764,148.54025792604753
EK202310201310,158.6267562665155
EK202310236862,138.5942381272913
EK202310137394,135.13683137793316
EK202310141967,141.20597020940963
EK202310116050,125.85466406241979
EK202310207103,135.68680917998057
EK202310004907,141.42361194580533
EK202310151090,138.96563468525954
EK202310172058,162.78860398928953
EK202310115937,131.50691527700712
EK202310200500,132.38451242731784
EK202310197265,147.39374176358143
EK202310156808,147.5292514894195
EK202310210778,148.80437727446804
EK202310178848,132.39532177895722
EK202310189222,159.96759686496907
EK202310245286,151.28311609136017
EK202310201625,143.08974700985885
EK202310245649,140.78034541184718
EK202310149643,137.77445897499106
EK202310136510,134.91616115339255
EK202310122753,135.7991554024545
EK202310246817,144.74441900557616
EK202310210226,140.75497314700826
EK202310172695,140.29823765924783
EK202310170665,164.45644713511894
EK202310142911,143.45004647010572
EK202310169874,142.85309146989718
EK202310198233,160.84967161299036
EK202310207245,129.0315742504198
EK202310123010,151.86797597289583
EK202310237178,131.89496366642962
EK202310199794,144.9788999761549
EK202310150744,137.7908479348844
EK202310230791,133.8092708832608
EK202310219009,144.80533848943662
EK202310156827,157.4811511842277
EK202310128134,156.2767331872008
EK202310106985,137.89903611166315
EK202310169339,177.32045790833632
EK202310235910,149.81951737659426
EK202310234586,139.65805517498993
EK202310225660,132.06561627753257
EK202310004833,134.1990582126852
EK202310197506,146.83879977528935
EK202310165175,148.53496532728818
EK202310133623,143.6784473253227
EK202310188944,137.96098555274858
EK202310195388,151.29055896098671
EK202310136775,146.146164157103
EK202310123115,126.7980059605928
EK202310236860,143.32050831053138
EK202310144494,135.49754806232073
EK202310229026,140.62612752059513
EK202310135882,144.65767306033706
EK202310212362,133.90966720105777
EK202310159458,135.3056557285943
EK202310208432,138.84834687591697
EK202310157240,127.8066974074498
EK202310209343,143.5885861955493
EK202310214206,151.98784948708303
EK202310178372,151.52222133059834
EK202310243735,131.6173198985264
EK202310148264,130.84723959263567
EK202310137796,139.14504583263624
EK202310124924,157.376824178339
EK202310236432,135.67876176247862
EK202310175676,149.1122610675935
EK202310235955,136.32274168603658
EK202310198947,139.68730073055661
EK202310134055,140.84100078969945
EK202310174001,147.00493561273265
EK202310115167,136.04041450352045
EK202310127593,142.64691330385858
EK202310158302,154.4959131960583
EK202310212755,160.82314483435073
EK202310240947,126.74562571133197
EK202310149996,139.49917343692388
EK202310150238,126.4415987903216
EK202310235315,147.87796376897603
EK202310112303,132.83894996423246
EK202310162832,157.23592333112407
EK202310168734,141.432171208798
EK202310144612,134.53762919138072
EK202310141463,136.22464990146167
EK202310186157,144.86506114291842
EK202310196629,171.86414588028038
EK202310177781,127.93951323693405
EK202310214576,161.77994081337664
EK202310213457,136.91050910063635
EK202310109319,135.1999326638917
EK202310140409,166.23044970073042
EK202310159595,150.83549318189438
EK202310221635,133.39709524889105
EK202310156425,149.75724580650265
EK202310151139,125.73387537666817
EK202310122849,130.0685871504764
EK202310149074,138.91684141245284
EK202310242259,141.04189386834227
EK202310164229,161.65071618998365
EK202310193843,171.61090760813326
EK202310206163,139.35852231273444
EK202310226035,135.761489166449
EK202310152221,155.82637891312487
EK202310105803,132.69670310242725
EK202310226363,136.3098811713974
EK202310154688,159.81774054248962
EK202310176650,129.08160901959005
EK202310145747,140.53538700343788
EK202310211584,136.38819960664443
EK202310220442,140.37351943416934
EK202310205364,150.8265333423833
EK202310247943,145.10266154067685
EK202310211494,135.30173795822319
EK202310223193,138.87994366553966
EK202310192188,163.32389794417836
EK202310182827,150.9907856063274
EK202310232562,159.04912694019126
EK202310133290,135.1671100304897
EK202310158696,135.8192455249552
EK202310217289,134.67805437403197
EK202310160255,160.8547501643955
EK202310153931,133.8570280732858
EK202310152474,131.1346581419906
EK202310202098,172.66478516885246
EK202310222372,157.3382147390212
EK202310122551,130.02106312159432
EK202310189977,174.90367599501621
EK202310235124,146.44470877618846
EK202310230811,140.27572869024374
EK202310139101,146.57219918455266
EK202310172491,138.96436237618482
EK202310217910,133.57342534634108
EK202310111343,139.58674573499607
EK202310003655,141.92527151443826
EK202310143114,136.12127997911057
EK202310199189,127.64365726840074
EK202310216615,137.0704733587646
EK202310191841,139.55541378785966
EK202310125751,126.03698944492213
EK202310138803,154.0884271010614
EK202310164581,147.42862655414743
EK202310208664,163.69678541782565
EK202310110520,136.1710378274594
EK202310121702,142.32792254671656
EK202310217544,133.83309339827937
EK202310230128,139.21336248691156
EK202310143116,142.10129933068373
EK202310240904,124.07591494177024
EK202310119417,157.61042642462454
EK202310140166,132.0438739998288
EK202310173685,145.6528753489337
EK202310183555,144.63996480332406
EK202310184119,140.04493105795126
EK202310107937,145.7689259062134
EK202310212966,141.8388990555929
EK202310161552,145.61799491682822
EK202310176844,131.54523290143334
EK202310106215,131.3625671183845
EK202310114075,139.06491894902553
EK202310130063,156.6205980552469
EK202310205703,140.8875229401288
EK202310197515,142.12058762186112
EK202310211815,133.56218832680608
EK202310201003,156.26257662015206
EK202310230991,138.28096221399835
EK202310117518,140.08098475198233
EK202310197246,175.80794778763027
EK202310172663,137.59775708369997
EK202310139483,144.58512135350432
EK202310129316,165.6483131613857
EK202310152009,142.2335938112302
EK202310202611,133.64355238587714
EK202310226354,140.74591135911496
EK202310117193,140.8646821842788
EK202310118713,141.08945314134365
EK202310172411,170.43890637814462
EK202310219644,129.88051334802162
EK202310213531,139.7505816861073
EK202310242803,130.24956170948317
EK202310152661,155.83688954342222
EK202310152241,129.2041816043917
EK202310229787,148.36423208275033
EK202310242437,134.32763689688346
EK202310108706,143.3080936777241
EK202310185541,147.0522319842937
EK202310164254,159.87467256186832
EK202310169434,132.10444912575437
EK202310140161,129.08954724198554
EK202310140926,161.24026836013897
EK202310144378,134.05315928389967
EK202310207675,128.0765076639678
EK202310176041,105.11753730839978
EK202310179507,142.6345827777179
EK202310217262,132.8772920623599
EK202310212384,139.24886777085274
EK202310236809,138.34493084634903
EK202310210937,130.77551745850437
EK202310146509,153.42823606583318
EK202310208359,144.3136632920853
EK202310196964,192.6906981731478
EK202310121297,132.30116141318928
EK202310125054,143.79633071327476
EK202310150801,134.35805470338812
EK202310124068,140.12711873765417
EK202310217152,149.9370093074796
EK202310213127,139.63706229153593
EK202310138002,127.4948877480657
EK202310137999,127.35724446486162
EK202310120368,132.40171348157918
EK202310139442,134.84368412111905
EK202310130726,128.15760330837617
EK202310227013,132.29158258281447
EK202310120427,135.7881017254442
EK202310178312,143.2729558032412
EK202310174421,143.5426997713346
EK202310152720,152.3967889557107
EK202310244641,138.8766805741394
EK202310207759,138.9199958000591
EK202310150664,150.40710271290482
EK202310130175,164.1600503045039
EK202310218396,132.6060902901238
EK202310200848,141.15466380089387
EK202310169858,138.28456051467944
EK202310167529,144.47649808139298
EK202310105681,129.65338687974995
EK202310120146,134.9927973717946
EK202310119589,151.67651295268922
EK202310116721,137.83648356308962
EK202310167292,137.57040697941318
EK202310184949,156.90252458201314
EK202310114495,139.6984351179477
EK202310196817,135.2817066956922
EK202310247795,133.591694900056
EK202310182295,143.92764687330038
EK202310104403,141.5635811642158
EK202310145319,139.3861755202374
EK202310180791,164.2993182814758
EK202320006323,146.64291525647556
EK202310240533,153.25141885961355
EK202310127909,145.5268486341595
EK202310127901,147.5288223669427
EK202310152050,142.51490320341907
EK202310129455,133.04968054332275
EK202310109106,158.6689021051599
EK202310131756,137.7049903870166
EK202310237136,139.7971588743213
EK202310120314,149.7057650525459
EK202310148251,143.9466952747137
EK202310138226,137.29373584773614
EK202310109018,150.38617741110994
EK202310208749,152.0462542662805
EK202310003722,137.51174630587823
EK202310231839,136.80538526569856
EK202310221232,132.57114890391043
EK202310216059,127.23414567174872
EK202310225575,139.10009174711402
EK202310106813,137.56261551562545
EK202310165461,139.0022076532457
EK202310233667,145.36389057653042
EK202310155049,137.72832347335594
EK202310114377,144.5944265498098
EK202310231905,138.34626676515438
EK202310205554,155.90335634104397
EK202310158652,130.66763460367085
EK202310178116,139.6468425731983
EK202310206509,150.10843913391528
EK202310203355,168.79151489377853
EK202310242205,157.87304760183812
EK202310133154,130.7048430896632
EK202310227076,137.48758460630907
EK202310138977,151.05375255147504
EK202310227762,134.8627700866234
EK202310176853,131.90023618857768
EK202310162306,147.88437196250365
EK202310210652,140.89521260340393
EK202310231471,131.05158389293456
EK202310198811,151.03383380489524
EK202310194755,143.84571336605154
EK202310213637,136.38793119115334
EK202310216935,170.09948769036964
EK202310148553,153.66959123806245
EK202310118079,132.66518600556387
EK202320006148,161.21016030783676
EK202310169315,149.49250113532042
EK202310215478,132.98606223224942
EK202310193163,175.354270905092
EK202310166480,145.84666722059237
EK202310121860,131.00279096500893
EK202310229325,132.87088586486612
EK202310178140,144.8171527254275
EK202310217881,144.508093093312
EK202310172603,140.66812760061163
EK202310172232,140.1150925808898
EK202310215413,156.62667350958438
EK202310200194,142.06989018494207
EK202310212870,133.58761059522527
EK202310152587,142.77077105598465
EK202310138105,130.41406056024988
EK202310184620,147.43398294954204
EK202310120222,146.34566882809588
EK202310181510,159.00621014670352
EK202310209297,133.7626318078019
EK202310114316,130.33591766678506
EK202310122992,143.8278409109719
EK202310169594,130.543054131997
EK202310130080,136.66439860273854
EK202310133522,136.47099424883783
EK202310248335,139.30319042870744
EK202310146609,131.68604261786464
EK202310125379,135.9669210103719
EK202310138254,147.65513099137547
EK202310148644,146.04831371300915
EK202310142229,150.19467497323868
EK202310179390,168.64869670818652
EK202310122502,134.82045908717419
EK202310132067,145.3027319297699
EK202310139033,144.2520288743146
EK202310174868,155.16914785594275
EK202310135426,147.293712816418
EK202310159611,147.97905339318845
EK202310201750,146.52546721303406
EK202310182771,138.16845262670424
EK202310168375,138.55417331939876
EK202310238925,143.94942588146463
EK202310220283,140.17732226933134
EK202310141586,144.6749046346498
EK202310121160,139.3918687852715
EK202310231913,139.25951086761862
EK202310180283,126.51889764454283
EK202310131842,174.9390388364638
EK202310188406,136.3592743579585
EK202310154032,151.5070572499103
EK202310108823,169.5363283708383
EK202310120117,140.7835461577855
EK202310247965,182.80501511353222
EK202310229128,158.8974199365068
EK202310150441,137.96246796137441
EK202310211128,135.9623158578101
EK202310185601,140.85524632341497
EK202310160008,159.55877023801463
EK202310229066,143.35463818552807
EK202310180392,130.1115468917933
EK202310119754,142.49405089473242
EK202310156284,139.67233261297923
EK202310202853,173.92983856434688
EK202310122376,168.6930096153198
EK202310233034,157.13373722601992
EK202310201718,134.05971093921372
EK202310195404,136.7897787125871
EK202320006623,170.0959040791897
EK202310172346,130.94682213610164
EK202310220369,147.26941621972037
EK202310133576,158.6439139092095
EK202310203386,167.16845251825828
EK202310125524,138.42019464597058
EK202310183338,131.42475477192662
EK202310199400,169.7167308947509
EK202310232929,125.55714852176716
EK202310144777,139.61813390955462
EK202310206148,143.15294954573895
EK202310163892,135.14211875182409
EK202310226194,139.49858884968597
EK202310229083,135.95142549523024
EK202310242355,134.44126360653507
EK202310153019,131.65298827443956
EK202310133725,159.19641048501916
EK202310237397,131.32947449601278
EK202310108761,143.09302794782243
EK202310202125,130.51980180592372
EK202310223149,139.21847644212804
EK202310211064,147.66066971122973
EK202310206726,163.68727601677833
EK202310239457,131.73684593555885
EK202310131359,135.31222370045214
EK202310225966,169.90309038831285
EK202310162670,145.69034557016658
EK202310112377,160.02993791651764
EK202310161138,123.81154332537368
EK202310143575,126.73233158799125
EK202310140582,135.9026854520725
EK202310106691,144.28634958694488
EK202310106388,131.35554141206194
EK202310132651,132.02105524757974
EK202310235986,141.24519492709777
EK202310116284,156.13645016503213
EK202310243775,173.3303527367263
EK202310129332,157.2361501836282
EK202310004513,132.2362500662506
EK202310148366,128.86535271648734
EK202310127277,149.04398240762808
EK202310197024,133.51088608258615
EK202310132043,130.95413899817913
EK202310109603,132.99309824434795
EK202310119816,146.3561008413846
EK202310183299,152.61724235660105
EK202310157782,144.93466443465758
EK202310240073,144.9908528970602
EK202310124263,134.55979069995826
EK202310118878,135.3555232443382
EK202310159933,132.9908308214685
EK202310235851,140.5147035064642
EK202310199705,168.48492667914456
EK202310121857,139.4288510175326
EK202310135337,171.88775550641452
EK202310116218,144.59192039178598
EK202310247152,138.89610091565828
EK202310213364,156.30273872380172
EK202310117331,141.84242147654828
EK202310220060,154.39262621296479
EK202310113433,152.09117642030546
EK202310200316,144.9271947379811
EK202310204117,140.10428938211732
EK202310142962,151.3558864511836
EK202310149474,151.18556776258976
EK202310156319,148.20602246895035
EK202310111297,138.52088575792322
EK202310149401,154.71776176833288
EK202310141738,134.75412553641763
EK202310219293,134.19240707783018
EK202310228805,135.44803771352696
EK202310232975,127.69610676034044
EK202310238431,143.12642005912227
EK202310191477,143.69745069590283
EK202310107521,165.88715913169528
EK202310126862,152.37746554532612
EK202310116842,141.4349922447666
EK202310220332,142.29617505802204
EK202310191222,134.18891522848224
EK202310142584,143.97570550531876
EK202310181821,134.27771026902803
EK202310193376,134.03363780308194
EK202310220744,132.28142720076826
EK202310146397,127.01042196983174
EK202310168910,132.4501029930714
EK202310230593,139.30487734136207
EK202310228617,135.5831797895993
EK202310155826,146.6240967669099
EK202310211936,146.58896289037105
EK202310210374,147.00651992057226
EK202310143369,135.77894585829043
EK202310226681,131.7287051427586
EK202310222110,135.7368504623464
EK202310237461,144.76459890365567
EK202310004906,125.91524459328363
EK202310242700,133.19309743482702
EK202310205947,133.4990414653806
EK202310178378,142.8175340737047
EK202310165711,160.79428084612593
EK202310169499,136.61313948805497
EK202310146580,143.10653120620128
EK202310213522,133.27971580134198
EK202310236119,164.4860233682565
EK202310223991,139.32007957907675
EK202310121767,146.74072528651712
EK202310188210,134.30993873223002
EK202310160523,142.5694120318394
EK202310109762,149.78847011816853
EK202310171055,134.6162314710774
EK202320006726,141.16189494193947
EK202310210705,131.59919237285325
EK202310152215,140.95182044467347
EK202310125726,139.9287668116167
EK202310172100,138.5804205708507
EK202310003880,135.42672363021921
EK202310128330,145.13315654555572
EK202310112999,137.92793622789804
EK202310201791,163.98163948790517
EK202310124897,130.90712899771935
EK202310218886,157.35467481101804
EK202310166286,154.50625241382446
EK202310214269,135.91249486107955
EK202310131160,150.0586357936701
EK202310189137,135.88064755243494
EK202310118145,134.8685073419658
EK202310182255,132.71884542355008
EK202310177007,139.57499918533713
EK202310205755,141.06186850546115
EK202310135629,133.86059106366758
EK202310232047,136.57412599607324
EK202310171967,137.8801929828003
EK202310184827,169.48744343411724
EK202310131897,165.1375131133932
EK202310152600,158.21554680448625
EK202310184315,157.1424960320751
EK202310106757,142.57850536240457
EK202310145774,140.21442952143124
EK202310134477,149.81843468689885
EK202310221434,137.05107103711717
EK202310183603,140.55582587659453
EK202310191157,132.37190866374087
EK202310182657,132.56472360409992
EK202310174889,162.53391547981343
EK202310118138,129.6434491724982
EK202310157349,143.49580458168742
EK202310143539,152.51670277157868
EK202310106752,141.3121082927136
EK202310163158,159.28072781591
EK202310132302,138.8365181679253
EK202310198764,179.74536856037435
EK202310237390,134.72095754764126
EK202320006875,159.10986893324755
EK202310144420,141.52155045924835
EK202310238324,131.7483023418041
EK202310199756,162.15739947481399
EK202310226741,131.12106565544485
EK202310207205,149.09089072124195
EK202310180418,132.58862462999318
EK202310110312,134.49360538355245
EK202310119768,142.91011468699452
EK202310225430,133.76599193656392
EK202310217204,135.53546881154156
EK202320005824,153.27968026443506
EK202310199269,139.11010935963824
EK202310199501,131.0967452521056
EK202310158676,156.16893514135347
EK202310224293,137.94945096851816
EK202310232892,133.76389969219522
EK202310225252,159.25268429838349
EK202310113567,145.26399507589724
EK202310224840,129.7729412701453
EK202310109292,134.00838540330543
EK202310226200,135.49691839739805
EK202310239680,135.7156679701932
EK202310173548,138.73432634793127
EK202310235032,142.5811403074885
EK202310153501,133.0146816912422
EK202310124943,139.54827298882347
EK202310164539,133.92176779555922
EK202310230792,122.10797717850457
EK202310218099,136.36568506200913
EK202310229998,140.24148765756996
EK202310157394,144.82339349672228
EK202310226677,130.16619423571126
EK202310165785,132.65278070490604
EK202310148800,163.19631702585602
EK202310140528,157.40214873333008
EK202310110007,136.79721068382932
EK202310218212,136.71081453426487
EK202310237319,131.24002346285198
EK202310113425,131.7936736020757
EK202310193343,152.7442693843064
EK202310111647,146.04712845803203
EK202310219959,139.69004459870067
EK202310171010,163.95201855634383
EK202310113418,136.85373702339902
EK202310220109,136.60644740043065
EK202310231986,131.72901728430972
EK202310163423,137.78434752996637
EK202310155174,133.4416289447451
EK202310184525,138.52543749692796
EK202310229347,142.97515457766417
EK202310142923,143.5087437336132
EK202310210269,133.59061795821594
EK202310196636,129.08999954372467
EK202310158355,136.28501894755098
EK202310150025,163.18362178024086
EK202310208520,166.55302169164102
EK202310144006,140.3640994209146
EK202310142308,136.08076931182723
EK202310205760,142.99647918759058
EK202310237299,131.0299840933794
EK202310163552,140.3566195673953
EK202310221189,135.46230785050486
EK202310129583,148.21442070430655
EK202320007854,144.64881475894745
EK202310177946,139.9553208331949
EK202310184968,146.09796451398847
EK202310146300,147.8009419283446
EK202310104019,126.8666959694207
EK202310197813,147.7616673350658
EK202310175869,137.57939524028956
EK202310179266,131.78313168462543
EK202310167362,140.09421827119218
EK202310104210,143.04593579249962
EK202310202549,148.70554386694832
EK202310191743,142.09418007708405
EK202310166413,146.53899143819197
EK202310203749,135.72138490450865
EK202310165306,150.70992440653274
EK202310216846,153.47855284179516
EK202310198888,137.6139254411849
EK202310229697,131.8173529461941
EK202310105578,140.43000408752928
EK202310214588,161.58021964079623
EK202310201136,185.50223317887026
EK202310228123,140.3482320919708
EK202310110127,139.22507078264155
EK202310247206,154.83130059805904
EK202310121901,140.12397751273687
EK202310166880,161.19669386283888
EK202310118097,132.49838312232623
EK202310142606,137.5196635372164
EK202310181131,139.2218272751562
EK202310211240,127.65425836402413
EK202310240803,143.20634995047308
EK202310188331,140.67452086227055
EK202310190398,139.12944315867358
EK202310192965,146.21931773180566
EK202310238010,139.94267246781067
EK202310184509,158.44596678988492
EK202310156014,141.21488735991258
EK202310175583,161.6240425954386
EK202310155000,138.2897653340499
EK202310243443,156.53371442148608
EK202310218044,135.29505547623575
EK202310170653,159.92875121308305
EK202310182360,152.33252339016767
EK202310170068,128.02855728384077
EK202310217301,124.8905124315646
EK202310227388,141.4400248751949
EK202310168221,163.18342334766632
EK202310182297,135.6135777158451
EK202310222399,131.48575512600985
EK202310231989,137.18428416398635
EK202310170400,126.24519877381331
EK202310192873,161.46225864977623
EK202310227069,132.69791539881675
EK202310167053,130.15129637472532
EK202310127994,141.5761148647138
EK202310158796,167.8334756257055
EK202310185789,134.71714710667928
EK202310111478,133.98779971063294
EK202310175233,168.6421283325493
EK202310129973,132.96187768115203
EK202310172495,143.1402690772621
EK202310107866,139.09532988743996
EK202310124298,128.77859616522178
EK202310225001,132.64588440402275
EK202310124145,127.90876273939764
EK202310127463,126.85977365232934
EK202310136106,178.24721533167454
EK202310105453,137.41674259048713
EK202310175015,149.81506792113444
EK202310230922,140.41420900944775
EK202310238898,173.57619686469624
EK202310208522,149.01878653749412
EK202310178681,166.5547832412706
EK202310141116,148.94256001061336
EK202310004001,159.49036101803566
EK202310191798,133.45386670376828
EK202310201918,160.66474422252625
EK202310108606,148.64437236765482
EK202310220064,130.86908222976922
EK202310120614,128.87569317701409
EK202310131340,128.3660096094097
EK202310151419,171.10389181844226
EK202310221165,143.1326737772063
EK202310192641,153.2073910056847
EK202310191435,143.36340903195585
EK202310232224,132.40193381525478
EK202310224387,125.77740673099719
EK202310145906,136.10489616038575
EK202310230764,136.7271685092753
EK202310236583,137.80566813231468
EK202310157601,132.70671048143225
EK202310166668,144.534387353702
EK202310244790,139.2088794416166
EK202310127133,144.8286861378163
EK202310004413,171.4870849029372
EK202310238475,135.94945086787686
EK202310136559,135.19706357068753
EK202310152026,145.3236678079612
EK202310180741,137.67318699086334
EK202310221752,141.70292219034863
EK202310228294,128.35783754183848
EK202310231601,135.890070306583
EK202310238106,143.44130750359977
EK202310175909,155.91974164769027
EK202310165153,134.09120044934542
EK202310105565,137.45615790761767
EK202310185347,144.70049737506756
EK202310184004,182.553605447851
EK202310183138,141.53939045738292
EK202310113152,137.42345990759983
EK202310199569,158.1849945461464
EK202310151037,143.92282479582101
EK202310106219,132.83953766550695
EK202310106185,140.99246239513954
EK202310164530,151.5392110576727
EK202310166239,150.0496057578892
EK202310108760,151.59376827190343
EK202310108861,138.22437898666956
EK202310177413,163.11468449106198
EK202310211129,128.2804113613079
EK202310229184,140.94100107871853
EK202310209428,156.56182397053945
EK202310228583,141.3468932996386
EK202310120692,151.89930396533984
EK202310137642,136.5013890750966
EK202310245435,137.26812386816823
EK202310159599,147.0919525318078
EK202310148010,151.38687364598
EK202310129728,162.90553390858716
EK202310114201,139.02311126051396
EK202310207474,156.84453670610773
EK202310158602,166.0283141465723
EK202310197691,160.702541198295
EK202310235040,143.53374879760642
EK202310129119,137.00343628022787
EK202310142174,142.35357316468966
EK202310191253,140.35824608830063
EK202310241141,144.27755567794517
EK202310144017,136.33271655262536
EK202310182852,139.0809540164445
EK202310243301,137.79861826382438
EK202310176307,156.2788827297886
EK202310209283,145.43765096138117
EK202310216003,138.4155077182507
EK202310246200,134.59952001710533
EK202310173196,130.26129203247856
EK202310122833,130.5809284310122
EK202310118540,138.57784373697936
EK202310168622,160.10702804127405
EK202310174271,135.27088587586147
EK202310201560,157.74661277857544
EK202310113325,127.28463995994662
EK202310172664,139.081683746152
EK202310192162,167.64431361465498
EK202310134544,128.00936762681724
EK202310222337,152.59571025993512
EK202310199226,141.069746062903
EK202310214101,163.57144081135257
EK202310188611,157.0574962528891
EK202310220799,140.81454716592575
EK202310184861,142.25410928245853
EK202310106782,137.0327357054909
EK202310232084,136.86228036406112
EK202310178435,145.8523189718455
EK202310165952,141.73634559071118
EK202310141382,138.5653489260804
EK202310163439,165.7261244847191
EK202310205428,131.94075775503242
EK202310178086,138.16599769177563
EK202310004022,166.48220718916355
EK202310114303,145.651431826836
EK202310104436,132.64261979749534
EK202310240015,157.17024197429066
EK202310202741,175.63862599838802
EK202310226747,138.83386212120607
EK202310148639,136.6814345477506
EK202310117683,131.52056277722062
EK202310232945,125.67907699581568
EK202310220108,157.54358331536
EK202310172683,139.12358494942166
EK202310104609,128.5119904919469
EK202310182165,136.62482208875176
EK202310112029,153.69343601694462
EK202310157969,147.8103674357103
EK202310120703,129.58116613332365
EK202310191410,137.30960311606242
EK202310156166,133.44976984513139
EK202310248074,150.88331678102023
EK202310175176,140.19644993025102
EK202310194239,143.11991589080444
EK202310162582,138.65178297558103
EK202310218787,137.70755830730596
EK202310228638,126.77334801202451
EK202310139489,172.53481032359431
EK202310210571,135.7866315222932
EK202310143902,137.3809162599472
EK202310198163,143.34345470554422
EK202310166041,178.47056906012375
EK202310242789,147.38222563464385
EK202310202040,164.1410803507332
EK202310194102,152.36296925892051
EK202310210845,135.51397155655863
EK202310193409,166.6466810242372
EK202310241561,153.87408202338761
EK202310129327,146.3347092707108
EK202310145599,157.662917531722
EK202310155246,142.57947573622835
EK202310204706,133.05678623011764
EK202310218784,149.707854106906
EK202310243990,146.38948713845673
EK202310137899,128.13026433639743
EK202310175650,128.64184384672706
EK202310234991,135.33501831292511
EK202310221501,139.57845758080003
EK202310117760,125.34775812101083
EK202310209924,131.63879655978607
EK202310158508,143.20350046776107
EK202310188607,149.4875741266549
EK202310176707,152.38503462164266
EK202310241804,154.9973802872266
EK202310130229,154.75384293229584
EK202310196748,144.6103112200405
EK202310226961,134.34616407666775
EK202310126275,137.74535105700647
EK202310182346,167.1947660655249
EK202310215287,149.09411121674808
EK202310186469,178.19288880105492
EK202310147351,140.6093799904246
EK202310227063,142.32572994235795
EK202310239630,130.99487074789815
EK202310202315,144.54718600689353
EK202310151573,130.7146472891701
EK202310229182,134.44149604399922
EK202310197801,136.2878597083871
EK202310247336,165.71282994118422
EK202310183064,130.94349529167513
EK202310200957,154.9330740753327
EK202310112953,139.56827912490328
EK202310185221,152.5797794010289
EK202310176129,162.8125060226102
EK202310171777,132.6432071398136
EK202310186071,139.74827699261348
EK202310206123,140.44190769547527
EK202310217431,152.72534823170955
EK202310171470,117.43501855873124
EK202310246028,145.15181807001352
EK202310145970,135.1846850338669
EK202310234938,126.86214666587468
EK202310156116,137.10364345114218
EK202310116714,135.56536782823216
EK202310212797,134.51099208715453
EK202310138938,149.362519763246
EK202310148128,141.91470871932242
EK202310175673,135.6631314503621
EK202310238664,132.42739044685823
EK202310190836,141.8599011377405
EK202310196156,140.2448945106352
EK202310132459,135.40969790272845
EK202310159062,133.5038427491912
EK202310147832,155.23404832999142
EK202310116029,135.91590078973456
EK202310203822,143.97695960605984
EK202310223388,144.33991268325497
EK202310208656,137.24120418241162
EK202310003650,122.78018134024727
EK202310163159,134.89485524004485
EK202310188703,148.38711745143357
EK202310144864,145.54163950267028
EK202310156884,141.9136884792894
EK202310216506,140.11740474313484
EK202310220197,133.54554237078383
EK202310234667,145.6975388513838
EK202310203255,151.2609489319916
EK202310105960,129.02586131393318
EK202310115804,143.2557975593449
EK202310246112,134.20082897255958
EK202310168025,142.89547360578842
EK202310178472,135.5264427078952
EK202310181975,134.4765046084865
EK202310132905,131.90037798247752
EK202310113841,129.70606186895304
EK202320007828,167.02949992520846
EK202310192867,150.78104267036616
EK202310109054,130.7367101201747
EK202310236216,156.632321759645
EK202310170777,136.97499161915934
EK202310166144,134.82546394961784
EK202310201844,131.48522049391326
EK202310123470,133.13893333940138
EK202310224526,135.07176799183705
EK202310151158,134.7532483184032
EK202310184295,152.1123542626343
EK202310124272,138.68368972004876
EK202310162944,143.41969754355026
EK202310224817,130.00008312196468
EK202310172859,146.3103144702669
EK202310137191,131.99845554018086
EK202310140281,150.31004861536493
EK202310114907,133.89415200508782
EK202310122165,138.6751941841572
EK202310215454,136.8393828679479
EK202310243142,127.20383150497999
EK202310164187,140.0275658587641
EK202310225253,136.7179416484478
EK202310174458,169.62629980605442
EK202310176969,157.72483399593946
EK202310219479,126.89986657606154
EK202310119494,138.00651326172294
EK202310123405,142.76263561498453
EK202310231534,123.51387354306777
EK202310222489,139.06863663272856
EK202310111149,160.28833302854295
EK202310184714,133.00669877705627
EK202310196844,151.44608633074589
EK202310232521,130.70344203011692
EK202310184622,173.76124544362975
EK202310118852,131.91600448211724
EK202310168516,162.02529164424212
EK202310178071,141.26489585982435
EK202310149839,132.42327625520468
EK202310184305,158.52503244904761
EK202310222961,134.01111647452808
EK202310197108,139.2439169828716
EK202310244680,135.87827538768482
EK202310164685,152.22457590379548
EK202310153568,142.52986138059438
EK202310204533,138.58894376050443
EK202310243304,134.25483793128598
EK202310122606,143.75872125819336
EK202310107843,143.75466991905924
EK202310195481,135.29760936520427
EK202310195622,137.72326808806602
EK202310185200,140.6407028395328
EK202310127597,139.83040154278444
EK202310145627,127.08456155560725
EK202310157400,132.4740950752391
EK202310226857,137.4367490048009
EK202310127964,138.34871967729842
EK202310179573,155.6946979068465
EK202310212013,139.5699717127778
EK202310226545,138.91907942073476
EK202310166825,128.02670952885128
EK202310163867,156.87175526554273
EK202310196745,142.4904345515487
EK202310109208,135.4340654997312
EK202310205143,140.86835219109136
EK202310136525,134.71095837671044
EK202310159137,140.96836584372622
EK202310238980,139.82865685052812
EK202310121185,148.93342453049553
EK202310142061,156.54230582023806
EK202310198507,141.57739637663485
EK202310184870,153.70714044007343
EK202310155208,138.92041390931524
EK202310124725,127.12183639296713
EK202310103880,143.08481132816652
EK202310246880,158.66621699883456
EK202310190191,131.16722130394612
EK202310241383,133.1468619003778
EK202310109761,138.44937686305934
EK202310218045,145.29089367010957
EK202310208985,145.28074725453698
EK202310126092,130.4915000883092
EK202310247678,167.80835983611865
EK202310137747,137.64351722599883
EK202310201825,139.98765073558047
EK202310130845,135.17147232092816
EK202310239295,136.76150333188144
EK202310166294,154.63740496044093
EK202310211671,134.51467445436248
EK202310248376,135.4048837240047
EK202310188903,142.51359698355657
EK202320006661,187.06673247978256
EK202310157204,153.9370625846094
EK202310222542,134.03576970616402
EK202310182598,143.85031842296826
EK202310128634,151.76577855853554
EK202310137926,130.7611036422422
EK202310197018,134.93346280373856
EK202310184643,172.5750228166555
EK202310217014,152.6386941674087
EK202310200280,135.9652492560923
EK202310183028,143.71890321076862
EK202310106142,125.72208491947141
EK202310103822,141.34285505769822
EK202310157052,135.27287651434418
EK202310122614,141.32603190106698
EK202310155664,141.22274121792086
EK202310165913,132.3897914851589
EK202310191203,137.11086961144068
EK202310119226,130.19189452910382
EK202310234080,153.37217216054873
EK202310196735,128.6695289467271
EK202310149314,130.98917496968411
EK202310155188,129.30561884820142
EK202310114860,141.92836132754994
EK202310118865,164.401481463325
EK202310160832,144.0388349930801
EK202320006619,159.52979660827305
EK202310127739,130.4662385446845
EK202310115501,136.48101263304468
EK202310166491,173.4810918037451
EK202310197828,156.79101337960088
EK202310242137,131.9045441620283
EK202310235787,138.25960709429376
EK202310220464,139.30383751099765
EK202310112649,142.97918151842717
EK202310110214,131.37043350404704
EK202310164835,140.72002891240564
EK202310204462,128.60803131958687
EK202310187862,155.45152133819303
EK202310131273,134.65506248764848
EK202310128020,141.79442064845122
EK202310204211,163.8311231825176
EK202310208246,138.9763796831116
EK202310166450,138.03959062649542
EK202310171141,138.9526889256402
EK202310159355,139.2304238768408
EK202310194303,157.1813561448941
EK202310214928,131.93189270109798
EK202310122215,136.27329002662253
EK202310175732,152.46824898546274
EK202310195150,154.3965834810839
EK202310160826,142.0957651512181
EK202310159966,156.1610044224762
EK202310158608,142.12532015779578
EK202310243112,155.3230898461399
EK202310109607,151.67001559523626
EK202310149652,144.86210117475795
EK202310110860,136.67213972520395
EK202310232156,145.7089633868944
EK202310178087,136.66335105765833
EK202310196125,150.20460305939537
EK202310178589,139.41346421289296
EK202310146655,131.6068519956661
EK202310176638,149.53892537781238
EK202310183451,137.7380162330295
EK202310238783,133.2789105053824
EK202310180591,138.36895969567254
EK202310180161,157.22733517083017
EK202310160060,155.10241577915139
EK202310234699,138.71104187009067
EK202310113916,137.15800202814825
EK202310227268,134.80171533171102
EK202310237635,147.9419284923049
EK202310182258,136.9293391755691
EK202310193859,155.61877885982778
EK202310153659,140.3392908338602
EK202310203955,151.74871641375304
EK202310236094,147.85197678127471
EK202310187734,167.61657548049533
EK202310216149,136.0935498156448
EK202310168413,159.52936771062073
EK202310116401,131.95302975611537
EK202310201191,195.11723127773217
EK202310190480,130.6002401150697
EK202310161074,169.4672078365837
EK202310140353,131.78904424549287
EK202310173633,140.44553528187413
EK202310158068,134.87740769339413
EK202310154103,148.27994041694697
EK202310113546,151.59881676568185
EK202310204238,132.4299607729717
EK202310104944,133.53268950989894
EK202310234535,133.31431120570187
EK202310126859,163.5031670112591
EK202310117542,145.6821961140328
EK202310210903,137.6703037424342
EK202310157130,151.83321462526558
EK202310145116,137.9638318829322
EK202310208124,137.62457615374294
EK202310245982,157.93371028397186
EK202310133043,147.33336519795395
EK202310149054,155.47859325630276
EK202310190190,133.58960965240226
EK202320006047,141.94450366375895
EK202310134850,133.8337794505026
EK202310202384,125.69433978289925
EK202310154117,136.58830489809793
EK202310133365,142.00740020670486
EK202310108193,142.38182390818017
EK202310203056,147.60643855415614
EK202310149046,153.917460284593
EK202310165578,165.11245023487447
EK202310186659,153.77978682775026
EK202310196955,173.7702547689592
EK202310197552,184.15251512871075
EK202310212202,136.43476814874458
EK202310224513,127.33278383988355
EK202310004468,161.8964942123367
EK202310216094,132.3524549848533
EK202310230966,125.87949690577621
EK202310118412,141.5589970310862
EK202310247101,138.13742915278567
EK202310178117,139.75305882234184
EK202310219876,142.36170857770705
EK202310215307,159.979164778062
EK202310218134,160.79661044865338
EK202310221530,135.82945561718145
EK202310154982,139.52484544588688
EK202310182970,133.34630657259626
EK202310214235,159.49605575562197
EK202310220158,133.52790197462096
EK202310104394,140.88636226979074
EK202310111159,128.34573555968515
EK202310158577,133.1870075130126
EK202310110382,133.23612807064157
EK202310133639,137.17509721383107
EK202310246509,146.4233085542983
EK202310149660,161.5833695491972
EK202310168884,138.4803523214853
EK202310243940,134.60769827472777
EK202310191906,134.6390475000687
EK202310127477,129.94665051026743
EK202310225432,136.07112253088277
EK202310233319,135.46991807219936
EK202310162668,154.81805058090282
EK202310148695,161.53467696645598
EK202310178807,157.21114656978943
EK202310106771,136.02278036432372
EK202310155396,143.77173746104475
EK202310189899,168.84170600347645
EK202310106717,150.41742383008858
EK202310232588,140.26732251221728
EK202310226348,142.33386547370597
EK202310109931,137.21165253590135
EK202310226884,142.8349344201686
EK202310213466,140.5824752900949
EK202310121691,130.18191693090716
EK202310198701,179.42131742205606
EK202310131737,150.833062563844
EK202310166136,165.48378128745324
EK202310116855,143.19287645673376
EK202310138351,136.59981203207536
EK202310191381,143.8960278874886
EK202310003663,127.6060122065245
EK202310172884,170.1233550280202
EK202310185550,145.67751076839005
EK202310148380,145.75657279613762
EK202310149387,179.03199661029393
EK202310236333,132.20394156431348
EK202310199352,151.49047307764906
EK202310137894,136.5940458424895
EK202310133727,151.28128177113095
EK202310178526,149.10523686761073
EK202310189610,162.89554004506843
EK202310109350,151.03410955787928
EK202310218617,133.41412554550038
EK202310109125,184.52438115056535
EK202310163826,130.30396705503824
EK202310130248,173.0731387746036
EK202310221541,141.36571544248991
EK202320006518,152.6299369017556
EK202310229391,139.5831798059353
EK202310211450,137.82117567073692
EK202310193482,145.24531162218912
EK202310198828,153.89739738126903
EK202310183006,135.06142210259318
EK202310003501,136.39201471134635
EK202310121041,139.9260009803144
EK202310211350,133.10964428557637
EK202310246075,145.55524987885676
EK202310127204,151.12446344381834
EK202310234563,138.4810024117492
EK202310139042,137.32924853347686
EK202310171256,150.0608588153212
EK202310139647,150.54906517639722
EK202310122462,133.35323789322948
EK202310144293,130.40308002296413
EK202310168436,149.8126447798894
EK202310120536,139.0424847871266
EK202310166379,145.04098601335863
EK202310180256,131.00853228331843
EK202310246761,141.81605896300147
EK202310219864,152.00876291349172
EK202310190068,184.62062831266422
EK202310181556,133.7151323664128
EK202310230597,125.24706024850767
EK202310130866,161.80631781794156
EK202310205037,147.83556278042818
EK202310209585,160.4743375438624
EK202310185564,155.53119310179753
EK202310176944,140.8545505526224
EK202310176381,135.5189546776051
EK202310141448,146.83367612555466
EK202310148056,159.3043602041821
EK202310182965,139.18985326647956
EK202310135422,142.84259339375984
EK202310122191,135.80645870470337
EK202310145667,147.9862325127704
EK202310202035,136.03595858094675
EK202310136887,133.25806235866003
EK202310200020,135.83973568066608
EK202310184127,162.20699862987647
EK202310107122,128.83767455883185
EK202310134379,136.4438202589448
EK202310211319,136.80316733455007
EK202310212855,144.5864415471342
EK202310242461,162.9028685200907
EK202310200853,135.29443929404619
EK202310200401,173.39708056049966
EK202310189295,185.8776192340319
EK202310105500,139.73074744323367
EK202310128584,140.6203404400719
EK202310209825,149.3320087981313
EK202310204586,143.14930930103952
EK202310179426,154.24435584412137
EK202310180912,135.72739580803542
EK202310173571,140.30353380515848
EK202310112070,146.197896832319
EK202310199038,146.2617716658514
EK202310126021,137.7395216508201
EK202310155509,144.01600299390537
EK202310197401,131.7993175230872
EK202310107626,157.98488806999467
EK202310105142,143.58706782150264
EK202310243059,132.13061397855716
EK202310174039,138.5785343674283
EK202310201047,161.56929249261242
EK202310204579,148.54523964673126
EK202310187739,143.5572690700663
EK202310181773,139.53999744557544
EK202310128097,160.98055790041818
EK202310222975,163.73777139536378
EK202310132503,155.25897480022633
EK202310188182,164.10211745060533
EK202310133046,151.66159043752867
EK202310176947,165.63103719787017
EK202310167628,131.27846658020906
EK202310134899,133.4198559838822
EK202310115714,131.7884181274087
EK202310225258,135.5095898049015
EK202310181522,149.1748549217808
EK202310190839,154.45980370901455
EK202310217264,139.96397487080776
EK202310123146,153.63416286744788
EK202310142906,136.14267884071467
EK202310165063,141.17392979310816
EK202310004149,149.27640091269325
EK202310222025,127.65687169139827
EK202310201396,150.5680129198607
EK202310140521,160.72963740233212
EK202310190410,144.76614417213273
EK202310237623,132.9791653371717
EK202310207648,130.1688865496837
EK202310150068,155.2918896677245
EK202310199516,140.5228186180067
EK202310214499,154.34410081684706
EK202310193968,149.55893562401604
EK202310199178,128.02471862862694
EK202310226312,135.32673847203435
EK202310171202,140.84577756050345
EK202310136385,158.13839190309324
EK202310240675,153.02074971648142
EK202310131075,141.32699174110587
EK202310213481,132.07257890834677
EK202310212831,143.13957434792752
EK202310163142,135.25603207402327
EK202310107446,131.2238250720766
EK202310157890,141.7508525479672
EK202310214663,138.09708869255059
EK202310163666,133.2824702608957
EK202310117353,138.8419420311961
EK202310209794,140.1279199112618
EK202310123734,141.13060420855132
EK202310224602,142.95973397340816
EK202310218073,135.1393211604513
EK202310247816,177.24655513524283
EK202310234711,139.9010615021409
EK202310145443,136.43568530674452
EK202310246298,147.4376694728726
EK202310110010,136.64500166334062
EK202310159895,163.2710653362
EK202310111143,141.0406955185521
EK202310209834,138.3912920221503
EK202310209444,138.80504751636826
EK202310192938,142.37855751178716
EK202310132559,138.3308424498373
EK202310152101,149.91842242542032
EK202310180196,131.41392615553286
EK202310194423,130.97065399032627
EK202310200390,147.63177859923033
EK202310180474,139.72786607363102
EK202310116603,157.8287930535003
EK202310171924,134.47760948757826
EK202310212746,160.49966178376897
EK202310146529,152.9109422126393
EK202310215859,148.33294809275395
EK202310141533,140.43891016626534
EK202310233067,140.59541127640762
EK202310214675,141.95310348628382
EK202310148386,146.9864141441974
EK202310168758,148.7835147138927
EK202310222971,137.00881969334762
EK202310109333,150.26608504884197
EK202310243241,143.86449962595276
EK202310146985,144.07303327011346
EK202310232878,168.79681622974903
EK202310234120,136.2575117244748
EK202310162882,156.65836637904619
EK202310190206,134.81885239270648
EK202310159348,175.54118793740454
EK202310201231,147.87393455597672
EK202310178530,162.9307524899876
EK202310189794,149.85644721552228
EK202310236784,137.71334714719822
EK202310175553,133.88190378724843
EK202310241797,143.93046926589312
EK202310114344,139.0169668903457
EK202310239590,155.49113063010768
EK202310227224,169.22224164894638
EK202310121744,146.07870122678906
EK202310003715,139.93246811073698
EK202310116073,131.60530525224715
EK202310197067,134.14031511437048
EK202310115532,137.15936694712673
EK202310217365,168.7810923219325
EK202310148754,155.56694080491968
EK202310109024,144.73651620632276
EK202310004073,141.06435213413434
EK202310198767,145.12942424052207
EK202310125904,140.1147909505645
EK202310189747,132.3126086158846
EK202310121824,152.80957897930165
EK202310183939,158.8669930052398
EK202310207963,140.00244210341708
EK202310004477,129.09431869361225
EK202310184855,140.3642791511732
EK202310121710,135.48307212616692
EK202310155103,127.37096362116078
EK202310127606,152.75261608619243
EK202310237460,131.49450617866296
EK202310189005,129.62107561671283
EK202310163144,176.15042548585058
EK202310195358,186.14937836220008
EK202310114203,121.94581365933294
EK202310200907,152.29996938387245
EK202310149290,158.924336977934
EK202310186674,145.98842475367155
EK202310219434,135.8848062592594
EK202310113939,142.04424884829564
EK202310144604,133.84473066162187
EK202310202520,138.3491745498979
EK202310199251,151.58225632794935
EK202310171909,149.82852540052946
EK202310197493,148.8141087381729
EK202310200738,158.6622704840094
EK202310242193,163.0901211752067
EK202310166469,141.6555302777659
EK202310179577,160.33500777502547
EK202310199333,147.75292298713444
EK202310208438,140.623483157805
EK202310243666,144.60207566010672
EK202310113305,130.98919987427993
EK202310189666,170.099611943174
EK202310233041,139.6935926003324
EK202310127498,156.7100424289564
EK202310208207,136.92129192351166
EK202310161596,128.49667979373476
EK202310175979,148.1024324639936
EK202310222437,141.59576117299343
EK202310139352,148.0125187425435
EK202310120360,140.72884855552346
EK202310183484,151.22364824980068
EK202310206451,130.5129931673148
EK202310163448,165.2888858532619
EK202310113067,149.03422544187217
EK202310217739,126.44503742803094
EK202310120891,125.33854026841207
EK202310144456,133.42305891911585
EK202310243976,135.23390136135217
EK202310126697,143.77626851090304
EK202310221562,129.6868761339514
EK202310245501,129.14322282251447
EK202310227085,140.20774738914528
EK202310124539,144.80096126600034
EK202310113359,144.5688954899547
EK202310127238,148.38328720073704
EK202310186281,174.34186629152387
EK202310231780,132.38489653494088
EK202310218693,131.55832771287615
EK202310166062,139.55367004478398
EK202310194807,180.7489578837207
EK202310145164,141.7670661174876
EK202310139520,136.96722548767949
EK202310202232,149.1159391786285
EK202310106234,129.19938750466767
EK202310150099,131.18113885942043
EK202310148854,137.1681657317833
EK202310207751,144.0074194533816
EK202310119385,153.2284989194066
EK202310247407,125.95054176994005
EK202310187815,154.45434953990664
EK202310180649,137.48578559509386
EK202310169614,130.4805315962148
EK202320007494,142.0009752945612
EK202310123604,133.6653719098799
EK202310115115,146.33747773301116
EK202310247203,132.2505992294071
EK202310128939,134.17358343736976
EK202310151766,166.71149752225665
EK202310154684,140.710936880863
EK202310147564,137.0520491857892
EK202310217040,138.59948607904954
EK202310219269,130.91503496091514
EK202310177587,138.90558894090057
EK202310172628,136.26242756255743
EK202310193264,182.67768269253077
EK202310204129,133.72709255232888
EK202310227714,130.15855450963468
EK202310174368,160.29071763171882
EK202310115514,137.3968020277016
EK202310114314,116.36826853416707
EK202320007053,159.014347254915
EK202310196358,149.46791334600763
EK202310223590,133.63660930326125
EK202310186191,149.3605985432393
EK202310169460,174.03826316093793
EK202310206652,172.29993935537308
EK202310176776,168.81136649455607
EK202310112945,133.5171099666026
EK202310243798,136.96616586237906
EK202310173522,129.75824314131242
EK202310147691,147.60656408190042
EK202310221131,132.42946535962787
EK202310193542,138.37059948289456
EK202310110806,142.20758987807505
EK202310140872,143.31125118652275
EK202310115723,129.31662961016772
EK202310227673,138.10256166146084
EK202310104188,137.58629181007498
EK202310176128,145.39120179411796
EK202310179757,160.12460556541635
EK202310217690,130.24336931065034
EK202310114918,147.43767530883136
EK202310160022,161.44860689456743
EK202310117222,133.72329878199943
EK202310181651,155.24833117849977
EK202310202302,146.57065126909194
EK202310141935,137.34727157977318
EK202310166006,138.39098628002785
EK202310141835,162.04001913836206
EK202310113039,144.09812854314077
EK202310171526,138.37761322038878
EK202310231390,138.32979037818043
EK202310111326,134.98581409852272
EK202310104950,135.139736299383
EK202310234139,134.60828197830878
EK202310207302,134.11277915312147
EK202310202018,128.49034465135554
EK202310205260,154.6410223884708
EK202310221441,161.8053059390629
EK202310174816,136.2259589520715
EK202310138649,144.15301649084685
EK202310208013,154.08239740986605
EK202310181493,147.42859149873055
EK202310243648,125.69082527923766
EK202310113262,144.2921019487481
EK202310171352,141.583074706488
EK202310189555,132.78545895916722
EK202310154506,152.48475849109678
EK202310227922,142.75795733165748
EK202310243180,147.49871918567416
EK202310145403,121.82971410807205
EK202310229261,131.7686042317705
EK202310125086,136.48664884067566
EK202310188059,131.54072758084547
EK202310175935,162.87532133594198
EK202310104930,132.40252058628735
EK202310207696,143.8012882966257
EK202310176769,135.4223333733453
EK202310241580,134.48403931004555
EK202310128189,131.2242911274442
EK202310116358,129.6001339770254
EK202310203206,142.10358779370665
EK202310224617,123.55186315546574
EK202310216139,130.9724275932808
EK202310175157,132.90545170176586
EK202310148792,152.9446736438234
EK202310127748,127.10599107439413
EK202310183427,159.2756526795689
EK202310151784,134.11868133501684
EK202310202141,145.9596264382097
EK202310211204,142.0611173124438
EK202310230323,128.33346330090131
EK202310109892,136.0422989628114
EK202310187574,138.21144674746358
EK202310174395,142.97418032407057
EK202310205384,156.37995848237105
EK202310139355,134.78652465122408
EK202310161479,173.203616916913
EK202310135561,126.52499853662287
EK202310165218,143.542401707442
EK202310183022,154.0701560542277
EK202310125772,124.08152863106133
EK202310105325,131.08404475983752
EK202310205291,145.86791603757305
EK202310183115,134.55103111858193
EK202310142673,138.28702079213352
EK202310144959,130.9557836787423
EK202310156704,126.6938232010913
EK202310132122,133.2792948811191
EK202310174428,150.47953710716666
EK202310238510,133.92747536879887
EK202310004299,140.94111894042118
EK202310225687,139.59642403184668
EK202310152553,144.83692688725614
EK202310180231,145.64490286702423
EK202310189895,175.69303899529083
EK202310115789,131.8591612309977
EK202310107016,157.26936371409707
EK202310174702,130.49914877119969
EK202310184083,134.049279859086
EK202310193580,159.81913534226493
EK202310217608,156.37277794223428
EK202310143791,133.23974770975965
EK202310171379,145.41728961397973
EK202310151018,146.8101920462089
EK202310167547,133.4577757651198
EK202310113875,148.33018135712814
EK202310242027,141.18871375690154
EK202310236948,138.5638964373629
EK202310241638,131.56822229565267
EK202320006399,134.97285449319307
EK202310155475,144.8677582931946
EK202310183498,147.50994171807096
EK202310175183,143.65216808666128
EK202310212112,135.3888253881716
EK202310219895,144.56423626102813
EK202310136160,172.57701122655027
EK202310237484,137.82569327029518
EK202310165481,135.51923083488197
EK202310240928,127.75945153809367
EK202310103807,135.0170600818106
EK202310138400,143.40399570700018
EK202310206371,138.89913304395776
EK202310194193,155.07736246725165
EK202310148048,155.37894720289668
EK202310215728,150.59048688225116
EK202310131760,151.4238927506496
EK202310123574,136.64580915518562
EK202310141515,135.24769844139553
EK202310237561,159.6710544580945
EK202310217955,140.36107909376702
EK202310208062,141.30744357712737
EK202310163578,140.39705401161999
EK202310116460,133.3517981700856
EK202310181932,168.34922655424336
EK202310190411,148.0597021535807
EK202310229861,147.03150494101592
EK202310246656,134.20629196919427
EK202310118260,133.38121982789102
EK202310115843,138.16457286602144
EK202310170542,154.94624284085754
EK202310189836,154.553130255056
EK202310176951,150.04710121257443
EK202310116213,160.706299623169
EK202310128876,140.86042880088144
EK202310210854,132.7086521236742
EK202310217897,137.69462131360254
EK202310213279,142.63862894115223
EK202310203346,141.87132249006152
EK202310111168,142.4226974711704
EK202310205607,142.67944890549583
EK202310181632,165.47159753861888
EK202310163875,147.57464079999232
EK202310106796,146.01320376512257
EK202310172056,176.52558261890647
EK202310195599,127.3871224424814
EK202310140727,146.7887509370042
EK202310208341,142.34528895281878
EK202310129380,132.0024079531107
EK202310140408,153.9054796167605
EK202310196671,186.80062168694573
EK202310164630,135.62518146227066
EK202310147505,147.91726382838374
EK202310110408,120.54170643850794
EK202310189343,172.29213294386432
EK202310232277,143.86836001623345
EK202310113134,135.50136550623674
EK202310154457,143.84505067368968
EK202310192875,149.0396764804546
EK202310116376,130.24981132296688
EK202310198131,135.03261355667547
EK202310200171,138.55758402553843
EK202310200642,156.5276099556225
EK202310123172,166.6063964480147
EK202310182386,148.89820731807842
EK202310148751,155.46700131792804
EK202310109301,141.37182009160333
EK202320007005,151.49588832789053
EK202310118442,136.85458151428725
EK202310132586,132.94487503387455
EK202310137853,138.3350510779291
EK202310175957,145.9229710181743
EK202310137878,139.92763156719911
EK202310141392,158.59859079520868
EK202310150895,133.24259061813484
EK202310234943,121.83277002223963
EK202310180019,146.88941901151912
EK202310118936,136.9356236434082
EK202310140493,139.25350514834608
EK202310175748,131.95890825000745
EK202310139140,135.25190942061576
EK202310194407,136.488976895936
EK202310174235,134.12970150477943
EK202310171740,135.8007428228774
EK202310135496,147.99860205074302
EK202310219315,134.0868423648726
EK202310209481,159.6510352416223
EK202310142378,151.27430713093693
EK202310213131,137.53272015202464
EK202310126847,146.3465447039857
EK202310139757,134.81261644751254
EK202310166582,168.69298521125646
EK202310177776,144.63642051140113
EK202310179499,145.3189239110203
EK202310243445,134.45945724683384
EK202310176421,127.0732688893436
EK202310219058,126.39996002012472
EK202310108023,137.83709392698515
EK202310140417,165.64110913333343
EK202310130436,155.39685431895114
EK202320006321,178.9890653993237
EK202310220044,145.4736757141787
EK202310131037,127.81631399501093
EK202310248111,136.49512140430772
EK202310106861,134.46949311902733
EK202310110253,148.31004538055058
EK202310201245,161.2792814162573
EK202310138402,128.95076089014086
EK202310233866,178.35034153801098
EK202310003560,131.20831628309702
EK202310120345,133.2518776917582
EK202310201242,126.05933659065893
EK202310190427,158.85880298338196
EK202310148725,126.56970343131923
EK202320006763,148.78116007547575
EK202310196906,169.67544341665604
EK202310241763,138.482687584954
EK202310204305,155.37142696308067
EK202310190705,153.55784666782313
EK202310107647,140.20883701094388
EK202310178205,152.75981822708118
EK202310226329,136.53274753098756
EK202310155075,147.87923185400186
EK202310161375,159.49037515335544
EK202310184194,161.9759995092716
EK202310146287,140.85572590180354
EK202310151428,169.1306792600975
EK202310169581,135.61407412427909
EK202310159986,136.1510388348795
EK202310235054,139.56445263880713
EK202310232794,154.71599894708166
EK202310237245,132.99867341604508
EK202310159951,174.33731423030108
EK202310137689,140.99096515541277
EK202310104122,126.09562317976817
EK202310237215,137.92780516785385
EK202310224167,144.1941125954616
EK202310165353,136.06490843216514
EK202310003464,132.3901415787333
EK202310146423,142.9429539989334
EK202310175125,138.9199958000591
EK202310229556,147.41863335254513
EK202310227408,135.36948290083018
EK202310243062,135.0522012050873
EK202310213464,139.44231366532654
EK202310111472,138.8430933471687
EK202310108233,137.99122503502224
EK202310223065,133.24090262651526
EK202310230558,141.75325947618595
EK202320006897,146.6635233373396
EK202310200032,139.58795794775324
EK202310187191,159.9674275720558
EK202310161900,155.80667043911453
EK202310121241,136.0472599525287
EK202310225448,138.93144826629742
EK202310227739,140.00226451351338
EK202310216508,153.89949924254472
EK202310233619,141.41759705318256
EK202310233918,147.77874460094344
EK202310202411,134.68346026675655
EK202310186765,142.84198216849595
EK202310241519,129.65359677563313
EK202310203547,150.45214899807232
EK202310186570,173.20479576975347
EK202310146153,126.26931797098823
EK202310226412,143.85521819255734
EK202310214773,154.11695767937945
EK202310141684,157.39841345667722
EK202310149333,145.7375679802938
EK202310144706,139.11760490069133
EK202310104027,135.29854498592684
EK202310109413,151.65270427648335
EK202310193755,141.18794226213546
EK202310166019,157.8914789997873
EK202310203410,157.0489177915269
EK202310211531,133.15089911274416
EK202310196157,147.34189511664195
EK202310244349,160.78769959747694
EK202310145494,129.34336055149922
EK202310212588,142.59494741149348
EK202310139780,129.74967805257467
EK202310240088,147.46517995199414
EK202310111166,153.71623633354346
EK202310188435,135.3933648214695
EK202310177633,137.3030758020125
EK202310112926,141.73164313220994
EK202310234867,133.03288208543816
EK202310185802,135.48880311034097
EK202310162594,167.56996930442182
EK202310180089,161.5905556152525
EK202310217336,133.4590882384082
EK202310192546,139.3130899715404
EK202310214169,136.22173978475078
EK202310140770,163.1444538717821
EK202310133498,148.15533645844417
EK202310118801,150.50052990011898
EK202310142404,160.01650311223372
EK202310147891,150.22532445435434
EK202310210538,133.8191244398474
EK202320007456,145.86309599467148
EK202310144587,126.35066837850576
EK202310124235,126.81576793213401
EK202310158438,142.35686455698564
EK202310215490,130.85912131544953
EK202310174451,148.72569226695398
EK202310212066,129.4696877681046
EK202310222526,130.14273993965134
EK202310188934,122.8543142611768
EK202310227893,134.35748800799485
EK202310181260,151.77472804250934
EK202310202577,138.14582003316454
EK202310120212,152.9390235628903
EK202310149119,162.24338347933323
EK202310154393,170.93019723948873
EK202310152225,125.4285605511052
EK202310105646,129.77521463704758
EK202310119351,126.0415002841059
EK202310148657,136.92495732784937
EK202310196509,141.7960976279685
EK202310194902,151.05246352072461
EK202310148288,128.06151028166136
EK202310215542,149.11486031084556
EK202310167939,147.9997890274423
EK202310167455,162.1714662183514
EK202310117792,125.80851099507636
EK202310173362,141.1864701220985
EK202310124739,167.871535789246
EK202310175587,146.76005334152373
EK202310213185,137.40451189432915
EK202310152468,141.46203375160218
EK202310131120,157.71882484696343
EK202310124976,141.24258788322678
EK202310112499,147.89242536097214
EK202310195528,134.02710174543742
EK202310239210,131.4856453539872
EK202310142674,156.7768744167668
EK202310243104,135.39926011042587
EK202310237267,146.26615105672425
EK202310169374,134.5698824999777
EK202310234090,131.25918413201998
EK202310233816,139.0526853921944
EK202310196376,187.01610643912127
EK202310148225,147.33479026953555
EK202310228837,131.54243712898455
EK202310181830,137.219240811037
EK202310191899,143.74659326977272
EK202310229263,130.76260915886098
EK202310141990,133.33795421555058
EK202310169654,164.47953833019423
EK202310123584,143.06089569211238
EK202310109674,137.96179211754765
EK202310106658,140.42138137614447
EK202310237324,127.35705092399024
EK202310133847,162.90612400220198
EK202310177544,128.26072801699027
EK202310123823,133.18449309093685
EK202310240866,127.70535672699526
EK202310200799,145.4898598237226
EK202310004956,123.14334795201434
EK202310109116,166.21544839723794
EK202310181159,154.30622964408278
EK202310128546,150.72953197210884
EK202310206764,143.87358913610896
EK202310203787,130.93197680745322
EK202310193227,144.36075381505415
EK202310157337,175.16521138660633
EK202310190691,158.21863459601974
EK202310126193,138.72048034158436
EK202310223219,134.58274668939555
EK202310161546,149.68851757543786
EK202310220676,149.23900193887494
EK202310142344,126.52468856105928
EK202310182666,128.92669853293123
EK202310217828,132.24329798609804
EK202310240257,134.29804437180593
EK202310125068,130.6393585950627
EK202310166358,159.29524251518177
EK202310177216,169.09077373131564
EK202310146952,133.54039725404866
EK202310199886,165.15126579088465
EK202310147741,137.05068859511726
EK202310143091,145.31524343649406
EK202310199575,135.36447203953662
EK202310187305,166.7640792611339
EK202310222496,150.1674857231105
EK202310216424,137.65789344722342
EK202310104377,139.6531383815703
EK202310227219,129.55955876580634
EK202310140922,131.8766069811906
EK202310165008,174.43053054025683
EK202310135583,144.266935752309
EK202310171535,136.44042100941746
EK202310219272,139.62628213907044
EK202310120647,151.3491482076087
EK202310140490,134.1586272402502
EK202310173840,137.4021292927396
EK202310208109,135.10205833661686
EK202310175605,132.71744204553613
EK202310194297,142.93263031699854
EK202310116012,128.41797140385708
EK202310133738,138.694054305243
EK202310003422,140.3392279527827
EK202310186980,160.65631492835715
EK202310157421,143.66093468100323
EK202310145922,126.72326732034823
EK202310203349,148.2268210954364
EK202310230457,169.1754111935457
EK202310230009,132.02874922030995
EK202310144393,172.56649446490948
EK202310155684,136.5229318089439
EK202310243499,138.72948309161598
EK202310148155,138.46583658076764
EK202310162141,141.043240416631
EK202310202043,144.2403001702004
EK202310165608,136.6091922553478
EK202310193544,133.01489709470667
EK202310164222,131.33226070348164
EK202310154530,154.97098287177636
EK202310185022,135.453755658861
EK202310167516,162.80674241363263
EK202310165006,135.25379105065758
EK202310138314,158.33039331597914
EK202310213702,131.872483479617
EK202310223111,170.1734782234776
EK202310183009,126.66574064085457
EK202310175427,143.33904360268815
EK202310198303,125.50826102513831
EK202310142355,157.6077587855428
EK202310190847,150.16816949567337
EK202310165750,169.6232979469513
EK202310163376,136.21800686943342
EK202310146237,145.83542982879146
EK202310228171,133.51469439925307
EK202310222340,160.17025452974957
EK202310119317,133.29922282037273
EK202310209759,147.18854178154112
EK202310188992,143.87624888599956
EK202310236787,139.6005975354003
EK202310235111,155.7796742177407
EK202310192259,147.47562907246066
EK202320005738,162.33734640681416
EK202310143173,159.74148634208638
EK202310188740,147.35260013846084
EK202310106354,138.2574922481113
EK202310235348,148.3408706823923
EK202310234038,161.58034727557035
EK202310172622,154.34609464688563
EK202310172486,149.59368123990222
EK202310121194,128.8367217765268
EK202310221290,145.722971470424
EK202310207879,140.62335927142044
EK202310114510,136.3408386766149
EK202310179068,144.88637830501784
EK202310163368,133.53803495190223
EK202310232807,139.77003278276734
EK202310120523,124.17388830345595
EK202310103969,140.62892042966553
EK202310004188,146.4113553577811
EK202310170648,160.6196576563764
EK202310139767,128.48397717791158
EK202310138473,151.4350798010066
EK202310235505,133.52860283968857
EK202310178729,126.45436108597059
EK202310246801,133.47768847475615
EK202310120603,135.27957674713323
EK202310114895,147.87040243852778
EK202310223798,139.77956201639984
EK202310128963,128.40245244871636
EK202310133013,124.28945142547448
EK202310180731,181.9018224382359
EK202310113860,126.94136268627337
EK202310201583,122.61176140336534
EK202310137449,135.10872143542525
EK202310149678,158.21158665140135
EK202310199061,152.79051571859827
EK202310206139,129.05638080739067
EK202310178048,151.9761428780022
EK202310206902,135.8484524721105
EK202310135879,140.67322963941675
EK202310118974,131.73056900917913
EK202310240661,153.79153404906037
EK202310247702,123.81756074093256
EK202310108959,145.55586689091663
EK202310139148,148.15557299185454
EK202310213608,134.81659104599484
EK202310200833,140.51782879487828
EK202310205491,162.3239079272506
EK202310151833,151.55316002772355
EK202310170507,132.60829503752646
EK202310204695,156.43448086490346
EK202310190993,145.80906965732493
EK202310181846,144.63409353217938
EK202310191614,149.7053603555163
EK202310146281,148.50070934884633
EK202310239715,142.86689994184133
EK202310224583,125.2571885186895
EK202310225752,134.7141385098168
EK202310004050,147.8953765876122
EK202310112334,121.62933939649153
EK202310178782,126.32954269278112
EK202310162090,146.57640886645774
EK202310221447,150.61477663599265
EK202310219812,150.64063790617263
EK202310161855,144.91146729544334
EK202310127861,140.19130796989586
EK202310114282,147.38937268312938
EK202310105617,131.71249730642575
EK202310209302,143.97851914252843
EK202310115118,163.2300210479918
EK202310003916,135.16010486106464
EK202310153698,157.9005597451904
EK202310229027,141.65149286224403
EK202310125705,145.7063332525525
EK202310123526,132.11498067324587
EK202310226530,139.5985833331202
EK202310136267,116.60916594986394
EK202310126875,143.30484132918264
EK202310219223,127.8962762422743
EK202310169669,147.77964408404006
EK202310136907,133.19835205606765
EK202310167168,129.99775570033069
EK202310225793,135.64941344921735
EK202310178640,147.03258286014423
EK202310130165,154.9801241900599
EK202310154261,139.63829810588797
EK202310220444,150.08028191875997
EK202310237028,153.7979455987343
EK202310165818,134.3058780791637
EK202310122598,139.1176336428053
EK202310220372,146.33280929367564
EK202310137417,129.02399551444938
EK202310143378,165.7327594661708
EK202310175009,143.11639551501136
EK202310211432,130.31252558593792
EK202310207842,139.81761915531453
EK202310180149,131.9872409504863
EK202310190554,142.32558679506536
EK202310223988,127.12710751466624
EK202310130954,133.99625830200182
EK202310116904,140.2685422234148
EK202310161528,161.1818189796059
EK202310148911,126.97632781139389
EK202310153873,151.43996452675006
EK202310144622,131.9360457302025
EK202320007179,157.54879326917748
EK202310213291,133.6707991195145
EK202310248459,137.36887415895447
EK202310129665,132.81336347657296
EK202310105584,129.10420609306647
EK202310223037,123.03990778429541
EK202310173189,136.2086190066559
EK202310174998,153.25764840750807
EK202310128550,130.64140144769223
EK202310192354,134.02275938049553
EK202310118760,127.59912501212295
EK202310131373,137.7096036970721
EK202310168865,130.59771408482305
EK202310105103,151.49664988388062
EK202310242757,130.02305171155305
EK202310164146,169.7571870522583
EK202310165707,160.6942820071076
EK202310157341,159.6242493403019
EK202310161673,182.7961928550091
EK202310203730,131.31173341635406
EK202310165334,141.7960550787901
EK202310149964,149.47127617353192
EK202310109435,132.1214912481024
EK202310105784,137.60907669823644
EK202310004512,127.16011783422296
EK202310129345,155.8683713093819
EK202310168741,138.2440652905929
EK202310225441,132.80997230831866
EK202310189863,135.67566524716545
EK202310181790,145.38092984672497
EK202310223107,142.68050596876122
EK202310117337,136.18380041850887
EK202310247125,154.438206582205
EK202310146172,126.92667842210699
EK202310229871,135.7689473769172
EK202310167352,153.7115789990413
EK202310197659,180.73079238857284
EK202310237148,141.54381025441444
EK202310204685,138.61017396861547
EK202310241003,137.87369116429204
EK202310148969,148.18421075460054
EK202310217817,153.6978228766904
EK202310154285,152.6665627775654
EK202310241422,156.95615572843
EK202310238083,140.6860731038375
EK202310177368,162.92322316761178
EK202310161506,149.36186631227343
EK202310159694,135.791407236443
EK202310233873,138.46199899635403
EK202310159627,129.63602017291774
EK202310204809,144.84617531345802
EK202310221148,141.81224942681666
EK202310203840,137.31746561870074
EK202310175485,145.831405725359
EK202310157943,155.39698956116607
EK202310166246,139.31175457992626
EK202310104784,134.95297561512902
EK202310123376,146.57945585311865
EK202310204029,159.70882615689325
EK202310185358,136.86442638339642
EK202310108669,138.30897571230255
EK202310236018,146.78167646046268
EK202310238742,140.14726301618043
EK202310111453,148.09468766766477
EK202310113005,135.01532603325194
EK202310234668,145.940635413031
EK202310231883,135.61136118621167
EK202310170221,168.77632620690247
EK202310004896,129.53628142694157
EK202310161173,148.96895853466575
EK202310145172,130.7386579426324
EK202310173181,133.39177302767746
EK202310188825,141.6630969816751
EK202310179888,158.0186637042747
EK202310232212,126.59087770732809
EK202310162487,134.15560451626246
EK202310136794,134.76412675522957
EK202310169969,138.58163839657078
EK202310165477,135.58103138823236
EK202310177712,144.3347587156617
EK202310129186,138.4746675223139
EK202310127134,159.32518996468306
EK202310228641,131.9857543616677
EK202310195004,133.98758930503845
EK202310196656,132.37064674008664
EK202310129468,154.4613393645278
EK202320007200,145.3307349203259
EK202310153589,145.43733072677298
EK202310212764,164.3082312705572
EK202310205885,166.12682506226813
EK202310198505,121.83284995877723
EK202310222811,143.12107076365436
EK202310168127,147.6820116537648
EK202310143599,133.49726285641444
EK202310227359,135.14194386695965
EK202310135358,133.493976657028
EK202310171217,157.82279546383253
EK202310191424,138.01376758242748
EK202310149689,172.8308525168884
EK202310195376,140.61387350151895
EK202310178299,150.53086853462256
EK202310210228,142.6035524802992
EK202310107326,128.40062372050556
EK202310152535,143.444586272992
EK202310154473,148.94959812916065
EK202310174554,140.10746511344607
EK202310163286,140.16100681971187
EK202310111638,139.66636854042665
EK202310196108,153.8286353103358
EK202310212686,126.88613060699058
EK202310231718,138.03063520906295
EK202310137776,138.0029350146365
EK202310178405,153.14798323826892
EK202310117455,129.18981377313048
EK202310118568,141.00126874408704
EK202310222315,144.82032367640966
EK202310160822,146.8744251762208
EK202310118020,137.61743430706142
EK202310194677,164.50200977699384
EK202320006977,144.28513173230024
EK202310214502,163.77914314353566
EK202310146297,139.64537910843822
EK202320005953,165.97646222497315
EK202310200023,136.07511658549245
EK202310147399,154.13599240885472
EK202310110181,112.06644068531746
EK202310225409,166.80138632643494
EK202310107374,137.5811205001185
EK202310235775,136.8280547044292
EK202310154935,150.9421507884603
EK202310160129,152.57747776907905
EK202310136819,145.04089576073537
EK202310212339,131.61765505678397
EK202310186377,154.050339446725
EK202310149686,163.6198617245392
EK202310137146,153.76206223709565
EK202310219413,132.26861917476194
EK202310224119,136.20103358238174
EK202310124397,128.2138042868248
EK202310118844,146.6256872635964
EK202310178888,129.92959684933797
EK202310203695,134.40901681438905
EK202310215102,135.81586874932347
EK202310116309,130.4252736646306
EK202310177340,159.00088763330774
EK202310155692,143.82186992126498
EK202310209761,128.37013841810216
EK202310192459,159.01007251109755
EK202310166094,138.83851582535323
EK202310106639,143.53561458381506
EK202310122597,131.29917358845557
EK202310176641,142.7371624927161
EK202310128106,143.89870662111684
EK202310164373,144.8862811662265
EK202310172650,142.79992833113505
EK202310161760,141.26778031620714
EK202310175173,138.77758718279776
EK202310220355,134.6425466050279
EK202310134340,129.54706029335756
EK202310200856,166.9934514712138
EK202310198775,177.8980671073212
EK202310237814,162.31049771464242
EK202310144745,136.9258440085776
EK202310116937,137.7027934263404
EK202310180183,141.82754039466607
EK202310123116,130.82827363273802
EK202310111360,133.1296346381071
EK202310218124,149.36284776981503
EK202310146929,139.93476743204027
EK202310144079,161.28944009378063
EK202310212540,156.80592041944527
EK202310206504,163.11317742940807
EK202310126991,131.62987606636074
EK202310159652,139.31498289864845
EK202310132965,136.19739311413295
EK202310203675,144.76150346065506
EK202310003467,132.84082154467296
EK202310178560,123.44454846672885
EK202310115094,138.87976058946253
EK202310127215,142.1735795490119
EK202310116379,133.5383497128416
EK202310121118,135.1661417031166
EK202310196670,132.59876010923338
EK202310159655,127.62887408956512
EK202310201991,130.42593369963504
EK202310173068,147.60673507403214
EK202310117260,141.3368412518421
EK202310130209,141.6809050114248
EK202310183122,134.32257322754643
EK202310216257,132.06024601341744
EK202310176511,147.39894148811024
EK202310187962,160.2983355048743
EK202310245277,148.84508280046813
EK202310181710,139.0867439677602
EK202310227487,136.3700560251763
EK202310210107,161.43358957252053
EK202310175757,139.2242163818054
EK202310229135,139.0215766780736
EK202310150766,132.30219980106642
EK202310164086,137.3795691577406
EK202310121488,139.4272695339627
EK202310122656,133.07977962500155
EK202310176310,152.63184771563365
EK202310207786,136.95314934815647
EK202310116196,138.30874956103594
EK202310166658,133.752355567761
EK202320007269,175.81804834189938
EK202310240222,152.0633159506021
EK202310233074,129.28781436782552
EK202310003785,145.06701988908245
EK202310218333,134.67511078225067
EK202310199829,142.5466312725729
EK202310141201,126.89474321269748
EK202310152509,148.0798079568303
EK202310213008,132.40068498444614
EK202310234244,142.22813163468885
EK202310185496,142.79363370000289
EK202310123939,138.4073469899701
EK202310245118,138.9944634151528
EK202310126945,136.97793958390764
EK202310192940,148.40451380610142
EK202310154479,134.09837607828732
EK202310238968,136.9976237250848
EK202310220804,135.89470700589197
EK202310121547,140.25827326093582
EK202310156977,139.768847517621
EK202310220913,125.12616709809197
EK202310153791,148.47624331233243
EK202310231371,130.67447176888155
EK202310155012,141.7542571567099
EK202310106729,129.2414075689654
EK202310121458,126.86521397499206
EK202310129298,152.78325363981074
EK202310185168,168.84008210621255
EK202310171342,163.30771434458404
EK202310182043,146.2672307508079
EK202310159692,161.05084360938415
EK202310198219,135.452768994859
EK202310186486,165.70325782868466
EK202310194185,130.07808736204103
EK202310135060,178.8454551087371
EK202310151875,152.60302963259068
EK202310148212,138.13272909490897
EK202310158337,148.88921356791266
EK202310160093,152.2920660537692
EK202310176986,162.28697871372856
EK202310142751,163.38738064707707
EK202310186987,148.7970484847208
EK202310213398,135.24279176192272
EK202310227507,165.6177004063433
EK202310230539,138.9371137505373
EK202310233022,138.5967657343013
EK202310112067,142.29531866753615
EK202310191571,152.55481853419755
EK202310128575,152.2654713549057
EK202310116429,155.17605177917358
EK202310222260,133.85791728644207
EK202310167112,135.1863694952888
EK202310197671,144.5419188232472
EK202310133983,145.18370733946287
EK202310125081,139.33300837435328
EK202310165303,129.9548346273262
EK202310245022,134.80640567876938
EK202310168737,147.53670788162793
EK202310224066,141.52657312894493
EK202310112653,139.5207084186083
EK202310163794,133.1626093252873
EK202310177672,141.90269994137108
EK202310113138,133.22586308110596
EK202310198082,131.45097006704205
EK202310186324,151.2215232822026
EK202310245063,126.70344995139915
EK202310162008,139.0980127384126
EK202310187033,136.92029126094982
EK202310165002,145.75607190400507
EK202310179112,136.510543957539
EK202310136261,147.89991141749678
EK202310107886,136.87892482138972
EK202310178081,149.15728070786884
EK202310107978,145.02369574741866
EK202310186291,170.83828070060224
EK202320006194,155.38972123852727
EK202310162147,135.29909794664303
EK202310145820,134.09629639428175
EK202310208270,140.86038033352304
EK202310244610,133.5231752809257
EK202310115965,128.38468029852365
EK202310173325,135.05834593682528
EK202310200487,139.14324761537134
EK202310151600,160.05580616305917
EK202310174873,129.68283223095014
EK202310154656,140.17506022797306
EK202310186158,167.8839645722112
EK202310159695,144.20018915989843
EK202310153171,150.0913117950017
EK202310116138,150.79758712397614
EK202310241920,117.23309941741589
EK202310172803,135.60704019451325
EK202310003408,128.0777627686625
EK202310113293,134.83233862786273
EK202310199063,140.99606178946016
EK202310151401,167.41841606757734
EK202310154601,132.12313196320156
EK202310111616,144.36036864125197
EK202310135809,138.37732376294068
EK202310123689,132.1806959036237
EK202310125344,127.4599928132941
EK202310204834,132.49983207189487
EK202310154600,135.55543822015431
EK202310171105,140.76216902115192
EK202310192374,138.73977061429088
EK202310137424,130.689650764801
EK202310004414,125.78515339728771
EK202310157406,141.64488361543263
EK202310194870,153.3275397097014
EK202310184853,140.12033519310862
EK202310176587,152.29998153634605
EK202310211243,129.93194539637489
EK202310116843,135.65857792434602
EK202310167978,128.07449924280817
EK202310199028,140.49339833082533
EK202310178842,129.99876292335173
EK202310003563,150.24589634762734
EK202310113491,131.3472489726702
EK202310202425,140.24429449373133
EK202310156026,159.90182352782676
EK202310235868,128.1941305641631
EK202310129923,132.14779645599873
EK202310115347,145.35617243294766
EK202310136092,176.01555693221022
EK202310212411,131.9659862839951
EK202310198783,181.00073896530407
EK202310154295,139.14009298225275
EK202310132080,135.67411146602504
EK202310115510,136.19680376674495
EK202310186713,132.05264180737555
EK202310246486,125.20232223472289
EK202310220909,139.21145977670668
EK202310133930,147.09784079318865
EK202310230327,173.27706006142236
EK202310227578,152.10556848209137
EK202310147328,178.9241532786363
EK202310174500,130.1097134051813
EK202310121141,136.144465617029
EK202310218136,156.63217837303287
EK202310187497,157.79036273167642
EK202310219497,139.79028883905386
EK202310158430,163.24535123720406
EK202310232072,143.19899350845586
EK202310161910,145.50335322746682
EK202310232257,143.27715537397444
EK202310109324,133.46081180934007
EK202310117586,136.45640912060028
EK202310145201,142.64213908675504
EK202310191458,140.99322561761147
EK202310163905,144.76864346163774
EK202310200681,153.129836422876
EK202310190561,131.26627501872093
EK202310144363,130.46212058569623
EK202310196397,147.55400050661726
EK202310168831,138.44182959087013
EK202320007357,165.84641992853855
EK202310125955,140.15072933371158
EK202310210692,141.68130753190275
EK202310202677,136.6951617451451
EK202310212296,144.90534815673468
EK202310228282,130.43475433438792
EK202310198392,155.82201542950995
EK202310189017,143.45590021955869
EK202310184070,158.94443217410688
EK202320006398,163.9867034150916
EK202310221409,159.87951604057608
EK202310229971,135.4178148815145
EK202310202941,151.3557441883489
EK202310131905,130.19330799404528
EK202310112775,144.92869904459238
EK202310209245,137.08672018999667
EK202310185710,148.3323038917583
EK202310155827,130.47716321326166
EK202310158156,170.43832498382514
EK202310143080,142.94767382456098
EK202310217821,134.39262439860047
EK202310205060,133.87512839455664
EK202310152230,153.81499256827888
EK202310215647,135.8348142732434
EK202310216568,137.69257309600377
EK202310173496,137.25159902413264
EK202310132220,137.15079577932607
EK202310229606,134.5183503888079
EK202310197847,135.76248621110165
EK202310114444,135.19724988659166
EK202310212587,138.0169233193472
EK202310128678,124.97196025944675
EK202310129009,142.45825598125856
EK202310135868,139.32384645774783
EK202310004655,139.07688872861314
EK202310004666,133.87186088547125
EK202310172312,139.12383667334674
EK202310212324,136.76625593849343
EK202310234071,140.71336715179388
EK202310237714,131.02668701583158
EK202310227143,127.03868281729912
EK202310106080,151.83472075977923
EK202310115972,143.53181173638842
EK202310223416,138.52540285041422
EK202310185745,143.97345380706275
EK202310108584,154.5070937713176
EK202310244398,137.1593534918536
EK202310104476,146.8409883212499
EK202310243111,143.11782795039522
EK202310182118,158.16882491943193
EK202310231776,140.04240808811863
EK202310114793,134.0063978330244
EK202310107506,132.0079707733307
EK202310203271,146.19650851420158
EK202310206441,136.4043315566779
EK202310197006,133.08012265018152
EK202310213977,142.06455277271306
EK202310174608,161.87893483047014
EK202310126126,142.9976207466005
EK202310230545,139.29795461981695
EK202310103903,145.79720978161228
EK202310234105,155.863862376461
EK202310165010,142.15639450574193
EK202310181940,143.47514540758246
EK202310118673,132.503589767249
EK202310188868,165.26998698427673
EK202310170989,162.47309108785572
EK202310213961,146.70252370834808
EK202310236748,137.90954771749972
EK202310128144,150.18896076542308
EK202310131032,127.55469404754318
EK202310199927,134.7551516740436
EK202310228569,132.16561494497506
EK202310137099,149.10996243746666
EK202310216503,151.9690499824054
EK202310225348,137.02018202851582
EK202310188082,144.11550230264348
EK202310107466,152.93565723118493
EK202310119468,173.86022302809937
EK202310177435,138.59629260666972
EK202310226065,172.73388057313622
EK202310238474,140.03856534234762
EK202310178935,129.34684088633037
EK202310111288,144.1672084857287
EK202310231278,145.16723432462763
EK202310195743,171.8340393509295
EK202310177642,145.5979152179298
EK202310159731,150.74177350733783
EK202310233199,149.92071842888964
EK202310164963,139.84581275407922
EK202310108728,133.18405455526832
EK202310241516,140.68226583108773
EK202310114502,141.24938008807982
EK202310163597,139.46864074204586
EK202310194099,140.7773761513443
EK202310191390,142.23070692447308
EK202310136653,156.27905200015488
EK202310132780,151.41705143498524
EK202310192296,135.12906300548156
EK202310210820,138.97268741996604
EK202310157545,148.6812646673076
EK202310117978,137.52364573068468
EK202310128805,127.26180920509609
EK202310239206,138.67234390951015
EK202310184728,144.4669331299776
EK202310188346,136.8343465472981
EK202310115220,127.91456291790017
EK202310136091,185.62393619772732
EK202310187000,156.7799684308753
EK202310004481,141.50042489562577
EK202310142481,130.11365123189213
EK202310241665,119.18862341458707
EK202310172530,129.83552681465608
EK202310242247,136.0877003903984
EK202310201108,138.69950028859563
EK202310157151,149.99474651633375
EK202310248777,154.63901411618195
EK202310234150,143.79980852605405
EK202310245991,134.95825839450185
EK202310196183,143.2076303055447
EK202310112151,150.7458571143426
EK202310240040,163.65767416007785
EK202310122111,130.14397280767784
EK202310237646,143.71210194091537
EK202310236751,137.38924926195773
EK202310110678,126.62181620902255
EK202310175472,137.46337437969166
EK202310104032,144.16675327127868
EK202310130367,135.58464391329275
EK202310218178,166.2533483856756
EK202310190059,192.99044612817366
EK202310154040,133.62317934946145
EK202310104704,138.9397826093037
EK202310234675,137.90431099623964
EK202320007076,139.11927301838494
EK202310117416,134.43850806713127
EK202310106592,150.7910405806379
EK202310218855,140.2263857850262
EK202310112951,137.99219953755693
EK202310198510,144.32171129552086
EK202310170591,135.86673278148174
EK202310171607,134.00683709737163
EK202310188047,148.83761498726741
EK202310106176,133.46738391011704
EK202310139729,148.46940507841904
EK202310188177,163.80899670643458
EK202310216551,132.40086053108237
EK202310190746,160.28921760625946
EK202310198445,148.56550656042893
EK202310167557,136.45792442599435
EK202310232345,136.2371371579943
EK202310205089,142.87562285915863
EK202310200704,145.36139282871957
EK202310168328,151.3976367465541
EK202310117660,132.5101389950707
EK202310241204,145.24929711512078
EK202310219555,135.84235190083797
EK202310108822,147.53705681130805
EK202310178261,151.1352353193935
EK202310170803,136.05663706806632
EK202310180578,141.3931730097831
EK202310183233,159.88101569387783
EK202310214067,182.28919681454857
EK202310177910,140.2789897450711
EK202310184628,170.59323684949177
EK202310236640,129.52852029813747
EK202310189443,175.75101108061085
EK202310219770,130.53033385510886
EK202310188035,158.74131244994237
EK202310110194,156.0500558906095
EK202310244334,138.4896088430031
EK202310196346,150.98460530881007
EK202310239240,134.71482162898585
EK202310190697,154.79931187844127
EK202310183845,157.50724918591794
EK202310173568,166.17879573783435
EK202310122648,134.04917516243094
EK202310138573,141.30604825346674
EK202310107238,142.77959743363851
EK202310123716,132.940179287243
EK202310222719,137.05274942387916
EK202310119574,139.4161590597072
EK202310106379,129.57179810173224
EK202310179487,158.68885432151168
EK202310204316,144.1360091709833
EK202310112072,152.02018277989092
EK202310103891,146.76982674651126
EK202310121527,141.70133113421772
EK202310147901,152.4516790133622
EK202310129747,163.5199698040641
EK202310216313,135.70546593955314
EK202310138904,155.62270686717443
EK202310148441,152.58824248850397
EK202310153870,136.27133285633042
EK202310108732,133.30125450766164
EK202310180949,142.77093983624076
EK202310108710,140.8905007454109
EK202310198670,132.70494902564803
EK202310150197,169.8578341205493
EK202310213492,141.19433979511527
EK202310136448,139.87584117781867
EK202310131230,157.03136141244397
EK202310231399,138.91263898171835
EK202310121599,163.89411566971359
EK202310179738,160.59239970925566
EK202310167476,162.60936414203135
EK202310131623,152.79717581693484
EK202310140730,152.07359408661154
EK202310144389,166.47998787627998
EK202310245102,134.7649315254751
EK202310132691,129.88094458364594
EK202310106449,131.3031811595669
EK202310167353,128.25100127019937
EK202310236989,125.78454035236675
EK202310111119,138.13702149540305
EK202310186689,169.3635922217732
EK202310209031,147.46903026901302
EK202310139037,157.21053295440382
EK202310158574,144.76561921859096
EK202310235776,136.8401502314997
EK202310149594,153.86076378215972
EK202310106989,142.9507520284281
EK202310207828,154.69358400803065
EK202310129283,142.4919107824129
EK202310103761,146.50514862557
EK202310117820,129.32295902769954
EK202310170386,135.8922361867694
EK202310200918,147.20768881255225
EK202310104618,129.77443224504984
EK202310211311,136.09404568608252
EK202310217151,150.01571987295407
EK202310197688,164.400908352238
EK202310141161,129.81732559297285
EK202310200723,140.64327562755696
EK202310192613,140.0087588205469
EK202310231385,135.222893561246
EK202310161421,128.16659430289528
EK202310185090,142.19729822158854
EK202310118323,134.53704198368868
EK202310179435,142.57070006771207
EK202310246748,161.14030425780058
EK202310203308,128.22254532501995
EK202310166549,151.25758976355618
EK202310231043,141.64638915995306
EK202310144171,129.399320767102
EK202310171076,159.46090693257207
EK202310234671,134.15655454455563
EK202310178258,148.7553064870427
EK202310123111,131.40794766138552
EK202310105273,143.17567539682108
EK202310232779,124.49111883363526
EK202310245923,129.4817139298198
EK202310232934,135.0341485773718
EK202310206444,140.46835503644405
EK202310199292,164.4254843480961
EK202310172407,150.54377903646923
EK202310110982,131.0350997229199
EK202310136670,151.99233108170748
EK202310196416,164.92972300690798
EK202310147370,141.4393156279811
EK202310203187,131.64335381877112
EK202310127574,132.49708724410985
EK202310223109,142.19106267026712
EK202310210815,139.8205530162541
EK202310132728,159.16307059558306
EK202310195728,152.7165814522855
EK202310162562,158.49477094123168
EK202310122166,135.42533829089695
EK202310133502,162.22611502813598
EK202310176748,138.5804553345987
EK202310149681,145.07657746786543
EK202310133367,150.36441155293707
EK202310233308,142.470777248862
EK202310111956,144.39558267519192
EK202310213087,129.6241678178623
EK202310163861,138.80022147252134
EK202310183017,130.39621934117574
EK202310148049,142.67825124424095
EK202310159587,151.9839134965776
EK202310120104,138.39000033005266
EK202310173791,134.35623346811153
EK202310120609,124.78205661827765
EK202310120220,145.7514349826494
EK202310164643,139.52263362467636
EK202310242480,131.81526291926525
EK202310237393,126.98250438533528
EK202310110258,135.04595585856666
EK202310203310,150.29635493120333
EK202310244388,127.78802299258379
EK202310142420,155.54368627480181
EK202310127247,156.66460751075434
EK202310245410,133.23218344404177
EK202310198231,155.77653065790608
EK202310224714,128.54691549817335
EK202310112152,145.40593400302274
EK202310219634,152.55682814334708
EK202310120507,140.40251617816733
EK202310121024,145.9320770795202
EK202310162609,160.45123428129108
EK202310198139,136.88217089057193
EK202310115733,139.64116154386656
EK202310197648,187.56715290816055
EK202310152061,151.71679563630448
EK202310246184,130.12308282893233
EK202310175646,153.21430404787324
EK202310195357,183.31594165874992
EK202310180995,156.06450690726027
EK202320007602,144.1378759333249
EK202310125780,136.30838432616827
EK202310141209,131.66126527194564
EK202310241145,154.7858877160755
EK202310214473,169.61107941740042
EK202310104412,140.8429833855847
EK202310145300,149.46650566123012
EK202310178546,129.7577468869972
EK202310222192,133.69095458996753
EK202310003791,111.14910300195699
EK202310164084,132.18946931161187
EK202310247625,132.44236167173912
EK202310179777,138.24675310974578
EK202310204086,134.23539863744278
EK202310199051,149.46902000193728
EK202310199503,133.73611608104315
EK202310124201,131.87419350298512
EK202310111462,131.72637807285506
EK202310149507,155.71962881128394
EK202310149626,140.5530336488976
EK202310196221,155.18022994262373
EK202310241259,161.88434694763322
EK202310110599,129.89845146224513
EK202310234816,146.1483402417409
EK202310179926,141.47067782733976
EK202310158821,144.99449213813315
EK202310203000,134.5549827478867
EK202310162317,131.24158501002273
EK202310125499,136.33553871608865
EK202310171521,144.7752015310056
EK202310155121,138.90731469178397
EK202310246662,144.34853708839074
EK202310222404,137.55344078482563
EK202310119271,146.74981911800373
EK202310179293,136.93311165149996
EK202310162370,133.55350653709868
EK202310185317,148.77018868819692
EK202310192836,179.17064606940554
EK202310197187,149.96900335243438
EK202310119438,135.01720249418253
EK202310154800,146.76812481967664
EK202310162887,143.41125904231637
EK202310114407,139.75897429944243
EK202310107541,160.19055079384128
EK202310165391,139.43905708381777
EK202310114222,138.60799688213194
EK202310108463,138.2824744519185
EK202310160505,142.13480958733112
EK202310175819,128.39739324303912
EK202310224211,143.93662886739787
EK202310181094,161.8574635270721
EK202310209683,156.69648431119907
EK202310144068,157.15475306953297
EK202310185016,165.95840350717535
EK202310242866,127.35067200185016
EK202310136700,122.87555527429676
EK202310129667,136.05294740231702
EK202310185490,160.99221055330196
EK202310180615,136.03993688442154
EK202310106120,133.68894118931655
EK202310139529,131.76618281706925
EK202310208712,155.47054081427356
EK202310202493,155.70830909861468
EK202310127493,158.5770604347543
EK202310185646,135.1836508478449
EK202310236048,125.18493170859449
EK202310215422,136.03278026706192
EK202310154768,149.1391336653243
EK202310156660,138.9542588509879
EK202310215522,136.85037072436762
EK202310191431,156.65017412750683
EK202310219661,137.57838465851586
EK202310111217,125.97406497439582
EK202310142283,149.2638944314359
EK202310152451,168.3708801316641
EK202310131900,149.99796443870324
EK202310118813,140.4480163721896
EK202310158474,145.61843041719933
EK202310206038,181.43220096667383
EK202310140824,140.0052980936401
EK202310193053,130.213379196692
EK202310239738,126.80163304180704
EK202310183514,167.86007410463696
EK202310228473,142.28616433202671
EK202310187727,142.1180377396876
EK202310208678,136.6257760478733
EK202310151445,135.54455725863502
EK202310129744,142.7872344974352
EK202310242221,144.5213711430293
EK202310140908,130.10127514332044
EK202310213034,135.04922570561388
EK202310162066,147.71257113402066
EK202310166091,141.66818346034887
EK202310168349,126.0181665045423
EK202310204830,139.85704484115294
EK202310119237,137.2558606962157
EK202310177687,139.97016803432177
EK202310194046,137.28251763618266
EK202310120099,129.52379120931454
EK202310139982,183.06458915843157
EK202310172126,131.22385090026648
EK202310225892,135.31669577382786
EK202310204605,147.7460802724338
EK202310166382,154.2925833770353
EK202310164816,152.44541146437186
EK202310118373,124.05483706538094
EK202310141696,148.74557293117815
EK202310229964,142.08522164682026
EK202310127949,137.84130555403692
EK202310239375,181.06614085971762
EK202310173625,143.63019598534308
EK202310141849,161.1668152586282
EK202310115485,131.64826398520188
EK202310129234,165.3419724994275
EK202310105793,139.18045385872037
EK202310158046,135.30888160122203
EK202310192078,143.18244786672722
EK202310211785,133.1156653222077
EK202310194018,168.86319279647293
EK202310223067,132.84858830404346
EK202310131851,158.58848506949573
EK202310146819,132.95846046634102
EK202310240643,147.51916113294294
EK202310156305,143.73876108622824
EK202310207011,138.36533921785346
EK202310225288,136.55372383762315
EK202310246090,154.08128454422413
EK202310159743,149.546587886401
EK202310160951,165.20682913161863
EK202310164394,152.17001063193487
EK202310172687,134.01184178245967
EK202310157664,140.505658581208
EK202310186799,143.11294856289436
EK202310177813,158.4439141278722
EK202310135564,141.06765459031868
EK202310109869,133.50194569560736
EK202310232529,142.76299431238363
EK202310190796,138.47144450893532
EK202310157371,141.54294204408927
EK202310248440,135.83417609634898
EK202310236433,139.05973023871536
EK202310155362,142.6849956283796
EK202310178291,148.32200735765426
EK202310236912,145.31853202517138
EK202310104076,130.8573136054672
EK202310192380,130.84088164928602
EK202310138804,145.76070074965543
EK202310151241,138.79415673004246
EK202310199540,143.25899021348147
EK202310173988,125.15660715624706
EK202310173002,138.06434303307384
EK202310243625,145.10226054098527
EK202310193531,134.865822582906
EK202310114242,138.81587878777293
EK202310138736,146.87971933874445
EK202310190347,140.51034103682517
EK202310236408,135.85879869694347
EK202310120734,165.98218166358205
EK202310199091,153.24082902606315
EK202310163422,134.43712541511425
EK202310204728,135.02017122659058
EK202310130979,141.41037071289028
EK202310183928,144.2174136508148
EK202310149172,151.42471617240327
EK202310112222,147.45494767856286
EK202310135593,164.92731150157755
EK202310116248,133.67351103538894
EK202310139060,156.6201090767733
EK202310119677,162.3550962865436
EK202310158107,131.0891146695833
EK202310132346,167.59357026320038
EK202310134894,162.38181776558483
EK202310136486,128.6972867468235
EK202310129929,170.31985694990104
EK202310105561,133.9843135713145
EK202310154663,134.5948832649091
EK202310170691,160.1025408185313
EK202310129385,147.06047702575765
EK202310201900,172.26575586940731
EK202310167771,135.82131118772793
EK202310157806,143.6367700064156
EK202310149813,181.21577625793958
EK202310176321,147.80692751830557
EK202310114996,140.26097062650763
EK202310190897,146.55709263681462
EK202310166461,131.03808485351172
EK202310137821,128.71115103301312
EK202310112150,138.8504524931759
EK202310192173,134.57208557290983
EK202310173654,140.97121469447998
EK202310220329,153.16023598645216
EK202310202774,171.50446677471197
EK202310150939,138.29471332673518
EK202310155941,132.42469888301312
EK202310185382,157.26206993829285
EK202310237219,138.1865399748519
EK202310244185,137.01941913719145
EK202310221987,127.06038243334163
EK202310193216,147.48021893380147
EK202310145019,138.19320216746434
EK202310193312,153.64510484992587
EK202310121038,145.19205977424085
EK202310210609,140.8832985308113
EK202310198874,149.00212201776085
EK202310144516,150.37922890216984
EK202310110453,132.98991852650258
EK202310135805,138.24905684741168
EK202310128896,131.28218634264874
EK202310183544,141.27387564413831
EK202310181264,146.78098044997193
EK202310204958,144.5326124667313
EK202310168271,133.1585433644685
EK202310219179,125.7552524229442
EK202310224962,138.0875057118667
EK202310210604,140.86689767740003
EK202310159739,158.1905320184413
EK202310132707,141.35834240519418
EK202310105567,143.52847592100326
EK202310226814,139.51492192689662
EK202310217907,137.98711606942956
EK202310199396,135.9607447891552
EK202310105066,145.69814251821103
EK202310200675,138.78561524478874
EK202310237294,139.97857412054051
EK202310157377,132.63046788618848
EK202310229136,130.73722277598878
EK202310186430,134.34142995296384
EK202310163802,125.77407606396758
EK202310142202,159.03126886640007
EK202310195256,152.83327513934756
EK202310004248,160.4677632757702
EK202310195944,135.05907309899754
EK202310152129,139.9566428688068
EK202310235567,154.1350034109749
EK202310239108,160.43229127915635
EK202320007089,141.0851910516941
EK202310188372,157.38473327545165
EK202310177026,136.58954950846712
EK202310130893,136.8745296791938
EK202310145973,142.94704183126512
EK202310168876,129.09685663507332
EK202320005981,173.9323818993618
EK202310158643,145.63247262592802
EK202310186188,152.6006883962992
EK202310134495,125.93229124754912
EK202310247686,161.4599702207047
EK202310150624,147.2213806933482
EK202310205684,129.22198525925162
EK202310130971,141.08901969172294
EK202310109938,155.25175620290688
EK202310157726,133.47898184852332
EK202310217250,140.7157826680386
EK202310232228,133.6557996615523
EK202310212931,136.0497035045052
EK202310224251,141.38466564689537
EK202310177088,131.47404803804025
EK202310178114,127.83971311922802
EK202310133902,153.11683662740614
EK202310243447,133.21473852934662
EK202310203833,150.17107037405523
EK202310205106,154.26466159902606
EK202310244839,152.52926091773054
EK202310153612,162.74084842563872
EK202310168129,130.67327067174338
EK202310210315,131.31097334845668
EK202310221450,136.16468685937085
EK202310229011,134.15843349500147
EK202310109445,138.1760699319326
EK202310172449,145.71723128887064
EK202310173624,139.36012436106452
EK202320007778,141.3095075936107
EK202310191821,129.43018477715384
EK202310163402,162.15818961169566
EK202310198726,175.93840642229696
EK202310235035,130.45439384659443
EK202310190400,120.88016100761295
EK202310223143,135.74014775504398
EK202310134393,163.38009204136264
EK202310190107,165.52839673576497
EK202310199104,142.79606723444488
EK202310198171,130.63757626184585
EK202310126236,140.28718370754856
EK202310110975,132.2328855390913
EK202310163529,132.60434122475937
EK202310208517,134.88113758787063
EK202310229161,121.3831722029883
EK202310224145,138.46543395641888
EK202310245526,135.10028834642762
EK202310105925,131.72736543647432
EK202310241775,129.52483164196764
EK202310131256,134.15120462490188
EK202310167720,137.49666627606
EK202310128585,141.46213303614695
EK202310171250,138.50684889735038
EK202310136309,138.4420516750661
EK202310159794,137.74149206890445
EK202310147802,167.3575196449956
EK202310217371,143.8549855786083
EK202310142272,137.42163473921605
EK202310192020,154.76508243454978
EK202310121935,149.49943036490393
EK202320007881,163.47878069085527
EK202310144741,138.77402008829313
EK202310237080,166.96408084872368
EK202310121787,128.27028493613813
EK202310157606,129.21023814325363
EK202310171437,170.59905569874448
EK202310108122,140.95055141881232
EK202310151362,126.86457681637475
EK202310115777,132.42918257989902
EK202310239193,143.1832365826515
EK202310233042,128.76868738402732
EK202310202833,177.50988358599528
EK202310113174,149.72577576273713
EK202310167499,143.61444098819862
EK202310126289,138.17086533201498
EK202310129491,143.8300812561316
EK202320005784,154.69040958898043
EK202310170372,131.7162011684568
EK202310213906,142.4486226850017
EK202310199476,142.39521084564763
EK202310247011,150.68688869668162
EK202310195117,139.30335951600958
EK202310120294,153.45486651053778
EK202320007259,146.42045961925223
EK202310188597,151.1113453134159
EK202310165978,138.64801963135656
EK202310115867,130.84107263163088
EK202310193317,178.84557482590046
EK202310203873,131.03540270553495
EK202310205284,139.20783077475076
EK202310111575,123.93083618664141
EK202310225817,130.9083111269791
EK202310231254,131.0079611291844
EK202310183664,171.2024170691972
EK202310104179,130.5904214715823
EK202310230497,141.00741790182101
EK202310193284,135.6782860631727
EK202310147738,152.3159434564282
EK202310241264,162.84191443932139
EK202310199094,147.1779288441148
EK202310128153,150.34387622217022
EK202310177426,138.29261255315268
EK202310106407,140.80492151229922
EK202310224168,157.37862744365725
EK202310182894,145.9082609126366
EK202310196624,167.0095140450552
EK202310174799,138.4846329888646
EK202310244287,147.53250234911255
EK202310158225,132.34908782101857
EK202310158700,184.57069021681627
EK202310194647,131.63531453900814
EK202310176945,133.72594820207107
EK202310242585,136.22167100883328
EK202310168424,151.77764362039736
EK202310155163,144.40360887403665
EK202310124200,129.33114285159797
EK202310167074,159.96905343882966
EK202310227610,173.8183675482045
EK202310172440,174.05911003766235
EK202310224828,126.98576322099929
EK202310125087,135.9105599447849
EK202310172624,137.8031816423726
EK202310212981,135.86779534219937
EK202310212038,124.06113260677084
EK202310181888,146.85397747347517
EK202310151373,154.6136939461925
EK202310151400,175.76419279068855
EK202310129480,154.54505954513886
EK202310105531,148.10240695261123
EK202310168802,158.18921764769865
EK202310143364,147.73870663477274
EK202310124872,133.1558243542346
EK202310204355,141.6887256765371
EK202310151111,169.76153431746798
EK202310208992,128.8729917505689
EK202310214546,140.45911161179254
EK202310149411,128.34933336320333
EK202310142260,131.47397766950493
EK202310164059,141.17325790211407
EK202310109215,142.50955385971994
EK202310199582,139.70145971351937
EK202310127468,126.0729812205865
EK202310142858,142.44568626641285
EK202310203332,159.04806688957729
EK202310158565,153.66504763633947
EK202310172619,147.79048321681347
EK202310107206,121.85834675668829
EK202310211213,127.03986298904805
EK202310172337,138.58376158820542
EK202310220668,137.71544473639716
EK202310153800,143.41295002124372
EK202310211090,124.66118697762178
EK202310189907,145.65091205003276
EK202310187277,117.37485297380326
EK202310196375,134.71650455646142
EK202310133091,140.92719836451153
EK202310126566,130.2946940090692
EK202310157696,138.1024441127396
EK202310170462,129.8049291509318
EK202310187255,156.33647783623854
EK202310123459,138.43996508609695
EK202310145959,139.66788440320408
EK202310220363,137.18155764136725
EK202310139815,127.24322170109367
EK202310181913,146.643846670136
EK202310109098,135.7663073585695
EK202310132727,169.6413909397791
EK202310122252,132.15053499034738
EK202310167093,171.77595803148077
EK202310139661,145.66521848642097
EK202310174818,174.55625820986847
EK202310166691,136.54440073966617
EK202310003691,159.05079219347908
EK202310237525,135.27501082529633
EK202310117373,134.31913395918104
EK202310179546,150.01391176189088
EK202310126077,139.5970256440348
EK202310184499,179.6127095305073
EK202310186109,161.24231206880532
EK202310106103,157.8631628587105
EK202310112500,135.09448576264006
EK202310133741,146.90797416526277
EK202310109783,137.85443567110048
EK202310117249,136.8519326054791
EK202310203878,138.96733158463073
EK202310196452,138.70448482105016
EK202310181760,160.81949495460157
EK202310112276,137.43988855006575
EK202310190428,148.41056594092544
EK202310217583,164.04155035334517
EK202320005844,140.12314749155846
EK202310206265,139.09416921150958
EK202310221855,130.74511312173902
EK202310152502,145.69407539768673
EK202310119997,130.90061506959543
EK202310234516,133.33206284160232
EK202310109706,175.1767377477021
EK202310148105,134.80637734836858
EK202310154560,128.4301583083938
EK202310236829,133.70360417460512
EK202310167010,142.9982830614168
EK202310240372,147.4061253631208
EK202310129679,157.12994025023121
EK202310213367,134.0018589625397
EK202310198361,150.80345701376294
EK202310154494,135.86242574500696
EK202310247393,168.72520664210967
EK202310233217,130.59472461182065
EK202310147827,155.01345055753274
EK202310115117,151.27500602646353
EK202310148420,136.88683918739218
EK202310190832,156.0644392328809
EK202310134924,128.17341737691856
EK202310188986,156.83551465136324
EK202310129065,164.0666261494734
EK202310191867,131.32350670616268
EK202310134983,152.15801078817765
EK202310113731,144.21989156626756
EK202310201726,137.49397463891782
EK202310230201,167.36951002002652
EK202310168525,151.03427628494381
EK202310244486,143.27244377438012
EK202310189155,183.90288878670142
EK202310140440,129.215226761882
EK202310106749,126.60755200251656
EK202310179762,153.25512396660298
EK202310129836,141.84318129246057
EK202310220701,137.69807363925028
EK202310186360,135.08458128948354
EK202310109349,163.50691801488387
EK202310201338,140.76674162652506
EK202310212253,129.2200038438772
EK202310155921,140.39027315139273
EK202310205532,169.83888746702627
EK202310128471,160.43968828030782
EK202310201094,139.60204474176504
EK202310190383,145.91443000638992
EK202310110189,103.8923742654349
EK202310147602,143.072031574264
EK202310198097,128.81435512838485
EK202310216064,131.26713123442863
EK202310211013,149.39234364362105
EK202310160719,171.5683392809789
EK202310176494,140.02287593860547
EK202310145249,148.08737452476777
EK202310235596,133.87089900693908
EK202310110412,133.350373655454
EK202310200832,133.98231219921618
EK202310204509,144.13995236389846
EK202310149049,163.4692613262611
EK202310183661,150.09467243202616
EK202310216447,132.27626030481085
EK202310200320,148.0135209263661
EK202310161067,131.33076362431763
EK202310207130,136.62274994656218
EK202310145591,151.9708054372869
EK202310127977,138.09423056945056
EK202310161518,167.31271416643847
EK202310138156,127.037725779683
EK202310244709,139.87207496391525
EK202310142566,137.0063482263692
EK202310124071,133.3479892917203
EK202310152858,177.52809940642823
EK202310190782,130.79842614248474
EK202310167544,134.2457013942803
EK202310192845,147.9647404656796
EK202310160817,134.74867224303713
EK202310196420,151.60710688381968
EK202310004827,155.37438243986273
EK202310227825,141.67551985888673
EK202310194467,140.83876268154694
EK202310113608,146.64339016186946
EK202310103781,131.9109133997105
EK202310221275,146.07944228635296
EK202310169673,137.54800057668757
EK202310190005,141.88393191049832
EK202310188898,157.53390210238544
EK202310183079,161.23388588622709
EK202310166912,159.05709302267343
EK202310142437,158.44658208107674
EK202310212298,140.64853134222983
EK202310109551,138.19408585070033
EK202310222094,140.8292366657692
EK202310202049,140.6339581056
EK202310212471,142.4561588768342
EK202310187583,164.4540582935308
EK202310188837,133.98837088947602
EK202310220895,135.6419895808132
EK202310108270,141.64182444941713
EK202310186872,156.2705073869954
EK202310156937,148.77470195349022
EK202310242846,140.6061355081295
EK202310186481,142.68551070341306
EK202310221455,134.06893064666625
EK202310180574,137.80689819680978
EK202310168049,147.6901237065444
EK202310133898,164.60542288656984
EK202310168746,135.3374469048268
EK202310212474,137.70195418934884
EK202310161742,131.95334410874642
EK202310181202,161.98732119440925
EK202310200036,128.05622617753514
EK202310184172,159.34029864317782
EK202310239220,135.0233640968662
EK202310165958,133.8045443677279
EK202310212102,140.51466251125473
EK202310218823,163.2382000779748
EK202310151307,131.449648026367
EK202310204250,158.12564702039325
EK202310183865,155.58774691184718
EK202310149510,154.2847024971324
EK202320006769,155.27844998551194
EK202310227796,135.8262829482066
EK202310248710,137.63203802846223
EK202310198205,138.25812458654494
EK202310135989,130.59918206501467
EK202310124456,130.3584456967046
EK202310221007,136.19320920277545
EK202310126207,153.8589442586982
EK202310181795,158.27197908971164
EK202310168767,144.44895972819427
EK202310119332,124.61218306584581
EK202310135427,138.4001165999908
EK202310206685,141.14975253455495
EK202310241653,131.900506095541
EK202310196379,134.23128475834665
EK202310120248,148.46971441718065
EK202310172212,141.91776703233973
EK202310181585,153.82854970107587
EK202320006780,165.7518540064616
EK202310133161,125.01777418153169
EK202310109841,140.0766470399682
EK202310152371,177.31468183240494
EK202310125316,135.62645393342456
EK202310127854,130.28197977648568
EK202310208551,133.44144400336873
EK202310172019,128.16296230070475
EK202320005655,148.87219484226557
EK202310117833,125.49422279005263
EK202310110950,131.99780236035062
EK202310244018,134.56649128981448
EK202310234592,137.20903288002256
EK202310136966,133.19846839731684
EK202310185914,154.91687242836358
EK202310236175,138.21800254774212
EK202310187917,143.84247012747204
EK202310004461,149.2644394880943
EK202310131974,151.04962955052346
EK202310184967,154.2044864392888
EK202310185067,151.04818791756003
EK202310236069,135.2176354024261
EK202310186869,137.9077657483017
EK202310149914,135.37005555946948
EK202310154439,135.0174291292283
EK202310117130,133.97658385509754
EK202310192819,153.37075135335797
EK202310158666,173.70541065446605
EK202310197005,130.27964499134396
EK202310203581,134.40164622766792
EK202310178102,134.9632454768623
EK202310224457,141.9032561985451
EK202310118618,131.9462372009133
EK202310185500,142.52972232157947
EK202310213431,137.55216301338547
EK202310201151,168.05752301150068
EK202310228224,134.99024792289435
EK202310148041,156.27834754285507
EK202310178742,157.41280697637697
EK202310227550,138.06002284992604
EK202310119869,150.169371762176
EK202310146474,142.2257270321453
EK202310123299,134.60351170061836
EK202310187842,139.25703997521327
EK202310155425,134.73987889215783
EK202310210739,137.15992742752033
EK202310177302,147.5661850054862
EK202310202123,155.78163445381693
EK202310104749,136.55150741210022
EK202310185079,133.4587860232414
EK202310132781,133.80951232880406
EK202310193932,151.48870416830377
EK202310189612,127.91592988256215
EK202310201902,177.3757920300997
EK202310208534,156.17858766829698
EK202310189130,147.93888862018795
EK202310215684,133.34604961543155
EK202310160446,143.7144470077781
EK202310133958,155.47218127583335
EK202310176688,153.12141519752012
EK202310211793,127.60703474341908
EK202310210111,135.69996332866035
EK202310232666,134.07297941431335
EK202310128743,147.94291945056577
EK202310130719,131.85892653986875
EK202310004334,144.97036021126635
EK202310126855,142.9477177850659
EK202310152426,141.24035408935683
EK202310188746,142.44881029239448
EK202310236429,132.44877115012375
EK202310170500,132.4291536291756
EK202310124582,136.42331556093112
EK202310181729,170.49624590654005
EK202310224787,133.48527068654164
EK202310108930,148.72638316266102
EK202310104434,131.84670604262857
EK202310115530,132.93468818078813
EK202310184629,170.32331156981755
EK202310217615,126.89677019304519
EK202310228010,124.99673547795311
EK202310199351,143.70752760464163
EK202310231067,140.47562052344423
EK202310215633,135.45006660516026
EK202310142323,165.08276714762093
EK202310244740,138.66181394442515
EK202310173913,141.70177251880196
EK202310218786,134.03422845722247
EK202310215448,140.09577028868318
EK202310114357,141.30970713505837
EK202310197601,149.5168427831731
EK202310247322,153.908483493642
EK202310231270,144.3439470331696
EK202310142374,130.23458804475476
EK202310117138,135.2850830981969
EK202310176849,134.66100353951808
EK202310109114,147.80003571180052
EK202310182696,158.2790977675204
EK202310135900,155.92879066462817
EK202310123905,141.05227416264987
EK202310130761,131.48747331025353
EK202310122276,131.98256843551792
EK202310121513,163.92809058888074
EK202310168032,157.67600955635828
EK202310213827,139.64666724613213
EK202310115189,129.3022928126506
EK202310138716,156.55550527784118
EK202310246376,137.7866103163529
EK202310227795,134.75994979789806
EK202310138696,142.86276123424423
EK202310194234,129.42700081420352
EK202310184761,158.49147913406657
EK202310162543,174.94079129713677
EK202310236480,133.74011682444052
EK202310209507,131.71148583579352
EK202310136499,144.10054702309344
EK202310204660,132.27777832981306
EK202310111522,147.4642256098421
EK202310105606,129.6678588861289
EK202320007453,140.953761765555
EK202310232384,131.34150381820805
EK202310206748,133.38991684974872
EK202310241912,160.98223426951225
EK202310124064,132.98086375623475
EK202310122759,124.16606878670544
EK202310190369,186.70764052478813
EK202310186879,160.8122827483084
EK202310149694,128.3956281753933
EK202310223534,137.49614399134524
EK202310159550,139.7364919955451
EK202310221243,132.93444614503974
EK202310244635,139.68255919901415
EK202310198162,120.23912155482847
EK202310125552,133.92180176365252
EK202310132850,128.30428726461918
EK202320005964,151.85431842080604
EK202310126781,165.78056804643882
EK202310147128,151.2067830915988
EK202310226818,140.67343328549254
EK202310124338,144.01727845778956
EK202310225790,133.6458629548021
EK202310144382,153.38693920762782
EK202310160141,150.8941814609546
EK202310177663,143.49858161426693
EK202310231419,135.80930234987895
EK202310141307,140.6705936234353
EK202310119017,157.21877690364292
EK202310219691,138.49853189795832
EK202310114034,129.55174925509118
EK202310207177,157.74300365025448
EK202310120353,133.223311765784
EK202310003709,129.88864941036599
EK202310208102,155.34149761572476
EK202310117194,139.49695427030343
EK202310160414,148.2362369144634
EK202310128750,130.90940534743717
EK202310236926,155.3381273435538
EK202310230067,141.93102861383085
EK202310209445,145.79393422325307
EK202310237314,143.7035814421131
EK202310232234,128.34339430525782
EK202310150354,147.08923732469054
EK202310196951,178.72816077006294
EK202310194465,139.72073052671726
EK202310193016,162.8794505930301
EK202310151083,131.44114481625704
EK202310184367,134.6078265562906
EK202310112469,160.6589231510437
EK202310192489,144.97229368511287
EK202310224546,130.72495414036024
EK202310247421,159.86186779906143
EK202310194417,138.88456167424792
EK202310121339,118.5844422380657
EK202310190360,142.7839663609759
EK202310226836,149.29581737180143
EK202310168945,140.48042562793046
EK202310227078,141.96484236313975
EK202310232895,126.40263212249415
EK202310230495,140.79566516141728
EK202310246097,141.7739487071844
EK202310202842,131.0039360244182
EK202310220262,130.3039947643164
EK202310134200,142.66008870369345
EK202310203601,149.6172442400056
EK202310190558,129.61309583146263
EK202310232949,129.61289292204913
EK202310195423,159.26023867069642
EK202310164136,157.23771822349937
EK202310111473,155.69584231309256
EK202310194752,144.36003339050728
EK202310139201,151.73539751704297
EK202310215712,139.0514468060702
EK202310126580,136.04164497845304
EK202310143206,148.87977465075284
EK202310222539,135.31457212350134
EK202310239797,137.43591555078385
EK202310157767,137.8067102881
EK202310237925,140.76659672508194
EK202310227346,136.16501947534704
EK202310222227,147.8990645235943
EK202310231460,135.19099539635033
EK202310105762,155.36472673802513
EK202310149701,144.05351368532422
EK202310231185,135.49180491637028
EK202310187011,140.93909852708464
EK202310188048,138.2226330491198
EK202310147979,160.3005953376287
EK202310136963,165.64392865953295
EK202310223233,140.32561199035217
EK202310147717,134.26531210838658
EK202310235875,133.84913511370644
EK202310146872,140.37408990187956
EK202310114622,139.67091398526313
EK202310127235,154.09533170694246
EK202310170129,129.54211056006727
EK202310174462,158.45524561296844
EK202310239145,139.96503046435612
EK202310103947,146.44371377727524
EK202310118725,153.20017490053954
EK202310181241,153.32395309898422
EK202310215016,167.58510887324755
EK202310197863,142.89199092126069
EK202310162387,131.26394349434105
EK202310108126,136.63462121404385
EK202310207445,156.3803899352956
EK202310003781,143.37040737233778
EK202310153594,141.06397900881964
EK202310234731,141.26633976909793
EK202310112047,139.873881162863
EK202310246932,145.81148160150283
EK202310218014,130.32613036447302
EK202310159032,142.73630715766205
EK202310108938,138.25003654432825
EK202310126068,139.42055420085106
EK202310146294,141.23216657329456
EK202310197490,152.5921202010932
EK202310235805,169.42560148041144
EK202310244213,130.53729008390886
EK202310169974,139.50928126426743
EK202310180762,148.38561251674633
EK202310117588,137.7890165889944
EK202310146489,145.91131488075246
EK202310242008,133.66425126438864
EK202310175256,145.1842049852046
EK202310183438,143.74047748113864
EK202310216482,158.31013328173788
EK202310150432,139.78563782767017
EK202310224664,138.2380845951176
EK202310182573,153.38258698242564
EK202310227828,141.96621002142592
EK202310183759,178.6622065929742
EK202310168521,141.77007698198994
EK202310183715,143.11044605850108
EK202310142868,134.19738615149822
EK202310202199,150.53762516598434
EK202310167759,135.14658556721292
EK202310229275,134.936677360464
EK202310229628,136.38413896601776
EK202310190352,146.13406678353238
EK202310234142,139.3454750466681
EK202310141693,132.58387578703886
EK202310133997,131.25450230759222
EK202310180676,136.59665162131716
EK202310127990,142.82350014433027
EK202310194053,181.17198913379085
EK202310240865,144.30793207225298
EK202310238191,137.50045933691558
EK202310218152,144.1177399756686
EK202310192642,138.11248972087355
EK202310113518,149.3243660539156
EK202310177048,139.16638103302648
EK202310003870,133.47113433449363
EK202310184101,141.2538436326759
EK202310123625,139.57660378964226
EK202310105534,139.9808966274953
EK202310130598,142.60591101143453
EK202310183150,162.93688599438389
EK202310223939,143.71173958727553
EK202310151237,144.18953052168837
EK202310150186,132.87065977934526
EK202310119286,155.25812198903554
EK202310147962,145.18481083016894
EK202310195618,132.18867661302508
EK202310146717,136.04355237382353
EK202310226225,130.40975436514142
EK202310108305,145.47791993719503
EK202310132381,128.99434445635376
EK202310130474,133.54259140901078
EK202310123530,130.13711916314477
EK202310207610,165.12614220895057
EK202310142942,144.53372647914915
EK202310181486,139.73429303500586
EK202310227391,134.22640441116081
EK202310219674,144.8437519846756
EK202310231118,130.75637360640224
EK202310156122,140.83569770412342
EK202310168356,137.34716817428875
EK202310152965,152.07213939381657
EK202310240478,159.84677237758393
EK202310220260,130.30519896099662
EK202310166323,145.2417643499437
EK202310130108,164.53375307512667
EK202310139786,134.3803343434065
EK202310163761,139.55006564183776
EK202310221197,138.3903674359434
EK202310194216,170.7811398137321
EK202310209659,131.99197166371408
EK202310214603,169.00515481426982
EK202310108794,152.7562380661506
EK202310152434,166.44042593007435
EK202310134754,132.5163961474078
EK202310236812,143.26862823176563
EK202310167567,151.50555314487968
EK202310203493,143.94489082453697
EK202310175040,142.42575735180225
EK202310205734,153.6214874170386
EK202310104881,145.2319176586334
EK202310188034,159.18178597637902
EK202320007581,147.37039384717482
EK202310004300,140.63456314384666
EK202310126491,132.7657358292299
EK202310236882,140.75288373425357
EK202310151164,136.56528130028693
EK202310106280,156.13777794635823
EK202310163693,139.83749957050637
EK202310168683,138.2736951580795
EK202310189719,194.37346812593074
EK202310233687,149.9148109384025
EK202310201579,151.8512855514375
EK202310202351,138.12614878690724
EK202310180846,153.9124022924088
EK202310170131,134.00549516602615
EK202310113992,134.2893468029403
EK202310225909,147.07073045377638
EK202310118201,137.2656525033106
EK202310184100,151.11269559862836
EK202310169994,142.14757042566947
EK202310186322,134.38535394176722
EK202310187689,132.38853066578474
EK202310241609,129.91331958906247
EK202310112492,134.79785102117816
EK202310216335,133.09136328700123
EK202310207022,166.92794330013885
EK202310125948,138.45207336105565
EK202310127865,140.26773273152483
EK202310174681,140.18251112927067
EK202310233071,143.28757217748148
EK202310193133,150.48238065129038
EK202310132000,140.71617106901908
EK202310103983,150.8061245489423
EK202310191233,153.15746665539456
EK202310231154,131.62514715635933
EK202310116716,136.84821124825845
EK202310179545,149.29459081463892
EK202310206643,138.067902103235
EK202310134367,163.48603069424408
EK202310176122,156.87208700359417
EK202310214013,135.76920942013282
EK202310134741,136.7387915181377
EK202310174213,137.6622160531117
EK202310141096,164.04176498504714
EK202310206920,169.23647471144432
EK202310194809,184.42058404092012
EK202310202514,134.7712294840071
EK202310110026,139.55161203895045
EK202310104374,134.1447247366164
EK202310120332,129.65372752914
EK202310157554,140.89636231451036
EK202310204383,128.2239266988055
EK202310208398,137.25233311426808
EK202310118265,133.69754668495784
EK202310231010,124.6824534160889
EK202310213437,131.63576638264277
EK202310146583,132.81804126867692
EK202310195386,145.34273752957307
EK202310228443,137.03532541872815
EK202310123135,143.2749935709085
EK202310142556,147.88791942346788
EK202310245462,131.31071732678424
EK202310234824,135.30526861053892
EK202310197141,153.10610534554144
EK202310229145,140.52878722098396
EK202310209147,138.32734054433564
EK202310214152,170.11892246498724
EK202310164947,138.6090013632878
EK202310222842,138.58249893929712
EK202310211770,133.22896845198457
EK202310004960,137.35215848320652
EK202310239260,127.5256095133047
EK202310115431,149.2187448171171
EK202310202893,129.68468586685904
EK202310205187,134.1461605891372
EK202310202065,143.63480668983007
EK202310127001,134.0120395126134
EK202310181721,173.96306239023357
EK202310161325,147.54869303918016
EK202310140540,165.31289933467949
EK202310167097,157.18855728729483
EK202310140718,138.40364519897415
EK202310149480,132.59335068734813
EK202310183531,141.35873310289904
EK202310148864,150.27803756187097
EK202310003701,150.59238684669202
EK202310144900,130.59749769978123
EK202310144750,149.70167035817389
EK202310162709,140.7885728665092
EK202310186895,142.98330836540677
EK202310226408,142.10736149898852
EK202320007110,158.02873796823386
EK202310162496,146.81031006829318
EK202310212196,137.54961519679853
EK202310239361,133.5035542915854
EK202310125997,134.11629997550446
EK202310246168,137.64305853844326
EK202310193381,157.15769466729836
EK202310190604,136.08629883743401
EK202310111954,140.7343249918653
EK202310176791,134.81032741567176
EK202310141476,138.97792234456912
EK202310221421,159.03353419677748
EK202310129409,150.4572173806256
EK202310122129,134.29652557755855
EK202310149924,170.66797986722395
EK202310179998,146.0837575130707
EK202310195558,178.09559495182415
EK202310112050,152.0861231636276
EK202310136298,140.63891783098796
EK202310146636,151.34015546300205
EK202310239762,140.6934367112867
EK202310200996,137.53027902770182
EK202310223066,135.13971101564417
EK202310167187,134.58162457516426
EK202310124533,154.14376875629225
EK202310143956,160.3472794769711
EK202310178323,138.6090703867142
EK202310224950,158.5736772385946
EK202310179276,135.55536534322653
EK202310246017,143.21810318133203
EK202320006428,179.15687221613695
EK202310241114,127.90364932893284
EK202310217472,138.263992042068
EK202310162260,155.86428301514852
EK202310240436,137.09010963058228
EK202310198123,140.07715937334288
EK202310156200,132.05151990266842
EK202310141977,160.50864009397466
EK202310223019,133.05335150775548
EK202310193508,151.67863056180553
EK202310222293,140.87595036467678
EK202310156492,173.16496960667504
EK202310180531,126.78192964119114
EK202310225433,133.47181346724366
EK202310127891,136.8350359571469
EK202310228056,134.37884405396838
EK202310106710,142.3825969644837
EK202310183113,139.0176499381233
EK202310180843,144.72010662878026
EK202310204705,140.00677382028263
EK202310140212,145.52147603430421
EK202310179669,134.06476367259717
EK202310212869,139.033432645181
EK202310203115,144.1629430791883
EK202310131490,149.74474800849364
EK202310109872,139.74449328223315
EK202310150034,179.99563387904422
EK202310174047,146.90414315392658
EK202310247649,137.99940554730458
EK202310217502,166.75840875276347
EK202310133755,133.15780566936084
EK202310169961,139.59286670018
EK202310188670,148.61441422374787
EK202310238912,146.05762769806768
EK202310113770,150.56492324263283
EK202310146729,132.00927017713914
EK202310185503,160.35967865116243
EK202310245764,142.62340881403327
EK202310242449,133.81528737725986
EK202310206998,138.3640717311423
EK202310215872,131.26541756244097
EK202310130322,162.19337531199727
EK202310107786,175.3034205017762
EK202310201622,144.67242685080808
EK202310125291,140.31357043592863
EK202320007483,150.29354352460197
EK202310232956,140.3184066013664
EK202310134707,161.2138744562913
EK202320007480,167.11487402033808
EK202310203884,143.2115751063538
EK202310209390,139.52264108985096
EK202310105328,135.35898813736443
EK202310144128,131.97779606760616
EK202310115260,156.69239236088993
EK202310136404,134.79245515385855
EK202310200686,164.10697397423456
EK202310149205,126.5978421121945
EK202310224673,129.4134746043975
EK202310233927,142.22916203249295
EK202310231452,124.01318340393587
EK202310147484,146.89750187972882
EK202310227688,139.03833010117054
EK202310119870,158.32590844311272
EK202310230862,134.35602202426236
EK202310124325,130.926863564405
EK202310174689,134.66223037575404
EK202310241097,137.18628112637654
EK202310201197,192.33169318582503
EK202310133296,141.8543391689265
EK202310233451,150.37133440544295
EK202310135940,118.83506134420085
EK202310107985,145.5178511009948
EK202310157602,142.801694941322
EK202310139763,127.54431125340862
EK202310238145,153.9911508790392
EK202310168639,162.32358806999886
EK202310219394,157.96214707568038
EK202310216358,122.81279385772518
EK202310127032,134.8155841858685
EK202310148206,149.5008511779254
EK202310227757,149.54021853702056
EK202310112688,143.3606598978248
EK202310214245,153.57626754830042
EK202310124215,133.65145132701733
EK202310132325,140.1805904382774
EK202310245630,130.84399343712764
EK202310159135,103.5655342429375
EK202310153895,134.21335893455057
EK202310211988,131.1828516906208
EK202310185598,147.5789028116778
EK202310192392,139.55053125013646
EK202310242881,151.02490506860636
EK202310153163,150.04548550267768
EK202310179601,141.9346774381921
EK202310241826,158.29564615771727
EK202310125720,134.57613760630676
EK202310106591,153.9039230415597
EK202310162420,156.5899166491453
EK202310133893,137.14147472263298
EK202310168619,161.33676624198563
EK202310142512,147.57037917973312
EK202310197943,147.27600966549753
EK202310176141,154.29502478966975
EK202310149618,137.57930613299573
EK202310226109,138.57319435534615
EK202310122228,134.7693842486326
EK202310176047,171.47073500508873
EK202310198997,149.1576429728227
EK202310232656,136.0853447402311
EK202310182446,134.56615431567693
EK202310139943,149.09003863442692
EK202310165615,132.76025906568628
EK202310142885,135.00396294598826
EK202310193296,157.5170723938186
EK202310121667,127.17158851019788
EK202310223883,140.0753299451915
EK202310143204,134.05373882099587
EK202310205226,136.358297086631
EK202310119065,137.88156654245458
EK202310213461,139.07824901587918
EK202310120362,139.96636209893782
EK202310194154,164.09671753415773
EK202310107601,149.68712929718293
EK202310204833,144.85121756993678
EK202310176205,150.59579422754783
EK202310154960,136.39122178233913
EK202310130425,161.25560583148322
EK202310126003,140.39441690570928
EK202310192656,143.27079313031433
EK202310213037,141.98381297646034
EK202310243222,148.79325555042445
EK202310132202,117.86277834336191
EK202310235252,135.41312798378527
EK202310160890,137.74293655138035
EK202310198189,132.46314477785234
EK202310119695,141.75257233791825
EK202310172550,140.15798698453872
EK202310229494,144.77781650307952
EK202310004450,129.9335344164089
EK202310146462,146.08520654063767
EK202310113248,146.03712795910707
EK202310221078,132.67984287544252
EK202310124198,142.48980496404855
EK202310212260,127.02336850096745
EK202310134794,130.60166243684208
EK202310221523,130.47082275178377
EK202310219960,134.51352502433477
EK202310121234,152.8457920966584
EK202310233970,140.9697674666828
EK202310188001,144.031428147733
EK202310163334,133.786269781209
EK202310208205,142.70832913838726
EK202310130304,128.98769397666587
EK202310154503,134.94741445238566
EK202310170798,140.66827749816457
EK202310152846,160.71275465194202
EK202310130702,141.09035954693124
EK202310203151,156.7623834257751
EK202310217313,139.8954844775032
EK202310233757,134.07474368246199
EK202310138726,162.8020350427348
EK202310156939,152.30400405685796
EK202310129985,138.28000922940655
EK202310190426,136.90115410424013
EK202310171121,139.56336052992154
EK202310214542,136.2399889696121
EK202310168552,138.595415182422
EK202310183003,128.83494704378413
EK202310123726,152.45138348238862
EK202310181506,160.5444900726594
EK202310237990,128.3261013171052
EK202310162825,160.92217625366507
EK202310224013,127.05944247256234
EK202310158873,137.70239783708084
EK202310137354,155.4168871190603
EK202310123420,134.14801957088835
EK202310225576,138.13601935876997
EK202310229941,142.12012295187793
EK202310229623,132.09851753813086
EK202310107612,151.1737181060053
EK202310246113,138.52305827414847
EK202310144693,136.87109444300214
EK202310116502,145.25683500700174
EK202310139421,137.84237766597386
EK202310112631,140.88901690039648
EK202310106168,129.90177636914004
EK202310207682,152.82510102202244
EK202310157085,175.78047118531612
EK202310245691,138.442458249891
EK202310200879,125.79252953151322
EK202310131443,132.47135620118294
EK202310196154,157.240648520902
EK202310231226,137.6838278721892
EK202310210056,126.10845423643528
EK202310114898,128.70722103160094
EK202310203643,146.98451206360744
EK202310160283,152.3146175043559
EK202320005966,151.98190199701196
EK202310167009,142.34463398237696
EK202310191878,135.85629476715388
EK202310152713,162.09056264195095
EK202310179861,151.62127480867056
EK202310153872,142.42178618689854
EK202310106053,155.17388214908178
EK202310189085,135.29264065616564
EK202310212320,135.59012786056374
EK202310147327,151.68340405954066
EK202320006343,137.74858409209114
EK202310178068,156.80137426046954
EK202310216051,134.8311307045306
EK202310120390,133.91145086710776
EK202310150611,150.47866131640987
EK202310170657,161.3443970955518
EK202310132614,133.28250345496733
EK202310130044,145.7538265006281
EK202310230130,134.72219726752738
EK202310142200,128.21416547079605
EK202310142024,163.42711761459685
EK202310199015,152.6494766541558
EK202310129011,147.7618717242162
EK202310162645,150.3180093190368
EK202310165075,142.18662470766233
EK202310242200,161.49887321483067
EK202310216319,135.52861188736532
EK202310168191,131.61159837039415
EK202310173505,131.66858641169367
EK202310197116,150.66619662556383
EK202310196993,183.0178724921144
EK202310190097,154.9233806192008
EK202310243824,133.24293946787716
EK202310185884,171.08275522485582
EK202310115378,133.68375035652514
EK202310203204,183.6097835524402
EK202310118547,143.88022108778193
EK202310228351,134.00665016259606
EK202310243844,138.94547397351076
EK202310169224,127.35404460050087
EK202310173833,166.11276129489758
EK202310182027,139.8462417721315
EK202310128404,133.9126032271184
EK202310221581,172.02053031095573
EK202310202028,133.4517650363353
EK202310140548,132.69917837005855
EK202310134135,132.48091689145517
EK202310192158,155.01676771778114
EK202310112502,144.87128662776524
EK202310113790,151.87024029202595
EK202310218316,131.61479286308088
EK202310188343,144.3447740391518
EK202310176251,140.1383123804506
EK202310201210,163.99363517548437
EK202310231157,142.34135551463575
EK202310195345,177.7890436320192
EK202310151257,131.90352064533778
EK202310156988,137.51226193126243
EK202310225915,154.69199978717913
EK202310239080,139.75281828766288
EK202310210523,133.2059066428283
EK202310130378,142.76864536371664
EK202310152365,143.04493566144592
EK202320005984,165.40643577789552
EK202310228471,138.34242207262258
EK202310121673,123.86260045105074
EK202310239395,148.94429327164667
EK202310198842,147.65121143213918
EK202310241420,134.4344079350631
EK202310231742,136.0528897201692
EK202310131099,150.61382225231924
EK202310188446,122.90630137342093
EK202310190252,130.56199462616118
EK202310236866,138.99867655667384
EK202310207108,141.64901422292186
EK202310184757,168.49938993890228
EK202310104389,140.3250024071096
EK202310217076,132.14291182444978
EK202310106797,142.46957059321758
EK202310216511,137.13392913671302
EK202310209342,145.7841532507037
EK202310183200,159.36755947342493
EK202310145433,164.2936949255919
EK202310140014,133.45437568550398
EK202310125223,131.95460680086705
EK202310140119,154.38552609106625
EK202320005700,165.15889629211665
EK202310194061,156.06413579974736
EK202310195873,146.2139455209773
EK202310220232,133.97203877795118
EK202310216119,138.2774047308378
EK202310134968,146.74789751049371
EK202310174540,131.33792553911965
EK202310185424,132.46576097445194
EK202310125685,134.78064658607045
EK202310234710,135.46030682655362
EK202310214117,171.35510817238261
EK202320006910,144.1436685580531
EK202310231049,133.5136797914498
EK202310195331,184.7235942595485
EK202310194304,144.50053732268876
EK202310171159,134.76326687479084
EK202310138049,133.61557928775468
EK202310198003,133.224869551945
EK202310159099,162.4830344471314
EK202310216629,140.8989788453144
EK202310191293,142.25057152265086
EK202310174065,135.7242554180966
EK202310191081,159.32664943816832
EK202310122728,127.48418965702807
EK202310244744,135.7465346802244
EK202310226033,131.35148230151182
EK202310232759,140.15479307825825
EK202310196945,144.11879065618328
EK202310223385,138.68871535943344
EK202310219176,132.3353151579357
EK202310131076,156.9232503818228
EK202310204889,135.97189947789082
EK202310125633,170.07757831144036
EK202310153304,170.98450272911688
EK202310138923,134.7473364681664
EK202310110215,151.2107628954856
EK202310212666,132.6212824700991
EK202310219342,127.49204845750623
EK202310161803,135.73318148815622
EK202310120553,130.3221003138168
EK202310230584,129.61434902843996
EK202310224579,135.56941892687226
EK202310171422,136.7046676422435
EK202310106867,138.28751343378656
EK202310121769,142.12875350080188
EK202310215792,131.6883517598595
EK202310138205,124.94996398898267
EK202310189070,150.16134658605787
EK202310151230,134.16981967360985
EK202310108779,139.0423876445562
EK202310167488,164.9131666615325
EK202310243336,125.24527229447276
EK202310124223,124.67619382723761
EK202310240547,137.94556488952028
EK202310191562,150.2694575734143
EK202310140508,128.3113177761172
EK202310119457,141.5792977522583
EK202310179610,125.90960485230724
EK202310146453,138.31525837835719
EK202310163261,177.04561956461419
EK202310214487,159.82105925862743
EK202310195013,143.95379181957253
EK202310129643,130.91708694195043
EK202310106761,138.31529726344618
EK202310132636,143.11065954191147
EK202310205792,129.08910138437744
EK202310176096,144.21880636610493
EK202310132675,144.12926676725257
EK202310203792,129.27488173605013
EK202310188904,141.87187016304387
EK202310233751,133.73729952598623
EK202310105923,128.17540262385805
EK202310176082,159.22898386997417
EK202310231901,141.02789270552353
EK202310117263,136.63160969334186
EK202310189853,171.05975159891267
EK202310161443,137.42503939982018
EK202310245106,157.54979950011827
EK202310203080,142.5216258570387
EK202310229771,137.36571912923318
EK202310178345,133.18288431783398
EK202310212555,140.40931259816622
EK202310183797,179.1108986879226
EK202310247956,123.78743843604221
EK202310137158,146.76901426390603
EK202310121175,143.73793939083583
EK202310142530,134.10687247254023
EK202310145622,144.31626071139212
EK202310110044,138.96739741602607
EK202310141565,154.77398004197795
EK202310203553,154.94338265816407
EK202310186294,161.09703431940673
EK202310232455,138.93463366037986
EK202310234707,128.70541120710143
EK202310190127,170.19831125731002
EK202310116984,122.81234856667561
EK202310113225,144.8751254266379
EK202310153087,153.0492166512571
EK202310162145,131.19419562891383
EK202310241242,157.76992501621382
EK202310199480,144.4901814629245
EK202310133097,148.05009540010767
EK202310148951,148.6122239051893
EK202310164526,170.12597520570841
EK202310157028,142.47269442568657
EK202310174361,143.74882726751332
EK202310186033,134.55885563919708
EK202310218703,133.2110214372585
EK202310179140,132.85533473590664
EK202310185393,141.83999902106785
EK202310109267,133.32123072860293
EK202310188479,130.71373598497746
EK202310132207,161.4323259440877
EK202320007399,168.0261143239662
EK202310118229,133.87293107234353
EK202310125154,137.27712515153877
EK202310140377,144.0129073545659
EK202310198868,137.4311305206305
EK202310209658,130.40980995255254
EK202310241949,160.07246546831897
EK202310179752,169.36689517171845
EK202310117086,130.28802725297828
EK202310166263,156.05443773613882
EK202310203482,138.9808686963627
EK202310164665,150.7047374542914
EK202310168393,172.68406213261437
EK202310131582,141.9357265064023
EK202310150017,148.25560986642455
EK202310150912,132.16919992732335
EK202310117341,142.21204961406386
EK202310181073,128.5061191530783
EK202310172053,139.67657683032579
EK202310239963,152.35499441861114
EK202310132072,144.4037330076538
EK202310192876,142.54900246681223
EK202310152121,149.59762090024233
EK202310213403,134.22703154403075
EK202310239334,133.95838460787866
EK202310148570,144.53755365844864
EK202310155053,133.74833420443076
EK202310132986,131.8721024826524
EK202310110729,154.85686609728847
EK202310174910,160.77307253595924
EK202310187690,140.11605211244904
EK202310127998,140.64036226862495
EK202310137683,137.06472285331864
EK202310108081,122.61847772043971
EK202310239262,158.3818100734036
EK202310182783,131.01041630937476
EK202310204488,144.51931954266428
EK202310199126,164.81030712970252
EK202310107243,142.5745316752783
EK202310105267,137.28287937773433
EK202310152097,153.36583988937392
EK202310125739,135.81439676114755
EK202310170277,163.35993403919971
EK202310237606,146.96272538407146
EK202310234522,130.06100699520866
EK202310161698,130.57994207077152
EK202310165822,130.4175829926612
EK202310248288,147.21695036595673
EK202310136063,168.19704477498917
EK202310117203,139.2689912806242
EK202310154981,138.5779459174478
EK202310232175,145.53641775071205
EK202310144896,126.23734650403607
EK202310142768,133.88960874048578
EK202310160960,128.47603825450864
EK202310163131,135.8860852105539
EK202310239813,133.1763457929867
EK202310144375,135.1531895652343
EK202310175307,160.717497289349
EK202310227665,142.58480832689833
EK202310132201,152.70203700131623
EK202310143654,165.87256869648527
EK202310197398,130.2900716547591
EK202310247650,131.12931014297044
EK202310218583,154.32486070659806
EK202310185132,131.90092900018132
EK202310166220,139.9728743270915
EK202310183470,135.9965808251408
EK202310193070,144.86222920305943
EK202310127467,129.99083911047643
EK202310208200,141.70453030414743
EK202310230712,136.09881890187694
EK202310137427,132.16986988792428
EK202310140112,140.76755284949286
EK202310223686,132.7344869783215
EK202310176982,161.1764784473872
EK202310118244,128.99977084322572
EK202310151713,136.59213575567608
EK202310212261,136.34097874579774
EK202310134611,128.87448448047618
EK202310120945,141.29132255971183
EK202310151019,151.40566945970335
EK202310141095,153.65847404999388
EK202310137745,127.23128740207893
EK202310225567,158.5555397184853
EK202310216872,156.16853430839816
EK202310212300,142.38101181043882
EK202310225881,149.92178562936158
EK202310151821,127.66272760156201
EK202310129868,140.46442017610042
EK202310156170,159.12819160207846
EK202320006992,140.5347923756766
EK202310173073,153.73611033870378
EK202310240592,131.8138432250476
EK202310128981,129.77915396588114
EK202310225347,165.33623903592328
EK202310107505,138.63771713414147
EK202310004769,130.47253350766337
EK202310192529,153.99345843522948
EK202310205344,156.99625592873684
EK202310241518,134.39653626422546
EK202310188554,158.24048672092204
EK202310185562,167.3563426498286
EK202310154855,144.4097600516669
EK202310175481,144.94317083098636
EK202310157901,145.49246590845115
EK202310221152,142.11362925258024
EK202310200465,149.80223747073836
EK202310183211,126.51978839674246
EK202310194651,138.7178444925479
EK202310116691,134.04656549020837
EK202310219488,137.49781885460223
EK202310155631,151.6340677406604
EK202310168504,130.785963961157
EK202310199253,136.8181446017707
EK202310221668,140.38570468530585
EK202310212285,132.0483681066208
EK202310172945,147.16637450857198
EK202310186658,132.16588448963165
EK202310222256,135.06762152846542
EK202310224152,138.05097189115958
EK202310128793,132.3478516480962
EK202310120896,128.13686512006421
EK202310120399,153.09336002076188
EK202310169743,134.05924607248025
EK202310248477,147.3827743918841
EK202310116273,131.53263751758456
EK202310247694,144.04722254800527
EK202310215708,132.2317893566516
EK202310236946,134.85947193497617
EK202310200762,161.5171994558635
EK202310178415,146.4352465890044
EK202310144132,157.71287360802205
EK202310225926,132.64021935637663
EK202310148881,146.87169277252877
EK202310177347,158.7981107552912
EK202310213539,135.1942875753006
EK202310208401,138.84019807800237
EK202310238371,135.2451972171188
EK202310234534,141.4778906737168
EK202310136323,136.78819639356334
EK202310135243,144.74341839253978
EK202310202317,137.80187805540854
EK202310226279,135.9024701833653
EK202310203743,134.5273429397803
EK202310205749,183.27761523590107
EK202310004277,149.50674587300244
EK202310113847,127.03308376444616
EK202310194210,150.68874361577616
EK202310183278,137.41387355023775
EK202310145260,137.65254692877713
EK202310239730,136.1227490963081
EK202310228304,138.6905568357295
EK202310152088,139.1463159911192
EK202310154058,144.09554012165543
EK202310136681,143.28706584294554
EK202310117313,135.56385184646444
EK202310233274,134.48657333942057
EK202310179794,129.15920064583443
EK202310135084,176.482897971443
EK202310206633,136.405297134426
EK202310234183,128.84354809142363
EK202310143964,136.84742526045497
EK202310158947,143.53106977380955
EK202310137263,136.57736325013326
EK202310203360,175.55728963028417
EK202310004905,143.28088706707655
EK202310140955,147.78095340478376
EK202310214327,161.3215346391368
EK202310222556,131.6274056382317
EK202310128510,166.99290913130318
EK202310119821,144.52168707022227
EK202310120108,128.1875855206072
EK202310212000,129.93533200090337
EK202310105271,143.74698471418733
EK202310229500,138.35902647051967
EK202310110970,128.7585336939931
EK202310105364,146.40998643998645
EK202310108637,135.13085960928066
EK202310164376,161.1722782189581
EK202310230032,143.45445774443968
EK202310236376,130.22427349735767
EK202310181052,122.27609933046988
EK202310203281,137.80916022435377
EK202310181885,145.08035535905373
EK202310138885,128.70814513543004
EK202310121415,137.7189222945025
EK202310186231,131.2802063297159
EK202310212814,143.9791053899091
EK202310233197,131.81532604960242
EK202310184928,150.13190412276862
EK202310109218,146.39593750596
EK202310189923,170.69134348254585
EK202310212951,137.81368931378395
EK202310166071,182.00383023073817
EK202310151335,121.66436948012831
EK202310106930,133.79398925259375
EK202310146184,167.86257575959013
EK202310178125,136.88520798863163
EK202310167170,128.28181111598423
EK202310144047,155.64155177655806
EK202310161545,162.20606321584933
EK202310110114,138.18160786094487
EK202310197034,134.09581980958606
EK202310125522,137.5910358340633
EK202310239777,141.49144999333583
EK202310183013,158.65209132669398
EK202310201498,148.74777159596505
EK202310233357,132.7933825870409
EK202310193361,135.78928946949247
EK202310160811,150.97236059600857
EK202310167037,155.622965831474
EK202310209597,133.90939019614342
EK202310196969,176.653096631081
EK202310123103,130.2748608943011
EK202310122187,140.86043636544804
EK202310197780,176.903805837588
EK202310217861,134.608484891343
EK202310239177,155.73623222511029
EK202310184410,150.55252474853336
EK202310198476,122.08180592305581
EK202310145712,131.4799987306545
EK202310125391,140.4804614028602
EK202310162973,136.10348801952463
EK202320007481,144.97461602722916
EK202310211032,156.36194535722518
EK202310184725,153.59773688092946
EK202310121942,139.49871153564212
EK202310146503,149.7154702867186
EK202310186497,145.09797986612088
EK202310141946,142.29013656436103
EK202310188222,158.1386094191263
EK202310237766,134.8855782120435
EK202310224087,143.01263321826005
EK202310245643,142.53871564818456
EK202310153868,143.56157890194044
EK202310117630,132.1738612432864
EK202310150168,134.75323669257844
EK202310104804,140.8816770535249
EK202310227586,134.31460826467475
EK202310226962,159.6960878199266
EK202310204684,130.89203033559062
EK202310106991,148.68890755891238
EK202310219834,145.37824522258566
EK202310240450,144.4926619738682
EK202310214713,143.93100096083703
EK202310153479,137.65239744053264
EK202320006589,163.39548978679724
EK202310151125,174.62379718810254
EK202310170205,136.83102163559292
EK202310174684,135.07375156686194
EK202310145286,160.0214298126173
EK202310174584,138.40931343141486
EK202310183058,150.05572827382016
EK202310233099,137.41838574354063
EK202310144550,165.16205989549826
EK202310207112,132.03713276122178
EK202310232978,137.3228154715069
EK202310115348,138.78246553416065
EK202310183741,160.5830742062683
EK202310144742,129.5289974159368
EK202310178484,166.08087908236524
EK202310151424,178.58440803107976
EK202310223346,142.24467333582808
EK202310138234,153.4291089954718
EK202310190044,183.5819935809614
EK202310210164,148.3134201513256
EK202310175594,153.90181740176243
EK202310139802,135.9082055184512
EK202310133593,168.55783819139842
EK202310236059,136.74401605120684
EK202310247892,137.9535833441078
EK202310228841,138.28611121422963
EK202310142116,154.17402622068744
EK202310139752,125.23392738778712
EK202310247535,158.29459695431177
EK202310204858,147.85773533775773
EK202310127198,165.806943705153
EK202310212663,130.7481156874983
EK202310133054,125.03250343183456
EK202310116254,154.67987513804772
EK202310140288,138.43550202553413
EK202310242550,135.275035231237
EK202310208841,142.94410593693766
EK202310167295,149.76174618325405
EK202310109419,146.5404730217079
EK202310233386,142.21942053169403
EK202310214181,154.23871809642958
EK202310180240,154.21391174679363
EK202310181535,160.34916859990466
EK202310191715,141.9365843868785
EK202310157953,176.99682378177036
EK202310234893,136.46575037945274
EK202310160253,161.37419955055535
EK202310141553,143.39390877271046
EK202310207337,173.85277113234417
EK202310131278,129.41353804487068
EK202310178817,170.34922175894593
EK202310106002,131.6112594615325
EK202310166631,126.69838850865584
EK202310107493,127.73702208520878
EK202310194394,155.67151642424437
EK202310222252,147.13919189345324
EK202310247371,134.96263234269932
EK202310160792,137.42138558517297
EK202310225122,169.10097324858694
EK202310214184,159.10983002782575
EK202310191751,131.46385563309545
EK202310237163,137.44446214701162
EK202310225188,138.2524290018766
EK202310202616,168.1412731819534
EK202310143696,154.3058902904356
EK202310132352,139.08937520686032
EK202310214086,138.76194558942484
EK202310137011,168.65476351219422
EK202310248717,145.98555305710164
EK202310200235,134.69389670287828
EK202310144103,136.47679602293587
EK202310111910,139.25569176723462
EK202310225339,136.88065646650674
EK202310246108,139.7039240578673
EK202310180876,146.98972794031087
EK202310237122,134.86056011724446
EK202310112441,130.94153962474584
EK202310179395,133.27050736547096
EK202310157137,150.62241689112713
EK202310136914,165.49672479372944
EK202310127925,131.40680227631253
EK202310210485,134.7395724057216
EK202310215065,134.1421275923828
EK202310113641,146.1830912852661
EK202310204283,138.75618629590136
EK202310150194,136.93344554014993
EK202310118749,128.16932439310523
EK202310186678,152.68225306449656
EK202310110316,139.2279221050995
EK202310190151,128.10070381307773
EK202310119041,133.88981387159913
EK202310140703,139.97696026006253
EK202310236754,137.56829612849705
EK202310200936,137.01002898460786
EK202310200923,160.43703005599582
EK202320005983,139.39783305696525
EK202310173120,160.54045578722537
EK202310131266,127.12235149028362
EK202310182913,143.16320390091713
EK202310126468,139.5096510889687
EK202310240681,141.93493719374342
EK202310163541,138.50675656865724
EK202310133063,138.32968315835276
EK202310187205,138.28851454665354
EK202310176435,142.08582656492965
EK202310113625,148.01646457777485
EK202310153932,130.18545282360387
EK202310216429,148.18657255665073
EK202310124022,142.0984419149248
EK202310187335,170.9402931565863
EK202310227041,156.5629714759625
EK202310173817,136.7583567599112
EK202310131798,174.47131596692978
EK202310225142,137.05192663125248
EK202310180166,129.2592808654534
EK202310119416,135.35837779186605
EK202310200200,129.80132072952458
EK202310150439,143.026393746477
EK202310130027,151.2177761255292
EK202310179043,149.58558012740357
EK202310183695,140.91650654270995
EK202310175077,149.17728630326152
EK202310112086,130.30713434052862
EK202310225730,130.73162732203528
EK202310215244,155.82291745832234
EK202310191753,143.98196169023484
EK202310174965,142.40024700949002
EK202310157557,155.20793543932683
EK202310159970,163.02769216481715
EK202310129081,170.65490654637367
EK202310107248,134.39723506184487
EK202310180853,151.54910469805012
EK202310181698,169.58542231893304
EK202310222641,134.92647633273262
EK202310189633,172.12900012763666
EK202310105178,142.0879388358802
EK202310109844,131.93538218895662
EK202310239039,165.21170369391803
EK202310114472,135.19156903327425
EK202310179622,133.90446385382577
EK202310115407,145.5417519436384
EK202310106728,137.37198301367317
EK202310206467,127.70578673246393
EK202310169318,134.48724911658337
EK202310113553,151.57203944287588
EK202310148432,148.13807719441127
EK202310224899,135.4048473081345
EK202310218411,124.46411660052172
EK202310108919,139.77394434826346
EK202310175334,128.41846777274068
EK202310225062,146.15120791663068
EK202310158879,163.11888232517774
EK202310226440,132.77687787697792
EK202310224115,127.47511691068925
EK202310148638,139.2917325744728
EK202310233064,149.03331780958703
EK202310158419,153.0299263200823
EK202310241484,137.7885400680966
EK202310163712,139.8238339279321
EK202310186217,163.2249377653835
EK202310142453,164.34500175606374
EK202310137405,131.3929729926493
EK202310185670,141.27058313012
EK202310150583,125.45798678631705
EK202310227556,136.5571042320441
EK202310234889,140.55258223056126
EK202310111783,138.76793343257742
EK202310127384,136.9617679626496
EK202310113072,148.58667643166132
EK202310160328,147.17918900772023
EK202310188693,168.19145638329002
EK202310104466,145.69844153633545
EK202310143296,151.19557059321392
EK202310212529,161.01715946755908
EK202310207081,162.11779464154063
EK202310239036,153.62564860823665
EK202310114317,123.71936381124478
EK202310004599,138.9015223514598
EK202310165205,135.89943737452379
EK202310162068,180.3743638676043
EK202310109742,156.73980367602056
EK202310151519,174.05019292917538
EK202310164727,120.06032798317409
EK202310193975,161.3708255370647
EK202310176843,138.0814186726437
EK202310238118,141.57160686790374
EK202310231683,137.879607825445
EK202310170288,159.71523648648662
EK202310233487,126.30988278355987
EK202310144532,128.55424456237975
EK202310118690,133.1433266899229
EK202310236135,161.79663862898263
EK202310220057,143.38763192257574
EK202310136020,157.29617091661328
EK202310120718,135.0978834125631
EK202310205363,135.75277399522918
EK202310110765,134.54516760841614
EK202310130164,173.69232891413458
EK202310170195,143.99773873673928
EK202310131195,139.94477038059992
EK202310197794,175.7163624627095
EK202310189698,176.65528539295153
EK202310180559,124.90348537456256
EK202310193333,196.20915838915425
EK202310164974,137.43813224003006
EK202310126083,136.3401452304818
EK202310189770,141.59088228500042
EK202310123085,164.91274247801067
EK202310130001,127.6532464308657
EK202310141464,136.31009247337855
EK202310116699,139.39862387766092
EK202310126001,126.24537558101983
EK202310153591,136.48369656599743
EK202310110843,141.0293269178912
EK202310234696,138.88747922493943
EK202310218654,132.49551873868273
EK202310160361,136.3359679853676
EK202310232799,139.40899499209326
EK202310172223,133.8164188490005
EK202310107432,134.26797384608824
EK202310115124,147.32366907699645
EK202310240700,137.91270656114588
EK202310166544,135.49477686355328
EK202310116517,140.76919500131925
EK202310209466,132.43056316126464
EK202310115034,144.04792047218194
EK202320007112,149.05718679687376
EK202310155572,140.7493698853114
EK202310184647,175.77961004701132
EK202310237715,128.58670399616312
EK202310140880,128.3130052125585
EK202310171935,154.94970753619566
EK202310110649,136.37591266379533
EK202310235243,147.31535596849685
EK202310222984,167.94260818836025
EK202310103848,133.93901738732785
EK202310200981,128.30954839510662
EK202310138670,150.3755208346371
EK202310116342,130.8143091243967
EK202310148866,143.23657025909452
EK202310136555,129.99348122048093
EK202310155446,162.09896498481538
EK202310147661,150.49287785364706
EK202310168674,136.8810653614717
EK202310142524,157.14383618707728
EK202310248385,137.1368295930724
EK202310165956,130.86505232004126
EK202310120604,129.9789425517846
EK202310158534,146.3650534614553
EK202310138524,151.48596344035786
EK202310231297,143.68336243011163
EK202310231319,137.2603684179398
EK202310133278,134.84400295696454
EK202310142657,154.15794444462168
EK202310114071,133.86500047228242
EK202310116075,132.10300204885337
EK202310139321,128.06225580333052
EK202310232658,144.79593616174046
EK202310185531,137.76333672446384
EK202310231623,140.09772021383813
EK202310183491,160.83434485384592
EK202310171783,151.2101681226074
EK202310116076,128.60446781124222
EK202310200347,149.19841336862012
EK202310189649,165.63235810920912
EK202310135957,128.16480445037377
EK202310245361,145.18702425507018
EK202310138713,139.5073035925077
EK202310169366,180.42228939911502
EK202310246917,152.1875061253513
EK202310183943,159.48161260334516
EK202310110540,139.93998442978955
EK202310170711,126.61349631175187
EK202310246548,166.85737789316983
EK202310174376,141.8705337547457
EK202310180261,145.93343428161867
EK202310232346,124.92646035664379
EK202310237154,151.10095273976236
EK202310171359,140.43568683799853
EK202310136595,142.00747482458178
EK202310144015,132.51975584703305
EK202310209121,139.00753588433994
EK202310222216,129.4262986303724
EK202310107905,130.54624060270618
EK202310188461,125.18463565924507
EK202310222800,132.88455608461084
EK202310217737,140.65717603741456
EK202310218371,139.11425964248573
EK202310208739,122.15579920531776
EK202310219741,150.28310428236503
EK202310211457,142.36057657035354
EK202310182740,156.78279621696967
EK202310163470,138.52536106041157
EK202310245687,144.06788363540943
EK202310168480,123.6712422085959
EK202310185027,171.83814245047333
EK202310194951,134.59642824864198
EK202310190588,142.56948035899885
EK202310177991,129.88930822771135
EK202310162069,138.55826340958302
EK202310125865,135.3126675628319
EK202310220126,134.9222637143952
EK202310158441,139.52736214864038
EK202310145659,141.12466081495646
EK202310129542,136.10566615303432
EK202310151845,133.44440785836125
EK202310230263,132.7610012414313
EK202310111108,138.15181083282158
EK202310171363,172.49891556256475
EK202310127866,144.47129699313447
EK202310129063,138.9288971478522
EK202310144099,132.11089857002662
EK202310140594,138.05695115160262
EK202310154125,169.98497498341197
EK202310131342,132.4273854699457
EK202310203912,133.8395281078086
EK202310118762,128.36566172032053
EK202310131877,163.03729646798848
EK202310106187,133.70066156320001
EK202310120319,129.54501281297075
EK202310209664,132.132087467244
EK202320007072,149.20870455598484
EK202310121959,137.04596384991174
EK202310153089,140.05795557133482
EK202310151971,146.61997689122043
EK202310151896,148.02500509312344
EK202310135751,130.00533440768874
EK202320005711,172.34921771183227
EK202310134604,159.51030806034228
EK202310130128,163.80374302076783
EK202310241667,153.12760464115937
EK202310140220,151.6391463099343
EK202310190478,152.8637007307003
EK202310162552,163.0168977132268
EK202310169398,131.09812953655393
EK202310110027,134.264291818663
EK202310242977,139.67137742546555
EK202310182314,134.91783255393577
EK202310147967,157.36038090385028
EK202310107549,162.52267576586914
EK202310209315,158.3178715268365
EK202310216226,140.64539512261908
EK202310172171,156.15707322192543
EK202310198531,143.0743594416348
EK202310108550,128.82252980208372
EK202310201297,156.941449338823
EK202310168808,159.65232604956452
EK202310212662,128.67120354679085
EK202310244470,133.86729387987768
EK202310111112,152.97985781438305
EK202310212061,155.8605051821838
EK202310131027,127.0623841073763
EK202310168347,152.73362838864784
EK202310138779,162.57610210187624
EK202310228854,131.27329999946784
EK202310156047,157.40373317713974
EK202310209290,121.86854642916785
EK202310121347,130.605290695692
EK202310171158,138.3354135167666
EK202310233104,147.7169730414471
EK202310155615,133.1356876396275
EK202310179680,131.65960832144054
EK202310125362,137.74373008565428
EK202310107378,131.63625359798004
EK202310206995,166.16966318337947
EK202310205548,132.93942661432447
EK202310181487,162.59422726598592
EK202310165214,147.9595804433199
EK202310243818,138.37643317254475
EK202310139297,133.7517661631291
EK202310176765,141.40670932083404
EK202320006044,148.01914771713436
EK202310226154,135.33322345260083
EK202310246712,141.9692541355047
EK202310190930,146.86775249211647
EK202310216412,140.74186005521193
EK202310123615,138.1773440441878
EK202310155164,141.81297709896566
EK202310193422,191.79446199903947
EK202310183961,136.32861156950085
EK202310181902,145.4734648473759
EK202310123760,142.41635709522922
EK202310147302,140.78678684645857
EK202310210787,150.45782037191998
EK202310132847,125.36627601040972
EK202310126696,142.0329705523704
EK202310232230,134.70224924550374
EK202310223850,148.3257392099367
EK202310237551,133.1996957697877
EK202310188279,138.4856105975314
EK202310152561,144.18951163105598
EK202310197741,131.23397520110112
EK202310241557,141.21609167212426
EK202320005587,147.47134643706502
EK202310173993,125.8628319812419
EK202310139298,159.28869533190422
EK202310226418,132.1932381849507
EK202310120554,142.50943425919738
EK202310210326,128.82876590344023
EK202310124646,124.90499500241651
EK202310243187,129.67561919635585
EK202310111546,143.8302878044614
EK202310225889,129.69078128123402
EK202310239244,134.59589392334584
EK202310226952,131.81119212346036
EK202310154546,132.81104643467316
EK202310209747,129.1207999162846
EK202310208437,142.09473907510557
EK202310217996,138.22841341019927
EK202310154333,148.48644196054855
EK202310199044,150.56312805523348
EK202310193652,144.3419540296278
EK202310199108,149.87120413780488
EK202310138541,134.27729263293284
EK202310109275,146.25276772430877
EK202310241877,156.86655338988177
EK202310247060,143.8872282261053
EK202310233675,141.03448277675602
EK202310127980,138.36743690424967
EK202310216345,132.95379871873277
EK202310124692,126.33965526377267
EK202310214703,144.66956744472887
EK202310125176,155.03785511818342
EK202310230402,140.33430282047757
EK202310204376,134.05886033901373
EK202310003738,140.57540037275538
EK202310177361,161.34260088286325
EK202310142175,137.28224814480222
EK202310121737,125.29943437428591
EK202310231332,140.12882713660375
EK202310126428,134.89082837405215
EK202310208151,136.69642340080438
EK202310160932,168.56435892064087
EK202310201461,147.42245398841266
EK202310190429,137.51549644721683
EK202310180683,148.70844850987862
EK202310216976,168.08577853777692
EK202310125226,136.60811372531253
EK202310201559,139.98036372251144
EK202310201026,155.4356536991808
EK202310241612,128.92820952065534
EK202310159055,157.31026816155943
EK202310128633,147.6906653157332
EK202310241584,141.4611671368868
EK202310124066,130.15211442242187
EK202310143999,132.83848091988153
EK202310127055,131.09490865547403
EK202310109477,131.58065713343453
EK202310142422,128.95215180924237
EK202310170493,160.69323053608613
EK202310245660,129.78987962410915
EK202310174604,137.3076840106447
EK202310145956,136.27631179721448
EK202310170744,138.07729528514554
EK202310137459,141.59116986036213
EK202310205343,131.64569752915213
EK202310113624,151.90887931872126
EK202310230917,131.8223136093247
EK202310131938,131.35998135214146
EK202310192653,148.12415282372075
EK202310233709,151.5307791241002
EK202310125722,140.75122306491988
EK202310167315,154.93415767771998
EK202310155548,146.74982894776028
EK202310143279,142.75061823980283
EK202310150075,143.20634673301663
EK202310122318,140.90668916469008
EK202310126189,147.2275220880122
EK202310226757,138.64634720847448
EK202310243030,141.86759577930053
EK202310130445,158.57772845494708
EK202310243191,136.1169037706177
EK202310203273,137.7555531589033
EK202310188485,131.8667382677749
EK202310230409,132.73697353512904
EK202310183553,133.04703639157916
EK202310220994,142.63497387513098
EK202310207037,137.29167735013453
EK202310165758,129.85790660808416
EK202310106826,141.47783062598648
EK202310120683,142.1501304244771
EK202310134934,156.25108531983344
EK202310165051,133.6298000033812
EK202310189221,132.74050973129133
EK202310157513,162.3124294179073
EK202310190280,175.48904868985892
EK202310123034,131.33986526181852
EK202310206344,180.64404077274807
EK202310135546,150.3673547664468
EK202310246417,126.41217380386651
EK202310220955,136.0666451774432
EK202310109848,135.39621889776578
EK202310154849,150.75389080007588
EK202310110348,156.11557995006586
EK202310167034,149.5871934996201
EK202310113223,132.49431009913903
EK202310165666,135.2645788832101
EK202310235856,163.58263369192014
EK202320005842,142.0686326668239
EK202310154000,142.29929076136017
EK202310142071,154.64976610163944
EK202310209033,147.17574133644703
EK202310196340,127.87315239703763
EK202310216529,156.4621648105759
EK202310164553,147.15592138004814
EK202310104021,146.1309407625203
EK202310239632,132.7508523716458
EK202310225277,167.27370784952382
EK202310175861,134.31309122018223
EK202310129169,156.34255621156427
EK202310122145,143.0060968045174
EK202310227448,129.41473248382738
EK202310177969,141.78863027145465
EK202310193062,149.0476799165157
EK202310182763,145.72174224890583
EK202310235087,136.6565036450578
EK202310121651,139.58451584254865
EK202310212604,135.1167419347561
EK202310226694,123.82540413241048
EK202310004579,142.6176517391288
EK202310159373,134.36749158137502
EK202310177799,140.00086536808064
EK202310119324,130.68223411329876
EK202310129405,151.4041753805219
EK202310237885,141.7437853218367
EK202310135421,140.941488273422
EK202310175226,144.04586614751142
EK202310173605,163.9630028795397
EK202310111658,123.6248156672842
EK202310185671,156.07845576677045
EK202310196715,131.98129166454015
EK202310196589,141.49059103761334
EK202310199584,148.17145285235918
EK202310143146,134.0317195968923
EK202310121051,137.2370342664901
EK202310231042,132.78196188413796
EK202310194606,138.0387165891679
EK202310212236,133.0534195488097
EK202310153083,151.74309470958067
EK202310141649,148.62856993505383
EK202310192808,144.6335714103087
EK202310169365,170.43247762577946
EK202310189768,156.80031839520433
EK202310233720,140.08120846037565
EK202310247878,182.77071289677218
EK202310178488,137.4786553982727
EK202310151955,150.3819192013896
EK202310104506,135.93636649279037
EK202310205228,137.08926701212528
EK202310116841,135.42227519267632
EK202310105208,150.82459468978664
EK202310168242,153.90253743717267
EK202310172150,165.83357807009804
EK202310199656,168.51912610005712
EK202310202819,137.74438614421618
EK202310118069,128.69157643165826
EK202310226761,136.87235790661794
EK202310158901,145.8762637595349
EK202310221031,146.85916346813113
EK202310204076,135.09032464794964
EK202310146995,155.7636724519874
EK202310126768,136.6182907476755
EK202310167991,141.38444343440264
EK202310142215,134.23541237672814
EK202310128249,134.41378610061236
EK202310168392,166.7865055041053
EK202310241392,127.94543965943794
EK202310167654,135.6210615581522
EK202310124170,133.65529085130905
EK202310211894,136.83525380632867
EK202310213128,142.37406302859597
EK202310223813,137.98376132713415
EK202310106169,156.3773176603077
EK202310110167,157.0588371294215
EK202310237365,145.4855760524569
EK202310153054,144.65337380893743
EK202310138889,139.06155539111006
EK202310136676,128.52864189477634
EK202310177777,146.60059220837593
EK202310183311,169.09376757067253
EK202310192034,139.18977197476548
EK202310161294,140.31693912400686
EK202310215386,132.1359296889137
EK202310237862,142.89382117634406
EK202310124110,134.8040021710708
EK202310105757,141.40353620960462
EK202310131681,138.86549704042213
EK202310122852,131.0680603256191
EK202310106485,129.276061395207
EK202310182695,133.35047960231458
EK202310238540,129.8423116972588
EK202310104101,153.8033796001287
EK202310121381,134.8500797109433
EK202310200186,132.09887224634264
EK202310190609,136.79033004799706
EK202310230288,134.30305920908745
EK202310166620,163.27309561944006
EK202310147442,142.86409323656977
EK202310137943,128.16528353649593
EK202310208851,144.3365465717921
EK202310128623,123.17563828405385
EK202310179932,140.97631405443803
EK202310191123,137.76748610643259
EK202310222467,139.04485542327197
EK202310120128,132.69503064603742
EK202310143211,121.30440117534665
EK202310158431,155.42670586030692
EK202310200191,138.1288658413032
EK202310121797,112.11068803625191
EK202310246836,130.44966179430546
EK202310122588,142.12889242673492
EK202310212376,135.0227821014811
EK202310202020,137.41881423910823
EK202310003990,144.70404046593632
EK202310195950,174.87180766862522
EK202310215709,143.7804311806474
EK202310140933,126.85279703179627
EK202310135948,125.37320826516333
EK202310156397,169.4544675508761
EK202310160468,128.97613308666325
EK202310181061,166.5342214369176
EK202310165217,142.7174720215463
EK202310221056,130.06701090338356
EK202310168493,128.67488411347836
EK202310136547,129.10063912928226
EK202310247972,135.95330460392876
EK202310167486,135.44835252008335
EK202310240744,137.2826700715278
EK202310148632,145.08372924358207
EK202310199792,143.2953249560693
EK202310200958,153.51966643763708
EK202310171502,150.22320723187926
EK202310164924,142.09714285588484
EK202310175724,126.55131819506491
EK202310139433,134.54691082640508
EK202310217068,172.4482569047634
EK202310110561,136.39525668916352
EK202310248008,162.00101462539214
EK202310157048,153.56799930943652
EK202310141117,134.9725685995985
EK202310195935,149.82156564439006
EK202310168643,124.86032672167946
EK202310004252,128.05157577795438
EK202310151231,146.52369350232493
EK202310221120,127.9147208030146
EK202310115802,141.76298135277202
EK202310217669,133.44433977548047
EK202310179308,156.12995669583705
EK202310190511,158.9100783752763
EK202310189661,134.20329891305673
EK202310218561,135.91434677736518
EK202310216544,160.59014340796432
EK202310130093,145.22011083453071
EK202310227470,143.0788234231756
EK202310149720,133.69785198980878
EK202310123936,149.86651096836042
EK202310185139,140.38870048100634
EK202310164969,129.1291316997827
EK202310159566,148.252193404713
EK202310153493,139.40523597821667
EK202320007009,169.02552497621122
EK202310149916,152.4610399173959
EK202310195613,125.42463702979526
EK202310234039,142.44224602278
EK202310109288,135.42193033416854
EK202310212808,136.210871357847
EK202310234197,128.2007415419013
EK202310157802,142.96864128100233
EK202310207417,142.78413955923725
EK202310245686,137.01817225742198
EK202310159054,155.77074632806938
EK202310183850,135.21883052973214
EK202310118502,165.73925691785254
EK202310128627,156.4672111199006
EK202310220287,144.00113356035305
EK202310199273,143.8822251982219
EK202310142033,157.74142931887516
EK202310229082,137.79177708007234
EK202310143807,133.43916461038182
EK202310206645,135.04221810052897
EK202310211819,134.93008613531174
EK202310197690,159.99098131459812
EK202310197678,131.38706394953826
EK202310234454,129.80339565657897
EK202310120882,141.4413518818514
EK202310169899,177.98372513072349
EK202310202826,143.10843710540348
EK202310161402,168.47330017904673
EK202310121220,126.69499002594807
EK202310125862,138.43157017753921
EK202310197968,126.84410723880231
EK202310237174,132.75053480498812
EK202310134475,152.14137623650902
EK202310247308,156.59063490706137
EK202320007435,134.66936746861853
EK202310164160,133.67467656884654
EK202310122449,157.81168678699214
EK202310139591,133.8184784766579
EK202310141624,136.3327520221682
EK202310138255,138.70666691439246
EK202310193958,150.3828555941861
EK202310222645,129.16552308939467
EK202310105689,137.4931468132331
EK202310219882,151.45282139538088
EK202310178757,168.75095485636166
EK202310241650,134.47863682293786
EK202310246447,131.31967252496744
EK202310217078,155.6999319411919
EK202310139978,158.64444852262744
EK202310241716,141.58286524485123
EK202310133093,142.61448668645141
EK202310243929,148.63716855075265
EK202310140929,166.84669680876434
EK202310191115,157.85256297053343
EK202310207003,136.439398076413
EK202310145248,155.32172999798024
EK202310239401,155.9114837896631
EK202310155225,151.91315023953172
EK202310151560,136.12190928741032
EK202310177641,139.12429961902237
EK202310222696,131.2601117356671
EK202310150293,154.6747857643908
EK202310195144,141.72288879493692
EK202310243924,136.87815942591706
EK202310178439,146.20800117776304
EK202310195750,137.74375440576443
EK202310166551,143.76421571543995
EK202310217145,171.01700459156888
EK202310240066,146.55777973416372
EK202310199715,164.33906189850114
EK202310132904,133.95667547536334
EK202310154841,151.85364458469738
EK202310234469,128.74913314046228
EK202310114515,136.29149993599336
EK202310117966,140.40055151780598
EK202310137867,128.02038044295304
EK202310205349,141.60777476131727
EK202310112816,148.52768336511383
EK202310168065,153.93449976966582
EK202310169737,147.50914943736174
EK202310148917,140.2707267528882
EK202310196463,127.44134155880825
EK202310231207,133.19219998125018
EK202310128533,133.32716848216393
EK202310197226,133.01185477669736
EK202310154933,146.65942693751288
EK202310117103,142.81478593456828
EK202310165309,149.47001104460188
EK202310104246,138.89491975425625
EK202310105130,132.7705602528203
EK202310216979,133.58625263871528
EK202310193989,133.6091597285677
EK202310147207,142.31601672835174
EK202310135301,152.40354577428462
EK202310180058,151.88554570871887
EK202310150495,155.5318638519886
EK202310184503,144.130011816738
EK202310107823,142.530897519564
EK202310241936,150.51354558015476
EK202310186182,134.02726344684416
EK202310003976,137.07686253306926
EK202310156046,133.98511871842254
EK202310129628,167.12204098587208
EK202310142854,135.2756199987318
EK202310241326,161.88145630882474
EK202310160722,157.67669403841091
EK202310143237,131.29609509785436
EK202310107245,155.1527234363878
EK202310114305,144.57073502332557
EK202310134035,152.08054272401506
EK202310199912,139.1582060629712
EK202310140410,145.6699191470915
EK202310183615,144.52914600268926
EK202310147371,162.07372074490732
EK202310111631,144.4297720553176
EK202310139777,128.3247089042358
EK202310176357,138.34175234263478
EK202310105349,146.2728271109623
EK202310238051,137.00662922831734
EK202310123087,129.7641856371515
EK202310199824,133.19517330218468
EK202310225713,131.31906827668402
EK202310156653,137.567318061761
EK202310238527,141.54978301481793
EK202310148824,179.63987340878896
EK202310186203,162.14752430289502
EK202310105194,134.70387539376813
EK202310141266,137.43687522711824
EK202310126789,172.373056876571
EK202310135067,184.1763841775987
EK202310222780,128.51355132275418
EK202310191104,151.82713462948968
EK202310244171,172.56890384010498
EK202310166225,142.35970563424928
EK202310217237,140.83768024684102
EK202310225459,134.61934474621629
EK202310109489,138.2386348442318
EK202310167581,156.29103082954677
EK202310127053,126.84472921090446
EK202310158488,137.16343595510511
EK202310134328,134.77128308281917
EK202310155326,142.40181525175916
EK202310181981,138.2477114285148
EK202310237066,138.75904633020858
EK202310123955,144.14114384947115
EK202310228593,134.27155133869456
EK202310190125,185.75296809062272
EK202310115548,140.15208332258402
EK202310111782,141.93914189435984
EK202310243482,158.00438316005426
EK202310163452,138.07944840208484
EK202310123894,137.14656864686577
EK202310154308,130.0524927609408
EK202310125766,135.4174929332191
EK202310176942,141.9595154352534
EK202310127476,143.93244095298394
EK202310158246,154.24855444296935
EK202310194016,157.60436017912335
EK202310227342,137.3385909575364
EK202310134667,152.37082343167597
EK202310123740,134.74444009838734
EK202310105769,152.78509788405626
EK202310228947,146.79251317784164
EK202310169454,177.82673966932518
EK202310104666,129.6996117006866
EK202310151168,136.15093867601243
EK202310233283,137.3445220434884
EK202310172969,140.9771469476988
EK202310209511,134.76669790791138
EK202310185148,148.16586060047464
EK202310181055,146.34548169033877
EK202310153153,148.6437997932266
EK202310187550,169.11543611979457
EK202310107176,138.83872747854724
EK202310144598,133.74425222653198
EK202310139318,126.13322820442161
EK202310160272,150.2082086484571
EK202310195091,137.94851903462083
EK202310186267,130.64102469445044
EK202310204034,145.5135465260044
EK202310128110,138.93482598765888
EK202310119313,138.79700136234982
EK202310157152,137.98701799120184
EK202310189194,185.52362973978856
EK202310115332,145.14117945726676
EK202310213972,133.78353179800357
EK202310174634,146.70925632014888
EK202310141976,132.48742303042033
EK202310217725,134.42415960855277
EK202310240779,141.95921538685087
EK202310133212,149.9443347355848
EK202310198208,151.81084041455057
EK202310185889,154.38708543603119
EK202310189206,139.648751022964
EK202310177011,139.93478783556517
EK202310179732,139.9763900840763
EK202310224354,136.3318363913947
EK202310163111,136.22344113979776
EK202310194747,132.01553642975776
EK202310166854,151.5000753544851
EK202310242694,137.34072144758846
EK202310141362,133.52802693897402
EK202310183977,158.4238228044174
EK202310179207,133.17879043484638
EK202310247546,148.21618696927402
EK202310140989,149.67139344965807
EK202310196104,147.52199574326298
EK202310004793,136.6936570897812
EK202310185123,147.15906873658153
EK202310160604,140.3396293760141
EK202320005906,179.48839170266484
EK202310216868,130.88840655454896
EK202310164383,147.82558253331456
EK202310135531,140.3098218083838
EK202310225232,130.3898516399844
EK202310152968,137.2640913883079
EK202310193329,191.83454564879153
EK202310208494,138.27208833955189
EK202310120865,131.62950125348704
EK202310160731,137.96735750200753
EK202310143803,164.65329823119114
EK202310216607,146.2563940560047
EK202310183415,143.23183890352516
EK202310200013,131.67018692921553
EK202310104115,143.63955213670394
EK202310133379,140.85895250806698
EK202310131060,173.50537994963926
EK202310149753,152.2335239323894
EK202310148087,138.2308683305816
EK202310172156,162.36360539950545
EK202310118569,120.01071656698133
EK202310204670,133.99700960700477
EK202310234858,141.9113481329881
EK202310203722,135.74819225863615
EK202310232168,139.00325256494506
EK202310213536,134.0900336056966
EK202310113341,150.82261973777005
EK202310134517,145.17137426922207
EK202310175096,151.74078014083435
EK202310118503,128.82091696519842
EK202310206791,141.16082698319838
EK202310133225,136.01144650502874
EK202310139427,134.76382976506122
EK202310242973,134.35743922583697
EK202310230311,126.23910381506226
EK202310192098,147.48554423056254
EK202310139654,160.13725419158607
EK202310104039,137.46111595047944
EK202310218808,141.484332057231
EK202310112932,137.25647435696345
EK202310139942,140.91708068036473
EK202310155659,149.23804712926798
EK202310225247,169.31114343733645
EK202310126309,141.3572110209454
EK202310132111,164.2610835838908
EK202310242286,154.94434810102928
EK202310123840,131.45957421847632
EK202310210407,135.3287389302221
EK202310144692,157.5917384445471
EK202310132665,151.44272781481115
EK202310142951,150.45845931728735
EK202310239672,136.96497044197653
EK202310228540,135.35001395200646
EK202310134450,135.30252125316116
EK202310202201,157.9132801263941
EK202310237145,141.5007163691228
EK202310248506,141.64936499943178
EK202310181213,152.15041673350888
EK202310197495,151.73186460970618
EK202320006060,154.24116420799422
EK202310240535,159.7870247780925
EK202310238367,139.07529451208333
EK202310105848,130.33876581697015
EK202310153010,131.89085298349252
EK202310245093,137.18950350094616
EK202310133381,126.45148879988405
EK202310132940,139.38815088079699
EK202320007659,160.08798115895635
EK202310125644,138.99122180268
EK202310141453,136.09857241635805
EK202310217985,126.4696987972213
EK202310105477,139.06503216157856
EK202320005870,163.8776844941238
EK202310148401,153.54767325157957
EK202310218056,130.39328615936407
EK202310104777,143.00505902720664
EK202310136506,125.63026699140914
EK202310243986,147.53148586037204
EK202310217742,148.18627302771458
EK202310149440,144.10013258586469
EK202310176195,128.59086295185696
EK202310147405,140.35289590396383
EK202310210916,137.56166275996006
EK202310136871,147.71165006441055
EK202310204028,139.03103924335787
EK202310236173,137.62382394008608
EK202310144792,127.19752704321688
EK202310199783,138.86137909187835
EK202310115630,123.36269502181655
EK202310171734,144.72262299589772
EK202310219359,139.16027858763667
EK202310136081,180.3193244630438
EK202310238195,147.10870747954385
EK202310168013,159.56731097528572
EK202310171083,157.24156094051983
EK202310211010,137.3755424318016
EK202310212579,139.47224288505478
EK202310129157,156.51889712418748
EK202310123465,141.02005532918983
EK202310192944,140.97232667104333
EK202310104057,127.74167006000918
EK202310140551,159.00221309837465
EK202310243448,130.34720326314647
EK202310238701,138.71169135732873
EK202310243934,140.3735537293084
EK202310225403,137.51741843716087
EK202310194134,140.14553904651046
EK202310223407,139.58051005631592
EK202310164382,141.40659996903003
EK202310136103,182.07630160389112
EK202310208188,138.2819140661146
EK202310145816,135.57283594052512
EK202310214812,140.19744935305096
EK202310202835,163.53010052506133
EK202310125645,144.99020887443928
EK202310121206,141.07620297834555
EK202320006076,133.50022472041158
EK202310184640,168.15728471077423
EK202310141217,134.86769994269022
EK202310150527,130.84516501423482
EK202310125769,134.34653736642923
EK202310197697,162.0508479266562
EK202310206446,149.56392338350284
EK202310151327,137.7483329875866
EK202310175105,143.82070866736993
EK202310139134,172.04857477968434
EK202310119006,139.54153826454217
EK202310109789,153.2615632688658
EK202310205096,138.34817129687332
EK202310118587,147.4922378553855
EK202310171349,180.38045358616344
EK202310212106,134.31230353176855
EK202310191242,143.1158043454906
EK202310200352,149.94617401385855
EK202310128949,129.48981339997795
EK202310122161,135.38904204327918
EK202310201553,147.37816429234658
EK202310139788,130.16355947738373
EK202310244144,135.14956138089067
EK202310003717,168.495335637607
EK202310130693,130.42216601483653
EK202310183999,166.19293061240947
EK202310172800,145.89550260513784
EK202310161242,166.99509770305067
EK202310146441,143.0482250694502
EK202310117631,134.23292647069502
EK202310212373,140.60032196868542
EK202310113819,131.1924794437865
EK202310210848,126.30385130729569
EK202310158047,133.8463948377064
EK202310144950,150.22618071059398
EK202310229677,140.13570638672303
EK202310128529,139.08774924347725
EK202310224957,164.66476383413232
EK202310111880,141.817486068442
EK202310104750,137.20590527925262
EK202310230949,133.0215630387106
EK202310123557,158.1853584912278
EK202310235606,135.7389286832844
EK202310198394,137.0697416411189
EK202310161777,137.24329844460942
EK202310134912,158.0077686822025
EK202310118238,126.10363998615856
EK202310154314,145.82872142825943
EK202310195062,134.0761843763703
EK202310144785,135.2852159314443
EK202310225938,128.48670573799484
EK202310145864,134.25561810670948
EK202310219409,130.41935422224353
EK202310140726,150.11043752981627
EK202310132055,131.2708810162152
EK202310176826,137.03542055382053
EK202310136603,148.9027125017226
EK202310131597,142.82961596405184
EK202310246396,164.16894515414077
EK202310238453,135.9342820609981
EK202310210356,143.2685528585892
EK202310238874,161.2777814683727
EK202310243980,154.10361421212394
EK202310130204,142.61533218877634
EK202310232972,147.5175986468116
EK202310132480,153.48465085094958
EK202310123064,160.3404027499081
EK202310116125,138.0117466250012
EK202310216605,138.81406575962157
EK202310135031,179.91163786521292
EK202310119678,142.53041268002744
EK202310156982,170.648079461162
EK202310181434,162.78860398928953
EK202310160699,172.02512138358807
EK202310206737,139.46263325560105
EK202310179993,135.80700339643295
EK202310141387,147.5721157418578
EK202310210766,143.97236649011955
EK202310109069,149.15773980858702
EK202310183082,146.24727840817957
EK202310184893,149.16155000576356
EK202310246516,134.36438984764882
EK202310229143,144.87946767231355
EK202310131062,164.59429239048964
EK202310185681,141.86753598668108
EK202310185540,146.0351776346792
EK202310114449,154.31775998047198
EK202310165928,161.89600532084177
EK202310107191,152.9626290866007
EK202310228437,135.52076882620204
EK202310143843,143.90851373635056
EK202310180377,163.82805546226965
EK202310241530,134.6841088048102
EK202310162708,171.8781874854516
EK202310138305,147.45669705603206
EK202310103875,131.26058874627213
EK202310125471,136.455716478589
EK202310152377,128.84919535242707
EK202310113683,158.38398143550938
EK202310181927,144.34658962794038
EK202310176699,153.55163229893734
EK202310179246,124.04667942778735
EK202310218837,141.12178963465985
EK202310156548,173.1788136787232
EK202310169871,134.27869438757415
EK202310183587,183.6122904010943
EK202310223255,138.45021877545796
EK202310174418,141.6923111064905
EK202320007116,149.5270974290285
EK202310224284,148.80568339255842
EK202310174549,134.10804797668126
EK202310161579,149.414561540173
EK202310147194,156.40928469321497
EK202310112625,126.13145805617721
EK202310142795,137.93052562452553
EK202310187355,128.43890195560834
EK202310166085,171.95362378410556
EK202310173662,144.96668115466605
EK202310179128,143.51957399256403
EK202310178324,149.76557484084705
EK202310141982,129.21932882199198
EK202310200610,162.13140525536468
EK202310116989,138.70524603191362
EK202310148385,167.73931897852503
EK202310003411,132.55320409714182
EK202310247578,129.14612996712452
EK202310244685,159.88943564349384
EK202310129901,153.4410003353875
EK202310200914,139.696311794991
EK202310129257,134.44089180139613
EK202310240699,138.77365203295454
EK202310216215,136.24871101474992
EK202310156174,141.19359648043132
EK202310221194,135.08366279441543
EK202310103999,144.55010436030494
EK202310192191,136.6345467394005
EK202310140596,131.47696129485402
EK202310143276,135.93026805668546
EK202310234844,144.27054790044477
EK202310187581,138.34879870916686
EK202310140028,173.85146455246252
EK202310246026,129.1075863422964
EK202310227430,160.8192171214972
EK202310132042,138.7790816017152
EK202310177593,143.39186648824605
EK202310141118,136.1095452682853
EK202310247138,141.78923188421157
EK202310130201,163.62586906374466
EK202310131399,141.479892126975
EK202310175507,139.23386898496128
EK202310216063,150.9425746721051
EK202310247001,139.77107922560296
EK202310003515,135.94358692494288
EK202310174264,131.68455968256671
EK202310169815,138.74370866660064
EK202310110931,135.9144900270183
EK202310116115,144.27545226249802
EK202310124245,136.58590970672378
EK202310201777,140.1626502295184
EK202310166287,158.4227123629691
EK202310212681,161.26323147262082
EK202320006340,158.6708010821987
EK202310155270,133.3565735570368
EK202310115765,131.44551999627004
EK202310179416,134.30159802581537
EK202310115011,122.23375315239531
EK202310159851,154.5227830166658
EK202310185875,150.2585107862891
EK202310195751,149.7996887518107
EK202310212496,139.2739501296008
EK202310134077,130.37309102989659
EK202310125764,131.77399390835504
EK202310219281,132.9258250223286
EK202310138192,124.1080812342169
EK202310227717,131.74638973688113
EK202310178143,152.83997246484697
EK202310137761,142.8687663293929
EK202310239906,132.11263731253047
EK202310190459,142.3436434023651
EK202310115727,131.6790079556607
EK202310244833,145.31029733753286
EK202310107229,100.66397328844694
EK202310224274,156.02841403660977
EK202310194396,167.57366129493641
EK202310134831,138.8316726151752
EK202320007479,151.8638940479592
EK202310170018,142.54287442854812
EK202310177337,170.73439745164373
EK202310119476,143.92774459068008
EK202310213475,141.72962567367912
EK202310206650,139.86240038411023
EK202310231785,133.54091033350022
EK202310222833,151.75083332235562
EK202310187301,127.71355108842248
EK202310111784,141.32758258153288
EK202310227788,138.9190050029289
EK202310150141,155.22131751087022
EK202310161536,144.00048032136513
EK202310137661,143.65914579281562
EK202310226163,128.07772574122544
EK202310223040,133.58457258162534
EK202310111512,139.8671647367929
EK202310211220,144.84331469941168
EK202310122194,136.692682371672
EK202310182104,144.66784069008855
EK202310179334,170.1192077399671
EK202310179331,166.59519946070594
EK202310145350,134.9523489816658
EK202310201986,128.71137373726356
EK202310196946,134.767061264258
EK202310217855,129.60190103787153
EK202310236350,129.90894811047275
EK202310229165,130.71903994759302
EK202310171617,144.2385616068586
EK202310115459,141.9966264996727
EK202310196848,146.60981416986942
EK202310127398,140.66579574537906
EK202310205390,146.2781179172349
EK202310142325,159.28910626887213
EK202310196201,162.28124050575585
EK202310238646,144.71605457600606
EK202310230272,164.67938102867782
EK202310241132,142.06110714149068
EK202310212259,138.79362435939382
EK202310228514,141.147250320001
EK202310238485,140.9985662764564
EK202310158861,142.7887853542546
EK202310227360,132.47744114797035
EK202310136436,138.12531149614261
EK202310231528,129.3092427000877
EK202310221158,143.1155947687324
EK202310211507,148.23977960676683
EK202310190845,141.5611485485022
EK202310157714,144.91806978572947
EK202310135990,136.38019747928183
EK202310164365,149.5951288754436
EK202310153926,156.2578530288547
EK202310150008,136.61628950506756
EK202310141032,138.62987420917068
EK202310193812,173.71377748864396
EK202310137931,140.30248958208657
EK202310156495,170.213429530095
EK202310122480,142.4289256555105
EK202310216486,138.67847479151993
EK202310222820,160.27336845451086
EK202310111196,140.0942389911484
EK202310150248,133.27222817837315
EK202310136916,138.94055079893155
EK202310107139,102.54289864194854
EK202310181412,163.37571774004982
EK202310206211,133.69345273632572
EK202310109768,144.825246473662
EK202310206447,178.40690461595122
EK202310211977,131.5095566141112
EK202310235013,132.7945527933983
EK202320007348,143.05140454057036
EK202310128131,141.8239434230764
EK202310107501,152.6023939712644
EK202310247682,139.815362415209
EK202310227429,161.3127457270541
EK202310204611,148.84500942022115
EK202310133183,129.31677982744097
EK202310218119,130.00609090477906
EK202310183206,136.4392537744985
EK202310232942,129.98054724218798
EK202310205411,137.67676211138155
EK202310166033,169.27492374512852
EK202310134596,167.48211962493204
EK202310136873,168.51642304301237
EK202310203514,138.57912794813527
EK202310126038,134.48877330919328
EK202310191150,151.69835309811725
EK202310129389,144.76380676975262
EK202310222819,156.59761269325946
EK202310152891,170.01672052360172
EK202310157272,148.21144756056827
EK202310135873,156.0231901819212
EK202310197559,186.34229454054713
EK202310169845,155.59294060179835
EK202310165585,144.56107305653342
EK202310159036,138.7331779009117
EK202320007295,157.98625397987783
EK202310133662,143.29259266728442
EK202310189827,149.67007133375435
EK202310148841,164.98422461288558
EK202310146896,131.50148491160607
EK202310235090,137.07106107507101
EK202310119567,127.9121302218502
EK202310172433,167.77072908886862
EK202310247849,184.90658428187683
EK202310207306,135.95885036049194
EK202310183094,137.61733751920292
EK202310216955,157.54075616963047
EK202310192760,167.1699555668177
EK202310164280,133.13043385570148
EK202310203989,152.9335077135216
EK202310239786,133.88476239440382
EK202310105979,151.9939570468294
EK202310003640,146.85331723294394
EK202310240750,139.72774768651126
EK202310179109,137.61085329408203
EK202310150944,142.42430694059036
EK202310201413,150.248024856541
EK202320007436,145.4142331894922
EK202310113726,151.18040083249244
EK202310122262,122.26612247876554
EK202310224480,136.75403019912062
EK202310194020,133.01384940900033
EK202310183018,160.15077894360968
EK202310181414,162.49091334098011
EK202310113303,132.72182950235566
EK202310108976,145.69738107153722
EK202310160184,144.5269510245935
EK202310210774,132.57002567667763
EK202310161905,164.3477003898928
EK202310142271,142.21893073195056
EK202310172860,143.14891539269084
EK202310145464,130.1740205670071
EK202310004728,148.86385663267833
EK202310166310,145.53279557717568
EK202310105822,131.33872550512191
EK202310147953,150.8388825372548
EK202310108291,146.8418468183712
EK202310240186,150.38948789769339
EK202310136365,138.14931982310816
EK202310221390,142.7398718103669
EK202310229925,116.56089066390965
EK202310141278,134.31221222816828
EK202310246624,149.76376033006932
EK202310220360,131.39722972794786
EK202310224653,141.51405683122104
EK202310160368,135.20545141378227
EK202310126911,148.85206203290446
EK202310222925,149.99019918947172
EK202310200594,137.65884776200312
EK202310150819,135.17836671090978
EK202310129913,162.86597397485437
EK202310187155,167.38208149876476
EK202310221177,130.55300327324255
EK202310117855,132.91446975191627
EK202310114109,136.18548209970706
EK202310212056,141.95226875928836
EK202310235416,131.11971470420556
EK202310119909,144.34239317409742
EK202310234670,140.13980191915326
EK202310191663,147.60065143294784
EK202310157791,132.41587867798575
EK202310232045,132.9653014138254
EK202310177127,135.06990784511586
EK202310175989,136.5191490150242
EK202310127307,155.66091437680203
EK202310105741,150.53694753246512
EK202310174633,134.83274565201305
EK202310114332,131.7267784869845
EK202310176623,138.6343137026643
EK202310157384,144.96753212873986
EK202310230266,135.74241713887864
EK202310178822,161.35922307749186
EK202310174964,138.0908278746616
EK202310149670,136.5424207411954
EK202310189731,134.00131577739634
EK202310134729,162.59779539761098
EK202310198042,131.67606040562075
EK202310231499,132.09228231300852
EK202310155095,136.2852759847358
EK202310180485,138.30182905754074
EK202310198871,119.63678520969678
EK202310004386,141.1092263933256
EK202310165308,127.93394878075755
EK202310131429,131.32476516910154
EK202310141545,160.15564594738257
EK202310184517,139.91428884006214
EK202310199293,132.10310230604617
EK202310152428,157.1131324321194
EK202310148889,168.13738481294934
EK202310187273,142.39965465098447
EK202310179239,164.36300610795362
EK202310235514,150.23319578226395
EK202310169287,145.0186569224
EK202310240454,169.6131668279748
EK202310206328,169.96149847962096
EK202310108495,154.59295363126614
EK202310213966,129.5459381149417
EK202310196327,136.9563441978241
EK202310167665,158.41936841102384
EK202310171391,145.29242486241907
EK202310183683,127.21824603546138
EK202310157793,135.7499581205199
EK202310156197,146.72536525184637
EK202310198098,142.66611206079622
EK202310146704,143.45160634717575
EK202310218935,134.64344137793563
EK202320007401,155.01933605892285
EK202310137190,140.598976606684
EK202310154815,149.3871559361172
EK202310126612,133.6448159093372
EK202310120357,147.45287424160142
EK202310165826,153.956077111164
EK202310214388,150.41844583843817
EK202310204549,143.55463596397936
EK202310209491,155.6664244668829
EK202310208295,142.38913925991167
EK202310196248,133.49435004494885
EK202310242787,146.83759873704926
EK202310225423,154.39210193636592
EK202310110863,133.69179356879826
EK202310117182,140.163222147027
EK202310217191,143.80879836574613
EK202310193055,143.90110606508287
EK202310212058,141.100332308669
EK202310103911,150.85102136462376
EK202310213355,126.88125290976612
EK202310175342,163.7087800109631
EK202310237346,130.8308865308642
EK202310186492,158.9090750100548
EK202310147951,152.11993648973828
EK202310191447,140.4005465524584
EK202310215972,140.48116847276873
EK202310199031,145.5127513230336
EK202310152507,153.43223095830461
EK202310143892,124.79325315086152
EK202310129112,154.74278237279452
EK202310152184,135.9846923044787
EK202310227166,130.072404205241
EK202310182576,137.32924118103048
EK202310004383,134.8724377590348
EK202320005865,182.5691780503075
EK202310199455,139.48720727172773
EK202310230815,132.51627308976862
EK202310209305,143.2151639357572
EK202310138624,153.1150855860165
EK202310126039,131.08685232496427
EK202310131814,146.7864599644587
EK202310184163,156.7587519592471
EK202310118608,128.9499115564007
EK202310227117,129.09705856197442
EK202310152007,147.8117044476792
EK202310229187,133.86708591297239
EK202310139035,164.77555186609695
EK202310175328,153.68703324840916
EK202310159155,134.60136708910835
EK202310239122,117.92014553458296
EK202310167140,151.47498761728093
EK202310186155,144.69818314224128
EK202310193982,139.7505881833245
EK202310138270,151.46773448553182
EK202310117049,136.4365388654759
EK202310142284,145.6827037831754
EK202310164426,139.72270506604087
EK202310176396,149.4696312783708
EK202310201189,191.49825970507155
EK202310004591,132.57179605404073
EK202320005991,146.82381206430463
EK202310231608,128.75827630698808
EK202310136139,142.44895257883027
EK202310113238,156.90784956214057
EK202310158141,172.24415332743794
EK202310126316,137.7347040455238
EK202310123281,168.26617498843527
EK202310167569,160.13962449105705
EK202310174151,148.7535172162255
EK202310116527,132.22659347999468
EK202310193916,147.06543104228166
EK202310227923,142.15664475845514
EK202310240783,143.1884577991993
EK202310143752,125.28447794861466
EK202310106162,136.02232886844106
EK202310107199,144.90666599067995
EK202310213671,129.50657276548978
EK202310208384,139.8531487736039
EK202310196006,173.72598852086617
EK202310134465,165.48636122590827
EK202310151047,139.39480144431698
EK202310124565,136.35473312356453
EK202310183135,153.57645234022755
EK202310213685,136.81458862859526
EK202310143407,150.3510718336921
EK202310210115,168.28750928295793
EK202310110851,172.36776246144717
EK202310229392,154.05157865572957
EK202310204386,136.12922310587302
EK202310235968,155.60463179815278
EK202310199913,140.87320595540206
EK202310138545,131.10233379686662
EK202310116537,130.09400710357372
EK202310134658,154.8547566869097
EK202310224022,162.30780857324274
EK202310234186,126.41420583292013
EK202310163888,151.11796143198941
EK202310212249,134.55839839941845
EK202310140225,158.1137811216924
EK202310140896,160.64828500471913
EK202310186538,139.92304753833724
EK202310136216,148.2250595739929
EK202310108888,144.4273023285313
EK202310182062,160.13794469090865
EK202310163277,158.2793315343777
EK202310107567,133.4972947614511
EK202310120960,160.05382646057544
EK202310180719,141.61578326572922
EK202310131600,144.5729756163507
EK202310177372,161.58836501473886
EK202310126121,143.1703811526431
EK202310162878,145.07901118598141
EK202310201167,182.49410378058863
EK202310160968,159.40666817009208
EK202310197271,136.04526291259845
EK202310181868,153.63477462938334
EK202310151314,139.70841285348442
EK202310164572,156.11618477629293
EK202310205777,145.87727598035025
EK202310138104,133.93012463050616
EK202310167840,146.50914959358886
EK202310226831,153.05521198107726
EK202310147830,144.21890279354938
EK202310197709,130.02525477095014
EK202310213022,155.70256051291298
EK202310193283,137.02588626788383
EK202310205081,132.5700764964137
EK202310122178,142.5564661570865
EK202320006555,171.9767488162177
EK202310237774,138.22993953877605
EK202310124965,142.72286243289744
EK202310186156,137.19577472525546
EK202310117980,140.22571074530458
EK202310125951,146.42145280294605
EK202310151873,139.48611444429025
EK202310207092,132.91305706863423
EK202310117489,155.30162300583885
EK202310216348,160.24363147444632
EK202310220010,152.14777280223333
EK202310214618,159.25805504433558
EK202310206863,132.25460484389495
EK202310109000,151.5748380147665
EK202310188574,172.8861282295072
EK202310165717,169.9087835937744
EK202310128017,139.03034002895734
EK202310165060,137.05539286694568
EK202310200674,140.22680814112306
EK202310221350,145.57161529372223
EK202310235065,138.6963544268871
EK202310163335,174.0309771066451
EK202310120881,138.30724593407845
EK202310137678,135.23777314509695
EK202310128015,139.36122109524896
EK202310234830,132.48002383502362
EK202310167377,149.53958049990666
EK202310164502,164.58643752898007
EK202310127391,154.698678377526
EK202310179523,151.31775008958567
EK202310223246,131.25807745718313
EK202310108837,139.25619169197256
EK202310200232,137.7338154662465
EK202310204659,147.08123852180154
EK202310189046,159.50106497298017
EK202310137247,136.93718539917361
EK202310132734,136.63013466564578
EK202310136878,138.05904706939182
EK202310236360,135.61438270877085
EK202310228358,131.14060512638588
EK202310134060,148.10871752431956
EK202310165565,137.9266555617047
EK202310226873,138.4135599433786
EK202310189864,134.32766665881434
EK202310119822,148.9917474407545
EK202310139438,149.48299604341216
EK202310190768,139.78382206787575
EK202310165094,147.61027343934566
EK202310138047,129.825928281028
EK202310166258,157.41950274945975
EK202310229510,141.3465936193608
EK202310226767,144.73956042752764
EK202310141133,140.43952792226617
EK202310109811,137.13885677744636
EK202310150474,183.8314822288278
EK202310179190,129.85185929036402
EK202310196236,130.8022151754571
EK202310209246,159.52242700577648
EK202310197990,156.4571268914178
EK202310207124,137.6834964784814
EK202310212257,138.77846976329982
EK202310108488,151.0404588504715
EK202310103709,125.52459770493473
EK202310232504,134.9743001805273
EK202310134238,143.05195792884655
EK202310123117,133.48266287697137
EK202310121605,143.96756031789155
EK202310173315,155.01154705475471
EK202310121739,133.89383914875216
EK202310208354,140.59176371444158
EK202310161392,156.18927026656505
EK202310234724,131.56114952287797
EK202310111484,134.0784761081941
EK202310187014,139.09040511798932
EK202310104426,131.16535470879825
EK202310145898,133.83906220635976
EK202320006067,184.82190871701815
EK202310188463,170.00241759813963
EK202310140762,148.76270693557407
EK202310218714,148.28487309075967
EK202310243661,131.90299685505968
EK202310177326,143.2670461492785
EK202310234236,135.05040375683203
EK202310227958,138.3038128061584
EK202310118900,134.8411284551668
EK202310165267,162.79634888480516
EK202310230827,142.2177851559515
EK202310171222,136.48905174742296
EK202310162860,150.21569801753463
EK202310235544,160.30260840888556
EK202310161220,175.35294662933953
EK202310121708,162.49415939540927
EK202310179835,142.71226665106644
EK202310239604,135.28109893429436
EK202310219818,134.57148608430583
EK202310161568,143.17689911665025
EK202310160061,157.7268283117471
EK202310110380,147.279460159083
EK202310246413,130.55203071944942
EK202310235850,142.9332955098884
EK202310165684,138.99602777167945
EK202310104090,126.90222246140128
EK202310243966,132.8675148872605
EK202310228270,142.03751767202493
EK202310110387,157.46124097549375
EK202310152984,143.4570115213983
EK202310223888,132.42009923195943
EK202310204934,135.63634325341667
EK202310162381,158.67918876766848
EK202310197868,141.82732287095902
EK202310107186,105.35282459561266
EK202310163263,129.55495284943962
EK202310198200,137.42943426985923
EK202310211345,148.132564733735
EK202310226051,145.46168302626052
EK202310123297,145.5733677965967
EK202310140795,137.72115089950773
EK202310207289,133.5530088772234
EK202310225168,138.2280444731278
EK202310183349,127.69465574872906
EK202310105114,135.54479465920159
EK202310176080,163.7571506975775
EK202310179405,156.49564039827982
EK202310190274,176.9410889926711
EK202310132186,145.92230212457133
EK202310146444,141.24950653023183
EK202310225702,136.3718105851109
EK202310218239,137.05928094660968
EK202310147577,127.99145438179625
EK202310183811,170.17619611532513
EK202310162937,151.19353822479925
EK202310157881,166.80976254807365
EK202310207952,134.09911639661163
EK202310141225,142.76225582271658
EK202310193030,148.43140062042104
EK202310122847,127.25557735630402
EK202310165669,134.07216763495597
EK202310114924,154.71858220798902
EK202310218309,147.5380561485279
EK202310208489,160.60865333727364
EK202310179997,139.89244967639198
EK202310147027,157.34569559757122
EK202310004319,120.52245714223035
EK202310175632,128.1392250121748
EK202310189340,168.29359973776167
EK202310177526,159.07002321071872
EK202310207611,165.0677772242097
EK202310194660,136.92137997208235
EK202310229979,141.5680748560307
EK202310240147,168.5568175021612
EK202310211637,138.9023024736281
EK202310149224,133.72981204609533
EK202310177662,137.55107997776105
EK202310179984,158.06151669883857
EK202310228864,160.14581156315532
EK202310180524,163.0593447995963
EK202310229356,170.6533897281212
EK202310149225,131.04704796108967
EK202310188850,158.58004464147422
EK202310237876,144.49066858603547
EK202310219004,141.48425344556392
EK202310125299,124.2470517707157
EK202310156188,136.93862814517124
EK202310238230,146.91011382700475
EK202310187694,141.58068241172884
EK202310158043,137.91168171927617
EK202310214647,150.388035215945
EK202310221207,126.56431432078487
EK202310173575,166.03584904499166
EK202310113008,150.63773934678932
EK202310239053,134.7716792325532
EK202310104640,130.16393175805146
EK202310241514,136.8715275742366
EK202310004700,161.67787355807167
EK202310162482,135.80671728842455
EK202310119906,136.7674465884591
EK202310153205,141.55778378100567
EK202310114919,134.37122137946795
EK202310235152,132.91970742781155
EK202310203791,128.78254081081766
EK202310123842,148.3040634902155
EK202310141447,147.81515515538513
EK202310192629,152.19892916817867
EK202310244491,157.4591535470507
EK202310216050,126.46198023882936
EK202320007061,143.6148411448307
EK202310217253,139.54929433211586
EK202310187351,174.02139790834718
EK202310247064,137.7965799340352
EK202310215396,138.8438093430913
EK202310109791,150.29438750331306
EK202310238972,151.61517437149428
EK202310210241,137.72588754903202
EK202310138585,151.68092371002112
EK202310215255,156.60996499984745
EK202310181801,156.9307644115915
EK202310124314,128.865562986296
EK202310175289,156.42715644383821
EK202310198498,140.82219280804844
EK202310154216,165.74158401637325
EK202310226242,144.88287367194803
EK202310127354,144.5232179290559
EK202310179264,152.11788405997675
EK202310139507,152.49774474584382
EK202310129883,144.97123832343755
EK202310232951,142.6609989853575
EK202310233288,135.92401364874243
EK202310121403,141.11454224387478
EK202310158908,148.16668983717318
EK202310147431,135.58192940353976
EK202310138917,138.1494740404918
EK202310149611,148.3710565905249
EK202310221612,155.6823983056974
EK202310143554,128.77054424469245
EK202310172722,132.5583155462793
EK202310199773,138.78752129627432
EK202310127375,138.8530391480052
EK202310225978,133.85632949182923
EK202310227248,143.6714887144
EK202310116384,150.47565816072037
EK202310180690,160.4415788054433
EK202310122858,126.77883757226792
EK202310226310,139.6532506974936
EK202310195569,172.72202573161334
EK202310198823,135.4753305028039
EK202310121439,139.47946968758458
EK202310161947,139.70604285036794
EK202310232604,136.66465472701307
EK202310149617,137.59379649380168
EK202310146783,127.72571933767583
EK202310176164,151.41439390613914
EK202310135912,129.5356756989384
EK202310229257,164.15735174485124
EK202310235094,131.14418604633713
EK202310118246,140.65562220935453
EK202310185828,140.73624506897752
EK202310106494,149.30057310484494
EK202310146544,151.73996408555982
EK202310227579,132.49718744650085
EK202310248311,137.1245536262003
EK202310204884,142.23197041152991
EK202310117059,145.13963247236208
EK202310231772,135.78455342041536
EK202310139447,117.32834743162086
EK202310189968,178.18941199396792
EK202310185749,133.17746558050294
EK202310110703,129.35891598437996
EK202310237233,128.40877037120865
EK202310240881,144.7097833020366
EK202310125013,155.43602583603592
EK202310128536,127.69326248219429
EK202310153537,166.1860218663778
EK202310190471,144.11401477791398
EK202310151841,142.21959899111957
EK202310202685,129.8518085009392
EK202310105765,148.75556147558623
EK202310136470,125.04967474497141
EK202310202012,132.571586743178
EK202310125711,147.15209639736645
EK202310157673,130.82570350443584
EK202310164027,143.8800435413329
EK202310151517,162.55184734047262
EK202310180147,133.94664085736994
EK202310198373,153.36893000923095
EK202310204349,151.35733384487526
EK202310219251,132.27570356146677
EK202310172594,139.76637937751747
EK202310179118,134.44195708514408
EK202310150133,136.63105896987668
EK202310165331,135.15406108221228
EK202310163772,135.01181716517493
EK202310126377,135.41897011638633
EK202310145984,141.4130032281302
EK202310246976,132.99743562204847
EK202310113703,147.86653838485907
EK202310232392,141.5966169947842
EK202310236403,128.07864832029097
EK202310139475,150.3065728635767
EK202310192609,153.5277793786206
EK202310224294,159.44248548385778
EK202310152213,136.34844805689886
EK202310108540,159.93757146295536
EK202310210085,156.47691106019576
EK202310226804,139.61569032900607
EK202310137397,148.26858283606654
EK202310117951,128.51867924436
EK202310193300,161.57882831537395
EK202310106304,135.03522636553086
EK202310129954,155.55477394781883
EK202310215057,161.9787413404414
EK202310139115,143.26946221881403
EK202310212736,159.84667804529218
EK202310135023,156.96382826229586
EK202310139581,150.07225997031347
EK202310199274,131.3067352146163
EK202310211965,126.69042483152921
EK202310246061,135.24093557873718
EK202310203442,144.914561557729
EK202310181526,158.80426369856661
EK202310193412,134.89804518612354
EK202310139031,121.23011240320506
EK202310221231,134.2936329138406
EK202310134998,181.02931806365004
EK202310141687,163.0534947610357
EK202310197304,138.29671515929994
EK202310201782,142.73809773328233
EK202310135431,166.31231905155693
EK202310208259,127.22325916890539
EK202310161380,128.3966216052347
EK202310186230,167.3877299125531
EK202310152403,149.47834580439252
EK202310116913,132.15036351798432
EK202310244061,125.80918261483663
EK202310135475,142.43784803607807
EK202310165270,143.07538304279186
EK202310138939,142.76973322341073
EK202310141892,132.35590300039587
EK202310124993,142.64696648853268
EK202310170388,138.6011485409199
EK202310157255,136.38977727954224
EK202310133503,162.19000924672358
EK202310175284,133.16883999269368
EK202310241462,136.07971364131464
EK202310154232,132.27151155289278
EK202310163615,168.6754605336824
EK202310197907,156.35090775597683
EK202310186389,133.4324845415781
EK202310245749,133.5395558911147
EK202310219676,140.3909212665157
EK202310190121,179.81561610139048
EK202310209264,136.02414063234556
EK202310210983,138.77220203094657
EK202310187936,145.982681635492
EK202310133895,140.44855790300082
EK202310186472,168.6575686220744
EK202310206380,142.66473668616453
EK202310193643,153.79643251062978
EK202310225084,166.86036825334452
EK202310220518,138.04757961338262
EK202310169406,141.07520329442426
EK202310237549,132.42150767743914
EK202310109909,171.4201606779446
EK202310212592,135.4190223175052
EK202310179751,135.07119497306817
EK202310112820,138.98931233526832
EK202310195293,128.91034411955687
EK202310236702,128.95328700610173
EK202310145993,149.93332051978354
EK202310222902,139.86116759326214
EK202310189301,183.48198766633706
EK202310205807,141.35080274211555
EK202310163101,143.78462174756805
EK202310203688,136.54250871650723
EK202310174439,169.1744684218475
EK202310156353,170.99014487120178
EK202310162723,136.13904113068108
EK202310212065,129.06091628850743
EK202310004255,134.46708367774602
EK202310222006,130.70089538183313
EK202310194790,139.33353460629613
EK202310106043,136.93082126670336
EK202310242730,148.32586322445303
EK202310242586,150.14347542201992
EK202310176604,147.3733534002555
EK202310109635,140.5100287408084
EK202310216117,127.73279994145116
EK202310116981,140.41754854832345
EK202310221657,131.24520686384912
EK202310144341,127.72250132371686
EK202310228428,129.80828602730853
EK202310146265,140.3578901268577
EK202310209443,139.51137857580844
EK202310218588,132.74022723505942
EK202310108618,141.98503916682694
EK202310121760,137.29652987970996
EK202310107369,135.25841550607598
EK202310115437,146.88890732116695
EK202310187394,160.20688501863845
EK202310165757,132.35543547088818
EK202310195111,162.98518602875004
EK202310188262,174.38837313827693
EK202310124663,138.12332334648622
EK202310143110,124.4250772300903
EK202310211384,151.565879192306
EK202310118553,145.49784122949785
EK202310149358,158.97538783252514
EK202310164859,145.57052580119452
EK202310207799,145.38823377489516
EK202310172115,137.5155894652865
EK202310215359,150.74931861904452
EK202310161036,134.14437535742488
EK202310223447,142.47734863284487
EK202310181639,130.7699961714637
EK202310204435,148.28039454776044
EK202310104184,146.57560585996035
EK202310160295,155.85189429889115
EK202310192033,136.21636952644837
EK202310168110,145.46632889523661
EK202310189097,146.16008836037017
EK202310167385,132.69120457563133
EK202310109968,152.1282519597019
EK202310198949,151.82010650561173
EK202310197617,178.8747124575248
EK202310108360,134.640380262601
EK202310159270,146.93529480259772
EK202310145269,154.05084401614513
EK202310188812,129.73461294776385
EK202310125988,140.7671906216782
EK202310112939,131.44956763725574
EK202310247895,139.03605333474783
EK202310131311,129.736932129226
EK202310183854,152.40803264338126
EK202310219712,147.82323157665218
EK202310160911,168.4172001185007
EK202310231162,139.83324821788344
EK202310135041,178.96146379084308
EK202310212037,138.48428029656566
EK202310226698,138.07991075549955
EK202310134750,132.2775428558465
EK202310148234,138.2980397888606
EK202310174532,155.543543651747
EK202310109167,128.0131782058724
EK202310197750,162.09595676688303
EK202310164476,136.22026131350412
EK202310233270,160.45160415313413
EK202310135322,148.85435633351284
EK202310209231,135.96028389891725
EK202310202820,135.64888768366782
EK202310174302,140.82314810000756
EK202310125602,131.78244789935042
EK202310158386,137.9464211734071
EK202310242062,139.32241493069583
EK202310141111,136.66135641377545
EK202310136233,139.51470374563175
EK202310236818,142.49597015685075
EK202310184555,131.61145096915365
EK202310198830,148.28606273228883
EK202310151478,174.84027574003213
EK202310231437,129.50435967266034
EK202310150468,150.3272208826504
EK202310241943,150.1046918716022
EK202310231053,134.89060337116916
EK202310154428,153.10155554665522
EK202310192603,168.15581812562527
EK202310161912,156.51938882525144
EK202310130902,133.46360702457594
EK202310183672,150.78292360311613
EK202310227046,166.70062335816175
EK202310166255,138.7044802852207
EK202310137864,126.46201142411962
EK202310116959,140.48009101563807
EK202310238412,141.4540513333125
EK202310171649,164.2073605070497
EK202310193766,133.47763650777904
EK202310123847,164.49309624290942
EK202310146498,141.09033155932306
EK202310239626,139.38376698660676
EK202310195302,136.14702435116013
EK202310212103,135.00047239607798
EK202310192877,128.8539004035572
EK202310111009,132.99214093342894
EK202310136743,128.5872612616556
EK202310195641,139.42964352964708
EK202310227516,163.58529733696815
EK202310115577,139.2463106353687
EK202310215165,132.16343872124946
EK202310138284,167.71821862922317
EK202310126665,132.59154175918334
EK202310239150,127.99749842224675
EK202310203149,155.85385742587403
EK202310193960,123.61909482513981
EK202310171451,130.14560386587013
EK202310121337,128.46590186680723
EK202310117375,135.91593302187263
EK202310220920,135.72691958248754
EK202310115368,147.32708807788163
EK202310156865,167.720039733163
EK202310185189,151.57609436829003
EK202310122055,129.29748361749398
EK202310215356,162.70475838719085
EK202310147958,151.76012321126112
EK202310121750,124.82010939353255
EK202310173060,145.04092751061592
EK202310163776,129.8129713197861
EK202310220192,137.20426334541776
EK202310218549,142.69058674424647
EK202310157001,174.72899316674275
EK202310225119,139.313366454941
EK202310204051,143.19197724625127
EK202310122949,135.04638686853906
EK202310121503,128.65021217139636
EK202310131147,147.8764846813126
EK202310108909,149.6308329064969
EK202310151114,136.16810412480763
EK202310233392,139.20939989186004
EK202320007141,143.79198661692672
EK202310164522,141.7087278023439
EK202310177297,141.52443107948997
EK202310210546,140.58934584434388
EK202310184589,137.11422681331646
EK202310212117,130.42380129427795
EK202310133272,134.92440960714927
EK202310205158,138.31657626299122
EK202310174636,140.74007202239727
EK202310140946,138.15025040157653
EK202310117042,137.38246533467168
EK202310134320,146.15256735519986
EK202310229429,139.86764602469495
EK202310106153,139.3947646648558
EK202310247761,183.07941010187633
EK202310227271,132.16413219309274
EK202310239428,125.35483173017919
EK202310215784,131.89340864777316
EK202310210318,129.13781853534465
EK202310141900,135.17641528714094
EK202310184802,176.4729623951167
EK202310165235,148.33301508100743
EK202310171404,128.85307031954503
EK202310210573,148.97786249939196
EK202310210122,140.64808912707394
EK202310150189,138.52034916138817
EK202310156048,154.53287909533404
EK202310172500,160.16604239594665
EK202310132244,128.85712781613162
EK202310245342,141.06449518046344
EK202310139313,132.90252243415168
EK202310207856,140.34848381240866
EK202310116311,128.58106220919754
EK202310208589,153.23180391682922
EK202310136325,128.95947775916434
EK202310248759,133.81428111494066
EK202310198653,140.14114324123207
EK202310195491,163.39742540341393
EK202310103816,133.4292068430643
EK202310207373,147.93088331307223
EK202310227064,138.45473650734198
EK202310138546,148.35031967932775
EK202310205952,134.17650823822302
EK202310212677,148.55701965387053
EK202310228148,134.81789471297157
EK202310107729,138.17921080020767
EK202310211277,148.0425965074397
EK202310195545,143.55929609972478
EK202310116564,152.84348987758904
EK202310184823,156.02015664951134
EK202310170543,158.38268060865786
EK202310193619,126.41110010379867
EK202310239035,160.7340297283306
EK202310133171,135.96154047384456
EK202310227136,140.16241914821597
EK202310142625,127.77614655157167
EK202310244169,133.6954406135023
EK202310246581,122.81294875245725
EK202310165380,159.18657007388973
EK202310193395,136.0923989298166
EK202310109332,140.5520833041649
EK202310163291,171.85821999564462
EK202310124290,139.17750285395317
EK202310215739,131.43433830488684
EK202310241146,139.51716513816737
EK202310124580,138.21010213168873
EK202310211475,137.40184644294058
EK202310004503,143.18296358270322
EK202310143151,133.7391492320782
EK202310136531,153.7652601269075
EK202310119568,136.85440488696628
EK202310107515,142.03678982090662
EK202310189886,149.55759763963192
EK202310124398,135.5518294772486
EK202310125848,137.44583241877112
EK202310211088,133.9255691506446
EK202310156421,172.05930217364624
EK202310157177,154.25002020484587
EK202310211323,140.3164641136951
EK202310202592,140.869111330716
EK202310194894,158.05410806769007
EK202310215071,142.73380325881527
EK202310202956,173.2844806147263
EK202310234488,136.24236915260732
EK202310187089,136.1608150507299
EK202310227517,154.55711509339167
EK202310170551,156.93897264417743
EK202310189993,146.76013253048598
EK202310149202,136.26530748667128
EK202310229780,130.1522308743222
EK202310245465,134.42951144641893
EK202310218891,142.6288856443026
EK202310124812,172.94587173505252
EK202310208935,149.55196838341638
EK202310140658,137.23025433407045
EK202310183874,153.4041323133321
EK202310107413,131.9458093805853
EK202310194042,133.0316050291638
EK202310157446,143.04272066543277
EK202310199004,129.05139165952275
EK202310135601,128.6662890548437
EK202310201970,157.99905868534896
EK202310139356,138.82978620175365
EK202310134175,142.12983708783287
EK202310108539,155.66254714849853
EK202310177643,131.35874963661072
EK202310103821,131.60295847615302
EK202310206740,188.57082587913575
EK202310131433,136.8969647349026
EK202310204350,134.55483537404317
EK202310225071,131.40166889575514
EK202310211718,133.54077005167755
EK202310131849,144.74558189120697
EK202310153172,146.39524732948522
EK202310132642,139.6320159567006
EK202310112845,132.36828165153383
EK202310177008,141.64906068934016
EK202310130444,157.60871727623794
EK202310147078,151.91956509695376
EK202310208564,151.95017726386348
EK202310194298,132.194335906172
EK202310228548,140.6396477586672
EK202310187217,142.3610610165019
EK202310171794,137.40788336792554
EK202310174423,133.86297274959088
EK202310186521,146.23260538833597
EK202310189274,180.9927395558088
EK202310128594,125.39230512835101
EK202310213657,129.31449470105892
EK202310136140,105.70572088696257
EK202310144986,131.03363838634036
EK202310117312,143.98092416202442
EK202310165610,172.84416128781407
EK202310130595,139.79371162292432
EK202310004575,135.6471241927661
EK202310119145,144.89224764357837
EK202310179788,134.11262377093047
EK202310247106,149.62173822459494
EK202310118131,134.85921627651203
EK202310144354,130.60446160136985
EK202310192108,133.02962171978513
EK202310169582,127.29633684099491
EK202310227386,132.4912860500514
EK202310174182,137.08209889461438
EK202310222783,130.98936759502465
EK202310178639,143.99901980061261
EK202310245259,128.43695390094905
EK202310167257,139.80579842508462
EK202310162914,132.6203683046133
EK202310004463,141.29269395706575
EK202310207893,152.50114506029405
EK202310148230,136.78154700781485
EK202310116055,134.44239421729662
EK202310224157,164.38424157277046
EK202310114888,139.92380685732695
EK202310195337,184.86080832585316
EK202310216934,160.77856877610208
EK202310216677,164.24318802171567
EK202310188580,134.7801514290376
EK202310219727,151.0376774266605
EK202310166001,134.26817312491565
EK202310229705,139.1213407666814
EK202310209871,145.55211695539592
EK202310196361,135.80180730401432
EK202310234245,139.64248400425626
EK202310138920,152.97483015639614
EK202310122618,143.653631630392
EK202310175727,155.9971879866122
EK202310155478,144.28124199991768
EK202320005560,137.09240797665487
EK202310110719,158.90790725616583
EK202310136240,147.1316404241545
EK202310186251,166.9737550126549
EK202310216248,133.58821419076247
EK202310205301,147.33284874458639
EK202310211409,134.85402169319133
EK202310154889,133.37669019764058
EK202310133167,154.34314261905678
EK202310190742,132.95983088854362
EK202310181049,147.0540315891086
EK202310190345,152.02192720826298
EK202310223134,176.61589144911846
EK202310248510,136.91641884033126
EK202310177287,145.2077947208631
EK202310127550,145.0434666882642
EK202310118313,139.82821372627748
EK202310222760,142.47260757176932
EK202310112189,140.32217948769372
EK202310141089,140.16848951630632
EK202310132200,149.90590279868465
EK202310221040,139.80037101752873
EK202310111716,144.94269244077154
EK202310206062,126.23473329304183
EK202310209855,157.38452168957082
EK202310104428,140.88841336386727
EK202310177723,136.67911716286036
EK202310003367,131.07250248963987
EK202310182125,157.86328024201373
EK202310194084,154.7408412761087
EK202310211789,134.29920763261512
EK202310132488,150.64862033968166
EK202310142803,133.49364578938972
EK202310181723,167.1525781288869
EK202310103735,127.95195819162514
EK202310219083,141.55985305382646
EK202310215988,131.42267409207633
EK202310234414,123.263835414936
EK202310203900,126.79125231033062
EK202310137717,131.6984764117607
EK202310112769,144.46766366854808
EK202310160354,132.93920061744373
EK202310105028,143.37600850788309
EK202310128626,150.15117653320908
EK202310206626,144.64740149815108
EK202310247911,127.61156036223043
EK202310156966,147.4663776316231
EK202310111774,138.6483263233597
EK202310141388,135.54934899665227
EK202310105367,132.74849355855838
EK202310138470,135.56989655211447
EK202310238177,142.06991101328865
EK202310169946,156.0747778162531
EK202310189158,165.09350503603892
EK202310231981,137.49600942353933
EK202310174508,134.04767537127856
EK202310110650,125.10763824174478
EK202310195172,161.43811240883164
EK202310188961,132.73274282350408
EK202310219185,135.1456169686666
EK202310208623,132.38969366674354
EK202310128662,131.8251247154167
EK202310185661,144.0515050499622
EK202310157894,141.2949421262009
EK202310200928,146.79635743657371
EK202310004224,140.97321199579892
EK202310150214,132.71778505814476
EK202310111969,139.03543569866446
EK202310129506,149.11941511144772
EK202310127186,159.67709388538705
EK202310173377,126.88545375704771
EK202310163570,139.7351003686888
EK202310196742,127.48300035497937
EK202310167664,162.18640008947017
EK202310148814,143.46164708281998
EK202310200567,182.95295686870864
EK202310168414,155.6855917476144
EK202310203613,161.192184177402
EK202310247919,144.34547858261587
EK202310200083,173.4949206554769
EK202310148844,133.57864051704655
EK202310159721,153.17117967115308
EK202310131910,133.79413945660426
EK202310153522,128.829047096747
EK202310212250,134.16099704288888
EK202310111147,158.80606909151695
EK202310170237,138.51023928542284
EK202310166954,144.57577310365204
EK202310193804,140.4570565179676
EK202310180730,172.48990811047386
EK202310004363,165.12895041868424
EK202310123533,127.57876511274053
EK202310235018,147.79704483547846
EK202310176008,137.92372948663314
EK202310151334,127.4061003738774
EK202320007865,168.87449319826428
EK202310236423,138.4458396207226
EK202310130270,148.6977144044394
EK202310220333,130.2752074654353
EK202310196344,137.39845914766278
EK202310218805,151.9050524739683
EK202310116838,139.03165868843658
EK202310185359,146.37219590155263
EK202310150318,154.400218963748
EK202310121733,120.20698356257883
EK202310242000,161.57216017271531
EK202310193114,133.60464637187525
EK202310171559,132.57965406399532
EK202310122635,138.39965546331644
EK202310167040,156.40962370693967
EK202310166470,139.73465644778094
EK202310195612,144.56018864319066
EK202310233457,138.30032604518408
EK202310185055,142.3093063253257
EK202310177519,145.41819122359465
EK202310247329,155.7549026708025
EK202310195549,182.88108526432308
EK202310144213,134.59720317565368
EK202310135438,155.34046009030516
EK202310226468,140.19866760567288
EK202310105289,138.2316914274207
EK202310120252,154.54432701882897
EK202310176662,139.56548438033533
EK202310114289,140.43726654639758
EK202310126976,136.59354628241906
EK202310207593,166.33101142466262
EK202310114272,128.62259257082437
EK202310199080,142.74350563715805
EK202310122669,129.48179966723916
EK202310180804,150.87638187112321
EK202310204732,163.91085913873096
EK202310200464,145.57823800325335
EK202310203808,132.98927341111062
EK202310212010,129.8470102847537
EK202310245942,141.3519701726411
EK202310004694,139.1295366365014
EK202310155200,134.9238231656251
EK202310164369,133.58613136348066
EK202310126268,140.35512687764015
EK202310170105,181.22726698620315
EK202310225963,145.95500714704156
EK202310114547,152.0536943567653
EK202310236239,133.70065962135104
EK202310112862,141.30220090638446
EK202310109972,158.5281190947439
EK202310132643,133.7545445792257
EK202310132419,148.00129461237023
EK202310161002,142.28718528886466
EK202310189189,134.25009104546
EK202310148790,150.4162637472973
EK202310169154,170.86236707366618
EK202310196747,178.08589863465437
EK202310122266,137.7359933982652
EK202310115421,121.36034511039202
EK202310180521,146.73040137834775
EK202310167786,140.8810362335441
EK202310167076,151.88502173404956
EK202310168839,136.0991803524173
EK202310110674,134.3363079952278
EK202310236684,131.6304637425832
EK202310128770,138.60860037975937
EK202310244917,156.02064956265693
EK202310128367,152.59553831479502
EK202310129004,130.54169332121774
EK202310231478,128.84886454909764
EK202310178172,149.95426841421423
EK202310180564,151.6827336758448
EK202310112326,132.0365283258213
EK202310200330,140.67152819001058
EK202310138725,152.11724511306426
EK202310177009,145.9262719526105
EK202310220598,166.3154591675399
EK202310200436,144.02239443269846
EK202310242674,134.01391734090134
EK202310222668,169.34425817225
EK202310118184,135.51972282271205
EK202310138203,133.52015712462213
EK202310118829,141.6010695744726
EK202310185969,138.6778368888956
EK202310216351,138.75322078087783
EK202310187284,137.6284029927972
EK202310218216,148.79052769692993
EK202310219259,129.11327458388024
EK202310120929,140.10615785964356
EK202310108093,141.91057901119868
EK202310142267,149.6711967632391
EK202310174980,146.85896173356016
EK202310114009,147.3071998284661
EK202310242966,144.0936652868147
EK202310147064,153.41771447310006
EK202310223815,136.74015298458178
EK202310185149,162.117443198479
EK202310173756,129.35310832218846
EK202310212549,157.88547803584407
EK202310122123,130.96997106090183
EK202310148593,128.47627972705752
EK202310203858,134.10858756297216
EK202310194323,136.17571283522707
EK202310210067,132.29951567143758
EK202310247362,129.6518965637916
EK202310179728,171.32736847787885
EK202310135263,138.373282613992
EK202310228041,163.50065745471676
EK202310198439,140.68870128723955
EK202310224121,137.56641802136522
EK202310176263,140.96186313084868
EK202310210520,132.81975244172372
EK202310153558,127.10537987285738
EK202310201528,143.9378544295977
EK202310204700,136.54093211960296
EK202310199855,148.25943215824387
EK202310133334,143.33020402354987
EK202310125891,133.90444582093005
EK202310149237,135.51541772385184
EK202310207352,131.7803841065153
EK202310143244,170.66069788572187
EK202310173902,148.40768064451342
EK202310204441,133.18376288235933
EK202310154510,157.62429236970158
EK202310197593,177.14763195790923
EK202310139918,138.57023770674797
EK202310143944,135.8768329909861
EK202310182605,139.7761873990969
EK202310113041,132.42675838164354
EK202310108339,138.2749474948139
EK202310177699,141.27439434142926
EK202310158001,151.57485657033877
EK202310243619,129.40445431179504
EK202310225367,142.178095140819
EK202310148561,152.09817275530284
EK202310242689,134.57829811447456
EK202310146006,146.80400235529996
EK202310200037,137.19268456467077
EK202310186473,131.79902666150153
EK202310105390,130.4526424967712
EK202310150556,141.1945975175082
EK202310180347,168.46914270283494
EK202310203230,160.66783178169288
EK202310200016,143.74877470523327
EK202310154269,149.6242013710822
EK202310128087,180.20559740495904
EK202310122816,143.88713790841587
EK202310134877,143.51740950367778
EK202310195490,141.97347438753414
EK202310209715,135.3005774876477
EK202310236837,140.87311302764667
EK202310196435,130.90252213427834
EK202310139068,152.63445733715466
EK202310171012,159.89825718072947
EK202310150360,139.91996604155065
EK202310222353,161.03058909618676
EK202310197842,154.38287774094772
EK202310188412,167.58765458975486
EK202310153874,142.09979836477132
EK202310213199,142.20959384388573
EK202310127730,157.9331076518434
EK202310215194,137.13446762492794
EK202310126576,136.55891616266646
EK202310248182,135.33329634182917
EK202310198801,172.43031673219164
EK202310198160,141.4764357153762
EK202310198294,165.1284549893732
EK202310167705,128.43976950751255
EK202310217704,136.09382804756072
EK202310145831,132.25839581075766
EK202310105308,136.8429105201567
EK202310230902,133.84814081467817
EK202310202412,132.74609094656878
EK202310130126,156.5106057002259
EK202310193563,152.51618262907448
EK202310130811,143.01907465853088
EK202310169126,146.37963474458238
EK202310107052,160.4843093522914
EK202310134315,124.25257103476802
EK202310230590,132.56104098452673
EK202310212377,132.11583448315022
EK202310227080,142.41331752575184
EK202310124256,179.66462352515146
EK202310219252,147.0978381837855
EK202310230033,134.26640772430292
EK202310117668,143.1705229249746
EK202310228344,136.22475232494162
EK202310233855,134.0737122440454
EK202310147814,141.28964599253575
EK202310107881,138.69441709713135
EK202310230203,167.8341479233268
EK202310177383,164.51049097262455
EK202310122567,132.43304125438266
EK202310207619,150.78746089633407
EK202310202333,132.16053777384755
EK202310189380,138.96812287931596
EK202310180057,141.5668830960993
EK202310202234,152.9655308197509
EK202310233426,163.19558436170618
EK202310175207,141.43108782529387
EK202310204631,144.33760176395535
EK202310194398,137.99693044897123
EK202310139820,138.07663327364972
EK202310116562,152.42777397992782
EK202310229058,135.04789197016726
EK202310247161,134.3663792904011
EK202310189860,146.63359868369218
EK202310104099,131.69045124025038
EK202310244738,152.20272760908463
EK202310247933,137.69961047736422
EK202310149446,147.36986095487885
EK202310161930,146.28839617815385
EK202310116286,159.76260398061237
EK202310109850,137.71778306228452
EK202310204890,130.10059743645903
EK202310124176,127.80488016247021
EK202310231512,129.80388869434793
EK202310157031,159.48820175381624
EK202310219683,135.14151772354228
EK202310105922,132.23173575595703
EK202310003444,142.30445440659625
EK202310128205,119.95733986114574
EK202310136781,155.9365783730251
EK202310195373,146.54763388794916
EK202310140338,129.3800841111813
EK202310178676,144.0290549873339
EK202310234329,151.0604488330177
EK202310115125,154.62035233203454
EK202310219503,126.17456395542251
EK202310201769,142.58225155743872
EK202310139458,128.51616992999266
EK202310194338,160.47579407682915
EK202310223572,138.222994098769
EK202310125065,153.45907746486753
EK202310227016,130.90310612198383
EK202310176702,151.37356633041247
EK202310155243,156.23345083156406
EK202310192723,148.8957619478257
EK202310198191,148.05065243268885
EK202310105422,136.7156074099116
EK202310105777,149.53833595312477
EK202310187970,130.9643582027002
EK202310236294,156.39910542017353
EK202310210632,140.26283797066628
EK202310122661,151.25712274115412
EK202310132816,161.35021277284523
EK202310221993,139.7762491879417
EK202310235308,147.74337604620322
EK202310232426,134.1191879937374
EK202310225207,134.03340261644342
EK202310120329,140.0986018619293
EK202310174955,135.90241455757442
EK202310233002,164.95723575679204
EK202310226820,143.70680118407432
EK202310231561,134.1709633467307
EK202310178128,144.20492914762943
EK202310231088,133.65566871341076
EK202310147614,159.66056678178987
EK202310192044,135.31064226348738
EK202310207423,128.80520902063896
EK202310144998,141.00733883174323
EK202310160433,147.09911817976462
EK202310182388,135.20614747810654
EK202310004163,139.50047460782753
EK202310178635,137.8027589188659
EK202310147316,161.7266215804379
EK202310137625,137.1043472059512
EK202310234674,135.37471567383216
EK202310206395,146.0267689095982
EK202310198108,184.33215616557615
EK202310230135,132.8903998266829
EK202310124667,133.67721174006002
EK202310197608,183.70993089530484
EK202310239140,147.74816226042316
EK202320006708,148.10414216543217
EK202310141682,130.19673863936328
EK202310173078,135.4400674830528
EK202310180684,165.0340031181348
EK202310168825,148.0519090559574
EK202310196603,135.35732948785775
EK202310143301,153.49734645040454
EK202310198024,153.3232290086457
EK202310238866,157.81895378310483
EK202310174309,126.32285757419366
EK202310169127,132.47050268906048
EK202310118888,144.69450922892705
EK202310219211,128.87268630380885
EK202310117888,128.60686024192435
EK202310203714,125.52835669561576
EK202310212227,132.065230937075
EK202310224375,129.36637949064388
EK202310169753,136.01139639048782
EK202310218369,145.42532191083367
EK202310229422,151.74039295668987
EK202310114027,130.78074578135843
EK202310191499,130.05601629909606
EK202310123832,137.42918838448318
EK202310117550,138.0744034822632
EK202310153034,152.96078253398682
EK202310147526,140.5033209882307
EK202310240029,135.9542060963511
EK202310208321,147.0237762693254
EK202310110615,128.29277506878864
EK202310172001,142.68550532020745
EK202310245514,146.2334515004743
EK202310113405,137.35633295467144
EK202310133712,163.0718356827468
EK202310220573,137.553792128407
EK202310127361,152.88967909430505
EK202310203296,129.1037156153507
EK202310205467,131.69489345722496
EK202310182859,147.93293715593438
EK202310116644,145.00518688356632
EK202310143055,143.65481807194752
EK202310137541,149.70691925875602
EK202310240346,144.54801361191218
EK202310231920,141.63533164334348
EK202310003793,136.24016480450717
EK202310179099,139.4112844061475
EK202310182101,140.60414368714711
EK202310180654,135.71086014703008
EK202310203568,165.23751376768487
EK202310201589,155.52237811337267
EK202310185227,143.85886782706382
EK202310204045,149.93642098128836
EK202310231962,138.06104420451976
EK202310206237,132.30266119827587
EK202310129023,151.75098944963597
EK202320005658,140.129310445413
EK202310155013,146.14615073211075
EK202310207955,133.51873007028675
EK202310175039,131.30491849046786
EK202310189095,158.54719218915173
EK202310222588,140.77711136868834
EK202310194826,136.17220498839802
EK202310116127,133.9721934039515
EK202310186036,134.444854026031
EK202310228425,125.4547306822749
EK202310142709,126.78337908754696
EK202310212132,125.17769032586787
EK202310106890,138.67554217633017
EK202310244866,136.57629288235765
EK202310185150,143.20285872391796
EK202310137324,129.83389436433373
EK202310171191,127.66486501249679
EK202310113505,129.23410859800407
EK202320007023,145.74298180956146
EK202310119257,163.34458255522748
EK202310149918,151.98385802156412
EK202310223014,133.4511499031098
EK202310201000,156.11513029437344
EK202310172203,141.8049162502601
EK202310203943,148.57994574236992
EK202310120010,128.67825872862878
EK202310108002,139.57597263049257
EK202310241637,143.45828298305625
EK202310174800,142.86926071301554
EK202310127377,157.24322892864677
EK202310122799,146.49672076715987
EK202310229843,123.1830010862716
EK202310226129,144.57477019315309
EK202310140081,171.42904038470505
EK202310229999,130.39542364701038
EK202310203546,157.4949366268561
EK202310209757,140.60603820580113
EK202310116016,136.70177871207872
EK202310165012,167.68026847049592
EK202310122837,136.47286386831811
EK202310146822,156.92633101232428
EK202310112044,131.76019149782306
EK202310166309,152.82928407067473
EK202310172353,142.54861149425457
EK202310111013,145.84989711373973
EK202310134532,127.73898643081537
EK202310201623,133.82464841675463
EK202310207833,130.99206565938906
EK202310153627,139.37110433178364
EK202310173741,152.32667768961514
EK202310233377,154.56555779903394
EK202310108336,142.04749281371608
EK202310144097,131.3677125273707
EK202310242026,140.8292409351751
EK202310123987,174.37883146727876
EK202310201556,151.03686428204682
EK202310141802,149.9579539836601
EK202310160116,156.90251898803626
EK202310208420,144.41052040135796
EK202310201286,141.23783756735318
EK202310242784,143.4315864437356
EK202310207678,128.7796169838905
EK202310235367,143.47737833102727
EK202310138835,154.12525010376172
EK202310126496,141.37474922532212
EK202310210203,140.7911914340492
EK202310160698,163.4442169906206
EK202310131627,144.00831863319684
EK202310192509,132.75770531405598
EK202310237182,153.77602047443895
EK202310195225,133.98915342015238
EK202310209548,137.81894274712798
EK202310170414,128.27111818488535
EK202310178511,139.14099332328837
EK202310169436,144.40179735579463
EK202310163299,137.83826262380794
EK202310197411,137.43432873607298
EK202310208679,151.6114610247689
EK202310178121,133.60593717792167
EK202310126051,135.21588751477074
EK202310158375,134.27137403238754
EK202310190778,131.59854518175146
EK202310154851,127.19557498554059
EK202310179709,131.90136449416394
EK202310114702,134.89767705711677
EK202310167850,138.05068829714006
EK202310004729,141.5705204402852
EK202310183539,144.35731180580083
EK202310196615,156.53009511266134
EK202310162856,143.81036276329604
EK202310133076,143.0234481266848
EK202310230396,161.62542572727867
EK202310158633,156.76491695101336
EK202310161117,172.27872827486019
EK202310004351,149.0991995206865
EK202310174767,149.92056665258534
EK202310183707,149.29429758951753
EK202310201085,152.63535743461685
EK202310117365,133.3552746036003
EK202310211525,134.85092461223988
EK202310174033,137.40127587485082
EK202310133029,159.25578220508942
EK202310109257,133.4642198350585
EK202310208465,146.6984118930516
EK202310003437,137.08810397984936
EK202310147849,144.51503733729828
EK202310172875,144.27889376230388
EK202310195261,147.51135815091547
EK202310124700,137.59232812936244
EK202310209462,136.73625509963145
EK202310190370,175.71687182288073
EK202310166689,134.9767427134708
EK202310125440,138.8806453476928
EK202310242447,152.2092837673545
EK202310208224,133.08850500959215
EK202310164938,143.99959329980848
EK202310171017,143.17377463385097
EK202310221295,132.94621638051706
EK202310116789,134.7466637773683
EK202310245230,140.63970013201646
EK202310196239,144.77579053908505
EK202310217020,158.99214430975005
EK202310149091,136.13365366927306
EK202310188633,139.76185852339432
EK202310145175,134.4839356132932
EK202310184944,144.17702379301238
EK202310116881,141.38453180642057
EK202310133865,137.5094840167763
EK202310170575,153.27225009219552
EK202310217837,134.45574083939604
EK202310142127,132.62647926338752
EK202310220280,141.99428299919745
EK202310220011,152.23064748813894
EK202310136446,140.57522056188594
EK202310167400,148.7876467747128
EK202310136757,134.11282819111238
EK202310219947,124.64796315423293
EK202310215446,156.82269782912627
EK202310113390,160.64062357401284
EK202310231430,131.26526859118738
EK202310190750,149.7134244468913
EK202310218203,127.0299747664219
EK202310232673,160.45735204620638
EK202310172719,130.66497454789004
EK202310238088,140.6437480805063
EK202310122490,130.03791271399206
EK202310141767,133.34424035175095
EK202310164189,149.9733713905584
EK202310131789,159.01100973076075
EK202310131787,143.26649354831883
EK202310111463,144.05512063584897
EK202310189888,133.12422919441127
EK202310123502,137.65052749095577
EK202310248489,140.72346132435374
EK202310104974,132.60081156142726
EK202310133434,142.5961142677523
EK202310122152,135.4228151744749
EK202310223645,140.55215316647417
EK202310218467,133.81176024281942
EK202310200984,134.37925027604877
EK202310246962,142.85187179024473
EK202310138658,142.07835476491582
EK202310135971,124.49604005998633
EK202310145071,134.9411355620916
EK202310236227,163.8122150172644
EK202310161820,136.98518286710186
EK202310116560,144.9743410512464
EK202310147855,136.3078919219071
EK202310198848,142.96684707518858
EK202310126318,135.88327673185853
EK202310168761,152.83302171894005
EK202310236060,141.82158526918593
EK202310194911,161.47431122160614
EK202310232213,131.18538024546976
EK202310123619,130.1494173437928
EK202310129238,160.58512650708565
EK202310239622,143.94926921704368
EK202310130274,159.0206187048218
EK202310136862,127.83662145298098
EK202310144925,140.43664892989085
EK202310117994,133.93527006059676
EK202310145721,167.6569580721847
EK202310166110,134.64239898311172
EK202310153689,140.47927704624342
EK202310167524,126.25994740902438
EK202310171110,153.5876904416232
EK202310194242,131.657887004556
EK202310128824,138.98377592854115
EK202310217802,139.50479324978622
EK202310174759,132.6331621760462
EK202310163258,137.7320965298702
EK202320007136,147.63244570333836
EK202310223074,133.24282737041455
EK202310127999,134.29014935186683
EK202310210697,136.98293345580743
EK202310187479,151.87497652406228
EK202310229648,149.04849627500053
EK202310223615,161.37267572822492
EK202310205259,164.88463627710158
EK202310207915,148.3406299287239
EK202310161035,171.23104069723726
EK202310211684,138.8647848779991
EK202310217627,130.8085809875648
EK202310188184,154.2242010594039
EK202310179703,137.59823723414397
EK202310191167,141.22229023189607
EK202310206412,131.9362932978773
EK202310138851,166.12174421434273
EK202320007328,145.79787287611836
EK202310211346,144.38137114683929
EK202310169209,156.09281239607014
EK202310145302,133.24167784234587
EK202310203140,148.78318701681198
EK202310209732,135.27341890192127
EK202310117958,136.9260454276456
EK202310155922,151.6726014443287
EK202310184930,135.19351245581896
EK202310150832,143.30157200256085
EK202310208806,152.34295741114718
EK202310172410,166.96302036228448
EK202310230235,142.001864162086
EK202310203566,136.94876348338758
EK202310123801,137.6513817463881
EK202310141762,162.54708026644562
EK202310245120,130.3024043022878
EK202310183959,138.83758554021207
EK202310128037,145.23123863920566
EK202310004669,136.3291637923183
EK202310217022,131.97749028039695
EK202310110060,143.09003603216618
EK202310231754,128.62453597711956
EK202310132866,143.23154217062145
EK202310246978,133.18128103890817
EK202310111800,138.21009318473216
EK202310141316,136.8810699334901
EK202310225078,147.38514710723163
EK202310224113,133.46138039434933
EK202310229156,131.39163570590597
EK202310158924,150.71996091866333
EK202310193952,153.49037042897692
EK202310134851,152.82781425486283
EK202310107778,137.6901460540834
EK202310201914,176.8161157511182
EK202310226477,132.95270135347556
EK202310200818,148.70886207242071
EK202310178725,130.2572407471038
EK202310136843,133.14133295828566
EK202310188878,166.66370567802113
EK202310192998,150.58709804155782
EK202310123605,143.3043546130192
EK202310109206,132.68996683654095
EK202310110309,145.8962559511149
EK202310201669,155.22117443873626
EK202310228267,147.29807267900253
EK202310120920,135.6908928269689
EK202310239638,168.59645954855554
EK202310138789,151.8768234501188
EK202310187947,183.2257812819418
EK202310143793,135.4887292402635
EK202310231992,137.15029302418526
EK202310243082,138.6706719146806
EK202310174903,138.03332313503307
EK202310004153,156.82022240645796
EK202310211574,135.20596669452826
EK202310133648,141.60300565259186
EK202310145095,141.03095629695304
EK202310180354,170.8168955232577
EK202310111206,127.50013977187253
EK202310182140,151.05931225756572
EK202310202202,146.99930430506717
EK202310158892,144.9847586880718
EK202310193967,144.8980117475023
EK202310222297,125.76136292790184
EK202310121931,142.1488802311772
EK202310170526,161.80906684754308
EK202310119454,175.57655780923216
EK202310235204,141.0185107584138
EK202310123917,137.4208369140423
EK202310157703,145.5862059747215
EK202310149315,151.50979779390445
EK202310146815,153.85506939649915
EK202310126049,166.03892858550577
EK202310232396,141.5224838459954
EK202310199056,151.635351852797
EK202310141228,138.31235503162787
EK202310196032,178.48659190328354
EK202310107291,150.88138452337074
EK202310122690,150.31689434963374
EK202310236528,134.92938602529765
EK202320007677,144.9228884007354
EK202310210488,139.77648372668133
EK202310207172,164.89735699911117
EK202310182902,140.01954861530547
EK202310139806,188.28956071787
EK202310148583,152.70209770102082
EK202310220644,140.17220491178585
EK202310112733,139.34977963237756
EK202310204401,151.100801466106
EK202310160356,132.88971495174795
EK202310225435,136.44622296494725
EK202310196076,137.44850483295144
EK202310203598,142.38900346084898
EK202310140544,157.1206861630745
EK202310212327,141.93927733832064
EK202310235705,147.41603477793186
EK202310202376,130.56265301538565
EK202310196089,151.09752543044326
EK202310139122,143.4116421418141
EK202310176023,134.989011033451
EK202310117387,129.53473441947827
EK202310192216,150.58606783346494
EK202310122067,142.54082002213465
EK202310224886,134.75364897063312
EK202310234937,141.82359960207665
EK202310196488,149.38859631340665
EK202310140986,135.22623791499163
EK202310104819,148.0637089436949
EK202310192016,151.20499651472954
EK202310230705,137.2947574051682
EK202310191079,157.9582793026799
EK202310224030,140.1305347600058
EK202310116108,127.47802977383401
EK202310216944,146.83452999562417
EK202310239270,129.08608772413683
EK202310179674,140.82719253327036
EK202310135614,133.43245371403316
EK202310196625,131.18889791821562
EK202310244109,141.33741594810408
EK202310211711,144.2060737049866
EK202310175336,165.8722425404984
EK202310155402,133.92591408052363
EK202310110776,169.35437027873328
EK202310246416,133.87073392622565
EK202310180852,137.34295720172898
EK202310173163,138.93377662216184
EK202310146639,159.22155936726426
EK202320007618,145.48381565595716
EK202310245395,151.53193219535052
EK202310175505,150.05898448037476
EK202310196444,149.83698191309634
EK202310172044,130.8214955857778
EK202310140972,167.92448479408722
EK202310236512,135.1736435951113
EK202310141653,140.01365633427875
EK202310236235,150.59563005282834
EK202310111947,131.16488494419602
EK202310129970,133.70716267866513
EK202310156921,156.21245978680355
EK202310111882,138.40021317869375
EK202310142671,150.7407027273739
EK202310225816,132.59151198897172
EK202310129016,150.5848252529229
EK202310216107,128.893993474902
EK202310192345,132.97190113185044
EK202310115608,140.0837619847466
EK202310218293,132.88955732317493
EK202310105946,136.43487130621955
EK202310194919,148.3599520091887
EK202310138207,127.2257516085617
EK202310199908,140.12445450580276
EK202320006707,150.19570606410073
EK202310162516,170.59830493278497
EK202310121312,126.21042864773844
EK202310240696,136.30100011286817
EK202310124904,145.9709674873322
EK202310238291,147.0495312309148
EK202310127974,136.9196011322307
EK202310136024,168.91762977795142
EK202310187265,141.84992858398192
EK202310108072,126.36190655075345
EK202310240013,148.33691534607104
EK202310212042,142.62664266462696
EK202310237376,136.44480703720868
EK202310220612,129.83313654837528
EK202310194509,149.99306811825815
EK202310209569,139.32010453724362
EK202310114438,137.21883871670778
EK202310132881,154.4804874726257
EK202310175705,141.9486865124552
EK202310004055,138.30952140500568
EK202310175229,146.60066093404268
EK202310174345,146.6680754620645
EK202310212490,131.2007551588146
EK202310136810,134.05679814494408
EK202310157304,139.624100383965
EK202310169599,127.62737913897337
EK202310107717,139.88976332472166
EK202310105279,143.31230282864766
EK202310110848,143.47584105782897
EK202310178772,171.56792564776458
EK202310245828,115.7148592089564
EK202310219817,158.1104602866691
EK202310200575,152.4047817837839
EK202310105122,139.3512287992149
EK202310162052,117.16867451489165
EK202310150697,148.0969153301501
EK202310158553,136.38944708519614
EK202310210487,133.29187755707042
EK202310219594,141.140979077709
EK202310234064,167.50784142595592
EK202310147076,162.66839162738174
EK202310168891,154.57079170826947
EK202310230477,171.91518630616952
EK202310151700,139.9862925530366
EK202310105830,157.7785487109729
EK202310150350,142.01195096617528
EK202310221753,143.62447972359305
EK202310117832,129.72028042870738
EK202310192005,130.19324667488033
EK202310236133,141.71486867406438
EK202310128003,134.68955935913053
EK202310192879,157.9455868108301
EK202310127978,137.35858120548056
EK202310145508,140.94334321887766
EK202310112586,142.5906629455892
EK202310241863,163.75984890618045
EK202310221932,142.62027736186963
EK202310132949,133.35875745449064
EK202310223688,174.30969471185665
EK202310143982,132.60759746775793
EK202320006378,155.03449865301496
EK202310104123,150.51711420141132
EK202310185565,152.16662539808422
EK202310229086,134.85559583556653
EK202310133226,154.09321298247997
EK202310118081,135.6696068550628
EK202310150049,146.91802837183494
EK202310135400,129.93285761986493
EK202310116088,137.0218842420643
EK202310231696,137.07474998824583
EK202310146749,144.55369000134124
EK202310111238,142.27348219563189
EK202310191666,157.84379194063314
EK202310135953,136.27537008310597
EK202310161122,166.60412970394904
EK202310228253,140.1986143926716
EK202310153608,163.21760151308962
EK202310138495,157.67881624917112
EK202310145050,133.6989829230961
EK202310206747,137.97367788620218
EK202310203488,167.0906439954127
EK202310183419,162.67779573419332
EK202310129584,135.6769374781533
EK202310131950,124.2956153841418
EK202320006497,140.5327418153944
EK202310158313,137.7853679035409
EK202310156450,141.41508173954244
EK202310206931,168.1444307787787
EK202310224192,141.06629883831954
EK202310181248,150.3860891009828
EK202310139477,139.99807084219216
EK202310106863,137.8053371001594
EK202310113902,140.47030828988687
EK202310177431,140.0171973820389
EK202310189561,164.93722841905125
EK202310206223,137.00639554964036
EK202320005580,155.50595852035647
EK202310240584,129.18158787226926
EK202310193474,131.42074861091263
EK202310106515,140.4869965926482
EK202310134230,141.23167905195606
EK202310184191,137.38052318021175
EK202310120682,135.56883444074242
EK202310169684,134.60269585952565
EK202310119557,141.49361533935527
EK202310126983,136.3654470925402
EK202310167903,142.3478776902108
EK202310133442,141.25546545487913
EK202310210959,136.37050462340164
EK202310212306,136.37947619994304
EK202310230307,128.3559850225887
EK202310212565,138.09979459147567
EK202310192899,144.11173455391696
EK202310170190,135.54233278945745
EK202310153027,154.42953292759356
EK202310114380,138.87544358309987
EK202310133567,167.24348573840302
EK202310214756,156.50088484251754
EK202310114168,140.07504586647462
EK202310217065,157.18841139289026
EK202310169361,144.65345591731554
EK202310165708,157.75483475881745
EK202310228615,133.1498138225618
EK202310209019,154.56831832689835
EK202310132985,124.39366550781523
EK202310110233,122.23802853397065
EK202310143464,126.79827895476285
EK202310136141,147.78422210109795
EK202310226017,146.35917783829112
EK202310155663,129.0155543150611
EK202310195009,151.2367703954765
EK202310126196,147.494697007612
EK202310108026,149.08104917183874
EK202310172643,144.18349310085028
EK202310153423,132.48388575119859
EK202310243003,136.5005438561973
EK202310153678,132.67089638778904
EK202310169206,162.98283136916172
EK202310196881,144.54436731783616
EK202310247696,136.07132125157383
EK202310160692,171.20961505609486
EK202310157186,168.95733840676502
EK202310156752,123.71220469259195
EK202310114419,136.5495325733913
EK202310117232,132.4163895479731
EK202310221881,139.60139020833492
EK202310202289,129.9457599811122
EK202310221155,133.37989815338622
EK202310197000,144.56086589520996
EK202310183680,132.17591170890745
EK202310166065,140.54982605899815
EK202310224104,133.80519590749753
EK202310198490,133.54706782472516
EK202310185320,137.17401482067382
EK202310112969,145.52133880653628
EK202310122531,125.73796393151135
EK202310223294,140.5887748977713
EK202310243257,153.3207405107588
EK202310227369,157.7260088545744
EK202310132379,130.32668471892003
EK202310207889,137.3877495126617
EK202310155220,132.8162776552542
EK202310149989,137.8764390271065
EK202310116304,132.41848963513408
EK202310207654,160.78590139941184
EK202310233148,135.61659251512978
EK202310133990,163.1307998739899
EK202310131881,149.93417242356634
EK202310147674,150.97024260735543
EK202310161848,159.99907514061388
EK202310113742,146.38488723256395
EK202310107292,133.20551637124944
EK202310157457,135.278470785664
EK202310159983,128.51588981616032
EK202310222436,128.48764464035568
EK202310116722,138.63133168107083
EK202310228029,136.2805060951568
EK202310226778,135.15858245962826
EK202310223904,137.72406125416578
EK202310205019,147.22169779896785
EK202310119364,156.3239171674948
EK202310003651,129.03015839955654
EK202310212861,140.04742399541968
EK202310110710,137.49010480533425
EK202310131651,142.24542916868725
EK202310144906,133.68782647706934
EK202310188544,151.24884152886494
EK202310133839,147.51847740449583
EK202310118694,143.55356050079817
EK202310110720,124.5085304001599
EK202310128544,140.32051672681905
EK202310193628,135.7588831868696
EK202310148648,150.41215611723476
EK202310153778,141.02160616086766
EK202310188918,132.94514529639096
EK202310126546,131.14522879197128
EK202310214084,164.76613238014642
EK202310191915,163.62118980243488
EK202310230973,135.33101524904075
EK202310220076,135.6974764716754
EK202310198281,129.27546717993837
EK202310210973,133.83317752392887
EK202310116202,141.39382428306712
EK202320007382,156.7796289555398
EK202310140017,131.32543036958208
EK202310235458,136.98377122698423
EK202310224553,131.00608902503274
EK202310131411,133.62125838824144
EK202310172944,137.63451477048963
EK202310187715,146.05768172665287
EK202310117160,139.33745243253497
EK202310223783,136.14541489573278
EK202310208505,134.36405276422673
EK202310177144,141.4366720833726
EK202310141554,149.92559500887336
EK202310153806,142.86113304445337
EK202310178651,131.27071632794616
EK202310207053,139.4865581717371
EK202310121285,141.43567324134136
EK202310129917,137.19826661155693
EK202310178974,138.15946376978758
EK202310139959,144.37433119384312
EK202310240930,144.76879970505306
EK202310184143,158.45644078264323
EK202310141627,135.56371853249152
EK202310248495,136.6082589623259
EK202310210251,137.5039957742568
EK202310181393,132.48097258853647
EK202310203408,168.91510812886804
EK202310210221,139.1544579145694
EK202310153228,148.77165213611775
EK202310181161,146.6104210430846
EK202310122291,156.1696003984257
EK202310219649,144.49922795006455
EK202310108802,145.41642269957373
EK202310147915,152.2489605098987
EK202310219111,135.75997635794735
EK202310004516,136.6216986883
EK202310187796,139.68842287575507
EK202310152632,160.17659023649693
EK202310234189,127.93095379718888
EK202310248401,132.8196041083094
EK202310198077,139.57384251703493
EK202310182281,168.67135921601178
EK202310173305,136.84276789798233
EK202310191194,155.66324589127996
EK202320006641,187.58370658714074
EK202310187839,166.37145552408808
EK202310166786,158.12267935160074
EK202310104248,143.50608457179513
EK202310140808,147.22351123960948
EK202310154881,139.4803679997771
EK202310158734,150.8587127940761
EK202310198034,137.2373608628269
EK202310210288,137.06640931875242
EK202310115555,145.1584835547185
EK202310122253,136.54736786095748
EK202310208001,144.41499602780416
EK202310247301,153.73154901907304
EK202310158412,136.78212407406494
EK202310133516,125.56758927875866
EK202310199724,165.70806848968277
EK202310203434,130.52611650784118
EK202310149601,147.97974283932294
EK202310207662,124.25749971192596
EK202310155823,165.178361548872
EK202310155070,135.89700861095153
EK202310003692,159.85827030036174
EK202310112220,135.85592184338617
EK202310210474,129.37660706158948
EK202310174563,153.4377399865524
EK202310178481,165.47924735728444
EK202310161746,148.28712248312212
EK202310184759,139.97151542747844
EK202310214382,159.96101026442233
EK202310220383,138.4403498380966
EK202310181896,146.8578131063275
EK202310109101,144.65515932788745
EK202310111874,140.63754215983082
EK202310239939,145.76758465630536
EK202310146648,123.65073040602853
EK202310147888,152.6050404448141
EK202310228585,134.02604486371916
EK202320006300,172.01799876502812
EK202310157823,131.69404825191606
EK202310175416,138.23465210136297
EK202310191246,148.44087012231958
EK202310241025,139.9596507483967
EK202310175713,134.5796091747461
EK202310165199,134.1959545515685
EK202310229611,134.4873750391784
EK202310167463,162.9520423358152
EK202310125411,135.49643816685077
EK202310247310,142.40601641254955
EK202310131556,145.86794225894707
EK202320007526,161.8718716984318
EK202310109396,140.48033030128084
EK202310243612,146.53642409064062
EK202320006821,162.94401454231362
EK202310191818,157.9796626827999
EK202310206573,138.20264318419447
EK202310176203,163.16378901909036
EK202310113063,150.31689434963374
EK202310152411,145.57828967263492
EK202310186297,158.42235901899724
EK202320006177,148.24606543946123
EK202310184504,168.483846060639
EK202310118343,139.0086348543079
EK202310166342,165.9102276632372
EK202310238948,162.62326519489358
EK202310226471,134.36134876014742
EK202310153486,130.59042005986703
EK202310146780,135.39271089256792
EK202310129676,131.88502953107914
EK202310230251,130.5027952853048
EK202310227178,140.72925760843043
EK202310148962,155.37479810882556
EK202310235140,156.5348255272433
EK202310158736,167.21553336464913
EK202310208299,148.82120243224918
EK202310205311,140.83581996649417
EK202310140268,129.97339617571458
EK202310158411,136.14937754400833
EK202310120168,134.24890868023098
EK202310120164,134.3535978879906
EK202310191318,141.76036848663787
EK202310124551,147.05986948925855
EK202310133393,127.46558453068245
EK202310244048,137.24488998081117
EK202310209487,143.05420364281147
EK202310130550,134.0493629751283
EK202310134976,159.5704689982518
EK202310113614,128.54039161679387
EK202310237767,148.95043732980866
EK202310120386,130.68276774347953
EK202310190693,154.56760579734484
EK202310158340,129.0549208414513
EK202310185631,158.7789632933666
EK202310193894,135.67563968597284
EK202310232391,133.3742664967892
EK202310129047,138.02695708244022
EK202310187052,143.53137044662543
EK202310174623,139.1013421874512
EK202310149978,139.2902259799021
EK202310238712,141.0555674125684
EK202310172389,167.4698366982015
EK202310187833,132.79933537819778
EK202310238335,171.01772784786525
EK202310232031,140.66242924899893
EK202310224185,137.09100230899037
EK202310166575,139.22952386019938
EK202310119974,130.92030299006305
EK202310195917,127.31324665060048
EK202310174762,145.30988025761036
EK202310237282,129.3179927833286
EK202310112142,142.77530212028017
EK202310107661,145.75889477123263
EK202310197179,155.16351691992816
EK202310154174,156.44900734868642
EK202310241892,138.6554188166748
EK202310178171,141.9274488172471
EK202310134220,152.05329648492796
EK202310200711,139.07037798033002
EK202310190031,179.79793366376634
EK202310215938,158.0540964367163
EK202310125861,139.72821504791233
EK202310143873,155.98434541567985
EK202310165035,139.96032764919212
EK202310157391,138.02812767662297
EK202310216624,140.15436102785628
EK202310136516,129.17336471262146
EK202310175267,172.1698949401203
EK202310139527,136.05198851499816
EK202310145890,147.5080004503843
EK202310207934,142.0279302808189
EK202310216534,142.44667057942075
EK202310243402,139.08318249799444
EK202310125822,139.1159044997
EK202310210671,138.17976868706575
EK202310118842,137.7123538100898
EK202310242780,134.2467735359841
EK202310183963,133.54148103083614
EK202310192132,141.01204460885003
EK202310158172,160.2017918816977
EK202310107920,149.31205514335838
EK202310116588,136.4525253390419
EK202310157004,155.01571424388916
EK202310203397,177.73152147377718
EK202310145727,172.67875224767462
EK202310134294,150.96624781177505
EK202310161573,162.57591182045383
EK202310163914,153.6687578338233
EK202320005749,156.33483837119255
EK202310004457,141.80414827886787
EK202310198895,125.7314590690144
EK202310200079,145.326295347132
EK202310236220,158.43186206337222
EK202310167195,147.79849465806964
EK202310190621,144.98032802920096
EK202310126857,143.04637555971883
EK202310221597,151.0643957226759
EK202310139743,163.1148860047077
EK202310173860,151.43522522494195
EK202310212130,140.61646740050097
EK202310238113,147.79006854219446
EK202310232782,152.24946844906023
EK202310231990,151.33551693633603
EK202310154189,133.24279461894204
EK202310111012,136.76761811384637
EK202310208334,133.20788773822758
EK202310222126,139.60612005445248
EK202310206217,136.7751371020346
EK202310185801,126.28979967230582
EK202310207901,131.14039285449138
EK202310121054,146.23234892545278
EK202310188410,162.9423071238385
EK202310203904,142.14336931450313
EK202310230514,137.89306750341743
EK202320007184,159.5190121995602
EK202310196925,179.35677775227254
EK202310201983,136.07703770164596
EK202310242071,150.13087560682644
EK202310242487,148.43279188737756
EK202310174134,172.6316741241592
EK202310221304,134.67965035907446
EK202310146366,130.08472397526532
EK202310242718,135.5606876176099
EK202310158582,151.19742524104132
EK202310182050,154.07797524654796
EK202310110321,127.89233777395367
EK202310126720,139.65373739912857
EK202310145134,162.67500846706432
EK202310134228,140.03724965850813
EK202310151176,127.5015500784023
EK202310159471,125.27484223306176
EK202310197298,137.29581958948236
EK202310114442,146.5419299721064
EK202310216170,127.60419240628988
EK202310126914,136.6071123695838
EK202310160897,180.62756990207
EK202310241296,152.2518335168681
EK202310145492,135.13929635367376
EK202310142012,153.7964185493158
EK202310141538,145.5918755088736
EK202310154638,152.26332190386248
EK202310238848,168.99483605683446
EK202310139821,131.22236326293518
EK202310108173,137.26544185978403
EK202310119610,132.82236051591605
EK202310242565,153.4888385173481
EK202310186446,162.81121504145642
EK202310144153,130.9544067252455
EK202310234883,139.58235960513707
EK202310124017,167.95475131535972
EK202310163758,151.88635707512248
EK202310203597,153.7500941866215
EK202310104417,131.34334756279947
EK202310202155,146.87093971488653
EK202310245823,129.72284582697043
EK202310203079,128.00302190431364
EK202310161636,161.21138856322483
EK202310144165,130.05491657478728
EK202310204775,135.91038724621063
EK202310167770,156.15348793544825
EK202310215963,142.53681766815117
EK202310133633,140.6052183990522
EK202310214866,123.01697109753812
EK202310180646,153.30186031443264
EK202310167541,135.34134823009353
EK202310136641,150.65103822826512
EK202310148939,152.82874843714725
EK202310103722,152.90362033802572
EK202310179303,150.95224105988595
EK202310200620,157.16456979307185
EK202310125714,136.04999177027986
EK202310204522,141.70128734954105
EK202310150835,149.2678798427982
EK202310130780,132.5071265132607
EK202310105814,132.54927360173872
EK202310172033,142.3110614819759
EK202310201852,143.2376830695354
EK202310148715,149.46030431388562
EK202310221644,125.22533542361248
EK202310114274,141.53344694625625
EK202310178264,151.44243188633473
EK202310164025,144.7012843972139
EK202310204651,148.13710409415037
EK202310141344,149.29015951384656
EK202310185886,167.7560501611567
EK202310203443,139.83396126870886
EK202320007693,149.70149821200937
EK202310236673,146.86079197081597
EK202310205537,190.70980322412623
EK202310215661,138.00815725055844
EK202310116840,127.0908376313076
EK202310179840,155.03552360031867
EK202310178802,161.94526293715586
EK202310124043,135.7303862371017
EK202310160029,149.4671684997801
EK202310166756,145.98016376290457
EK202310234362,131.67508552828804
EK202310130046,133.83287303675044
EK202310175285,132.63912366403264
EK202310155324,145.75756004628846
EK202310110760,140.09117952132746
EK202310167871,137.784492057233
EK202310111911,137.906058608993
EK202310105964,137.22165343369622
EK202310187240,142.29991856455175
EK202310228002,141.9126125897635
EK202310202448,154.28147230762949
EK202310144304,138.0645904621885
EK202310132248,142.33619365728006
EK202310200767,133.9251954798715
EK202310246600,140.91384459139763
EK202310156024,145.117206172605
EK202310124951,131.67624783678664
EK202310127803,111.23907351249802
EK202310212512,145.60184685399884
EK202310237901,132.52186299774016
EK202310123799,138.19472892218238
EK202310122255,135.30467822292118
EK202310140607,130.70530715030662
EK202310214168,141.0941963239024
EK202310205290,134.1796969901194
EK202310201590,133.65971024083672
EK202310246716,150.78363471030517
EK202310211043,131.06384826275243
EK202310245155,138.42007418475103
EK202310146684,143.5607320039042
EK202310224856,164.8936044924822
EK202310149244,138.827379180812
EK202310130714,127.43470403231682
EK202310185702,152.99049252174103
EK202310105075,132.1282585533862
EK202310103937,156.70270759875305
EK202310219458,134.3796831116617
EK202310220878,137.75588334096707
EK202310114846,143.23577117981665
EK202310165810,132.18848171328082
EK202310188784,157.37749913425773
EK202310119305,126.82797816076396
EK202310142173,134.2913949499221
EK202310218752,141.52498048642818
EK202310191456,142.83405370692572
EK202310110108,132.64687055766126
EK202310159818,163.69397474123903
EK202310151468,170.76501316626906
EK202310107315,128.95692709197112
EK202310200556,166.7761082657936
EK202310217485,140.27876542588038
EK202310206013,130.3783626277257
EK202310004134,152.10890201479447
EK202310124207,131.85713767009153
EK202310216869,150.27349894743594
EK202310112622,150.16335556969977
EK202310239660,138.44771188268274
EK202310236964,133.37000319924476
EK202310182396,148.97581498988893
EK202310213788,156.7118224586543
EK202310193031,169.45773473553558
EK202310181134,129.5234937933893
EK202310232914,138.77122215738171
EK202310229534,137.9891189552485
EK202310187612,157.70069754455116
EK202310186706,148.77234814921687
EK202310146528,150.12824991800613
EK202310201671,134.1721956544857
EK202310155878,140.22960366807493
EK202310186935,134.0375055487183
EK202310165048,138.69270769949807
EK202310214244,137.93531442860797
EK202310003448,131.3413103175672
EK202310237813,141.21103716917654
EK202310229380,131.5252136089119
EK202310136410,138.95764596240883
EK202310181792,144.27939954940558
EK202310174073,145.82869124673135
EK202310230921,136.7725476033181
EK202310131346,130.9794089497181
EK202310167144,164.07922497062546
EK202310198792,131.3736262838663
EK202310230863,141.2834291825084
EK202310116803,137.0175626915722
EK202310161651,167.9515822583562
EK202310140098,132.01975623681085
EK202310147311,176.5842725526761
EK202310228798,126.24743550719046
EK202310166857,160.85841466637353
EK202310204207,144.31076221067815
EK202310181214,145.84773764016535
EK202310163102,148.65375542964333
EK202310132529,152.49961937891356
EK202310194194,161.60401809580443
EK202310185194,148.80961903906373
EK202310139315,130.54181503198362
EK202310133963,159.00786407908797
EK202310107375,133.01220753296462
EK202310183190,135.78782815225347
EK202310150967,130.48699847996326
EK202310235477,128.71449355204348
EK202310231329,138.508460995765
EK202310151218,140.91797985753593
EK202310117961,136.33433599133443
EK202310115637,126.81010149183132
EK202310148316,138.30575782410318
EK202310189439,183.1144382625039
EK202310183291,169.65461174068238
EK202310180341,160.75338817874913
EK202310195359,152.32584416190434
EK202310168437,168.3597986060464
EK202310239724,136.35021514994574
EK202310120281,157.38196631237025
EK202310154084,135.34699446317046
EK202310202226,143.14614825377478
EK202310211847,128.57112229909936
EK202310225040,150.3178760049173
EK202310148021,133.4495538326482
EK202310219384,145.94354241728104
EK202310189651,176.57789693947802
EK202310172718,135.63227430978452
EK202310154499,141.76879534220316
EK202310199387,151.71071778885414
EK202310109346,146.66549606788877
EK202310151918,140.304843109563
EK202310138435,134.1253300662098
EK202310208281,147.57623139914202
EK202310144236,135.17774558810544
EK202310169290,146.23440018631987
EK202310120393,130.25385705840986
EK202310183688,141.61001914658212
EK202310192046,130.61044677659646
EK202310141942,141.51046720626934
EK202310120519,126.58632814204368
EK202310226413,135.28993045333226
EK202310177117,145.5034402484856
EK202310217940,135.41435485204707
EK202310170501,150.57315055737243
EK202310223357,142.83764283238196
EK202310245835,121.1142778600308
EK202310137793,130.49670240841397
EK202310174008,149.21589734715758
EK202310209155,133.8797121075797
EK202310177866,136.37197772192226
EK202310137396,149.38231418534767
EK202320006094,145.82382303200438
EK202310237036,146.33837019256256
EK202310177476,141.46089459654456
EK202310218927,137.8577033981242
EK202320007708,178.94523122807817
EK202310150749,142.66528841889303
EK202310226921,140.79714059607556
EK202310134168,147.241855071016
EK202310198694,179.96611911365025
EK202310153758,135.460155609545
EK202310164887,144.65967714802963
EK202310235542,166.58136531438825
EK202310175801,135.98476746439684
EK202310201383,151.46695417098567
EK202310003604,133.455198606663
EK202310132259,161.70364021923183
EK202310223451,144.70162597910834
EK202310232766,153.9264350762306
EK202310162702,130.15904016397806
EK202310191785,144.44303235926589
EK202310222647,133.31394244161962
EK202310120606,129.4242951461818
EK202310196738,136.7667648939703
EK202310167031,156.45200377642982
EK202320006878,153.81868084394185
EK202310128617,168.9403404477503
EK202310156730,134.86159557711818
EK202310154328,121.82538967730446
EK202310199723,166.17464257461154
EK202310204015,165.7814097571569
EK202310165125,146.1709075474235
EK202310128837,141.91274565906443
EK202310109283,143.9846945450635
EK202310140754,157.42019688683652
EK202310133445,142.22659879138374
EK202310215163,141.84005767776247
EK202310152379,145.5836084561744
EK202310222153,127.56815208692798
EK202310168369,136.3899423634957
EK202310146927,129.1072815841629
EK202310233613,141.53463933789837
EK202310194475,136.97490652928158
EK202310176902,139.2136165603702
EK202310109845,136.19207841433348
EK202310143688,135.49545788022778
EK202310223718,136.0410654430548
EK202310114527,134.70376648537393
EK202310120556,141.18350216404147
EK202310228552,135.87171299614005
EK202310149970,140.09019405729185
EK202310199626,135.97727759578729
EK202310214977,146.70143856884755
EK202310184953,154.96970954057994
EK202310004437,136.92054430405065
EK202310213912,147.8482975535546
EK202310151119,134.04741945362733
EK202310171466,121.78050788324839
EK202310152063,150.4401301485696
EK202310137186,161.86949290518143
EK202320007104,146.91329589863446
EK202310202185,145.75322354297003
EK202310226204,137.92656058138527
EK202310189423,134.8979202177353
EK202310192491,149.7123928330749
EK202310187212,146.6284265044558
EK202310192179,150.6760859716261
EK202310126111,132.24592063448588
EK202310175586,150.3290961623012
EK202310194758,149.03756726427807
EK202310214384,160.31712308049944
EK202310179433,145.52677518070533
EK202310118937,135.10624608648348
EK202310230656,140.34267448604
EK202310212922,149.80223747073836
EK202310223591,128.2458572037553
EK202310182731,149.83906919365015
EK202310197092,143.33163310883575
EK202310188601,143.5455544934785
EK202310185962,172.35260543760353
EK202310154873,135.41713417230034
EK202310140333,125.54273700877961
EK202310239540,138.6943126640379
EK202310207256,127.40638410689084
EK202310193996,157.7194908449284
EK202310196769,147.86058551391918
EK202310123958,149.79037662939783
EK202310240085,138.6550749326669
EK202310246484,126.5013794844124
EK202310147689,154.61862034763783
EK202310189701,128.09789097840977
EK202310237575,140.45016748012085
EK202310219357,129.25546999587212
EK202310120804,132.281367047333
EK202310125732,148.81721175421134
EK202310167873,132.87686159149217
EK202310247821,130.0198213774546
EK202310206331,177.90602139729353
EK202310131746,144.16713488236218
EK202310125465,130.48577743545044
EK202310137591,136.7513008886646
EK202310146755,133.91299102333903
EK202310145331,158.11563545651546
EK202310126909,132.3730712035768
EK202310176521,133.36060065325114
EK202310160650,139.18372554024404
EK202310114819,127.54314665437718
EK202310218236,140.70410081978758
EK202310204841,155.40543198881554
EK202310004910,139.44236104275117
EK202310146653,139.6667373785121
EK202310188782,142.48998021653205
EK202310125945,142.2341507382271
EK202310176437,138.53168136095863
EK202310193288,138.10279477273258
EK202310178658,164.85986399698737
EK202310150054,142.10064709838935
EK202310142919,149.91978269711402
EK202310222262,130.4602552378984
EK202310235742,164.3847467278925
EK202310113166,145.44486794025497
EK202310224000,166.34919239267842
EK202310198993,137.7235685005867
EK202310228553,137.22940634898757
EK202310190794,139.30047675510679
EK202310201535,155.28045814560195
EK202310165775,139.95997809084014
EK202310173099,133.3135979726496
EK202310152431,159.85012718935465
EK202310232652,152.9193016553793
EK202310182578,136.98669323950193
EK202310176081,154.02072714614536
EK202310168495,126.16184735776496
EK202310243081,144.4164187551981
EK202310214666,158.71698058409183
EK202310173376,120.71244207307662
EK202310185049,138.30257929500127
EK202310151788,137.88721141257162
EK202310142398,139.70905685428656
EK202310191734,155.17464406599558
EK202310185366,139.71230235500374
EK202310110653,122.57960809553975
EK202310197984,137.24061082186304
EK202310212461,132.9474352595483
EK202310220987,130.8245370379871
EK202310114458,127.65759242583921
EK202310167289,136.57432389227176
EK202310178582,141.29899550232787
EK202310135726,147.38611601699296
EK202310208307,131.32471425268912
EK202310186529,145.6680701024143
EK202310163685,138.64039834342847
EK202310204304,150.93708956371643
EK202310174269,138.39731636302156
EK202310169002,131.0108352637745
EK202310195183,154.6328788404779
EK202310172158,143.00090006711798
EK202310195251,146.86956175966668
EK202310217760,141.4740839625516
EK202310233545,139.5001902044336
EK202310146187,138.61667147481683
EK202310201834,148.38124800541237
EK202310172626,149.94195960151515
EK202310173313,150.0251077306858
EK202310151898,154.73663293359039
EK202310112427,130.02959102841768
EK202310202848,150.06199603222908
EK202310106441,147.09584081936333
EK202310200903,137.7600686231151
EK202310211769,134.1199093759151
EK202310210065,131.03410258692395
EK202310243416,130.76839869871753
EK202310178697,166.29997900544402
EK202310161358,144.810824281531
EK202320006190,160.17220459563674
EK202310180462,142.4550836990243
EK202310162539,181.1728890959623
EK202310148977,150.51588079795536
EK202310194237,137.37837781902587
EK202310223514,138.1124247344789
EK202310162269,137.36971967824317
EK202310121844,132.4246010792412
EK202310124866,137.23988270051223
EK202310107700,160.14836160791086
EK202310221161,139.03787788742815
EK202310245562,129.30092589108008
EK202310179235,128.82217842767776
EK202310124532,139.3551535403081
EK202310128389,164.61952518361673
EK202310129800,148.7448560967708
EK202310207578,140.26104068140395
EK202310193457,142.41398535529856
EK202310206549,137.64558322820278
EK202310192075,139.79819591921114
EK202310234817,138.57553950680807
EK202310152042,136.5679258093729
EK202310199732,138.0370227450182
EK202310106385,142.60779890137124
EK202310232034,137.61619206034408
EK202310225160,147.70008231379842
EK202310168514,172.103593685848
EK202310196347,153.1136473037784
EK202310132598,142.385696686174
EK202310193609,140.10200620178506
EK202310112508,137.4116677617791
EK202310155472,140.03483118999947
EK202310177321,139.6316987329283
EK202310128022,142.985252018653
EK202310206990,136.68498633129943
EK202310142239,138.63105799782704
EK202310129832,133.8030430865796
EK202310213810,140.08008407178735
EK202310198404,144.2044900197402
EK202310003754,128.96273766378758
EK202310133307,133.93535958937673
EK202310155718,153.5690959543412
EK202310124975,138.95256267533247
EK202310238569,135.26530960802964
EK202310155626,146.06306367109704
EK202310109451,129.10933772986053
EK202310156701,122.56078838412044
EK202310112702,136.11887153913904
EK202310219593,131.06967312309234
EK202310236091,141.66659689000812
EK202310109465,141.99896993021798
EK202310239232,133.1256487048141
EK202310153092,133.23854561355427
EK202310142926,166.57494632813908
EK202310195282,157.6211427315215
EK202310144631,145.76621310489224
EK202310158174,133.44745295095876
EK202310130498,146.29157021093891
EK202310152250,142.61348236870853
EK202310154816,146.44054922217794
EK202310187452,147.6146015281077
EK202310130712,130.8179046035919
EK202310225931,135.85638914810156
EK202310212154,142.58304917715444
EK202310180982,166.744692238124
EK202310187065,134.41330705798313
EK202310231143,130.6176629765779
EK202310244459,134.6598293273226
EK202310117863,134.5525416519953
EK202310104458,142.14997298274378
EK202310228846,132.14940168891158
EK202310129898,151.52125091294312
EK202310160315,155.4505706722999
EK202310146629,140.0000714528673
EK202310166930,168.17484748722254
EK202310242374,148.85565064679128
EK202310210376,146.21198143863245
EK202310197387,139.22235168641973
EK202310136364,140.54554616619743
EK202310204149,140.37000929343446
EK202310107806,155.09390704722028
EK202310233474,144.37261967479003
EK202310228559,141.17072430833633
EK202310138215,130.40279295858707
EK202310143063,139.3481850503702
EK202310157985,141.73688147679044
EK202310190599,134.95152188975862
EK202310114903,134.71918050080367
EK202310133276,129.5276604755875
EK202310132588,130.0587425023532
EK202310004157,147.32664309601927
EK202310152358,166.1911165642213
EK202310111141,164.00770104011588
EK202310200435,135.16686103036602
EK202310204982,147.38988679947317
EK202310212495,126.68562520365187
EK202310183601,153.05657637784836
EK202310214375,157.0028374523355
EK202310210198,132.9161108629792
EK202310167063,161.3711994756623
EK202310149576,154.00825003865208
EK202310132215,144.8672121357579
EK202310163904,163.3907720995494
EK202310200956,148.97453212870332
EK202310180120,158.31458048200633
EK202310121104,139.71371957614116
EK202310203655,160.90304084077874
EK202310194561,155.1053983099323
EK202310222799,139.64652348043776
EK202320007041,140.5644862242149
EK202310119052,135.7853356938918
EK202310137233,142.41430659163336
EK202310187775,147.5298667043502
EK202310232434,140.51276272388154
EK202310205717,149.12814703708577
EK202310221339,149.47747996741415
EK202310123835,141.98868002461833
EK202310232532,136.61697687952082
EK202310107165,135.26701145356074
EK202310203436,141.0465678655098
EK202310169851,135.60269403487342
EK202310193274,166.66964960629312
EK202310151878,137.88102274726592
EK202310180128,140.26198377145948
EK202310150220,133.86375548731834
EK202310187751,142.5322888606661
EK202310162881,145.35275348432256
EK202310192822,183.14290939985702
EK202310195620,139.16513275977513
EK202310135344,132.74644598019194
EK202310190721,151.80397636579693
EK202310121180,142.16338303548898
EK202310197995,166.9988692695522
EK202310238294,141.66113332837554
EK202310181201,149.1843335059757
EK202320006195,158.03455729685592
EK202310144714,130.10832781171297
EK202310174694,163.12323744326176
EK202310130143,160.05890952637466
EK202310213402,131.28361002448943
EK202310164458,158.53060101934383
EK202310138233,139.42595304539245
EK202310196325,157.16410514622677
EK202310230287,132.40336374609527
EK202320007443,146.5545210712271
EK202310237310,145.44763998578554
EK202310188028,151.06859293644737
EK202310221385,138.71760999277797
EK202310201433,137.84113935187142
EK202310210894,135.46678364734186
EK202310144757,129.427074265064
EK202310230555,125.52291204709091
EK202310127197,157.98713010850489
EK202310210367,144.053677456163
EK202310107406,138.27670629055618
EK202310201552,148.38793175526976
EK202310163315,135.9932260065946
EK202310106204,138.62758687619365
EK202310189865,136.8118195067187
EK202310143319,155.3256416624054
EK202310187989,142.13292299426197
EK202310204280,147.8149335054943
EK202310166053,173.31702266084554
EK202310179719,153.32703447111052
EK202310119334,125.86514366489885
EK202310212088,135.20002461067799
EK202310123364,140.00572334304735
EK202310235184,139.25362330168397
EK202310150098,131.63786051504354
EK202310219013,144.344467168064
EK202320005598,152.68282641734285
EK202310122400,146.14896760370996
EK202320006069,150.3923658363233
EK202310240606,133.78721937719598
EK202310192122,157.39653501351333
EK202310239991,143.07935349938765
EK202310129077,139.39792765566756
EK202310246377,129.93468510648194
EK202310242482,150.22482719113648
EK202310162862,143.43790168112497
EK202310217556,138.49931973853316
EK202310136375,149.52605288345484
EK202310193072,142.98147038376402
EK202310232709,126.33758148878174
EK202310137784,135.13693326342258
EK202310195933,156.05265956790046
EK202310190342,135.11742362377566
EK202310128675,145.20832359890076
EK202310156867,137.86312085479366
EK202310148670,132.1062680860666
EK202310176460,126.37531325499391
EK202310129961,167.2898702817753
EK202310146909,134.5177813177554
EK202310138497,142.28619163513488
EK202320005583,150.76526595452927
EK202310139679,161.5896403920601
EK202310138331,145.3622769365515
EK202310183937,163.1283616161912
EK202310180455,146.0627423943423
EK202310197763,133.77274024975807
EK202310196627,164.48525741382673
EK202310219790,145.97201835873355
EK202310185905,172.28483158571052
EK202310004706,131.10539650186368
EK202310181268,122.38517276109815
EK202310219922,131.28263486368382
EK202310149625,149.91398637350719
EK202310200086,154.88744570685662
EK202310214446,149.55946992562485
EK202310244555,137.1018576143125
EK202310203678,154.35677979322728
EK202310121725,142.9728193998684
EK202310178580,147.08439057915163
EK202310231258,136.76821225556873
EK202310116413,134.96689748582048
EK202310130519,144.40065616664154
EK202310114605,144.5529296702309
EK202310104328,133.32406613189195
EK202310217095,136.3868204377054
EK202310159014,155.34486653534958
EK202310240255,142.04210252071877
EK202320006678,182.3403075247675
EK202310127358,156.27775486926774
EK202310228371,137.80227984286657
EK202310212880,143.33179991410563
EK202310184252,158.295393272036
EK202310222457,136.9563381863496
EK202310106525,147.8868813447724
EK202310212900,138.7541814146154
EK202310164200,171.58001634010603
EK202310141506,140.24822417484646
EK202310124179,119.25543920753235
EK202310210747,133.47235028720846
EK202310104325,135.4068651345262
EK202310171837,139.1694218331206
EK202310183388,137.64053131552043
EK202310175474,147.38950104758746
EK202310161361,145.89925115447966
EK202310163883,143.58516835026114
EK202310233128,131.5538798237903
EK202310199650,162.62879703826516
EK202310107707,147.48829529854035
EK202310112036,154.58813156762358
EK202310152162,138.18205957798895
EK202310115154,143.45156823285785
EK202310106295,136.84610732467183
EK202310209811,137.95708647253133
EK202310170779,139.76627598871363
EK202310132319,133.74380953780246
EK202310176117,161.5577211978994
EK202310109117,124.71444856672575
EK202310146050,124.2085921450928
EK202310189377,177.41144421713133
EK202310108901,147.5289585348959
EK202310129280,146.68985913550728
EK202310186201,144.04269814112894
EK202310125879,143.1696182647964
EK202310223489,159.38989331271839
EK202310195362,161.96692396572905
EK202310168199,129.32893719375974
EK202310123430,135.78370387472813
EK202310169481,172.9762229596541
EK202310212350,129.6387666658602
EK202310204165,141.07007441373875
EK202310116597,149.32200960775705
EK202310178940,127.9821619267481
EK202310181172,153.5548875230533
EK202310232407,129.99795677637277
EK202310120201,127.6074669178164
EK202310132088,188.78761771799412
EK202310176583,143.202111203245
EK202310116485,140.31756438590415
EK202310232488,129.0781949008298
EK202310185248,135.68433049748438
EK202310114195,129.2770406116795
EK202310171527,132.7554831229753
EK202310239847,144.11746528011093
EK202310109025,130.93352335736466
EK202310188543,139.44086688896243
EK202310164772,153.97262047552405
EK202310220946,131.6532817252863
EK202310157893,160.74340845377563
EK202310130096,156.4303199846162
EK202310215475,130.42376020969675
EK202310175525,148.7166621766549
EK202310241739,142.96231832292696
EK202310149577,142.5661383775607
EK202320007764,142.83776589901345
EK202310162677,161.92462408086413
EK202310118455,138.42994084327398
EK202310144170,137.8860739953382
EK202310123446,160.03132888842572
EK202310111614,150.77935229279754
EK202310148681,157.49395785054352
EK202310135706,131.8163576892369
EK202310169610,136.10157083815753
EK202310154626,154.87291100125833
EK202310186396,138.0272626318735
EK202310130384,136.58205625114647
EK202310139999,133.07492085089905
EK202310173443,158.25307791447707
EK202310172753,150.00399656195412
EK202310150539,149.12741627889616
EK202310197972,172.97117359086408
EK202310167038,142.23554114280648
EK202310121549,135.8641201900499
EK202310144749,148.50868023127236
EK202310129763,134.38756715802486
EK202310105138,133.0372350533809
EK202310145803,131.89068567541128
EK202310150239,136.24934423936918
EK202310169489,137.45750829001094
EK202310138665,145.53816312367545
EK202310123078,128.24761802987507
EK202310219135,131.04105364065674
EK202310116443,130.44774477593973
EK202310195859,156.35912628012602
EK202310118292,133.99104621332953
EK202310134982,162.97864381956126
EK202310236579,138.21358058482912
EK202310145251,142.40608556202213
EK202310144320,133.18115475730804
EK202310165413,131.6424506150161
EK202310164223,142.76750150036537
EK202310178660,143.46112666087924
EK202310152292,162.05033035638448
EK202310232276,134.50357481360808
EK202310227732,140.861322976886
EK202310155773,148.5716155763023
EK202310188232,165.0463500072188
EK202310182770,131.2689413031839
EK202310202719,141.2352190145503
EK202310138556,147.17086547543204
EK202310239172,149.37696321953166
EK202310151877,144.21325098154074
EK202310116662,139.13828949211617
EK202310206983,133.5701075824402
EK202310161922,143.91601155704478
EK202310116370,134.1182407068744
EK202310216242,153.75996986768172
EK202310223914,133.93974882908148
EK202310183638,141.05377144579154
EK202310180955,168.69394085800596
EK202310135432,146.67823464568565
EK202310220264,126.51831434123169
EK202310241824,162.66684229347715
EK202310175340,168.85183937650538
EK202310123572,133.26463166869613
EK202310228745,139.9808264814405
EK202310150402,157.86148586665777
EK202310123048,137.9759214091366
EK202310245625,153.9055466408119
EK202310004596,135.32937122875177
EK202310187568,131.52927099484737
EK202310004796,140.66154892798323
EK202310206482,155.18298476980638
EK202310152723,147.24551035305416
EK202310144324,136.52902841400308
EK202310182703,157.22768470269972
EK202310207031,142.7322655842282
EK202310224829,130.63897509469228
EK202310194916,135.19242954284138
EK202310158171,176.59465089456106
EK202310237739,152.39280800878478
EK202310233535,165.7067154017455
EK202310159582,149.69713133071713
EK202310157407,130.79285398953758
EK202310222554,136.7383492953453
EK202310209992,137.89615295945418
EK202310197773,188.1894208051533
EK202310219559,148.4931344230811
EK202310149590,137.44050936192207
EK202310172229,137.67576056067247
EK202310179759,145.89674635726564
EK202310141351,135.5106695030012
EK202310202674,136.61763050915323
EK202310150237,135.59765911742682
EK202310131854,155.3287440043673
EK202310209299,142.7405662872868
EK202310152323,173.76686840736087
EK202310130424,158.3798091850135
EK202310219110,145.02062926128664
EK202310208971,142.3022258561103
EK202310175417,132.2059234945107
EK202310178979,140.60305996147758
EK202310149330,142.31926832681137
EK202310214732,148.1951216581739
EK202310151284,130.9461177967638
EK202310246323,144.8968258163256
EK202310162754,148.5863726566738
EK202310142435,166.01577344394087
EK202310218666,144.0714208418359
EK202310221049,155.53439743288672
EK202310173708,138.52578948314664
EK202310192941,128.23212814481474
EK202310126047,166.61432235523554
EK202310241369,141.13090521280265
EK202310183820,161.4814774238008
EK202310243559,142.1538002885704
EK202310148350,142.6610014671365
EK202310224931,142.9029748158527
EK202310236248,149.75907623738078
EK202310156811,135.93574016007184
EK202310224565,133.94822499035953
EK202310203958,136.15284325478572
EK202310119312,128.06582165773085
EK202310178028,134.5001231952969
EK202310186588,156.5130330467891
EK202310139697,148.82769751378015
EK202310197136,144.67167193576685
EK202310220806,137.14167512708457
EK202310222987,155.77697236168893
EK202310161970,136.56369824916771
EK202310208174,163.06367624216674
EK202310118068,134.48490045710778
EK202310131022,141.9998543773405
EK202310122159,137.19754995567666
EK202310216067,124.89702393444706
EK202310245924,136.55232687187515
EK202310111788,139.6376629015034
EK202310127853,140.74426186617816
EK202310106238,142.51209273809332
EK202310158124,129.4499575290401
EK202310132835,138.74250386165403
EK202310148914,143.31868267889556
EK202310231691,133.04261943027967
EK202310247000,144.05655913393664
EK202310192115,150.36613473117927
EK202310104130,132.49315283777
EK202310139212,146.6537191567185
EK202310197454,151.9110948520674
EK202310192429,136.95677503162685
EK202310167625,132.95440359613923
EK202310199497,152.782027942681
EK202310153618,140.2467605386287
EK202310181484,149.51802082312622
EK202310198186,130.70763639858737
EK202310152220,147.75408811293215
EK202310159039,136.7691829147093
EK202310191546,134.23411368717538
EK202310133158,135.88428068663865
EK202310201688,143.93220460344085
EK202310235017,139.80851158709518
EK202310135857,146.91688570353952
EK202310218208,176.0629325954858
EK202310118595,134.37875318879588
EK202310163828,137.88805983328396
EK202310141421,136.94309265829028
EK202310180807,136.7693632867835
EK202310205637,134.21253538042197
EK202310105788,139.9985010850077
EK202310216219,144.57859847371577
EK202320007125,177.48831234213407
EK202310104911,134.35820180084852
EK202310189159,182.28716146617563
EK202310195473,151.57310881802394
EK202310118604,130.00195293502395
EK202310195319,135.01348758746568
EK202310240500,159.88793819803269
EK202310113748,148.81081353622287
EK202310004313,162.45419357655183
EK202310143650,143.786550917073
EK202310165864,157.22620541117317
EK202310197618,155.5204921165141
EK202310147381,139.7246231517616
EK202310204456,138.4535499044582
EK202310168795,131.56842871375582
EK202310162071,167.65427524939972
EK202310155041,130.43925543921964
EK202310116293,133.21010008002372
EK202310111802,137.33121036419718
EK202310143876,150.41985923651174
EK202310170107,177.87516011156086
EK202320006604,169.66591317610784
EK202310181395,160.08344437808685
EK202310128405,140.6090645474407
EK202310172117,138.55286484708702
EK202310173280,141.55546480564905
EK202310114735,136.70013004084848
EK202310124558,131.65119850519582
EK202310122475,127.87951347971612
EK202310137618,146.52214862697875
EK202310105474,132.96929904716595
EK202310209280,123.22182948897127
EK202310142912,144.8191573462021
EK202310246004,129.70194081884154
EK202310186374,127.99118443250207
EK202310139853,154.06281635820392
EK202310243432,134.95758779227313
EK202310135700,127.10221393975198
EK202320006074,177.77585772817332
EK202310207199,149.14083749662296
EK202310114736,137.04622059853764
EK202310129145,147.76816963555032
EK202310135339,151.12833713525293
EK202310105627,136.41987070532028
EK202310114046,131.8652652755859
EK202310121749,134.60924274442328
EK202310160579,142.08574404544663
EK202310132059,136.5754070405796
EK202310158407,134.86449053029116
EK202310115805,134.15164698663807
EK202310165675,143.42248240469007
EK202310223393,143.63545182938245
EK202310166586,147.0928624177864
EK202310142763,157.8258256731271
EK202310169174,131.36769544412974
EK202310118007,134.87462405357203
EK202310188453,131.07985573950668
EK202310186603,140.6713829079353
EK202310115518,137.30906255039935
EK202310237777,145.6281412597041
EK202310245509,139.69974588852423
EK202310149571,153.5718133146426
EK202310238699,120.60023269696347
EK202310162044,150.23329464534626
EK202310178900,127.24622242371068
EK202310210189,134.94430845457575
EK202310246044,161.6036392352259
EK202310169510,156.07520087387687
EK202310224019,138.72675055338664
EK202310196916,145.913934276327
EK202310110545,149.74939221367737
EK202310158475,159.55623031069592
EK202310240666,151.6237796893219
EK202310147702,133.26145550919844
EK202310240541,137.58853707844025
EK202310165419,142.15193319541544
EK202310158944,146.49466664061197
EK202310154741,135.81269362905488
EK202310183411,138.0348589828286
EK202310150802,141.65651533240413
EK202310236647,135.17382907687477
EK202310168877,159.4629679770545
EK202310177550,137.1431606042468
EK202310161815,137.66265037159346
EK202310205936,138.35872678118287
EK202310236918,137.4583312052996
EK202310231978,135.85895865221255
EK202310145447,146.21235515765687
EK202310113081,146.95843418288834
EK202310245380,143.49501401406647
EK202310226536,129.77561310970526
EK202310171629,144.57963575679284
EK202310142578,145.54148964905514
EK202310154571,140.28611920457317
EK202310133424,145.78292567837212
EK202310205232,131.15171380134245
EK202310125353,138.09670150319428
EK202310129062,137.63544155475753
EK202310148286,151.37694860794943
EK202310217186,171.07327087236098
EK202310240058,139.00294720952863
EK202310004925,144.48530600800518
EK202310121900,136.3329516387387
EK202310193811,184.27915597088437
EK202310236073,136.4899776544447
EK202310209661,140.0630376283053
EK202310183452,120.68635949694836
EK202310198390,132.2619028027391
EK202310194814,134.29916317345115
EK202310154258,132.9356043155152
EK202310225570,152.57275084142034
EK202310236562,129.74886205139177
EK202310125786,135.93860695328237
EK202310227228,130.55589234856353
EK202310104334,151.98160439200944
EK202310247598,164.46310359749367
EK202310163731,152.48326885261667
EK202310153854,155.3224963451023
EK202310209072,147.6330134384796
EK202310130417,139.1023156087362
EK202310161714,124.09360908173397
EK202310161726,156.77011389879038
EK202310214070,153.1089667345411
EK202310174019,139.60882363278495
EK202310197029,153.91615219027105
EK202310236341,130.7940597158238
EK202310218675,141.50485820955052
EK202310124319,128.30828695226586
EK202310231778,140.70659797010836
EK202320006401,133.43305389778016
EK202310107779,134.17675311196552
EK202310133015,138.0964168738936
EK202310181550,137.8292268622542
EK202310247332,145.94902404161297
EK202310111163,135.68134316739287
EK202310145310,147.2257716688323
EK202310126094,133.98844940280648
EK202310161397,131.98310192857707
EK202310146374,133.571170188045
EK202310136414,149.0763532320224
EK202310141425,161.3639526018402
EK202310138405,145.08672812108728
EK202310173668,147.5934699084752
EK202310184285,142.62542867458743
EK202310176095,160.77198186797267
EK202310211570,134.9267703848365
EK202310208829,136.4249969946565
EK202310147190,156.69100405940546
EK202310191735,132.40145477720657
EK202310213951,157.78096254083985
EK202310140049,144.87124543455337
EK202310169326,142.21261592518997
EK202310157230,172.7624658556511
EK202310124090,129.9716538445555
EK202310142146,135.8480079629427
EK202310107242,142.89195263816876
EK202310192993,128.9302629745546
EK202310149787,151.15492480201624
EK202310177888,141.2133798147513
EK202310212815,147.54376756004916
EK202310223609,156.71152824987112
EK202310189733,166.80178516599395
EK202310218104,131.38184860421808
EK202310111896,144.89252311723317
EK202310132753,147.9630152670886
EK202310112173,150.25911213769152
EK202310167323,158.05030285187115
EK202310140969,135.22584046146542
EK202310214853,148.63109942323695
EK202310105928,133.9870859892154
EK202310213446,131.24310091557885
EK202310134309,150.839250661945
EK202310177619,143.6542540222473
EK202310004283,134.65104826533548
EK202310176874,136.6052026522215
EK202310160131,145.51036424553715
EK202310201219,195.41859971059893
EK202310004099,134.39905250889612
EK202310167947,156.92419281209519
EK202310155342,136.32896286139535
EK202310209163,137.33083506734874
EK202310242285,135.34077471099224
EK202310215045,169.72579640172174
EK202310245674,128.57632456966607
EK202310192087,153.20122702822815
EK202310182851,140.02396311318208
EK202310184176,156.20283291971856
EK202310205303,138.381158404102
EK202310108199,145.6312287017847
EK202310124913,139.23927652005506
EK202310140458,128.02611773762519
EK202310142132,136.44340827135161
EK202310147065,161.2785215408268
EK202310143393,131.94350814915396
EK202310139964,131.23153571937863
EK202310225775,143.04412728638732
EK202310127142,151.36826379731687
EK202310179582,146.41310800718205
EK202310207922,145.3347821263743
EK202310195810,150.15788007365043
EK202310178849,146.28455025482884
EK202310229124,135.6858557365917
EK202310113502,133.74207406130478
EK202310223610,136.57970403633408
EK202310147986,155.78046080719932
EK202310236813,144.17781608073034
EK202310176936,143.55883616326292
EK202310199151,137.70123348557203
EK202310192534,136.84867960716133
EK202310217624,128.5885812775681
EK202310003755,127.46542794666843
EK202310161830,133.21824806984802
EK202310243624,129.49615440763594
EK202310164105,130.25840805927265
EK202310179948,161.122202667556
EK202310135310,144.33493957054537
EK202310004295,128.51232965728715
EK202310141079,144.26933737269636
EK202310225179,166.98159336712123
EK202310227335,145.30187329797124
EK202310161160,172.55592414740212
EK202310247623,152.99913718828222
EK202310206076,138.16083160631268
EK202310119053,139.60453172460444
EK202310139617,130.68632734052173
EK202310143241,124.575220973649
EK202310115504,136.5389043479571
EK202320007161,139.30353181866536
EK202310183784,181.4090288297383
EK202310187344,170.72998320761565
EK202310185527,133.5158344279253
EK202310238290,148.61310315318065
EK202310140457,136.55516605086285
EK202310150648,138.82980066791882
EK202310223600,140.7949587592015
EK202310167530,140.19795374700806
EK202310224100,131.11445959329575
EK202310152786,136.0954495320023
EK202310135478,139.69787402491824
EK202310193078,132.4634678218297
EK202310155463,164.11077775268737
EK202310105582,140.40612594666283
EK202310135195,139.1789940738576
EK202320005552,163.8501184022145
EK202310228708,126.32888139805748
EK202310141498,128.07932198801046
EK202310193872,167.7112304609479
EK202310141414,163.14785243132386
EK202310151905,132.1121003512403
EK202310127407,156.7281426490951
EK202320006299,143.4544480121192
EK202310212343,140.19288391921586
EK202310168454,134.50774244685482
EK202310171479,133.07922735421892
EK202310110727,163.89426188714884
EK202310109806,134.885889738045
EK202310229172,131.79050462978375
EK202310221527,127.36156228360115
EK202310136692,123.47347489011369
EK202310225939,137.24475527677976
EK202310128011,132.7914983636053
EK202310119451,134.07413181630042
EK202310240016,151.88695607851463
EK202310137412,129.19087589606298
EK202320006473,160.32966546489004
EK202310133714,162.75088652223198
EK202310182002,137.33364004143107
EK202310146885,138.95418257683983
EK202310228765,166.23133362698792
EK202310199335,149.08673923511682
EK202310144286,136.4804130453744
EK202310120179,140.9149100592946
EK202310125242,134.7665243887462
EK202310129853,144.2232366909729
EK202310105724,136.18094589360695
EK202310177232,129.5162402538833
EK202310240889,141.28811753035987
EK202310135626,131.31036908516057
EK202310182429,135.87903199573458
EK202310160815,154.35951883458534
EK202310161842,144.3167317794588
EK202310194125,136.70829661514603
EK202310163430,130.9827179681474
EK202310207741,131.21021692777873
EK202310202036,119.67758279429383
EK202310165652,127.96242989160865
EK202310136570,136.36039167425892
EK202310139028,159.8109691407474
EK202310163487,136.64818899941008
EK202310177984,153.10951464424406
EK202310239997,156.28709490381988
EK202310176249,147.14585499061357
EK202310152361,162.4607713647962
EK202310151709,131.2783823917607
EK202310135268,141.44401610805494
EK202310171919,163.24930011304252
EK202310122006,160.11676496730428
EK202310127839,147.39413252922176
EK202310219814,160.68199842474908
EK202310187560,171.8310576265982
EK202310113366,139.20251103314365
EK202310134748,128.2289654081621
EK202310208843,153.89606742547022
EK202310175338,136.5823456955405
EK202310124470,131.4412376776617
EK202310121775,129.50506832346082
EK202310237332,124.0405951806332
EK202310141855,145.92923288671764
EK202310154289,137.6861823317185
EK202310120044,134.0731516701383
EK202310192432,161.0002268783045
EK202310160195,157.0103469038258
EK202310105413,140.89975788041443
EK202310004863,140.0679628297564
EK202310138732,144.62800805185756
EK202310225944,131.52691256531483
EK202310239340,129.85648349990402
EK202310155959,164.40082373478438
EK202310177384,156.05054463004484
EK202310114746,126.65787558861273
EK202310156841,148.44432815605845
EK202310213654,138.28708744663584
EK202310210592,148.19261739274958
EK202310110296,132.8814962788167
EK202310240236,139.6309143933282
EK202310242957,140.82507339335106
EK202310163621,143.35270405042144
EK202310202691,148.93293885991585
EK202310127490,131.80240002281647
EK202310199512,147.32285994583518
EK202310155288,142.04744698584085
EK202310237968,148.67394422307558
EK202310118847,142.6485079464042
EK202310144769,128.30570583477302
EK202310212518,128.66809630092536
EK202320007577,144.87376398424135
EK202310244590,159.62687216772622
EK202310003432,132.38965296809704
EK202310242932,142.77853633854036
EK202310184880,152.92095033880713
EK202310208839,154.59932355898124
EK202310225707,136.50808801214677
EK202310196085,177.74398772412485
EK202310111047,135.15075545747695
EK202310149321,148.551027522256
EK202310214602,144.4551083838856
EK202310190162,139.90832303229038
EK202310203789,131.64087444534215
EK202310165931,139.8085527374956
EK202310143768,143.77811035043365
EK202310226420,140.70886186358678
EK202310206883,134.3848392304809
EK202310230191,161.92338874746193
EK202310223966,140.25484311752376
EK202310118804,124.62410939890881
EK202310224984,124.75787290466053
EK202310221101,137.27807480096124
EK202310241759,145.98395749327597
EK202310219986,153.2137563342497
EK202310247113,133.37641472594578
EK202310136489,141.65460358459893
EK202310189176,188.2630321257988
EK202310201813,152.63129695129166
EK202310167143,145.47448612697067
EK202310245156,144.6890212864759
EK202310149980,150.5082578614364
EK202310238395,154.63149254920697
EK202310223767,140.94197502302217
EK202310118543,141.01017201636537
EK202310137202,106.34948994429594
EK202310245378,160.82753460989983
EK202310202917,154.7222373073381
EK202310120015,130.70683700118792
EK202310242744,145.34805323444633
EK202310170961,144.41658964680803
EK202310170849,129.68135043405186
EK202310108365,136.48645755114376
EK202310225302,136.8273034347695
EK202310141853,130.64388219669567
EK202310152952,150.7878757945615
EK202310118252,130.87542813890536
EK202310150764,134.96138957467724
EK202310188288,142.21777334333024
EK202310236699,156.6773832204029
EK202310228975,150.2364557178592
EK202310176364,140.831102612352
EK202310148297,153.00715323162433
EK202310234706,135.65253295077304
EK202310202029,136.3435369671384
EK202310218635,125.23042669417653
EK202310187565,169.74848140303976
EK202310238217,133.52735717197777
EK202310144263,130.68750635795746
EK202310216046,122.82794599873823
EK202310240199,140.93263616489756
EK202310118761,144.69353085757928
EK202310118387,134.45830220921707
EK202310228319,127.4294841613881
EK202310188942,154.92570685829594
EK202310171922,148.91484257501335
EK202310205751,158.67531573594857
EK202310181387,152.6066932229089
EK202310194611,134.40906703419253
EK202310123903,137.5061571202778
EK202310201170,197.86733069988404
EK202310124579,135.99534457352584
EK202310225456,135.67410499350558
EK202310224047,134.27536607956094
EK202310168185,134.14700097559154
EK202310149367,148.3800283847105
EK202310222236,151.46010786870661
EK202310191402,138.84271089403134
EK202310216518,134.2857731660193
EK202310116323,129.69687525164343
EK202310229479,132.73252505698113
EK202310242068,138.28557267887237
EK202310172108,131.69020725777432
EK202310148960,148.70496118168126
EK202310203368,178.81925989429314
EK202310248782,126.7344508875855
EK202310130742,171.4618362593023
EK202310127431,138.43489832431237
EK202310166666,165.39991245753237
EK202310142516,130.87093592947542
EK202310171160,182.01316247456495
EK202310131980,147.46020677683245
EK202310230754,130.24726428395806
EK202310205660,131.61457449605456
EK202310195938,151.93783062919144
EK202310223018,129.17152759480499
EK202310189611,177.1791997745975
EK202310114061,136.57561846547014
EK202310168186,143.46292570001958
EK202310123079,139.17842231697733
EK202310142507,129.90679477604758
EK202310192082,133.2845313026796
EK202310116417,144.8718762946844
EK202310152679,128.01286883256742
EK202310186123,158.51717299540647
EK202310187670,137.98629298307722
EK202310199114,142.77325345725131
EK202310144744,135.35898946223594
EK202310171906,142.18598944149102
EK202310222160,127.94820574275018
EK202310202383,136.57179529108396
EK202310133543,153.53050533129448
EK202310240197,155.7615254470445
EK202310224654,141.38653974298595
EK202310159827,166.17192572620286
EK202310129302,158.00224658474596
EK202310220687,137.0706206049072
EK202310137416,129.90774964620215
EK202310195263,155.13065184127615
EK202310226117,137.13768145307526
EK202310177937,146.3236877043896
EK202310224977,134.55283097107943
EK202310104811,163.96632967886254
EK202310202225,139.5102032569947
EK202310198252,134.34850659257174
EK202310169634,172.51124993778916
EK202310141724,147.38613238510592
EK202310132515,131.99032444541282
EK202310222595,132.68545549016025
EK202310245206,155.149988754818
EK202310206384,155.84403597384
EK202310131595,143.52866868366942
EK202310114450,141.16599711723583
EK202310193999,130.75494881582006
EK202310153211,125.70644519897675
EK202310168571,165.21852358088717
EK202310117487,126.56317629591041
EK202310147040,153.39951647154777
EK202310164747,153.5417543120361
EK202310185539,142.40688774806895
EK202310180947,172.9016937970256
EK202310209467,138.45277045584135
EK202310197453,137.72767139109413
EK202310241952,143.77223951897483
EK202310171659,133.21400318158126
EK202310121984,135.5823123430821
EK202310145988,149.31877821709125
EK202310227472,167.66865214268952
EK202310158925,158.95370049837913
EK202310161059,172.61859469341348
EK202310246350,140.26832139543896
EK202310204768,146.11142446594454
EK202310245196,151.02198819610564
EK202310134281,142.05314980542587
EK202310232567,145.75270579249397
EK202310187864,153.9116868498857
EK202310175599,150.21434758297067
EK202310137474,138.70211377871263
EK202310214594,147.22907825155767
EK202310176570,134.08738134766278
EK202310143525,136.2310123741719
EK202310216731,136.7038354639707
EK202310182951,147.43857018063233
EK202310195606,158.99083614041896
EK202310003354,133.19562333051843
EK202310003704,146.88764066774564
EK202310207753,153.6891236290632
EK202310108512,152.69324388500578
EK202310230571,139.23713100081585
EK202310210082,146.40317870381926
EK202310191492,137.941199770865
EK202310113969,127.1795012352827
EK202310123941,146.20632127652115
EK202310135080,170.74545429824997
EK202310117802,128.4653409016619
EK202310158376,134.03700027019568
EK202310140051,163.0664137970695
EK202310230366,132.59990632432903
EK202310138959,163.9916745312984
EK202310112243,138.53583797732574
EK202310142973,162.9840159250618
EK202310179563,160.48885223696246
EK202310213686,134.71840676869928
EK202310207985,143.5224056449603
EK202310169142,128.18938868316707
EK202310189846,142.7404854907422
EK202310217981,142.1919736811817
EK202310168427,154.04807686270777
EK202310165111,138.70548109077316
EK202310211489,136.82809946145596
EK202310164721,149.70871784775105
EK202310192084,139.02736880081574
EK202310155310,136.582027261672
EK202310207807,153.21873316421394
EK202310167274,137.95188936761468
EK202310232098,146.2204093604265
EK202310246400,148.89476090676314
EK202310181247,151.6670123301918
EK202310146677,133.05784119756487
EK202310199983,148.5024553229289
EK202310198892,132.47299859176468
EK202310118490,154.390956486126
EK202310218556,139.78093684062503
EK202310209766,157.25207598693868
EK202310201549,135.7942430207775
EK202310227205,133.71333447035582
EK202310201879,139.36089262284733
EK202310208984,137.6101543411685
EK202310172280,133.10944917520885
EK202310127074,131.41974903985002
EK202310003431,137.989541603373
EK202310128481,128.51592333364047
EK202310191056,139.82185132432735
EK202310224670,136.5658912586155
EK202310148699,147.1547001288772
EK202310186655,161.1115957929856
EK202310145129,153.73722955986025
EK202310141368,143.97273139041286
EK202310215091,150.18944305806116
EK202310131768,139.05444834615767
EK202310169680,139.10702632955497
EK202310215558,161.13390571681984
EK202310235372,140.2529457451447
EK202310123185,129.5191473588034
EK202310188811,130.69552597897854
EK202310160442,139.91921705099213
EK202310190513,163.63745049281206
EK202310174071,140.15978787949723
EK202310226475,136.75371562150997
EK202310124362,126.1697844237942
EK202310217706,141.1264704988499
EK202310226498,145.56204093129386
EK202310237132,133.267518582091
EK202310156490,182.21864704227363
EK202310161525,150.79401132694153
EK202310233261,146.13612359481047
EK202310183188,157.21708830358133
EK202310204179,140.50106278363253
EK202310221970,130.1402729834031
EK202310136055,137.5164780627017
EK202310192784,148.31386920951948
EK202310154098,149.65973463785264
EK202310195221,165.62706826059718
EK202310247669,195.22175332752036
EK202320006739,176.28790015312686
EK202310143079,135.76785447601455
EK202310157780,136.94312696115657
EK202310122685,132.39231180739023
EK202310228079,134.386373877994
EK202310178496,144.25610891790365
EK202310108793,145.32420060232926
EK202310243880,137.15778840963455
EK202310108022,141.95574061034654
EK202310127023,132.87366594703502
EK202310114813,126.90610490902586
EK202310211046,131.92634897809057
EK202310139161,130.10615199278053
EK202310165288,141.52846507852823
EK202310245913,129.36664351774922
EK202310216026,140.7731013772485
EK202310132021,148.85874178621197
EK202310206339,151.83546011473987
EK202310216740,135.5829610146154
EK202310210301,134.93705969446893
EK202310167900,143.98351700225723
EK202310173409,143.11458270665753
EK202310144428,160.07001686520164
EK202310194970,142.0256741933227
EK202310105005,125.87834252559387
EK202310108090,139.08564279657068
EK202310229406,145.3245200511596
EK202310152037,129.49477178737982
EK202310204361,153.78973154950722
EK202310114029,125.51901691374289
EK202310158725,164.697939935104
EK202310158027,145.03237309265057
EK202310148586,127.9007938376552
EK202310237068,136.20917742556804
EK202310144709,136.61444976148607
EK202310161357,127.85595216216365
EK202310124452,129.91098217893602
EK202310131605,166.57844888975438
EK202310162054,148.5685971667261
EK202310181680,161.6006829512807
EK202310117645,136.12868195266208
EK202310147699,116.80157326852604
EK202310153309,136.8459807932882
EK202310184492,141.2639962595302
EK202310104645,140.4163389629165
EK202310137713,137.16980928875435
EK202310243221,138.0959380106226
EK202310156335,138.89271127761816
EK202310197583,181.48526091608701
EK202310137359,143.23962315763484
EK202310130956,137.95967370845642
EK202310171369,156.2592067729617
EK202310232324,139.76111193984516
EK202310172995,136.676626708883
EK202310134239,140.23075849256622
EK202310243506,137.66347233755167
EK202310163154,123.78390594301624
EK202310127929,143.5292069756708
EK202310202227,132.37377388769383
EK202310139348,147.32652618843665
EK202310158547,146.06665127710318
EK202310236863,135.39170533590053
EK202310179959,173.98858878102084
EK202310195894,129.5383274967652
EK202310229850,139.75454989299755
EK202310242435,137.2560496563469
EK202310135502,132.94381022594368
EK202310229084,140.2592914411324
EK202310118049,144.16557785562844
EK202310201122,179.65327225593884
EK202310109875,125.08744549474424
EK202310196757,136.49485624540705
EK202310139569,164.7265234392781
EK202310107377,134.18539510427888
EK202310116923,139.41188545356505
EK202310228873,137.54623675837692
EK202310218754,128.83239480994453
EK202310154272,139.49423179985854
EK202310231169,137.85197992081982
EK202310217977,154.2205034791513
EK202310222555,142.82892262446035
EK202310162130,159.98736499723958
EK202310112323,145.6502646425585
EK202310159262,139.9353565557169
EK202310151594,137.47328071051
EK202310163721,132.15447431402853
EK202310149061,155.70546417663323
EK202310147880,148.99194542738027
EK202310212050,144.65373895599555
EK202310117729,134.34591138189654
EK202310107629,150.12129858738217
EK202310139317,131.36910545841943
EK202310179272,146.81581225925063
EK202310121894,136.9127473302247
EK202310139188,152.85703690638903
EK202310167435,150.40449939224285
EK202310228964,144.99457154693832
EK202310113550,144.70831789885645
EK202310180850,162.7888588791393
EK202310105563,132.26533278216903
EK202310110748,130.7367110233068
EK202310234819,133.22688319007864
EK202310154339,148.1363906442946
EK202310210307,129.5549712433615
EK202310239873,133.30235182933075
EK202310183383,130.89872363220596
EK202310193557,127.37580812646878
EK202310228033,132.1303416087973
EK202310167532,157.79421040562187
EK202310222264,131.05488003008458
EK202310106581,136.26305056250501
EK202310221125,128.49974681527857
EK202310165054,145.33820485502787
EK202310150415,168.65135380492495
EK202310233802,149.58057675521138
EK202310190617,134.88416527841522
EK202310106410,134.16270001887426
EK202310216886,143.0347678236898
EK202310115900,129.4924963193074
EK202310104935,150.96950113805602
EK202310129722,161.19480864661963
EK202310120948,135.40009737876449
EK202310164436,135.51780708358342
EK202310122507,126.96950452373704
EK202310160593,157.37209217490414
EK202310210615,134.53930819577286
EK202310132871,132.8904344044701
EK202310237902,129.54704381171305
EK202310231150,134.33281352616834
EK202310165528,150.27426535379965
EK202310244497,131.85415011463928
EK202310107512,135.48879686709273
EK202310120477,138.95148745118266
EK202310229593,138.2698357810908
EK202310126986,141.52268618812238
EK202310175535,144.5702966133825
EK202310148104,136.32655258897006
EK202310201431,153.64982466353703
EK202310148767,157.72930347387916
EK202310113034,130.21979579207215
EK202310209227,136.06664011016372
EK202310114309,126.42311988083398
EK202310174763,142.09226426223336
EK202310236793,136.4566896922908
EK202310177429,139.01516307397065
EK202310167536,129.04963562843443
EK202310141576,162.31791873790047
EK202310213488,139.82789511535069
EK202310162322,151.17943691155392
EK202310130610,136.23298250713475
EK202310152488,155.78650259315157
EK202310151734,158.4037024114921
EK202310155060,125.95390981587263
EK202310226481,137.73689009586573
EK202310119174,136.92856716618562
EK202310180130,137.16162691514782
EK202310104489,159.36952182506846
EK202310195688,143.57557489486533
EK202310132973,142.6309348114116
EK202310135035,182.10694138642089
EK202310167150,136.90892669527582
EK202310195252,145.8861119910989
EK202310127294,157.55692747250345
EK202310140484,130.90741274015403
EK202310119854,141.4242149487278
EK202310248841,132.94310730536228
EK202320007808,143.56599256623196
EK202310199228,140.49563212675093
EK202310184715,139.38094596292382
EK202320007242,141.1933815096271
EK202310147415,156.9054991469957
EK202310171570,150.02160779103653
EK202310110477,113.65837285416606
EK202310113604,152.56867304009387
EK202320006431,169.56716080220542
EK202310121838,127.07768767626455
EK202310148733,147.4945119162152
EK202310148335,134.65002637627643
EK202310113968,121.21366575416978
EK202310231455,136.9859526870097
EK202310203454,131.62818893080458
EK202310191708,128.58205747822603
EK202310109582,158.1608594647813
EK202310203719,133.81334554576787
EK202310201332,154.1783803229106
EK202310204835,138.28811598403374
EK202310131213,157.33675995154843
EK202310155687,141.83797005692932
EK202310178634,136.92015064297092
EK202310115110,138.20658140130433
EK202310201445,174.85622675034588
EK202310233989,137.58416576738855
EK202310226621,137.25228336130328
EK202310182124,156.08982068309106
EK202310129960,130.05632396564621
EK202310172024,150.39160565787103
EK202310124587,140.34924300615623
EK202310180490,138.46324346579385
EK202310218866,139.92313931713676
EK202310145486,136.7149409262131
EK202310243783,136.95241871333164
EK202310163544,139.22923639934885
EK202310245299,136.92130757806044
EK202310185466,146.0006176273679
EK202310114372,146.52732786248524
EK202310132954,146.18137018782852
EK202310156324,134.22431713950297
EK202310237016,144.28123101125433
EK202310214641,147.04929299379035
EK202310106858,129.84052822798134
EK202310182500,166.3257982280105
EK202310125749,142.01416654707924
EK202310201978,131.90059916439827
EK202310112112,129.88117963797797
EK202310243292,140.68022405873776
EK202310192897,138.10416857639353
EK202310173512,134.33490628547187
EK202310125634,133.94684985165352
EK202310165797,143.33233058041012
EK202310213138,141.41480505469676
EK202310211642,133.98319381802727
EK202310156317,144.22161112045794
EK202310154649,165.66261392983918
EK202310198938,147.8200468056427
EK202310175465,138.41213809178046
EK202310187555,132.12316342517758
EK202310183448,169.6228027147674
EK202310205101,140.61211157223684
EK202310201536,130.29580402715908
EK202310131221,106.45994688831527
EK202310242173,162.4895734160093
EK202310195317,133.7618683245198
EK202310139267,140.8349715744732
EK202310189575,172.04120015335212
EK202310186883,148.59152993233187
EK202310184286,165.94766389915728
EK202310194270,136.39608611421113
EK202310003611,129.29995806274303
EK202310189126,153.59071202693085
EK202310179964,165.23032582455042
EK202310118181,132.2961943864765
EK202310220832,143.68382761955192
EK202310203022,136.65084128655764
EK202310205592,168.79406866302665
EK202310128283,126.85407674167011
EK202310214279,139.5768660155045
EK202310175101,143.18754802911013
EK202310116399,131.48072460233143
EK202310132303,129.39720693984322
EK202310147925,150.42948429166654
EK202310219063,159.98449125241297
EK202310197713,166.0505374340188
EK202310165104,134.52039711195457
EK202310198835,155.8890009013818
EK202310230554,136.59434449629865
EK202310103890,129.50968304464197
EK202310152894,169.41077003037606
EK202310156771,155.3256747297779
EK202310239166,139.03751984917122
EK202310157043,169.032553024283
EK202310158767,134.2565565861305
EK202310231819,169.79145622457924
EK202310162990,149.14895820487658
EK202310237033,171.2647041072019
EK202310220279,137.1767926354696
EK202310105088,131.42814816428373
EK202310183088,131.41530112986237
EK202310134719,141.60457307061532
EK202310126509,137.5546891310948
EK202310113028,137.7486346146155
EK202320007641,152.81712606767093
EK202310194771,128.55067666919018
EK202310193624,133.80759308485395
EK202310178811,166.71854051316998
EK202310127140,153.22312983119403
EK202310193675,155.66685055526412
EK202310208947,132.69232679923397
EK202310242072,136.89345457292455
EK202310129762,148.10434391793189
EK202310178638,150.89846485896692
EK202310208504,130.65171291782502
EK202310131365,136.5093785854662
EK202310118546,136.33760297717657
EK202310245144,135.3619586516376
EK202310142879,139.661979582453
EK202310197920,164.03555271427786
EK202310182216,138.89562309348227
EK202310163824,143.90570315129685
EK202310247357,161.00762301305411
EK202310145691,153.00251711756522
EK202310176063,161.0233607700107
EK202320006459,167.03585009485917
EK202310227785,133.56399430156975
EK202310189723,191.03582474075225
EK202310182881,158.86145418664157
EK202310196251,134.49534871951573
EK202310212183,139.423819363505
EK202310165884,140.0348668480472
EK202310162354,158.45187222141794
EK202320006915,162.5557030727813
EK202310152978,167.39650563267193
EK202310186596,168.02699357010263
EK202310184203,135.7633684131755
EK202310115228,133.64483603552995
EK202310187250,155.48638760874792
EK202310199882,161.52553059361125
EK202310247733,173.3835576266849
EK202310142093,140.8944439769706
EK202310192250,148.5217113310677
EK202310161127,173.89184022798855
EK202310227929,138.08292964155817
EK202310144416,133.08328080053076
EK202310129300,152.03615303974922
EK202310132887,136.32697447992882
EK202320007268,154.87515898645097
EK202310117763,122.94298242196531
EK202310135610,123.24003232612222
EK202310108226,140.6018514817082
EK202310197484,184.12015499899223
EK202310220905,129.4041987555388
EK202310210612,149.8934489425769
EK202310199825,136.8682035764191
EK202310167815,131.23848623528914
EK202310222270,127.00522542705059
EK202310218829,131.26577412419638
EK202310158524,143.08943560757365
EK202310227353,134.65126839623468
EK202310105993,147.83597020113177
EK202310128862,133.4894846995832
EK202320005603,169.90277733757662
EK202310145543,145.60180073815553
EK202310226964,124.86268347408081
EK202310106404,159.00926700575968
EK202310158792,144.38571737948024
EK202310169557,147.31570977796443
EK202320007615,147.45587169940822
EK202310244340,133.4430555673866
EK202310241009,134.0973012016132
EK202310173004,142.4828800237131
EK202310229814,143.821007274704
EK202310136774,140.95969632878823
EK202310134670,144.81146285332866
EK202310125653,137.4133757895515
EK202310104378,137.07313553251063
EK202310114092,133.87355970113217
EK202310242755,130.72672236899098
EK202310175831,142.23255821517517
EK202310123102,130.09524268495522
EK202310246196,133.40625726383936
EK202310164308,142.00627103845872
EK202310164001,134.48862932717134
EK202310127733,171.42932754065617
EK202310107896,151.67943303692303
EK202310196209,169.6267900914219
EK202310164751,134.57648501286104
EK202310180897,132.64110311809173
EK202310217788,143.83824673827152
EK202310193711,159.53618531851387
EK202310244316,138.68428269062713
EK202310224163,139.80183900823877
EK202310104994,132.51018381799864
EK202310140073,158.80000129188124
EK202310188584,145.40531141466465
EK202310110511,126.89248744236977
EK202310231033,139.44363375863307
EK202310178461,163.12748698284096
EK202310167965,147.74286417369035
EK202310106027,129.50865676945216
EK202310193439,145.4054197432919
EK202310151107,140.4833835771229
EK202310196605,132.34086802877013
EK202310218318,152.68903393058676
EK202310195078,144.29064529337822
EK202310148837,175.25743567965466
EK202310127102,156.77991477464874
EK202310114514,142.0384392915429
EK202310121553,123.43003595480444
EK202310172559,140.62737065038394
EK202310151216,121.97846154637972
EK202310128073,132.41932472236255
EK202310108605,148.66098540492465
EK202310201812,140.00494703413682
EK202310190862,161.28447202933134
EK202310223367,164.8976626955584
EK202310217222,139.92367434108291
EK202310171756,160.00274476289854
EK202320006771,164.54842809852323
EK202310124052,147.7615941134152
EK202310221124,126.31770715162048
EK202310154368,140.57110555311343
EK202310155273,129.15601457471857
EK202310161608,159.80321462319753
EK202310176630,138.09784541408635
EK202310158951,150.60802642394117
EK202310223924,136.19508623895646
EK202310187178,160.70572711717898
EK202310189441,178.44005187499673
EK202310193808,191.9762861205625
EK202310117653,134.42375937155424
EK202320006281,158.956174235467
EK202310104452,141.9774944871996
EK202310170998,161.8462145975994
EK202310247137,139.00973622549535
EK202310207587,150.46044285151433
EK202310224054,145.8370779319868
EK202310124503,138.0497436775252
EK202310111608,162.39466798666828
EK202310169517,132.58987211413466
EK202310177572,155.8320988759094
EK202320005767,141.19794069904273
EK202310194290,133.2668128141249
EK202310115205,156.12767983154663
EK202310227698,127.38232783748346
EK202310120637,142.82681907960125
EK202310143976,134.1225334154584
EK202310246533,129.2835158511058
EK202310244741,146.00858691301843
EK202310163421,132.8646770961854
EK202310169247,164.45332578439616
EK202310136860,136.58659989657926
EK202310217749,127.30789322083342
EK202310128152,128.24638879717511
EK202310193309,158.39906628779656
EK202310243321,157.00364885985664
EK202310152737,130.69573316126423
EK202310187887,159.19092064362036
EK202310150896,134.89542590925632
EK202310123219,142.38643262398418
EK202310166345,129.39438443308842
EK202310163457,163.77219720364997
EK202310218300,153.1551231819484
EK202310177093,134.8810864994678
EK202310123434,143.45406591063872
EK202310226930,123.32928947256417
EK202310210088,160.51010151046066
EK202310190936,141.10138057454787
EK202310127583,148.52034613836392
EK202310185141,139.1957897612227
EK202310138333,136.35784469921109
EK202310143408,147.5369618495205
EK202310147317,142.21749039052028
EK202310127752,131.64091105848917
EK202310248048,150.72136540335296
EK202310109094,139.87618570187013
EK202310230897,134.79161635002538
EK202310229240,153.13399266010418
EK202310158776,138.4329114180391
EK202310178235,151.93678918859283
EK202310153456,124.5903469340063
EK202310125365,133.49008595599443
EK202310228431,136.42045256307608
EK202310177613,168.44942166521278
EK202310230016,135.85149819693422
EK202310124464,131.33619331237787
EK202310160084,156.26886997657473
EK202310230147,140.75709009284827
EK202310154253,135.55222442854725
EK202310180390,136.44336193858757
EK202310126260,138.36909312520757
EK202310110447,134.37192241895352
EK202310225162,131.21957356075575
EK202310127787,131.2230958789098
EK202310127024,130.4263113344567
EK202310123897,140.43741076631025
EK202310191044,147.9357358889039
EK202310107279,145.62289201629648
EK202310222709,142.6425097481522
EK202310158190,132.85606119236363
EK202310226271,139.9214945351357
EK202310227119,136.02155970769704
EK202310180033,138.42887432445076
EK202310113831,115.63310401946327
EK202310127200,137.61676574321706
EK202310234951,141.37560768572237
EK202310113479,142.6211320551022
EK202310207326,143.9353011169654
EK202310227319,154.51878532948686
EK202310230874,135.07531782768163
EK202310139589,137.1463124353892
EK202310114753,146.3003041895495
EK202310121349,140.52489847458335
EK202310202957,153.9385275185749
EK202310159641,155.01706008155682
EK202310176020,154.65651243508304
EK202310163367,136.06525470710528
EK202310186524,143.91596319326038
EK202310221903,145.52761196289802
EK202310161048,166.11252083268317
EK202310187444,148.51884806578892
EK202310127440,130.76212389793255
EK202310218146,155.06647831349835
EK202310150639,173.78342313696814
EK202310233888,136.84482235826127
EK202310209197,159.61112668688943
EK202310143716,174.03007175614675
EK202310104198,131.7439211203484
EK202310154483,132.33718130548175
EK202310167981,152.99968954239324
EK202310180723,141.99674610167122
EK202310196829,136.0492622421713
EK202310115909,135.7477810209342
EK202310142747,157.79130857888342
EK202310168568,146.35515713210393
EK202310116790,129.26303619909524
EK202310246722,124.0019432985294
EK202310201508,145.3315153396851
EK202310184072,143.65013336204578
EK202310243865,129.98976352429148
EK202310210914,132.3246636784324
EK202310239276,144.05020134844742
EK202310215006,159.59690812018297
EK202310104899,152.17397774848675
EK202310123211,129.15619295751532
EK202310139857,150.087607429545
EK202310229104,133.53456518289366
EK202310225758,141.98432254357388
EK202310154150,130.5633441784045
EK202310151559,150.65502967828766
EK202310121018,155.77955415622685
EK202310139751,130.99903023124105
EK202310130814,148.05894734670954
EK202310226459,139.96671918032345
EK202310144732,133.27733700165487
EK202310159300,167.0116333112287
EK202310216298,137.55643610626657
EK202310108276,133.5029176348405
EK202310132846,150.44709656545996
EK202310146926,137.1723728151703
EK202310205179,143.95874010198006
EK202310172161,161.254396253485
EK202310206115,149.61914561765954
EK202310197301,135.39316537174224
EK202310172771,136.60209203466235
EK202310109812,146.43513941413886
EK202310152808,132.62671093994265
EK202310121442,145.53786900205972
EK202310136433,139.38189824187685
EK202310242312,130.44239691405926
EK202310104384,133.5737314108633
EK202310199318,131.14354673133187
EK202310135620,150.61269819690477
EK202310153631,143.64515201538393
EK202310133022,127.24663769684479
EK202310112038,130.1107435479129
EK202310200944,150.3702072437444
EK202310209272,139.11457936484618
EK202310221651,132.56341804363097
EK202310147889,153.85215504640118
EK202310004590,129.5819863300763
EK202310196915,180.67078723250097
EK202310186595,142.18953865291428
EK202310104696,144.26543301736106
EK202310144577,156.13452144001332
EK202310169285,138.1048045660327
EK202310184084,149.31304083161197
EK202310132378,143.15904798974879
EK202310246159,176.7567226318505
EK202310202358,127.92336629058369
EK202310159800,148.0190138967885
EK202310209349,158.3155965207991
EK202310200523,128.8583371856007
EK202310231409,140.90210999646638
EK202310125721,147.90334785457074
EK202310150276,152.68885306410098
EK202310197223,140.73590200109578
EK202310160408,162.18397987266303
EK202310213557,140.1913516504897
EK202310218382,150.30260657123839
EK202310209694,164.65283524411498
EK202310211465,153.1455125371944
EK202310227036,141.4500322652891
EK202310168055,129.71227159510914
EK202310173868,142.14502004980602
EK202310235783,138.84799355255234
EK202310182758,149.58821019909956
EK202310202200,147.09590908761373
EK202310114988,141.08916904721278
EK202310176929,148.69920622749677
EK202310121237,145.21513280516822
EK202310152253,139.92167761582476
EK202310226416,152.9011553286093
EK202310140761,151.6432379925877
EK202310200743,149.6305305670892
EK202310165360,148.45825918300918
EK202310235685,158.80756364769388
EK202310238675,140.08754443299222
EK202310191990,144.43512293708704
EK202310149927,153.77909915919037
EK202310196613,146.31033468918136
EK202310138650,135.91379140986385
EK202310135837,129.55221871792372
EK202310004179,139.521011137392
EK202310202844,136.25634471862617
EK202310156145,135.29115671448454
EK202310137772,126.126249413582
EK202310139643,167.63330896413356
EK202310190140,140.99584140836149
EK202310182976,134.49565454711527
EK202310140267,148.50858346022363
EK202310149614,142.01517292117694
EK202310188618,140.8447018012308
EK202310153165,132.66949387803896
EK202310239729,135.34117556650924
EK202310104290,132.53114639072626
EK202310237254,152.5570911980326
EK202310127230,152.00153884867353
EK202310133287,147.4543748473465
EK202310196943,142.42318288294814
EK202310154405,145.81232798660963
EK202310235085,133.3360745925937
EK202310144062,136.46566665012966
EK202310185906,135.10300717199428
EK202310133676,156.53521039927722
EK202310196801,158.1135475919971
EK202310223356,141.6546030674266
EK202310174845,170.18331782931705
EK202310131724,133.54797728214092
EK202310227778,132.81782136435947
EK202310139935,128.25648487609112
EK202310109785,151.29465736048428
EK202310162467,141.75315622125697
EK202310190820,152.43017016807698
EK202310111438,131.06071888683746
EK202310202344,161.03330857250103
EK202310128622,148.75329559526594
EK202310239716,135.08007256030731
EK202310206350,173.86225805429183
EK202310137152,135.3132367456397
EK202310186456,157.38808939404947
EK202310247836,133.5177250116649
EK202310239485,137.36283679464736
EK202310192860,151.28998439195564
EK202310130413,142.32611232884008
EK202310193922,159.81471260520246
EK202310181806,141.3660733456919
EK202310121213,134.72575574345404
EK202320006017,167.1999342580212
EK202310123080,136.49692169618243
EK202310155988,144.47096702998684
EK202310126966,165.13430185792794
EK202310189745,141.96735657557656
EK202310203961,136.15776496768194
EK202310118179,146.37599990831916
EK202310109004,152.00205559673282
EK202310003506,138.35598513103008
EK202310106808,134.38382487064325
EK202310242146,142.6741375918455
EK202310114687,143.24145165339482
EK202310139155,140.1597560639327
EK202310229903,132.26338577601584
EK202310170375,131.32819937373705
EK202310199839,142.74230172852967
EK202310112897,137.0656889769376
EK202310221448,149.2174315315357
EK202310191215,164.12368304881085
EK202310221051,138.80491835262427
EK202310221033,137.4699549237478
EK202310224111,140.8235137377425
EK202310217504,125.91937846927915
EK202310179120,134.19628204225924
EK202310106293,124.94885392196502
EK202310228948,128.4822825526631
EK202310192129,142.42074367181675
EK202310109160,132.72245704073842
EK202310170771,137.3354528297696
EK202310242806,135.61890076992663
EK202310175538,150.27828166993456
EK202310149012,157.19438202470113
EK202310104532,139.2079968382588
EK202310212068,152.130058484909
EK202310123340,139.79208666663254
EK202310131077,145.25867026187282
EK202310148068,138.31363455415143
EK202310190251,135.91760358436198
EK202310174004,154.98116655601135
EK202310156599,131.42827658902064
EK202310153023,150.49428935609413
EK202310145554,160.7755154538839
EK202310160744,160.61164862295124
EK202310185195,135.66938426727722
EK202320006590,167.6237256370369
EK202310129886,139.99092386506456
EK202310124625,140.57302718708831
EK202310188309,148.97504797113385
EK202310142832,150.4926743381405
EK202310183119,140.21055111485975
EK202310105045,135.260964108646
EK202310170611,130.12269828555003
EK202310155999,150.0751640299592
EK202310230234,136.0037510254894
EK202310103794,149.94609811989955
EK202310241301,157.7133313715478
EK202310202926,165.73217266463251
EK202310247420,149.4517738667842
EK202310165584,167.55720422490597
EK202310179695,131.6187076119861
EK202310164314,155.80208013005287
EK202310155082,144.38850810349373
EK202310145770,139.91306337764942
EK202310247538,157.99617914770016
EK202310214111,164.53954044901423
EK202310181544,140.65980071954021
EK202310151024,137.1759261177268
EK202310229794,124.67177263997607
EK202310125839,131.13827913185682
EK202310128797,134.7800730935312
EK202310147449,133.2179823848624
EK202310211288,125.68415586539565
EK202310165604,136.49422480299586
EK202310140481,138.71428522812448
EK202310154542,146.08275864504475
EK202310213091,127.97580326351316
EK202310248733,140.58726291048367
EK202310152930,176.80190759609712
EK202320006866,152.98957268002653
EK202310216477,125.10536537981439
EK202310181197,154.57733787967356
EK202310244809,148.86410063035714
EK202310111806,137.978530456028
EK202310106490,156.99131129437518
EK202310145258,132.06407206478008
EK202310205168,141.17025962295642
EK202310157331,148.79179424393874
EK202310163882,125.86369598081919
EK202310129546,124.58690557285446
EK202310148414,135.60578690920545
EK202310224909,128.55064877602555
EK202310165479,138.25788524034633
EK202310170016,138.44260211140627
EK202310182759,149.65812142938836
EK202310111689,134.62455483999517
EK202310202711,136.87573876712355
EK202310201534,141.94031462318162
EK202310113940,133.57857641241978
EK202310114299,137.41661451315537
EK202310203251,154.69591239433493
EK202310143744,166.05579175338534
EK202310149498,156.98171946027463
EK202310217908,128.591528547475
EK202310211929,118.49117915148183
EK202310149164,154.95426072378288
EK202310164565,135.67289902193522
EK202310210725,132.2672129154893
EK202310121120,141.2580336530691
EK202310216961,131.98070805735412
EK202310172951,144.60985751715916
EK202310230076,130.45812974060337
EK202310214365,143.0222072049953
EK202310120411,139.42917573618402
EK202310233763,147.6492613006477
EK202310189756,143.99116624031652
EK202310180908,145.48523734350618
EK202310163595,137.83504527721922
EK202310117226,138.7768985692007
EK202310133078,146.16107340055973
EK202310214364,143.06906291844402
EK202310216563,146.62956927124307
EK202310233460,125.24516237906153
EK202310145609,144.1949693807968
EK202310224257,134.68805025023664
EK202310192247,134.47138362818856
EK202310205631,143.04539590617534
EK202310231421,133.2181154823235
EK202310226086,129.87678066249612
EK202310237602,133.24422780078532
EK202310136602,130.73144443480126
EK202310122474,132.69217788861118
EK202310188932,153.66805609152223
EK202310138201,120.3642034749091
EK202310194378,169.92070386357923
EK202310214991,168.19891904440036
EK202310225525,136.25453226845767
EK202310134214,144.59338129613909
EK202310195862,147.71464004573335
EK202310159199,145.7810045400075
EK202310155737,141.97713875597958
EK202310170011,136.7839947527794
EK202310201630,136.51217316751
EK202310226552,131.49863960770892
EK202310160002,130.0918303636089
EK202310151703,146.14621523607622
EK202310143816,129.13238980457155
EK202310232638,157.0704607347539
EK202310114002,134.4960544573559
EK202310129927,145.44361744724077
EK202310203267,140.6391862613984
EK202310177954,137.21619320016907
EK202310153060,147.45574393179
EK202310111529,137.53611553766305
EK202310137725,153.57640129021152
EK202310166343,142.93231222749898
EK202310186809,143.62251819586217
EK202310144953,143.92978811734906
EK202310122463,133.08361821294
EK202310134204,151.55758998412924
EK202310150378,138.48975516106282
EK202310237288,143.87800462909803
EK202310248480,145.74084480361202
EK202310004124,145.58262196043185
EK202310003566,125.98190760539853
EK202310213203,134.17707822979978
EK202310124344,129.89912723574128
EK202310228408,174.89960335923027
EK202310232131,138.13594450336996
EK202310118742,148.9855571356765
EK202310134004,141.29761782603808
EK202310247397,154.72337497971537
EK202310239190,131.5525381780048
EK202310246475,131.55044078453497
EK202310198578,141.408778409666
EK202310215084,138.78703494171427
EK202310105260,146.60851042242686
EK202310165433,156.21982805123338
EK202310140038,164.14986826791
EK202310107453,150.84915006971795
EK202310221064,134.66294358879338
EK202310120243,150.78360309207838
EK202310184845,140.70307619670544
EK202310176066,152.0311641913241
EK202310227077,139.96172866111885
EK202310144370,135.50896282732043
EK202310162124,130.86925915738783
EK202310110699,152.8211108055799
EK202310153084,148.01469734488018
EK202310160786,140.63165103572797
EK202310242308,137.25295872487104
EK202310194163,148.94798017204548
EK202310105869,146.26736949664013
EK202310214672,149.97886942624223
EK202310145840,148.00827907332314
EK202310178975,139.21333567986213
EK202310189351,182.81690121869067
EK202310180495,148.2662459440143
EK202310202435,135.7103338323481
EK202310111129,137.42900218335097
EK202310157646,142.91439029812446
EK202310227821,142.03722285557583
EK202310142018,129.47158461260733
EK202310176861,155.32891814076135
EK202310228822,134.2796798300089
EK202310142217,159.12766225685328
EK202310237859,145.21452058500338
EK202310146830,135.06908888892372
EK202310152183,153.84919747324457
EK202310179889,132.6240874851151
EK202310217535,153.20191332121993
EK202310111073,144.97858757246644
EK202310228103,150.3590929961616
EK202310171811,152.5848900562823
EK202310224290,144.1750682116236
EK202310108057,140.30365981825568
EK202310240225,163.09091532162168
EK202310240301,136.1499894975766
EK202310126961,134.844725879326
EK202310235847,149.44675187634851
EK202310107011,135.1029682222528
EK202310185554,147.01852112147074
EK202310224213,130.90027055771992
EK202310132189,131.9401026250609
EK202310193327,180.89284382318993
EK202310230501,134.44551773797141
EK202310130145,164.14565721270233
EK202310188675,154.01023310922722
EK202310155036,131.07210942964952
EK202310177355,154.60465484083002
EK202310139948,133.70647492547175
EK202310119442,131.24427416498438
EK202310133620,132.28812169158897
EK202310202179,170.0763117799439
EK202310217546,137.25612331482745
EK202310182683,136.80404684376867
EK202310184843,136.6308135526444
EK202310108718,144.18098267950415
EK202310159849,158.48188459150677
EK202310004889,135.50488673826615
EK202320006575,188.53104027624772
EK202310209060,150.11607725436426
EK202310104959,137.01789726755797
EK202310182681,132.73943541497053
EK202310145101,145.80541608689623
EK202310134497,134.9316375813984
EK202310120585,133.0800464251557
EK202310198684,148.93731406034846
EK202310109466,131.85480286728102
EK202310106981,131.35891020749474
EK202310004230,126.64560294511124
EK202310173364,131.27531085802403
EK202310164220,142.7349562815346
EK202310207890,132.34356686215924
EK202310134470,136.55915205407513
EK202310124056,131.53308660339542
EK202310185859,132.0227004819961
EK202310160054,148.73299765990956
EK202310246219,149.2506135738774
EK202310196525,151.03122613410812
EK202310193933,154.9936976477361
EK202310144345,124.5927994820058
EK202310004466,165.67938357844378
EK202310168682,160.6653783426511
EK202310231230,134.44977232201882
EK202310206143,127.68768493112101
EK202310120180,136.07348750775628
EK202310208027,135.53520385965984
EK202310211315,133.60765513039433
EK202310176576,132.68790505343003
EK202310174969,143.8799620075044
EK202310210179,134.95797100847176
EK202310217528,138.84101315694335
EK202310238600,134.31239232607857
EK202310236054,133.29804293711896
EK202310137936,129.86893854973866
EK202310222493,130.24084746810013
EK202310171713,132.46504767645013
EK202310171703,130.9581606742459
EK202310132101,152.21073005729647
EK202310136177,127.90846574934062
EK202310222204,143.9708881685896
EK202310198438,145.00168059794956
EK202310198847,142.14904701320998
EK202310212204,126.18324165928146
EK202310158611,140.9653686749002
EK202310214429,143.05078140243427
EK202310197505,141.78247963911414
EK202310155317,163.2658362585252
EK202310103873,139.17937876326403
EK202310203439,139.86680824432418
EK202310205578,173.223851210045
EK202310114493,133.84617248958222
EK202310192330,131.5630666605334
EK202310150257,127.6874281300345
EK202310212345,138.09645059931103
EK202310166764,141.53213906151288
EK202310173381,132.10068230343757
EK202310129246,146.4330107510317
EK202310198977,183.89821828219516
EK202310111435,151.14927347917677
EK202310210569,144.85778491962432
EK202310216496,146.4852935856327
EK202310159176,142.25458111683685
EK202310205779,138.47735954166507
EK202310160097,165.92250832328756
EK202310144776,136.290088957296
EK202310232327,141.1827784639572
EK202310177826,158.12846450643428
EK202310232783,139.50725696899426
EK202310247658,127.79196204756458
EK202310192257,130.06568546518085
EK202310105522,159.0524063337221
EK202310110676,134.38013834124303
EK202310175277,139.28361956528548
EK202310222480,133.13493403995662
EK202310244692,147.28945581626186
EK202310238299,154.35431874047646
EK202310196847,144.4413778922717
EK202310219030,131.26547869701244
EK202310003531,136.42620724133252
EK202310216422,143.68971139352644
EK202310112977,150.4725714434538
EK202310184951,163.99587101751808
EK202310195157,158.61470977688026
EK202310107454,142.20677256230593
EK202310139967,131.9818630030509
EK202310150754,133.28866884866693
EK202310136822,131.72803661780517
EK202310219114,132.23040448499648
EK202310200603,166.89549935588715
EK202310141838,132.2608263807216
EK202310148763,151.88907833866224
EK202310234275,142.04331459697963
EK202310219816,144.39358106353464
EK202310105056,138.4128166023141
EK202310164743,147.5282859856991
EK202310132814,151.0242713736655
EK202310188510,143.19515261048312
EK202310190625,150.74365970810177
EK202310133363,134.99543498552123
EK202310164850,148.495132848008
EK202310112766,132.21595685792667
EK202310242743,134.45370929408426
EK202310167944,159.9891176874359
EK202310174056,129.8184984510969
EK202310196467,147.43364079776524
EK202310112347,148.31887522102116
EK202310183616,136.6874786379481
EK202310169352,170.95491441867577
EK202310209027,147.10003320066565
EK202310223654,149.7382847689512
EK202310118853,139.5984831872577
EK202310161978,169.57387731188348
EK202310226345,144.18095878672204
EK202310229817,139.9006589223402
EK202310163424,125.71719698631935
EK202310230830,140.56220182029324
EK202310181485,157.39080290204535
EK202310173117,150.0443675640213
EK202310191342,140.06877048024796
EK202310205302,146.4368799550882
EK202310122843,127.35920206392132
EK202310201365,139.0788318530871
EK202310164039,137.19077819181004
EK202310176835,149.155888902082
EK202310240788,128.23446701478596
EK202310112640,144.24224147765239
EK202310181638,123.02259731063488
EK202310233877,139.50524678859557
EK202310107169,127.25252969659024
EK202310178789,159.8156327614109
EK202310152645,137.44926009103344
EK202310139143,156.0930507738442
EK202310185606,126.79219362490885
EK202310236253,122.73742284488594
EK202310188369,137.07138093465355
EK202310138500,149.10878014236113
EK202310231971,139.143574545897
EK202310194339,133.6742340423245
EK202310175771,151.58914693400203
EK202310109100,172.7066195817254
EK202310196714,138.6825059701405
EK202310135780,137.64111991256252
EK202310177286,143.82955539345244
EK202310162248,155.32654127435413
EK202310113556,142.75842670837932
EK202310225632,145.72823915477375
EK202310247856,141.07771005391433
EK202310178852,131.31209079439702
EK202310163577,137.1840670791197
EK202310151357,125.09026953234101
EK202310111121,131.87410899583497
EK202310181600,155.80525072162115
EK202310194358,159.40211806790154
EK202310202153,175.17537389506634
EK202310105466,119.17655047094176
EK202310216384,137.67999222994342
EK202310153150,156.92478436055455
EK202310230780,140.83327533404363
EK202310248548,127.8322117592242
EK202310121252,143.6395015032057
EK202310201045,134.73026950081507
EK202310208942,150.83776507159064
EK202310173243,139.58595404456406
EK202310183907,150.53854743564386
EK202310152258,135.68801360067764
EK202310151886,127.1706540584989
EK202310124883,134.67291640651914
EK202310206942,159.4124210775861
EK202310186343,137.7407116983321
EK202310199252,149.43215090061042
EK202310153785,141.26360266439994
EK202310119274,141.76502516379935
EK202310229019,129.93245227482936
EK202310003459,144.4376323225894
EK202310215837,131.02462396793555
EK202310104012,160.21142233187607
EK202310226825,158.23673857401872
EK202310112000,134.65612121329974
EK202310228139,123.46242729598711
EK202310195964,139.4945751846403
EK202310196447,139.11200154078313
EK202310133431,145.49922023954215
EK202310148207,147.4634526250724
EK202310208262,154.8874343240465
EK202310234548,135.85184523872616
EK202310110644,174.58823849904485
EK202310112284,142.153526245569
EK202310185528,161.68470337888039
EK202310120181,126.82731428306818
EK202310155062,127.69580821403603
EK202310141339,134.30194223655016
EK202320007364,138.9600665785811
EK202310153420,141.3436759219507
EK202310168023,151.26393734909615
EK202310136980,163.7663708023619
EK202310109577,154.6291732593534
EK202310242836,142.49092885222333
EK202310245264,144.48683279281846
EK202310156259,146.2432280421769
EK202310190170,132.75371227038156
EK202310248085,132.1175146738393
EK202310236610,129.8157944376108
EK202310127984,130.81542299809917
EK202310151526,169.07506892491242
EK202310183833,130.8976738667503
EK202310181035,130.76645963440978
EK202310209277,129.6080260055781
EK202310208187,131.0674282150722
EK202310113331,132.98064361453714
EK202310130050,147.3165413815438
EK202310210098,169.56496456645104
EK202310131769,137.84393747280544
EK202310182943,154.29859400578758
EK202310245900,138.40548036541662
EK202310112562,163.58992366044626
EK202310112368,152.36771649346218
EK202310153158,132.40790077620386
EK202310246187,163.1229527792354
EK202310158259,178.2965184906394
EK202310191908,168.33122073488082
EK202310229177,119.71546729572515
EK202310173976,126.32410755589217
EK202310235029,140.32545299197358
EK202310160651,141.33580116744767
EK202310104176,143.84388473073892
EK202310163031,140.69860534116086
EK202310189284,171.26687187578224
EK202310203767,132.6679937004834
EK202310153903,139.98375014067187
EK202310163959,135.115799257932
EK202310175696,143.7369518798178
EK202310196551,134.7249299148401
EK202310130357,135.82719868419795
EK202310227070,172.94131839900692
EK202310223980,151.34565972841264
EK202320005716,143.1300925715656
EK202310191016,157.88900806052962
EK202310159308,170.95943526338408
EK202310157506,129.75058338224574
EK202310205339,148.13952667449425
EK202310173591,152.7698418789151
EK202310212415,133.61230019184254
EK202310152400,131.96528367494454
EK202310116809,140.25175161134717
EK202310223921,170.102721774394
EK202310136881,133.7048714141121
EK202310197683,166.65089774545336
EK202310119242,140.3468419114649
EK202310156431,142.29129633635702
EK202310142993,148.21136247810932
EK202310190357,139.69927216970876
EK202310138818,143.12409452652608
EK202310180708,134.81960871459705
EK202310171205,166.68381195989974
EK202310205536,134.91935992666143
EK202310178501,143.97735540157657
EK202310114516,155.29890340271405
EK202310217959,133.41192388971373
EK202310197130,136.5327079399772
EK202310175335,152.6861435424355
EK202310106557,158.50267175682472
EK202310228468,140.27419227487357
EK202310107166,137.43755080259442
EK202310187850,153.60010859275997
EK202310231655,135.26691374092255
EK202320005951,150.73725925031067
EK202310110395,107.94119415499064
EK202310229554,155.5829542771312
EK202310129150,138.99244288822155
EK202310245507,150.7882357153521
EK202310165967,141.4940270830854
EK202310139144,130.26036609550235
EK202310205378,136.09592377130963
EK202310118211,128.77180097982995
EK202310117975,133.92063777896206
EK202310246423,127.48182010288501
EK202310224264,134.74170785254697
EK202310157523,136.34356339767191
EK202310136806,150.73388440983985
EK202310209414,144.54858136842785
EK202310105657,139.89277872542672
EK202310227287,138.4839261314167
EK202310143495,148.5500962289256
EK202310104202,136.68805324655392
EK202310132179,145.1578840366754
EK202310192107,145.66310417118245
EK202310201701,151.99314098531215
EK202310204228,137.39956999461597
EK202310204465,159.1334107039923
EK202310220504,137.90704875788188
EK202310190283,130.21070082629572
EK202310220919,158.3132748214149
EK202310136224,146.40834332744703
EK202310229439,134.02812219171375
EK202310201973,135.69238536770044
EK202310233266,136.56856085252562
EK202310120402,153.45785706996878
EK202310203268,137.8236267057816
EK202310103759,136.93675690778514
EK202310206364,145.4850851914736
EK202310239486,136.30004614343315
EK202310167126,155.76927452063237
EK202310172738,128.98337991929736
EK202310225872,152.95970192962852
EK202310124187,132.1129364232872
EK202310230657,139.65499426977306
EK202310219193,128.69331650828974
EK202310169804,172.93062423221198
EK202310214791,135.61222285927832
EK202310130499,146.90132956333935
EK202310125258,137.3991355080009
EK202310217221,138.3418462647905
EK202310244345,152.36222083146856
EK202310130692,143.69808384506436
EK202310225290,170.7462143707232
EK202310202584,156.7966988715458
EK202310165777,138.3642297090922
EK202310173066,147.6602180613273
EK202310142994,146.94683003977588
EK202310146665,141.02775457917002
EK202310213439,136.49622032664286
EK202310239350,137.99326070438
EK202310187146,160.74199691041912
EK202310141831,153.6308702043143
EK202310181405,162.09977218447176
EK202310218983,137.57550381223493
EK202310224271,158.5530771281286
EK202310141723,150.4143386738634
EK202310191900,149.4735466622627
EK202310179485,153.82106971618327
EK202310162868,148.06521292419947
EK202310182366,136.3869553994762
EK202310148108,128.5949628625651
EK202310160133,155.6052297501798
EK202310166838,160.9618804140216
EK202310209189,137.5399801077666
EK202310135477,147.59597906084036
EK202310136211,129.83248741215687
EK202310211907,145.7417365024137
EK202310204224,139.850093475579
EK202310003420,126.92980861680859
EK202310111245,171.4614943945508
EK202310155528,127.49359472533509
EK202310116420,162.481581453825
EK202310163647,134.07216838737457
EK202310004316,130.50904065103728
EK202310136565,146.20614218927045
EK202310242785,131.63303765058362
EK202310142669,150.52809165230622
EK202310113336,132.34473718006006
EK202310147196,155.04394913068904
EK202310198324,169.6511144434446
EK202310143104,165.97509635510008
EK202310112994,132.16386066455408
EK202310175359,161.79308469835644
EK202310185406,159.37542451849637
EK202310179778,141.82696996650898
EK202310112667,140.5957834727412
EK202310194252,132.6940914102624
EK202310147035,135.6765893196519
EK202310111219,160.84203693450013
EK202310214524,134.79664553506302
EK202310232716,147.31638519713812
EK202310105019,143.0995059723293
EK202310234559,140.69060298970098
EK202310173427,167.48359892015452
EK202310195378,144.21947169583535
EK202310134112,127.8743290359171
EK202310181301,128.30736671535786
EK202310214980,149.60188771111692
EK202310238261,144.32391727602678
EK202310130718,137.51318701991713
EK202310147373,128.60791175279957
EK202310168667,150.96311746988226
EK202310225226,158.87049066518313
EK202310118349,139.86410767834133
EK202310157718,141.40044205838998
EK202310187448,148.40211949561618
EK202310181860,146.08142583714502
EK202310236193,156.4509933923648
EK202310152103,144.87500376546478
EK202310136089,167.52399895114252
EK202310238835,143.5530403563517
EK202310142264,134.33405984682062
EK202310198539,148.74276940094038
EK202310190468,138.94012523108816
EK202320006389,140.81829197269306
EK202310148444,136.65975755020344
EK202310149959,152.55376834368406
EK202310228555,140.36342434826727
EK202310105501,136.38583757091524
EK202310119203,138.7696069071571
EK202310232306,142.18815435179528
EK202310182557,140.30301254381197
EK202310213342,135.62298151903047
EK202310167646,172.4326544175873
EK202310195462,148.85073054059393
EK202310171718,142.31843221122435
EK202310150737,137.37798577345202
EK202310207739,150.61870775225634
EK202310121660,132.69902930019083
EK202310205678,152.84517472080447
EK202310242815,125.01626743636838
EK202310193926,132.0623356810218
EK202310169215,156.35134128725343
EK202310121914,129.41183424492579
EK202310146443,140.56357564587262
EK202310186043,147.607714668895
EK202310242764,146.13419369564366
EK202310125734,119.76447460519692
EK202310188093,138.5724426157242
EK202310247744,165.86835752631143
EK202310183732,187.05689466577138
EK202310120950,134.62871315535824
EK202310160943,153.97404820513603
EK202310223077,140.00769762756326
EK202310113322,133.38530535490034
EK202310171016,162.82296304915312
EK202310118992,140.27975487495775
EK202310210813,130.121786748379
EK202310119393,143.4105925639097
EK202310165072,144.53391859095314
EK202310130476,142.3256204466119
EK202310176158,136.61320050806899
EK202310235070,141.5861975072708
EK202310108800,126.28642454984012
EK202310213698,122.54643876574055
EK202310211960,132.149117569638
EK202310115107,136.61820384257427
EK202310154887,148.80905954995688
EK202310125964,131.44366433396104
EK202310197631,153.35432512202382
EK202310152495,144.60890274491697
EK202310138965,155.5288403272642
EK202310229751,129.6676833496579
EK202310243042,135.53951056130083
EK202310104932,135.32970429358903
EK202310196593,156.31677936889054
EK202310166871,133.79209008887113
EK202310148398,158.72943051572477
EK202310209486,126.44805933925102
EK202310136632,134.9310580824666
EK202310189646,166.96441806261893
EK202310225870,151.5886732040546
EK202310161755,134.40630156727872
EK202310228917,133.28467888132647
EK202310148074,142.91178908909865
EK202310127137,147.34161558619303
EK202310189248,133.4187150102038
EK202310125103,133.74895617162412
EK202310191210,129.73799077707585
EK202310218240,141.4163264146931
EK202310237275,129.6220741522161
EK202310162417,166.82641360054615
EK202320007302,143.96650214343438
EK202310198514,125.77318958123288
EK202310156654,172.1933338074705
EK202310171571,153.2554962453519
EK202310177305,143.47566464429832
EK202310246747,145.11619197336913
EK202310202758,176.35085024226544
EK202310106134,131.642877023309
EK202310004263,155.30519432234527
EK202310167253,136.48256005427086
EK202310154950,142.24084198781065
EK202310104343,144.47508565851524
EK202310162981,156.64766190168888
EK202310170399,142.85359991336628
EK202310157462,143.234583454813
EK202310222137,146.9717521424441
EK202320007745,155.43151587661734
EK202310220891,128.93513426335335
EK202310197465,144.14658886493297
EK202310169484,137.23472428726117
EK202310206857,138.65116884321378
EK202310246430,133.5006797394254
EK202310116674,131.62517919882268
EK202310143852,152.05945397840296
EK202310181630,151.08448778573316
EK202310208946,144.65593940856135
EK202310108868,145.10220036788576
EK202310175588,147.9741222946987
EK202310159547,129.09192351312893
EK202310188294,141.07238310957746
EK202310180437,153.80443074176452
EK202310212936,137.05764718077444
EK202310130231,164.96168960964664
EK202310127231,153.8864868829663
EK202310189985,142.9285786838675
EK202310116510,145.86217650622115
EK202310207462,154.6358752839175
EK202310218692,138.07785830157604
EK202310227138,130.70233358293876
EK202310209607,144.61854917030612
EK202310119774,130.49661506371655
EK202310244607,142.40832707970355
EK202310113466,155.6775199025743
EK202310117710,129.20179495549738
EK202310175467,146.91560308891235
EK202310137952,134.0888692353744
EK202310235796,143.4525583549772
EK202310248336,137.39810603532925
EK202310185289,149.86897081422967
EK202310149146,136.8882994884585
EK202310129791,166.620623834627
EK202310122547,133.441313661668
EK202310131673,144.23459037159773
EK202310218477,171.1316400604542
EK202310158788,160.03821363408383
EK202310243244,147.12945787665592
EK202310137064,136.90541503443643
EK202310178386,151.35716373347128
EK202310159003,138.28240893499483
EK202310127413,149.14470023101717
EK202310194146,159.61642811293171
EK202310232087,146.2115119417577
EK202310143601,147.75252066297517
EK202310127915,146.86906482892945
EK202310148535,132.03519176611067
EK202310127692,132.17183029662579
EK202310134785,135.92101541470984
EK202310196646,150.33928434817528
EK202310003600,132.31498282864464
EK202310246935,163.7916376130482
EK202310239761,146.32022640599934
EK202310216852,140.31942434544186
EK202310220984,139.1293097640837
EK202310144095,134.10423762778228
EK202310152597,166.82798253173166
EK202310168343,144.39094438361732
EK202310137883,129.08937300668734
EK202310193368,129.58946032316538
EK202310127993,147.83204194459927
EK202310141466,150.70042019342728
EK202310124906,141.09462754721827
EK202310121318,136.79270338690563
EK202310214552,160.4628909614302
EK202310242972,149.8920467108019
EK202310169356,185.2120692112917
EK202310141331,140.40801876472068
EK202310148511,177.5312700750369
EK202320006765,180.8443430945398
EK202310131274,134.234365806542
EK202310126970,131.00312432488172
EK202310167321,150.25581543549708
EK202310215589,136.45623098528648
EK202320006107,146.7199498511922
EK202310147086,161.21821531637167
EK202310233859,148.96786289604293
EK202310141954,137.91065391414682
EK202310234852,132.7758670193235
EK202310136328,128.76768938748793
EK202310133047,131.04580648371748
EK202310136399,137.4278597571203
EK202310207760,136.34670939036616
EK202310139278,139.59033967112245
EK202310125356,136.66951211899567
EK202310146350,133.11251138824778
EK202310177090,137.21958839867378
EK202310138005,132.7427514602538
EK202310137985,135.58304989196236
EK202320005567,144.26695196237924
EK202310197087,136.99857102299424
EK202310157990,150.10417127047918
EK202310176214,155.14342557205387
EK202310128811,136.84659108572637
EK202310120029,134.79064172440746
EK202310144471,141.63553399104913
EK202310188230,148.74639171148323
EK202310154178,151.45135647870313
EK202310157814,134.31986267878025
EK202310130684,139.27628767288877
EK202310140639,140.3827323832931
EK202310233784,137.69501240939192
EK202310177044,133.64048951310443
EK202310204770,153.1900480839424
EK202310143193,126.09233003156622
EK202310229063,154.36762733764158
EK202310142428,147.25801269158654
EK202310142101,151.05195038541498
EK202310199185,139.0136580578478
EK202310122048,136.20881438499006
EK202310189594,167.26192000634188
EK202310105475,146.25744348731
EK202310181985,148.17205712214886
EK202310111833,140.2480808367235
EK202310164318,129.8230732049392
EK202310170916,138.18591934141304
EK202310158358,167.8671572329353
EK202310106802,131.25358692542673
EK202310158510,139.2837489732471
EK202310212527,135.40112676729893
EK202310109926,150.20261555789455
EK202310114932,169.4273698865565
EK202310223038,136.0585086191451
EK202310193126,154.04886737850106
EK202310246777,140.2563356557075
EK202310189632,168.60609823478188
EK202310240945,145.52278911399426
EK202310239693,150.614332975062
EK202310216494,137.87513314139218
EK202310183749,177.1336357534737
EK202310141275,132.68281930255176
EK202310131036,136.7874307270232
EK202310113828,159.56061692159628
EK202310207144,131.2197652008295
EK202310190451,129.47886389402845
EK202310229761,127.31937144486189
EK202320006392,156.77529384930037
EK202310227082,138.70375661494887
EK202310211827,136.0228438063429
EK202310235192,148.81222359528428
EK202310198132,150.58422268604053
EK202310189905,172.60033726318446
EK202310193570,146.98279692077975
EK202310137822,132.59446610633415
EK202310206557,136.546285514037
EK202310127272,147.6684582262408
EK202310195399,141.70060957826124
EK202310116174,169.17416038480894
EK202310112198,146.99169735670725
EK202310163418,142.40826711592317
EK202310003339,143.29086615013392
EK202310145884,148.63710952142713
EK202310210819,131.30493951231898
EK202310188596,140.6821127270295
EK202310227740,131.93571522660454
EK202310171332,152.9961858041853
EK202310107268,137.36344746690136
EK202310232122,133.41107640229515
EK202310145739,165.1767676966141
EK202310240638,133.73293183381406
EK202310174884,149.37591981668993
EK202310213193,133.44019790526488
EK202310218429,136.40608703513024
EK202310225216,127.4174777591695
EK202310235813,139.30618701435682
EK202310223825,140.01593641719668
EK202310165260,160.1056685749517
EK202310136218,152.78091934505585
EK202310138301,141.38691667145656
EK202310217412,150.76142865711137
EK202310224143,142.93615757984406
EK202310155730,149.57537811283223
EK202310246010,125.3348471231952
EK202310111437,142.8230244568925
EK202310162583,148.82736565799036
EK202310126440,138.19792274160244
EK202310104619,136.58427573211932
EK202310172843,147.5325713916836
EK202310147555,173.0949320314976
EK202310161054,162.13572376452498
EK202310209188,140.7607124208703
EK202310144583,131.94693448440972
EK202310113571,155.65009456655946
EK202310236906,138.28379876155856
EK202310236614,139.69548536103886
EK202310153224,150.9846604026356
EK202310139052,166.25591269777456
EK202310238192,137.10260103284747
EK202310233466,128.2518319890853
EK202310215038,147.4248060176533
EK202310179617,137.62867353104423
EK202310159717,142.15486628732037
EK202310152017,153.1934137198241
EK202310190439,136.4952784978004
EK202310193413,154.83125702297303
EK202310160170,167.52354879468368
EK202310123300,134.02019900364562
EK202310204445,138.88299355732659
EK202310214835,140.28691588587125
EK202310220520,134.0773050775627
EK202310003433,138.22817391016193
EK202310159797,142.43215383954805
EK202310139535,152.6714808231402
EK202310118986,134.28923996769086
EK202310131290,130.46845635747977
EK202310145211,134.3767866601878
EK202310124121,135.03954831680625
EK202310164013,137.42952104527706
EK202310158539,174.58910462198406
EK202310157029,140.63019511785143
EK202310205071,165.8461977672345
EK202310237265,155.9757961458726
EK202310121334,165.65113374578635
EK202310169722,176.92387073387383
EK202310227972,139.0251172655026
EK202310148017,165.13837900247222
EK202310201744,150.53552188427204
EK202310178777,164.1240002946984
EK202310158599,152.09732570166386
EK202310223823,151.54399662282415
EK202310244269,151.65459473637532
EK202310145223,151.57398371468497
EK202310183001,135.7741992730267
EK202310144652,132.10546788746387
EK202310149925,142.83599901734476
EK202310232433,133.67182527096506
EK202310170505,136.92146353887776
EK202310213173,142.7914481907639
EK202310140978,148.44728867258075
EK202310003838,158.02926282247702
EK202310197038,139.10139112580683
EK202310144172,147.62321936999436
EK202310107554,161.0690144610992
EK202310145215,131.3182946009822
EK202310178423,135.25182600003592
EK202310135509,145.69425113141057
EK202310114244,139.339001382192
EK202310143184,137.12570240184817
EK202310141247,127.38223431174364
EK202310202303,137.17883183253073
EK202310111325,137.5267162553546
EK202310167906,156.80373552861747
EK202310105431,136.41681758443818
EK202320005905,169.45808865944025
EK202310127826,157.29201977909642
EK202310104035,138.44229795704086
EK202310213387,126.26108026156567
EK202310109955,134.28607444715152
EK202310218233,136.94784481615227
EK202310115271,130.7983064263697
EK202310206248,146.10252948643924
EK202310158573,153.35216126122037
EK202310183224,151.6262764396589
EK202310231210,134.88266497422222
EK202310118684,143.6033519821084
EK202310242985,137.38749502752856
EK202310136035,136.89494580028526
EK202310231734,139.6260454104879
EK202310145163,131.93399434235823
EK202310211871,128.07446024301015
EK202310151737,137.21882742510698
EK202310165550,177.34256441283688
EK202310214955,145.01898602878666
EK202310112312,139.4174683046688
EK202310122742,145.93494810999414
EK202310202487,128.53274636560957
EK202310233089,139.299563698197
EK202310166257,154.18402880070443
EK202310180021,146.08107423130474
EK202310149123,132.6638799772428
EK202310139242,152.79038160324941
EK202310140791,137.8025209720586
EK202310230828,141.25985884506923
EK202310242667,134.76587573215585
EK202310188077,161.04987071878028
EK202310184134,165.70722843506405
EK202310227767,160.71822638029948
EK202310206257,143.84732970955926
EK202310112535,138.93793165365327
EK202310142903,141.58577278253514
EK202310109645,134.1217330911921
EK202310153020,157.94872714064877
EK202310106726,130.6221414227772
EK202310223842,153.8364751160502
EK202310194598,143.45542357555505
EK202310148450,126.04139727169179
EK202310120806,133.64256265335987
EK202310209691,140.49045701034606
EK202310114213,147.7635029546345
EK202310152335,146.01118055829065
EK202310232377,132.2940268725347
EK202310150359,144.2749529206506
EK202310172745,128.6991290368098
EK202310201411,151.89383234062035
EK202310152893,169.55569568564573
EK202310155212,152.28306646861026
EK202310182742,148.6122803734112
EK202310183087,138.21997989598148
EK202310200379,151.1030165574535
EK202310173094,126.01198556780943
EK202310227985,155.45531903847748
EK202310238336,167.32981657249314
EK202310184224,154.6489279337188
EK202310232915,154.85463914297094
EK202310219151,131.25259530349936
EK202310213370,131.3472119964513
EK202310219745,148.6725214479812
EK202310138780,145.00468739040684
EK202310203481,155.6415903322251
EK202310174922,140.19509684098276
EK202310233758,133.26554418657653
EK202310153471,135.8601138895869
EK202310151891,157.2483653340522
EK202320005592,145.62109164653262
EK202310105631,137.24143880446866
EK202310176003,152.3194362051628
EK202310181211,137.56833968718598
EK202310144399,129.0733253411394
EK202310240649,127.82814161254409
EK202310145192,144.8417124573624
EK202310206829,137.30697650728126
EK202310110211,128.6023765444178
EK202310234760,133.16619844306783
EK202310114319,134.32200069700738
EK202310135966,130.12439857806652
EK202310183214,154.8979527569877
EK202310163942,168.57808241767196
EK202310219060,132.8841325120212
EK202310192350,141.2920767127349
EK202310130531,138.40295196100303
EK202310163172,134.01067729073714
EK202310240348,141.2960937481224
EK202310198945,154.57254970782486
EK202310004178,128.31446313373584
EK202310199537,155.86874058095887
EK202310152430,149.03243067464805
EK202310200143,149.147596222066
EK202310190524,146.93130407835548
EK202310116645,140.38906484828556
EK202310193204,146.60770460749143
EK202310148808,152.19685693428946
EK202310231781,134.1612632953351
EK202310129095,136.81335012897313
EK202310114613,145.5298637447647
EK202310190518,135.09444068577506
EK202310180509,141.8481256030765
EK202310220514,134.49395798794117
EK202310225336,126.27907545357836
EK202310237750,139.7483796558267
EK202310182363,149.11154690874474
EK202310196291,179.00782109224602
EK202310161270,136.00879602535778
EK202310132154,124.84666726665907
EK202310181652,136.71314532425407
EK202310238306,149.30305930088636
EK202310187861,131.17220272982513
EK202310196524,152.6710665630638
EK202310218151,149.82677078168277
EK202310176813,132.16319194734515
EK202310115338,146.24386655082586
EK202320007107,150.99838163888975
EK202310190744,146.05835583362196
EK202310242292,156.71172575091683
EK202310133848,147.7303213437234
EK202310173165,145.38503840513667
EK202310201969,122.6359622331451
EK202310194094,174.04726441590665
EK202310192787,145.8183290772133
EK202310107065,132.58018670678578
EK202310247670,169.14817672851862
EK202310200824,149.56185914756134
EK202310157197,135.06303646665322
EK202310192671,129.94098260438062
EK202310189959,185.81586601329514
EK202310242747,138.12904922373633
EK202310221418,121.83333730110367
EK202310178956,130.1955912554686
EK202310162978,158.52629000481465
EK202320006792,140.6525265381294
EK202310119199,141.62736077515513
EK202310229640,137.5333321582331
EK202310136912,140.92695872936665
EK202310193691,147.2558805092632
EK202310141736,130.70321660244161
EK202310159077,162.55683783784355
EK202310199320,139.46390305125567
EK202310205972,133.79772527551313
EK202310155578,142.48992261116285
EK202310115031,138.88399598597445
EK202310143815,133.83700165735647
EK202310133150,171.42625182366749
EK202310133982,143.6797068623614
EK202310216455,157.74190104871218
EK202310206390,144.50149113645605
EK202310204338,147.12677105088338
EK202310115162,132.09017118664983
EK202310117837,126.62093451739082
EK202310211582,136.09265791685792
EK202310119713,142.12172351843356
EK202310136154,145.7111182078795
EK202310222178,127.70616692932988
EK202310143261,136.95722420530333
EK202310122388,149.8441747519948
EK202310125099,135.97941438275464
EK202310172723,133.20998119922578
EK202310226850,145.16882938256018
EK202310111054,142.4139399449744
EK202310187762,145.63412645330112
EK202310213222,136.64266954572804
EK202310105201,151.06938291401727
EK202310173124,155.657667204822
EK202310180253,140.20913777402848
EK202310248026,186.31605820698005
EK202310177052,137.03320112488106
EK202310171106,147.85307216498063
EK202310136327,131.15313157295236
EK202310208120,136.8788530501791
EK202310004784,134.4662537525217
EK202310164690,139.39962296677467
EK202310214669,155.54490909161984
EK202310131706,153.79412512176964
EK202310104529,134.90782783629595
EK202310118248,149.88870886365962
EK202310137915,131.11294318412124
EK202310247207,159.5175717278571
EK202310185211,151.81326593285604
EK202310121850,114.56314709489017
EK202310128165,144.0295814639027
EK202310123063,129.4427341491683
EK202310219511,124.83235980295046
EK202310242037,156.30063758478317
EK202310180079,140.99875449653206
EK202310193224,166.86754631386393
EK202310191500,130.6264630819677
EK202310116444,139.34428474318074
EK202310130285,153.76313331672642
EK202310108568,130.82893168189122
EK202310136319,125.63555442015142
EK202310224242,139.78357470457058
EK202310227382,136.93610034836948
EK202310202780,152.0825672871677
EK202310137223,152.57949796143527
EK202310230312,137.98967903599257
EK202310234557,138.82256152189484
EK202310189352,177.70731134990288
EK202310226383,134.4648767833215
EK202310141535,154.36593069193856
EK202310184208,133.67044517632775
EK202310230152,155.16045983788868
EK202310160390,152.223236012932
EK202310122632,128.50474613095736
EK202310165838,143.5524991871474
EK202310144483,175.482474280695
EK202310108194,138.35465137827836
EK202310106793,132.76489559423578
EK202310120779,147.26476422866637
EK202310113163,144.25117885640017
EK202310115686,129.63943779393816
EK202310153049,139.90215019533363
EK202310177121,160.47776879284825
EK202310151267,141.66558768390337
EK202310214589,151.0415219472687
EK202310208963,153.13753649449112
EK202310154044,156.13050040039514
EK202310198051,140.29861582689244
EK202310105305,158.77112612077354
EK202310135168,139.13675608641094
EK202310200887,121.91125646893009
EK202310202015,135.2035386334378
EK202310211458,145.58155227112923
EK202310135559,145.3530415363554
EK202310135685,154.90825908823336
EK202310164450,134.1696680348031
EK202310195626,161.4588883593679
EK202310238957,138.06995944232665
EK202310131647,145.25861016153652
EK202310150387,136.8448295230156
EK202310121479,136.63549724562566
EK202310236900,136.5982529310845
EK202310159488,149.2064726279739
EK202310191125,147.31367133142328
EK202310132284,140.01087644252962
EK202310205918,130.88812679249045
EK202310192730,141.92024958193542
EK202310123751,143.4400057633868
EK202310157723,147.0176721808356
EK202310166159,156.27482178159678
EK202310217657,129.27288088023457
EK202310139130,169.26361711695074
EK202310176465,132.71489106511015
EK202310135907,133.65667066177895
EK202310142364,127.89646136786739
EK202310106377,137.17702133268403
EK202310246049,133.20534313538207
EK202310213693,134.11771969957636
EK202310164186,156.9760281143687
EK202310160898,170.1332475719059
EK202310217495,170.24164276305672
EK202310170927,132.4435952203088
EK202310164087,136.49410851471023
EK202310202710,132.16377338190503
EK202310161660,142.2036116000432
EK202310118714,144.33169421828143
EK202310208776,155.11350162211335
EK202310192073,146.80427537120764
EK202310149834,129.02817795457145
EK202310115300,142.00104555259693
EK202310137234,134.54704121743083
EK202310167336,139.46175816972317
EK202310130940,138.90475440432985
EK202310108363,135.8894414446986
EK202310240062,139.74371273318877
EK202310143711,141.8884880414817
EK202310126099,135.05471682366687
EK202310111701,143.15590003977897
EK202310109430,136.0693016052637
EK202310229241,135.2570586388207
EK202310224916,138.21788447435532
EK202310198104,135.74385569172512
EK202310146821,138.41455200001252
EK202310149423,168.27482907631074
EK202310189461,167.39638211759925
EK202310113093,140.68099739858928
EK202310203899,160.90745110102952
EK202310222972,131.54271638551305
EK202310122045,133.7793187379014
EK202310197655,183.1453354395679
EK202310207370,152.25674574083064
EK202310126718,141.3419413989894
EK202310239768,136.47923902206767
EK202310154953,145.770593529474
EK202310104866,139.6345819295676
EK202310213299,131.20259431490118
EK202310152880,172.51671414602959
EK202310210510,136.496461374938
EK202310003355,134.8281105272916
EK202310138578,133.53259700237365
EK202310221979,130.2731033602924
EK202310136372,146.37233574503392
EK202310240726,142.5861070066331
EK202310199316,156.96186262439153
EK202310180477,146.94304481075392
EK202310222146,130.5354861854289
EK202310195135,142.7205093368174
EK202310225124,131.5233353899094
EK202310197588,185.66603148148812
EK202310164715,155.70676394220405
EK202310224547,141.32609263743825
EK202310195634,156.7012850931349
EK202310233272,129.82738136295006
EK202310133354,140.6618408327789
EK202310155274,147.46073418536903
EK202310187381,152.75839147535854
EK202310181622,132.34628174240564
EK202310180891,135.98758258362562
EK202310208781,155.60576521075603
EK202310138532,133.4942357829704
EK202310158039,152.7521831346413
EK202310234759,141.3382747374247
EK202310172371,133.9564604086639
EK202310004492,130.29323321460797
EK202310167403,154.11858856140276
EK202310224663,137.4768439827977
EK202310125319,138.0015901842468
EK202310148708,158.9217969931617
EK202310199777,153.64375666325614
EK202310121002,154.91381518870958
EK202310223457,126.65404141904824
EK202310241156,158.01896304057405
EK202310242414,144.57126483562044
EK202310233868,136.05173125087026
EK202310218542,137.12967623734986
EK202310181849,171.23136021587115
EK202310199972,130.36195756496352
EK202310219891,126.82006026832515
EK202310198598,149.85702376429774
EK202310192601,139.6842689769062
EK202310192902,145.14251858827916
EK202310186540,135.9700111013087
EK202310135637,130.3744876058841
EK202310224182,169.01984260248204
EK202310245468,156.8696273481233
EK202310187476,140.15767295732866
EK202310004176,135.2257398025716
EK202310173306,143.3078418109418
EK202310174815,130.48568164873006
EK202310003528,135.69984191802948
EK202310106869,143.6174098946815
EK202310114334,130.83120560152128
EK202310128865,134.62071523654373
EK202310162698,150.526797957135
EK202310246100,138.8296000016078
EK202310183029,141.21952309005835
EK202310138016,125.80110286736345
EK202310003652,130.80448510699927
EK202310206206,130.04629474446764
EK202310152370,152.35273557946815
EK202310168292,159.88965827044368
EK202310198068,135.1564740852631
EK202310138206,129.51421581258853
EK202310199965,141.94727584707948
EK202310108649,151.16413988087214
EK202310120575,129.46066857049712
EK202310124777,129.91532058411556
EK202310165021,134.83368404825163
EK202310183112,139.52553425576403
EK202310105459,133.37690743086173
EK202310134757,129.9525557072142
EK202310103956,129.23213428000932
EK202310222980,159.0395044857176
EK202310199522,147.0542475211808
EK202310224732,132.47489649255823
EK202310192783,151.57208766345337
EK202310194812,180.7237390399923
EK202310236020,142.62075572699044
EK202310108411,146.911467060362
EK202310106942,150.1928765186412
EK202310110399,140.8223436680242
EK202310203809,133.0027814982365
EK202310126385,133.29169492933238
EK202310130826,145.207275007217
EK202310143699,167.2554866040599
EK202310115466,140.62511312818444
EK202310201041,138.4534878121361
EK202310210566,152.98242515520917
EK202310142263,147.29378439790983
EK202310226772,136.820261225665
EK202310174000,136.11695808887615
EK202310134341,163.65347469569969
EK202310213426,130.55762769436436
EK202310135863,140.60293257945898
EK202310135242,163.54252508217593
EK202310146997,152.6145618350179
EK202310243667,169.32015537104883
EK202310229674,133.71763462139347
EK202310130805,126.02326690711294
EK202310220574,126.36130976907923
EK202310164649,145.39621131208202
EK202310134408,124.4294876777088
EK202310003474,132.66275980954325
EK202310118263,134.4544731321993
EK202310161867,161.5753816082814
EK202310181365,134.96657442103273
EK202310154801,159.95762701562634
EK202310219520,140.93654674054545
EK202310200310,141.7839445161515
EK202310207883,157.35267141158636
EK202310146716,128.91891433062543
EK202310123679,129.62577991765448
EK202310240065,168.91920907735687
EK202310185668,148.36308390575024
EK202310182482,164.79851013055617
EK202310112781,138.98120886033527
EK202310105135,148.15279433208153
EK202310164531,135.3893621106082
EK202310150078,164.8807275211687
EK202310223094,175.92653157643255
EK202310247424,172.78688030510014
EK202310186061,130.28118495659837
EK202310173560,140.81469695402694
EK202310190249,150.34058223004146
EK202310160821,140.613531938211
EK202310188946,136.58632057193526
EK202310149161,135.60543525079638
EK202310122403,131.65264339718053
EK202310195995,165.93673053921077
EK202310176442,128.2332164759096
EK202310146105,144.2764948720893
EK202310212801,150.2459491420457
EK202310227700,143.53851041087114
EK202310180756,143.81428224643756
EK202310140861,141.1187541162534
EK202310207186,156.14843629045103
EK202310225979,132.38102123234148
EK202310171463,136.27659820881516
EK202310123630,135.3773902242664
EK202310184360,140.34158760405856
EK202310176661,149.50560878884448
EK202310118436,133.4696219461284
EK202310106839,125.1180187087747
EK202310205589,145.52687284151267
EK202310224665,125.02779596706254
EK202310191707,136.10761405099515
EK202310108998,141.21768179281048
EK202310168084,145.18264920752358
EK202310222339,155.7919009727113
EK202310129697,132.49952015179204
EK202310170459,134.54354898703485
EK202310170867,143.85527738306735
EK202310004814,144.42729097268497
EK202310139330,125.51502919926081
EK202310243947,136.80107719969084
EK202310158812,152.33497140611058
EK202310246467,130.14645704648245
EK202310139605,132.96235638059161
EK202310204546,145.5306868406573
EK202310247739,176.98976383490884
EK202310163645,140.13922164032402
EK202310213374,134.76970580333338
EK202320006854,170.05178827144988
EK202310003821,128.20029455436668
EK202310154988,133.77421295394558
EK202310141484,140.21831001805344
EK202310166793,142.32103174682888
EK202310216066,130.92791207772734
EK202310209262,140.95090328987249
EK202310216292,143.21438583233103
EK202310134069,123.17218937103058
EK202310177735,150.7990003537941
EK202310213634,139.26966677489958
EK202310162478,160.67710636291952
EK202310232091,135.99151239867396
EK202310138848,153.94724651397536
EK202310233671,144.8259319027225
EK202310142473,153.03336276121698
EK202310159684,158.22652911340936
EK202310180111,161.66017580847875
EK202310229192,154.34991911527328
EK202310119588,139.5790220861913
EK202310238495,148.78837115005408
EK202310209893,129.90137136101947
EK202310234545,141.94521338386727
EK202310174703,138.86649552974544
EK202310171373,141.0985558524231
EK202310150301,149.20662765060712
EK202310198468,131.36331833052256
EK202310142834,132.97765548833277
EK202310123180,142.11563215139967
EK202310205955,134.80584811449185
EK202310227181,146.20844254716366
EK202310147163,143.98484472500027
EK202310196863,161.3071582336155
EK202310107077,101.66751673436006
EK202310224123,135.21144487280898
EK202310178723,126.14322218954158
EK202310188726,150.6126330334144
EK202310145842,144.54105354361732
EK202310126848,147.35809338740168
EK202310149653,159.3954764478929
EK202310210321,130.51377422664567
EK202310138754,154.14766736919864
EK202310190404,149.8978352012359
EK202310142661,123.72983394214111
EK202310163611,158.96537690460036
EK202310192118,152.3408339503402
EK202310209339,136.32573457872732
EK202310211087,132.81208611815333
EK202310200565,168.2145805987252
EK202310162171,135.4111733214925
EK202310239766,130.1539858110802
EK202310242115,131.9941832619912
EK202310206840,139.0936824025843
EK202310186840,143.98288403058885
EK202310122626,150.14628958481342
EK202310247532,144.54593023637116
EK202310248321,140.10651722014927
EK202310137335,157.93124433624567
EK202310164720,134.17101498545267
EK202310164776,149.5097347582701
EK202310172694,140.45519673144113
EK202310115208,136.02462705089664
EK202310140400,135.0399774093755
EK202310217155,166.91950777139695
EK202310220114,161.73470460485578
EK202310145630,138.825192744278
EK202310246549,134.50851231373295
EK202310204696,149.0955839102225
EK202310225296,129.2279420908486
EK202310195107,153.58193572916784
EK202320006795,175.62742526276605
EK202310108157,138.67794670736984
EK202310121697,146.91771023980726
EK202310106708,142.61193037472714
EK202310181363,132.04638532107356
EK202310106364,132.38023878044865
EK202310180893,135.0816694710345
EK202310183016,130.16179042630753
EK202310004166,135.02615524732838
EK202310199838,146.51642698778213
EK202310148423,147.42819370903092
EK202310181024,145.82618387855572
EK202310114930,142.31881580728054
EK202310128476,168.21177254211435
EK202310169523,122.80981861603931
EK202310168371,175.00925616854673
EK202310195418,159.9085111270703
EK202310176857,131.16061306157633
EK202310111775,139.80805348661264
EK202310153448,136.24191779491395
EK202310141648,145.35386443935414
EK202320005982,151.12127212036893
EK202310003582,131.27680792643542
EK202310222503,135.82921970591266
EK202310202091,146.66428704969874
EK202310115161,155.70601367642536
EK202320007144,145.58107708758646
EK202310120067,145.06391029446596
EK202310156517,141.0377355268266
EK202310248466,130.51519883031932
EK202310183536,151.0438448127352
EK202310237952,147.21584172814173
EK202310205472,179.2013066326302
EK202310170132,142.51891865005504
EK202310132623,124.93316864829173
EK202310227130,135.93162113601338
EK202310131693,163.23155258396267
EK202310212847,148.98606339940326
EK202310192454,150.9330989483558
EK202310151379,167.78519486356032
EK202310166887,136.9301029591057
EK202310151838,134.4840289122833
EK202310218637,133.80474363080918
EK202320006368,154.78753759553766
EK202310110191,126.51154283992487
EK202310123397,145.03354012310712
EK202310183798,181.2201310270363
EK202310142570,143.1960736789887
EK202310123542,135.75618196766072
EK202310189606,175.13361913477937
EK202310239154,158.41203818863917
EK202310218250,130.79648815117667
EK202310222212,158.90046164642985
EK202310213689,138.48047651713026
EK202310108905,151.97291722908676
EK202310201539,138.42075466439798
EK202310241773,129.15258270270894
EK202310136938,145.7565050549207
EK202310223539,143.8827313249361
EK202310175290,137.23140423396882
EK202310167269,135.70747914969016
EK202310136276,147.87724660769962
EK202310241802,132.74999028280305
EK202310159213,150.36829593632004
EK202310163058,136.67139542610025
EK202310204661,168.29870621232618
EK202310165933,151.65434479856177
EK202310123794,143.46036564464598
EK202310191803,126.39424190262348
EK202310158551,154.99841891789544
EK202310146637,134.1640228685139
EK202310214984,139.60275027131325
EK202310191267,144.15685706282724
EK202320005702,157.68687576878477
EK202310112412,139.59819238275688
EK202310246169,152.39152003183668
EK202310173215,160.096876231242
EK202310233468,142.0142943182149
EK202310197783,191.51740855396181
EK202310151122,133.64448247349168
EK202310248270,138.35173689379778
EK202310238332,129.22462641426742
EK202310194686,136.01797177323164
EK202310205802,134.10818123384453
EK202310205367,134.1507802183403
EK202310119704,139.07137140830858
EK202310149724,150.94284169697045
EK202320007846,160.64212105948693
EK202310108803,147.70051025331477
EK202310004799,141.81796279719921
EK202310198015,182.3505615811771
EK202310179913,135.44633524660455
EK202310180275,139.05872902307672
EK202310201100,157.59742936739906
EK202310203139,149.73808135841924
EK202310175999,155.62797854842236
EK202310205556,157.59121439880832
EK202310215029,160.1499548212952
EK202310246170,136.5786702907407
EK202310169135,145.55381193340585
EK202310132991,129.2306320526711
EK202310122441,157.67921486668024
EK202310004600,155.12923849699075
EK202310158154,170.72231062051162
EK202320006789,143.5471611417869
EK202310235205,137.03873152640986
EK202310241817,155.85173620178864
EK202310108496,152.34265965753357
EK202310159875,136.1582504089091
EK202310214914,133.06224588726622
EK202310145239,142.99006893113082
EK202310133595,160.32011239671
EK202310144564,136.40601605682232
EK202310003645,143.16304852005783
EK202310152554,141.5517485385932
EK202310234203,136.2741753329115
EK202310119736,142.6113955948716
EK202310111683,140.31490776442308
EK202310171365,142.76612274010844
EK202310145469,142.5674673127105
EK202310104013,157.2057462674387
EK202310162563,168.88490188519174
EK202310234855,127.89969556897535
EK202310165574,165.13072190359046
EK202310128252,128.57080341004806
EK202310230398,136.37688479656302
EK202310197359,171.27881582360803
EK202310184700,144.11671213966082
EK202310139238,141.2202937611624
EK202310189435,169.99070930034753
EK202310229589,125.4528216138138
EK202310238308,136.64639590281146
EK202310119072,138.7494582500921
EK202310106928,131.0147168147383
EK202310248344,141.26821918139333
EK202310171179,173.85460903104664
EK202310247349,157.33920941035834
EK202310246070,133.32761970208466
EK202310003686,135.7659882753747
EK202310113178,134.67208103473072
EK202310228096,160.86580449282317
EK202310186013,124.48014497920937
EK202310106951,150.40172463691425
EK202310177362,161.68490169474038
EK202310158884,126.85769260127371
EK202310138608,161.74432749305234
EK202310143128,167.2993475466933
EK202310247561,138.314253237394
EK202310204978,134.0207685290304
EK202310105695,132.36277433677503
EK202310108077,129.11819173611548
EK202310222072,131.54675577500288
EK202310140241,136.3078995206682
EK202310175319,147.38880640339784
EK202310122035,141.0471251902125
EK202310106538,147.56122644682227
EK202310178197,146.8447829824578
EK202310169222,142.82212775199764
EK202310216866,141.71918843983113
EK202310189689,142.74576361559497
EK202310228733,127.56778531258767
EK202310201271,131.44363569151562
EK202310119633,139.14433691117193
EK202310138720,132.5417299136207
EK202310108018,135.44263853959143
EK202310222345,129.56356141533016
EK202310210971,137.9569894206541
EK202310239519,140.48184676608713
EK202310111361,140.89926596104604
EK202310115072,145.86906959147396
EK202310152934,168.80215001639476
EK202310201912,176.26153066368107
EK202310213140,139.61429228534436
EK202310123466,140.60719073938427
EK202310212463,138.08666991108473
EK202310237675,166.11619803755465
EK202310161926,137.45576576033244
EK202310145150,131.27858947597
EK202310185746,134.84702199923376
EK202310177566,138.1520650453345
EK202310244477,140.01774722758935
EK202310206745,159.16209487909518
EK202310174696,135.9531449162168
EK202310218448,138.1786018772388
EK202310131105,149.5013631276461
EK202310202457,132.31345617240123
EK202310107914,142.0078152024407
EK202310177630,128.02466235679978
EK202310167548,144.64134864440052
EK202310153531,130.7531109841478
EK202310119481,149.74033830120527
EK202310233113,133.8130624934663
EK202310200729,153.4771372130891
EK202310107842,137.2877784196352
EK202310145572,150.49972682496895
EK202310141270,143.98255161868573
EK202310180294,141.4650584677937
EK202310211781,134.12644482163918
EK202310130166,158.57008870360949
EK202310168426,153.843978174146
EK202310238553,135.99819801845686
EK202310216542,149.71513641733583
EK202310188002,142.6672352806228
EK202310210328,134.62589939316788
EK202310125237,133.66804585372202
EK202310248501,131.93225988283163
EK202310178221,146.1281069249347
EK202310108029,146.13988491891268
EK202310111887,148.27510860299364
EK202310185328,137.32388478054932
EK202310104024,156.03046615315154
EK202310136271,138.61346260920988
EK202310204759,185.658137722364
EK202310223434,135.01468299513076
EK202310195383,151.52084897421773
EK202310140709,128.77141643191882
EK202310195890,161.51305446362173
EK202310208311,153.47580389408782
EK202310154808,116.89719310689017
EK202310125908,129.09238329314852
EK202310128381,137.6179693295284
EK202310126417,136.64826637016117
EK202310155257,138.85605722762432
EK202310180115,157.7145457111334
EK202310134943,148.7045516732686
EK202310146571,137.176501837203
EK202310151982,151.49795564529703
EK202310185006,139.8026542397045
EK202310141525,139.09382934236655
EK202310122362,145.7954690267817
EK202310131463,134.51443930818195
EK202310112675,135.66450294382702
EK202310214395,155.38539166495505
EK202310117362,132.17654996837692
EK202310195147,156.43208354181127
EK202310221205,139.2459561758494
EK202310108309,139.13925036537677
EK202310117176,139.5301581251458
EK202310197367,177.58264728711424
EK202310167645,149.86653946795124
EK202310216871,164.99726155786485
EK202310246466,128.77259952464402
EK202310174197,135.53580218711755
EK202310133708,169.1569020789228
EK202310214726,157.09507365881876
EK202310235715,131.81263167614796
EK202310144146,132.02607202676793
EK202310232336,131.3827076495701
EK202310126787,133.4181545985124
EK202310147504,131.00729841330147
EK202310205381,131.70201837603696
EK202310121997,142.91193723955595
EK202310212329,136.0944048193591
EK202310112068,158.0814914928532
EK202310136784,131.6635755495994
EK202310120002,128.41350194484303
EK202310226231,136.35053921881726
EK202310167029,147.38987633070664
EK202310232991,136.5760276940427
EK202310141646,153.88109497612558
EK202310217163,141.2459528526151
EK202310147198,143.35462189518583
EK202310228365,133.08975355338578
EK202310194716,143.63030432388126
EK202310199844,147.3042294381785
EK202310168777,134.48379707315735
EK202310192183,141.98104960658944
EK202310109241,147.9639470657732
EK202310222596,146.56486661591563
EK202310126978,139.87937145423874
EK202310152604,132.3124209184551
EK202310122324,133.54864980572344
EK202310112196,141.46116375675186
EK202310145565,151.11379134404538
EK202310207537,138.23898241552794
EK202310198691,172.65935519651723
EK202310193152,180.36007416148368
EK202310131752,148.13432373289584
EK202310201904,170.69905527129544
EK202310244465,131.63310982487909
EK202310233714,142.3899965788011
EK202310153449,136.36804792055608
EK202310217520,131.05546257126855
EK202310113415,138.42384691858334
EK202310172532,149.88263116289252
EK202310211969,136.1072545041863
EK202310199232,136.79889129499978
EK202310218608,132.6998460689104
EK202310122448,130.119685253658
EK202310184841,139.9618278402795
EK202310130240,165.45862828768662
EK202310210575,133.64029046894026
EK202310175143,136.19051443834954
EK202310121434,139.92363572367773
EK202310172273,130.74741254921187
EK202310175483,148.41270889280273
EK202310197679,148.82812184519102
EK202310155037,127.68784096566728
EK202310171911,148.03313653917115
EK202310191161,122.95181093290275
EK202310244157,142.20101910779286
EK202310189824,141.5664406847682
EK202310149560,149.48641095965536
EK202310179284,128.2994466394313
EK202310203064,144.8578703983249
EK202310185974,148.8086726883837
EK202310225562,148.6147339573806
EK202310153740,133.41495648148677
EK202310225206,149.00165878732264
EK202310193780,131.70136006331566
EK202310198553,142.5378462615428
EK202310174477,168.36181035627743
EK202310200421,132.3107797440411
EK202310119138,143.62944802966007
EK202320005816,151.5751109139966
EK202310175740,145.1386911980175
EK202310116505,134.58315077545828
EK202310198911,135.83646352132962
EK202310127697,134.18601529763333
EK202310212650,158.77740114487395
EK202310150100,119.77416317570226
EK202310167937,163.0786139741138
EK202310221941,135.2732803277306
EK202310117495,135.1463178406468
EK202310143529,157.47377591426766
EK202310166968,136.21746664126223
EK202310129968,150.7121589919723
EK202310194131,136.46699194195872
EK202310186960,152.74530781345575
EK202310128028,142.62766501359198
EK202310105027,146.06787340200043
EK202310222774,136.22223646267682
EK202310244918,128.52956191228512
EK202310210086,160.0310242749533
EK202310179813,130.15166511469064
EK202310187059,164.0024000692189
EK202310195516,134.29152500246232
EK202310132170,129.40528693537655
EK202310183880,142.5799333183696
EK202310248278,139.16042332130561
EK202310221792,136.5961112067772
EK202310166778,144.70455587673945
EK202310148365,138.02078476501194
EK202310205442,123.8057526640761
EK202310201815,145.6493953031313
EK202310201915,180.55350895973876
EK202310183293,175.14309987883806
EK202310104337,140.79321579290377
EK202310120714,141.34301334913368
EK202310132745,147.6622930183606
EK202310241556,139.82154394763973
EK202310145559,148.76858335906408
EK202310140527,131.75758854181134
EK202310105180,132.5652894351465
EK202310115505,136.7356861758153
EK202310232969,158.30966228981256
EK202310168606,125.11371936491227
EK202310117990,135.87591599363438
EK202310143898,131.17127554357836
EK202310111999,142.24511083176102
EK202310133045,133.39833069029794
EK202310142041,138.94627972198273
EK202310216099,133.20046370556216
EK202310138895,135.72148780138562
EK202310147820,150.92337751699546
EK202310113918,139.3249231202176
EK202310226640,129.4901928131824
EK202310169991,180.36210653996147
EK202310195941,151.79656216539738
EK202310213195,134.56198003008225
EK202310161969,149.91592514769616
EK202310208345,152.04591252748727
EK202310180754,156.68505881303713
EK202310110267,132.76936437009337
EK202310194583,185.17635408643807
EK202320007655,156.9957243613429
EK202310142157,136.2244360732675
EK202310112664,134.28348364486138
EK202310136957,168.50710361481725
EK202310215766,133.95983601006577
EK202310167175,144.93394374220404
EK202310004831,139.7736076008429
EK202310159889,160.3821269833035
EK202310125472,137.24100115673866
EK202310166020,149.22087061379688
EK202310240418,138.9753205719563
EK202310156003,145.02076514572946
EK202310188199,140.1155360583317
EK202310213973,152.44462238418964
EK202310233649,139.53799527047892
EK202310124811,138.54976724565955
EK202310216543,149.2082777466212
EK202310121207,123.98939143177314
EK202310132104,139.02435338923706
EK202310138805,152.036035581375
EK202310234030,129.91472731927217
EK202310172808,131.63789966184441
EK202310122536,129.5529241163771
EK202310189381,137.22331176865114
EK202310242706,147.78541092255014
EK202310239058,133.51298565741075
EK202310192990,141.57834734632002
EK202310202471,144.04335121747877
EK202310222312,151.88975925857818
EK202310202945,157.6930879310086
EK202310199092,145.09151802323305
EK202310128375,149.91749677656637
EK202310107473,136.51691970029637
EK202310170279,158.41851984872028
EK202310149133,139.25353395686906
EK202310199648,173.55880152280827
EK202320006719,152.79568398626517
EK202310234669,140.3085560499642
EK202310149973,150.5817346318568
EK202310154407,137.0862789380659
EK202310192562,152.69136739863828
EK202310158354,149.77681049005557
EK202310202377,127.65549139792432
EK202310225193,136.83773032252523
EK202310117896,145.31095101464166
EK202310122973,136.84373927207196
EK202310163485,147.57528250234202
EK202310146561,129.90231944294752
EK202310248571,145.1968722593732
EK202310145328,152.6694692866058
EK202310229897,134.83138894079227
EK202310225899,133.83051709186762
EK202310154673,148.6635729818436
EK202310242080,136.01726932801805
EK202310234618,140.75954756856055
EK202310229514,125.89166650302602
EK202310199205,145.20782202488132
EK202310189908,181.2369993163419
EK202310227654,139.3674731200994
EK202310108175,128.97674497187717
EK202310165456,132.2394445559584
EK202310204739,149.54126815578005
EK202310124368,129.39958708690023
EK202310221567,135.05135601137297
EK202310111364,124.67221550561261
EK202310166449,146.42839450397943
EK202310104016,147.85954853981102
EK202310109663,138.91642688307348
EK202310233976,144.06340030951355
EK202310116602,146.31574095107715
EK202310206707,185.7684224296812
EK202310125360,133.7733259529665
EK202310141090,162.77635787419607
EK202310187733,144.17008467777092
EK202310146874,133.1154924858102
EK202310199999,136.3791362101386
EK202310133984,163.80107312345362
EK202310239052,142.49289828121084
EK202310116872,132.64447648833178
EK202310170227,181.20924457507604
EK202320007825,147.89512884411303
EK202310247712,134.27790829351713
EK202310133557,141.29652134668137
EK202310122565,131.29177991617854
EK202310164010,135.9631658644454
EK202310176533,151.0715249173631
EK202310222265,135.25130670260293
EK202310164867,138.37832832870427
EK202310163156,132.20442225778726
EK202310183272,151.8168464898221
EK202310127914,132.67770675121716
EK202310245446,129.17572642510356
EK202310207443,145.48981088956702
EK202310197727,184.24581344913807
EK202310172576,156.53415278844653
EK202310004885,130.7967064749769
EK202310233895,144.57296365605532
EK202310210570,159.21880967685132
EK202310199572,144.01304173637325
EK202310168376,171.29604864741603
EK202310196031,147.65064564665394
EK202310208454,140.95409235897358
EK202310218454,145.75268384467128
EK202310194926,128.25585699418775
EK202310150716,153.94167490367624
EK202310169424,154.6359286008153
EK202310141489,164.3992339034895
EK202310198731,177.02311096907988
EK202310224708,137.92695865331328
EK202310220317,155.9776640491161
EK202310158723,178.98916715185646
EK202310226439,141.5470719995759
EK202310155952,151.34114207582934
EK202310235925,149.0334626841975
EK202310149483,154.868192633113
EK202310182940,152.7341763953047
EK202310233127,158.97695657977886
EK202310198223,183.09365703792324
EK202310206595,130.32491582422992
EK202310162953,147.5975075836899
EK202310124622,139.78937090599217
EK202310199000,137.78634703497906
EK202310225515,141.31400553464016
EK202310200414,144.51935355878885
EK202310163151,139.40934451134683
EK202310147583,126.73423985982416
EK202310175959,145.96656856811575
EK202310156571,165.17918709431956
EK202310159464,134.8802503121392
EK202310133803,147.44770051068437
EK202310143242,155.55405150665845
EK202320007862,147.57363435363166
EK202310137674,134.57998234122294
EK202310158748,151.20814032345837
EK202310134807,156.66419225291398
EK202310232180,132.31852476114696
EK202310115545,145.87360776176862
EK202310106800,138.8388858430651
EK202310164487,142.6432270207849
EK202310189669,162.7268280385377
EK202310183633,130.27809578435824
EK202310160528,143.61828298165804
EK202310157424,142.13743945113512
EK202310175169,143.98212198565795
EK202310230775,130.95714802088173
EK202310176300,139.61712306459955
EK202310154141,136.94999832012704
EK202310121636,136.04045371026436
EK202310117991,132.77688683501597
EK202310114748,136.0113120912601
EK202310182305,160.57757504153784
EK202310183422,160.90764347628692
EK202310196576,149.25755825289767
EK202310212365,141.66833560468402
EK202310157851,140.3157496196152
EK202310143833,152.57414469243824
EK202310162493,155.8091275763996
EK202310200657,157.9070458085684
EK202310164870,141.1051317136985
EK202310139418,151.37178683896755
EK202310114290,144.05851304046797
EK202310206834,136.312381846408
EK202310235641,146.2863832126717
EK202310179682,153.29772163909408
EK202310209582,135.70848927831508
EK202310225738,139.72503567455843
EK202310108381,136.84500000805457
EK202310125569,132.0039441047712
EK202310218417,136.541864108658
EK202310228389,167.0958659716942
EK202310145963,141.4143691715087
EK202310109134,134.9705329796964
EK202310177470,132.92491361599696
EK202310162374,136.72069723774345
EK202310195949,130.9763259228633
EK202310122797,144.88425280816276
EK202310140758,127.37407787810926
EK202310232602,142.9554552494141
EK202310200151,134.13155764981275
EK202310166863,128.12794202820524
EK202310237243,133.59471774865008
EK202310120027,144.22590147363366
EK202310132524,151.3513884454166
EK202310204016,149.9989544909685
EK202310189020,148.98953335402956
EK202310202009,131.64414151103497
EK202310139108,161.03620430096
EK202310181804,138.9478092794881
EK202310205040,142.37555240156175
EK202310141451,135.8658721414597
EK202310164866,143.48763087547852
EK202310245490,136.59070798217155
EK202310181489,141.56203029300895
EK202310147345,139.1219346876915
EK202310148300,135.00385146962634
EK202320006124,167.4360837312611
EK202310196622,131.78264598305068
EK202310182658,151.50493646603852
EK202310227451,159.28705961819722
EK202310209633,134.88722626385652
EK202310180045,137.5383668659259
EK202310240543,120.82732877579771
EK202310115142,152.3814472490414
EK202310247768,130.00452812687263
EK202320005662,147.09672094032805
EK202310182225,159.2617181728419
EK202310187393,141.78487414387274
EK202310111676,134.9519071321396
EK202310234672,141.86645605569456
EK202310217174,165.21950082574824
EK202310169712,171.2515579821518
EK202310141144,140.39002967868083
EK202310204110,131.98355062184746
EK202310217308,138.8436016582785
EK202310117170,136.00919312683834
EK202310129087,166.30250075201036
EK202310221591,136.63376632565445
EK202310209271,131.22304663669743
EK202310219363,136.6704919625244
EK202310004090,139.65174393561622
EK202310211544,127.76961966684682
EK202310224956,152.48692549194
EK202310141398,136.48458528054198
EK202310148915,148.4885026871505
EK202310170219,126.11662729394038
EK202310191982,140.62385312739448
EK202310223575,137.15325288843079
EK202310104511,130.61108950182398
EK202310152387,149.10472541882044
EK202310218082,144.1253741547973
EK202310217177,140.15060680071986
EK202310248357,137.62219910035154
EK202310129896,147.6782757097595
EK202310152480,130.203764619634
EK202310239767,141.7273543805632
EK202310160883,156.9097930784394
EK202310140193,135.71053058021093
EK202310207625,138.7874566342731
EK202310165482,141.33586486898156
EK202310158005,133.0106883407538
EK202310185420,127.63230646131834
EK202310187990,154.55444599078766
EK202310138441,159.88128533335728
EK202310147390,137.07222639659562
EK202310158825,136.4981697960599
EK202310183745,169.8119000397809
EK202310148680,145.2106329635163
EK202310129708,158.27679693144003
EK202310190440,142.90127821108942
EK202310157144,180.2534300027335
EK202310113257,131.89380265525665
EK202310141541,139.0238976474527
EK202310190438,138.83319026636354
EK202310243356,146.26914212784288
EK202310183196,151.12562720491994
EK202310196369,147.10390481178604
EK202310144897,130.00118489612518
EK202310144635,146.2888619678119
EK202310237276,124.74784667100974
EK202310196220,150.51128366454356
EK202310202228,145.45929438827125
EK202310123488,124.63589351027531
EK202310105805,148.46974249080372
EK202310142565,149.157842996883
EK202310218967,134.39542992008765
EK202310120796,145.05201451244176
EK202310231531,127.65757046239231
EK202310199801,149.87072531183628
EK202310134790,132.96635195774883
EK202310203666,153.22175968849967
EK202310226666,139.60828570709717
EK202310232447,129.08457985575183
EK202310135897,134.8480521701992
EK202310168701,138.3514899912297
EK202310237343,135.79840428291766
EK202310154466,169.15472251674635
EK202310136457,138.7446335357757
EK202310121974,143.95412197934175
EK202310134631,141.57803705612446
EK202310213018,143.46913458598493
EK202310194001,134.33413050636946
EK202310136650,163.6203497447126
EK202310111505,142.4024205161104
EK202310209080,144.0476034408838
EK202310152444,146.14370708536114
EK202310121350,135.25419031471898
EK202310240365,146.10700983988605
EK202310159007,170.19593609868548
EK202310127159,142.47672076614091
EK202310226609,128.61597043604112
EK202310161102,171.29995312227155
EK202310103730,135.54635260395006
EK202310111243,144.3675465301033
EK202310156130,137.23928420857297
EK202310178873,126.31588780480124
EK202310176169,143.95502125874543
EK202320005724,169.69461309484723
EK202310150195,143.26379908734495
EK202320005792,145.87005162990593
EK202310117762,131.2969567043129
EK202310234499,138.4826881306933
EK202310176172,153.62526746748645
EK202320007254,140.62954730913393
EK202310128419,164.0962921695864
EK202310117754,149.76890023955218
EK202310222410,137.12041597259372
EK202310132750,128.52887478042356
EK202310195145,156.6728973948318
EK202310221266,137.54345288560364
EK202310156961,157.71141151208235
EK202310105175,152.79106103987144
EK202310167584,142.5516320181184
EK202310119050,141.4098119569088
EK202310127062,140.47053603640643
EK202310192052,125.09724617890063
EK202310118002,139.60230919074917
EK202310108997,134.90353854004817
EK202310160289,143.36080373601212
EK202310245922,146.7794360963685
EK202310116464,131.17722216638296
EK202310192195,146.10506479931797
EK202310237707,130.72365685729764
EK202310145422,144.7837448799415
EK202310245683,138.52982386476683
EK202310121291,125.03943618432349
EK202310209309,156.9957243163401
EK202310104450,158.68768581833953
EK202310123660,123.86879887824837
EK202310186410,132.51300336919078
EK202310151555,163.922250047585
EK202310104952,136.83875017452348
EK202310115719,128.66427579346947
EK202310181542,135.00072689507513
EK202310150013,168.65353434205983
EK202310205849,157.10907514004268
EK202310196534,148.93114342785466
EK202310131464,134.48435353770472
EK202310210210,135.0318778463914
EK202310104249,139.21047575667905
EK202310207772,136.86336409482723
EK202310134829,139.6093600591512
EK202310179456,121.33376471093109
EK202310113484,130.2328504491833
EK202310182484,157.12702351358922
EK202310120445,146.94553803690258
EK202310213478,129.4047006717632
EK202310130129,168.40956880107132
EK202310197510,154.06867872832862
EK202310192959,141.02181274030283
EK202310203760,136.31882733153944
EK202310240021,160.76782969018828
EK202310160111,151.29404937494638
EK202310202544,166.48795339798784
EK202310195908,134.68187870304888
EK202310220917,133.86594934239886
EK202310146833,135.40233016764859
EK202310108791,134.90705917227152
EK202310225259,141.9096006732722
EK202310197958,178.40847585401045
EK202310157062,159.78816417082533
EK202310214170,136.1294844793289
EK202310243954,134.52254554607185
EK202310110033,137.87386557182336
EK202310144804,131.04081202971892
EK202310114117,140.00463278169548
EK202310165416,150.58499628536245
EK202310228479,134.05485193036563
EK202310188134,159.62403944454448
EK202320006372,151.3815828548941
EK202310111226,150.0138048740248
EK202310118404,135.69666317701308
EK202310160695,153.78919670077818
EK202310114408,141.07937293976985
EK202310182288,132.49538281270645
EK202310213633,134.7310450277336
EK202310229313,134.73020331043637
EK202310118665,138.63436902689202
EK202310233785,167.67309929478876
EK202310143238,126.93729804884508
EK202310128242,134.22447072332147
EK202310208336,152.90463472696143
EK202310216912,156.827832750771
EK202310227300,137.0706087635142
EK202310196434,133.45858331267857
EK202310241940,158.78452554405212
EK202310140334,132.76518466640724
EK202310122524,123.90280038621154
EK202310211571,127.90527776229945
EK202310202080,141.71366004174172
EK202310155180,165.09162064488586
EK202310209752,142.8871443017903
EK202310003753,145.83322698324994
EK202310194332,165.23530642972824
EK202320005885,156.9370724732773
EK202310135026,171.07532630004516
EK202310225630,151.36821686740606
EK202310129248,148.31735145080106
EK202310118004,142.5092740504191
EK202310126344,129.77493893308377
EK202310125666,159.05182884192186
EK202310169951,144.39803863474867
EK202310159424,139.9842086531799
EK202310195617,160.7178148824751
EK202310240165,132.12248413974234
EK202310109583,146.63136671283522
EK202310127484,159.7043628850244
EK202310115422,131.0382439584127
EK202310189217,133.5165753208674
EK202310164467,132.49146855723805
EK202310160239,163.25469601802524
EK202310205148,147.0141275971479
EK202310177198,134.82620749658187
EK202310248326,134.99777433436233
EK202320007611,147.72427848242012
EK202310216806,139.7216533696062
EK202310236444,132.7232277081679
EK202310202895,158.36201040043585
EK202310189069,137.7456624930093
EK202310164095,173.19056994939027
EK202310177139,147.18847239862737
EK202310150069,156.24461856215737
EK202310217651,131.83601039958586
EK202310104531,129.41996490990775
EK202310175593,130.56149148172864
EK202310128801,130.99656983536136
EK202310226079,172.79070465219345
EK202310195896,163.96673040126396
EK202310248307,133.0221169379405
EK202310213215,150.14851454922004
EK202310126761,134.76721559838
EK202310138077,131.52518628100444
EK202310219983,134.98803383953268
EK202310155585,145.39658291205208
EK202310224738,171.28625170752463
EK202310121398,137.8038238030867
EK202310144202,133.7929208123143
EK202310171260,140.81638139041917
EK202310224405,132.12671800813996
EK202310168192,145.20648797213374
EK202310147878,152.14057584536536
EK202310190896,158.3342208599959
EK202310114382,137.47763389115244
EK202310115319,141.2012323799806
EK202310212295,134.31109754780854
EK202310145014,137.2760200122041
EK202310153112,136.93983883667073
EK202310181859,133.99987822598797
EK202310201638,137.09858756570713
EK202310217948,144.9117188333617
EK202310126418,134.92846863420039
EK202310147842,150.11776948087095
EK202310213180,135.33208783201485
EK202310149555,152.54320944020276
EK202310162559,150.5899854947546
EK202310181969,148.99877885599818
EK202310239453,132.0403727613546
EK202310185897,143.2856012514349
EK202320007785,136.16727438668244
EK202310181407,161.7189550847322
EK202310223290,142.0678637681882
EK202310197319,146.22158655071604
EK202310128098,152.0318738537506
EK202310131498,154.47509136506642
EK202310104275,141.896933144693
EK202310152898,168.6817898015024
EK202310207617,138.24645553014804
EK202310165239,135.44928605091013
EK202310161435,141.19636580415806
EK202310242971,145.25352214536264
EK202310111598,134.90742456859059
EK202310131958,134.3141102814714
EK202310186311,150.91066982201806
EK202310157046,139.97311533952305
EK202310115828,132.0095276667024
EK202320005888,164.74290048583583
EK202310116165,155.65137252742684
EK202310127616,147.58076236621037
EK202310190516,134.62932579669678
EK202310181145,139.70777250351318
EK202310112674,134.6389638940472
EK202310108818,149.15443889949225
EK202310137418,130.11534479039386
EK202310234306,146.16933772964373
EK202310147271,147.2239154195391
EK202310228137,134.3643421193018
EK202310208396,132.35428208985238
EK202310129360,159.52779426670674
EK202310104685,129.5337257242151
EK202310240248,154.9853019642233
EK202310111851,129.01224924636267
EK202310110232,134.7687641816756
EK202310149631,138.32883610938958
EK202310111987,142.547557844589
EK202310149812,153.1672944900396
EK202310125394,140.91157627879252
EK202310201038,132.79514482230783
EK202310196950,135.74938233928756
EK202310130689,145.798055070532
EK202310162831,150.13832281776533
EK202310191124,128.3238152292846
EK202310137249,133.59011468309146
EK202310221302,132.7086521236742
EK202310119496,143.22876072164743
EK202310123089,129.54855002241123
EK202310201023,134.86240291739475
EK202310200056,133.87706324824728
EK202310124074,134.30498391904734
EK202310187451,162.47442788485836
EK202310178204,162.3871413287696
EK202310176034,165.17037847514473
EK202310105275,159.79840631146953
EK202310217600,160.11241040840804
EK202310145365,121.06640157413878
EK202310179864,125.70910961300423
EK202310146164,130.6378384815571
EK202310148409,148.97262709427162
EK202310160145,159.60149333173857
EK202310211569,136.38323966151577
EK202310191535,159.21529432091987
EK202310212337,138.89044220820918
EK202310186617,142.5661544079724
EK202310200499,138.8791579997269
EK202310190255,132.2774637205494
EK202310161517,161.19177441707384
EK202310167751,150.1887003277104
EK202310230575,134.0982463485134
EK202310160889,131.8467891306824
EK202310236418,126.25507695696055
EK202310176273,137.26517408225823
EK202310104700,142.4608849849237
EK202310107420,148.3689985991399
EK202310169267,151.6129422977109
EK202310187330,169.152305193025
EK202310140279,143.05666464426642
EK202310201773,139.966167074487
EK202310168395,165.51162008503084
EK202310166412,129.130882610607
EK202310175402,132.9880662215314
EK202310128581,149.30702740196665
EK202310232461,137.64375959539558
EK202310138340,147.54595256853042
EK202310175300,137.03036285467527
EK202310125041,135.61764210858166
EK202310177394,169.08437912862308
EK202310163068,137.99520792189153
EK202310128960,158.20679171142828
EK202310213859,154.1282957410033
EK202310153664,137.88126763636606
EK202310168885,142.0453818354699
EK202310211096,144.0634478809396
EK202310233212,136.70606552776516
EK202310204970,142.402931620731
EK202310246566,139.10423700663182
EK202310181736,170.49624590654005
EK202310235583,138.80084760541277
EK202310235586,131.92564105112882
EK202310229567,133.38039981931976
EK202310237891,158.72106825380902
EK202310156320,136.53122231773065
EK202310200700,139.71612969522295
EK202310157317,129.6448942939968
EK202310165659,131.9135184286512
EK202310230462,168.66572618022496
EK202310107771,132.9665782477336
EK202310199945,132.7208293029136
EK202310239536,141.270006112814
EK202310108719,140.70383516957102
EK202310193930,148.59634415863243
EK202310153705,149.29209657335602
EK202310230423,134.67124705099945
EK202310142088,127.8927975696183
EK202310240261,127.04160172753045
EK202310234834,130.66329389060172
EK202310175123,134.59434930810866
EK202310223459,141.8567739806969
EK202310113022,147.354635762594
EK202310139384,130.63899884558003
EK202310127365,138.5036677620944
EK202310175890,135.42309527638773
EK202310210471,125.97143248026885
EK202310124749,127.00875681817014
EK202310107106,153.34202788201864
EK202310199447,133.16678425194752
EK202310214057,151.51859433572298
EK202310158006,171.5625425451337
EK202310183095,155.5602428817436
EK202310122989,164.07226572690936
EK202310004181,135.02128118889974
EK202310221000,149.28462583152856
EK202310216704,128.79922866035997
EK202310218492,140.65207484253645
EK202310175061,140.80047195661368
EK202310144712,137.44378659089685
EK202310230385,126.47341395947164
EK202310154951,139.02960390241466
EK202310158887,144.22680514678933
EK202310132252,129.60546854132377
EK202310160262,165.84004878705443
EK202310153966,129.06623513049146
EK202310190560,133.6179942766505
EK202310124555,141.16937865585297
EK202310114555,140.52330009427118
EK202310190493,139.0754275611735
EK202310161137,144.17011109637977
EK202310224942,139.67781628796254
EK202310230466,156.65265155207595
EK202310216178,146.63724607749128
EK202310205948,135.01321844987152
EK202320006948,141.07988815307016
EK202310224873,132.56831300904213
EK202310231707,129.49295630473233
EK202310198816,140.30121276312198
EK202310239894,135.3840896227505
EK202310212434,134.40401374793743
EK202310242399,143.05766753112985
EK202310126630,148.66591031051505
EK202310212116,136.29463474744867
EK202310116735,138.37310811694053
EK202310142424,137.69092565281088
EK202310126653,140.02656782767468
EK202310130536,142.1080784214359
EK202320007559,153.22457744801818
EK202310244114,132.45827226110504
EK202310194656,138.7890650762399
EK202310228023,134.22068878702666
EK202310184412,134.64281121512857
EK202310138297,145.57032234803637
EK202310233553,145.73625071192853
EK202310222650,135.6530354293848
EK202310148133,152.4008118618154
EK202310124138,158.0182499706017
EK202310210134,134.0215169770328
EK202310203676,135.8385360945832
EK202310120898,154.64358621748366
EK202310167341,157.02374595449123
EK202310180216,158.50436640014945
EK202310246916,140.05186571047952
EK202310157656,132.91663631599494
EK202310205414,141.4467289415568
EK202310152717,156.84953911565862
EK202310106791,154.16331700148208
EK202310105725,135.26979147815965
EK202310104432,137.6048717696816
EK202310194299,138.3928075844015
EK202310153184,137.1231037828344
EK202310240659,151.7819537982421
EK202310219840,144.85160879721238
EK202310153949,138.89413213660734
EK202310132803,157.77388661386286
EK202310146592,140.00205655936728
EK202310172131,135.99916185119318
EK202310121613,128.91748710082175
EK202310167818,142.14495027159913
EK202310200796,158.2449044521895
EK202310116481,133.43089906642993
EK202310114639,142.93873891641366
EK202310212375,133.93075914850755
EK202310235321,134.59407817070928
EK202310222322,135.3602432967318
EK202310110700,128.00838296408196
EK202310189946,178.33433893359845
EK202310162874,140.03133871506444
EK202310130785,126.14509733446718
EK202310242378,138.99110372256698
EK202310241513,132.22201968593342
EK202310160539,146.09430811044228
EK202310222342,135.86634015913734
EK202310138062,134.7657354985369
EK202310231769,139.02165229020895
EK202310158224,134.3900107321485
EK202310224139,149.20339706869137
EK202310216169,135.15274684023854
EK202310139185,131.36010781540838
EK202310110485,132.75412743604036
EK202310239046,138.79555417620142
EK202310138942,152.4460091861278
EK202310169633,135.2645788832101
EK202310109575,156.4708480772366
EK202310200090,151.5491863765588
EK202310163491,140.57483608315817
EK202310148729,141.31488154144213
EK202310140411,152.4638164231159
EK202310243532,146.12499672326697
EK202310125468,137.332515787906
EK202310221117,138.86387475912986
EK202310232056,142.30737771315458
EK202310210091,171.4436365452164
EK202320006396,140.55983541568665
EK202310142016,121.720561857599
EK202310235002,133.54256990809145
EK202310183074,128.75222201152764
EK202310182233,157.28931506098246
EK202310225556,135.57819078206154
EK202310179915,132.29458844709654
EK202310173349,145.36289844589467
EK202310212842,141.07577690565103
EK202310197784,180.62967728319563
EK202310138785,143.1309954539753
EK202310144444,130.62941771942664
EK202310181562,138.2931935345685
EK202310248524,138.8846386805244
EK202310216425,141.60128897074173
EK202310229912,128.881287333188
EK202310139002,135.72798770938934
EK202310120982,123.14504540239085
EK202310221837,132.80819961961114
EK202310119947,158.86046828574797
EK202310149071,162.38478338523797
EK202310185898,145.5631693870569
EK202310117197,141.373327501004
EK202310142908,141.29942835228076
EK202310185756,169.83242816602706
EK202310238913,178.92144829960378
EK202310204574,159.07691025377608
EK202310113564,150.56997963518936
EK202310118542,135.11183121149043
EK202310167688,135.1832370688405
EK202310212185,141.64052000222873
EK202310117088,138.778546623365
EK202310229808,155.46325613083735
EK202310207582,150.66661378676582
EK202310154912,138.984023934584
EK202310181168,148.07803435211895
EK202310149374,155.49088307365435
EK202310104396,144.42700530121385
EK202310109994,135.95660420480382
EK202310170860,139.56957517534036
EK202310115815,137.05309129880564
EK202310214779,160.46018270494645
EK202310109121,151.4297577348342
EK202310134158,132.76521818400434
EK202310167627,151.9741484352888
EK202310225236,137.85581420306735
EK202310181807,140.4064039468852
EK202310247389,146.38533869553808
EK202310235579,140.33648962470903
EK202310173291,139.64211948680907
EK202310192355,144.82729273763135
EK202310142541,149.58830017189754
EK202310150510,131.93147423279626
EK202310223761,137.5502035917856
EK202310175574,130.73910800179308
EK202310238511,137.6369838580871
EK202310157509,147.18534692647387
EK202310181989,145.88129775930813
EK202310003618,141.62887685578474
EK202310179471,150.50039583592704
EK202310230763,141.99208585172335
EK202310204971,141.5645642920726
EK202310233557,124.03592303215636
EK202310145292,149.96244407021842
EK202320005880,150.22899620502383
EK202310245241,136.6520901322776
EK202310212493,132.6502723263056
EK202310193001,134.68942577830506
EK202310199238,136.46740012834604
EK202310160941,134.9829964429073
EK202310155028,125.27670045375108
EK202310130868,156.6920718977871
EK202310200440,146.18860845647504
EK202310182060,156.57969424752721
EK202310111816,138.78069530993432
EK202310146969,145.04214778821762
EK202310158404,137.50808967243287
EK202310110705,149.03384611715364
EK202310186759,139.17986629009843
EK202310157536,135.83187973925632
EK202310140019,130.61319629323398
EK202310179351,129.06626230515764
EK202310183791,180.6327439254009
EK202310206480,186.0290952517502
EK202310133811,131.53169347864818
EK202310217540,133.36611223956405
EK202310132032,134.82581290551641
EK202310139504,154.3209109596828
EK202310161554,148.93367502528108
EK202310127921,141.31451183824828
EK202310140328,129.5593034278362
EK202310179259,153.77665709565343
EK202310110275,136.083907407427
EK202310148522,149.7429410914903
EK202310245827,127.8178918033088
EK202310104601,151.35221796910955
EK202310158718,133.4965134914857
EK202310148204,148.03042473568988
EK202310152034,137.77299867304066
EK202310205880,142.30993483625937
EK202310150725,135.89824618820606
EK202310154400,148.8605421525979
EK202310120186,180.1788784045993
EK202310192712,140.8747522564218
EK202310165189,142.24092878803654
EK202310152937,166.40405628289867
EK202310234101,139.05824516854776
EK202310191564,140.7087681644743
EK202310174430,140.473279265652
EK202310208622,153.77646508666993
EK202310233831,138.1639788042653
EK202310136566,139.1724858142675
EK202310146005,135.8949233736896
EK202310221494,139.28651893100206
EK202310239849,133.48165639638208
EK202310176728,146.0629185309674
EK202310106909,132.80041167606745
EK202310208429,137.74438979010367
EK202310174444,144.51003921558112
EK202310242098,143.69005600604982
EK202310175190,138.82918668987887
EK202310177312,137.6299135055226
EK202310229607,138.55366970790996
EK202310121574,140.17926599348638
EK202310187339,132.97553387410701
EK202310227049,140.7802607286346
EK202310135213,140.11106963583154
EK202310128318,136.65124362556782
EK202310108701,134.07084142142463
EK202310114284,143.4350147101892
EK202310108473,148.2715808827508
EK202310160235,150.86113021453994
EK202310120842,131.96890388629834
EK202310142363,136.91475523759814
EK202310163562,139.08454966439226
EK202310192991,142.96071766198443
EK202310203468,142.20900642625108
EK202310188577,135.49393306944108
EK202310240344,128.48854326213325
EK202310113690,154.1369430165605
EK202310213117,146.2630644737218
EK202310222749,136.05186664756678
EK202310004635,127.73620285281847
EK202310141613,147.28667387931938
EK202310108032,146.7319856856883
EK202310233880,143.78190070657615
EK202310205163,150.51181736392226
EK202310104692,133.15432083636313
EK202310237071,121.650821090553
EK202310111732,131.5167780975207
EK202310137404,134.3007128166645
EK202310146556,133.54974452449537
EK202310111180,159.41910607196164
EK202310190526,141.10355034668743
EK202310119701,139.87505745028923
EK202310182123,150.92037603609594
EK202310187615,167.78263267630945
EK202310201487,140.67781673797595
EK202310144094,120.4460623968453
EK202310116261,153.47051587713955
EK202310142783,133.05475713906364
EK202310192602,152.91106858719684
EK202310167866,146.8983104460164
EK202310145551,157.28524310881775
EK202310117731,128.547264951053
EK202310125526,130.4682594627589
EK202310128615,125.63626155402643
EK202310180563,135.20391540406874
EK202310139532,132.42721778975996
EK202310224142,132.98353918858533
EK202310233781,170.19803559291526
EK202310157368,136.11642673213257
EK202310203603,136.95961436311484
EK202310180362,166.5697048248714
EK202310198397,133.1281175300027
EK202310124770,130.1505294960132
EK202310223755,133.57258005253473
EK202310106275,126.83984230583567
EK202310205161,138.89693132732307
EK202310139936,134.9201103445132
EK202310205611,147.88023789538133
EK202310134137,125.6512779137528
EK202310127542,143.48750699128115
EK202310193128,135.19049806995474
EK202310237157,138.3998955444762
EK202310107674,144.5713588283374
EK202310149217,135.08959056950417
EK202310129309,160.48381113470938
EK202310156886,134.3133653515508
EK202310117116,138.9184784504333
EK202310225911,126.13996978046202
EK202310145676,144.28947623557295
EK202310166738,156.94197469694655
EK202310158541,129.20379600212115
EK202310106511,135.93576211190185
EK202310131343,127.8232912055676
EK202310245992,133.2494914654618
EK202310140003,138.4116384594533
EK202310174342,138.09415765964295
EK202310208385,139.55775474884058
EK202310216439,137.91025669760117
EK202310211004,151.98564780242816
EK202310106760,139.8314656414704
EK202310176087,127.5699042593231
EK202310106317,126.07634599394532
EK202310215460,130.27391196351468
EK202310201661,145.21838806757793
EK202310166937,164.4846562618804
EK202310200307,146.3942618368478
EK202310181766,170.95981905255067
EK202310214069,161.99673235755893
EK202310200177,138.45629093424546
EK202310123321,144.76036097814148
EK202310151256,144.8070357749223
EK202310171945,156.5703984181953
EK202310136311,129.87805682647732
EK202310150029,153.1916044773035
EK202310212078,127.07119034180884
EK202310210902,135.22132329525002
EK202310210594,145.49881526173758
EK202310127288,144.48354217261712
EK202310126517,133.2124395911656
EK202310161234,167.007470746846
EK202310220266,135.40507068354972
EK202310142494,159.42503417118343
EK202310217357,147.3855155777495
EK202310132692,132.93163924458688
EK202310227115,148.72751461324583
EK202310141700,131.0475848451092
EK202310115959,137.5097379430371
EK202310230099,131.49084492537375
EK202310211438,147.47832649851154
EK202310219042,129.5063528328506
EK202310177531,142.03553980076393
EK202310233521,161.52055912887278
EK202310128329,169.06158588299286
EK202310201328,194.45881234759761
EK202310171078,150.6875857108069
EK202310138130,142.57790931490644
EK202310177993,131.83178804121584
EK202310228196,179.24805362767637
EK202310170822,141.46816047328835
EK202310184514,134.20003440634923
EK202310208895,149.45533722407325
EK202310204293,150.49677913123836
EK202310163755,145.23634885138938
EK202310112893,146.68075634010822
EK202310207633,144.12954289875466
EK202310120935,130.62148776666956
EK202310198348,149.27245810981094
EK202310216671,136.85393870522176
EK202310203558,147.02160802511847
EK202310221470,128.0099338196403
EK202310134114,133.15520140617804
EK202310161904,159.56038210043855
EK202310121193,137.1517744526505
EK202310112380,131.15283480947235
EK202310123715,136.7357669279281
EK202310182522,134.01487823247274
EK202310165246,160.7257090906292
EK202310165109,146.99655683960427
EK202310226207,150.27114682419466
EK202310189166,176.49046618407985
EK202310171824,145.30287965349947
EK202310212508,142.44224980932626
EK202310188289,144.2592400745212
EK202310161253,143.0991278524308
EK202310188025,145.472149190156
EK202310170339,130.3361825734466
EK202310103831,132.7531448229905
EK202310214220,128.54642712805716
EK202310149031,173.96955774577262
EK202310147724,155.94248681005084
EK202310142296,159.61822043044202
EK202310176974,156.10637208792528
EK202310161334,154.6611734258269
EK202310213866,137.45663295019642
EK202310225737,130.26839910323534
EK202310156109,141.3387019305697
EK202310200303,154.24454582750684
EK202310185044,177.6938025741444
EK202320006653,179.52524178686016
EK202310111122,136.6846036360413
EK202310120782,168.05672053481544
EK202310198165,149.95478244089657
EK202310228584,131.64884042079134
EK202310205188,140.96850346971692
EK202310121258,141.93215386217128
EK202310199633,138.387379303966
EK202310143847,128.33634868045218
EK202310135571,141.41574701525147
EK202310206110,127.23588701391479
EK202310138447,147.12515017562018
EK202310192664,145.85701314349873
EK202310187215,152.64421479551865
EK202310151514,175.38462028040885
EK202310144726,160.63626460518546
EK202310207249,132.17957881500269
EK202310161306,180.88921174616894
EK202310158826,130.92822841559948
EK202310173556,166.7773173233103
EK202310125091,139.18018883431304
EK202310142377,143.23845430611757
EK202310236947,131.89124093947242
EK202310208442,136.31417276088638
EK202310118298,120.01354939343486
EK202310219483,123.82971195165283
EK202310211212,147.72048763117888
EK202310104173,139.69845604691096
EK202310201478,148.18643042078295
EK202310158280,149.05948171950382
EK202310123070,136.22472784627786
EK202310138063,144.76022204056613
EK202310164203,140.35812494967482
EK202310190017,175.0696779728202
EK202310169668,130.57799565589775
EK202310113501,156.7809759092048
EK202310235684,133.27537376389867
EK202310137261,127.7511382476722
EK202310162355,155.39514550040496
EK202310217469,151.1836580598203
EK202310161201,131.81748570180764
EK202310157515,129.47553864858452
EK202310145284,155.02721366198318
EK202310227827,136.78725563764246
EK202310209456,132.48268216080098
EK202310211698,138.26293622112922
EK202310194731,144.98696692825965
EK202310248330,139.2621318120033
EK202310106105,133.7677265246498
EK202310160743,141.35776901150754
EK202310166605,135.10071299439053
EK202310212995,148.7904219796661
EK202310233144,137.83890242405457
EK202310230980,132.60284867800974
EK202310226067,140.0938204854234
EK202310120976,123.05661759249371
EK202310128266,130.13453438707356
EK202310106331,135.94603664651441
EK202310199325,139.10278245021738
EK202310204088,155.52441056037176
EK202310174720,132.79922421301666
EK202310240940,138.75019882679072
EK202310109263,138.7370129230364
EK202310106322,135.89243284570796
EK202310135599,121.54239956640782
EK202310145520,130.44997049817027
EK202320005632,143.14932308096644
EK202310199819,146.8386355587667
EK202310172008,137.82060106425368
EK202310199276,130.1665733112143
EK202310106548,146.98463293162808
EK202310217167,140.99867295965822
EK202310176173,160.27165260704916
EK202310221378,145.83549056347834
EK202310201211,177.62050853297762
EK202320007715,140.29348535923575
EK202310182662,133.34088862075353
EK202310177694,139.34222908445656
EK202310156023,131.895502255183
EK202310111848,119.22356615153811
EK202310129647,167.6399931605011
EK202310170544,165.2759621124113
EK202310242820,143.1858339223669
EK202310194133,170.1795460544975
EK202310216029,137.73437503231628
EK202310107349,135.30105374827863
EK202310208265,141.93646349700384
EK202310229154,135.84175209382147
EK202310107089,133.7963783351584
EK202310112252,137.5385818315437
EK202310148875,149.29207136561894
EK202310119051,138.95329306611998
EK202310147588,134.0126823457658
EK202310113617,145.77846812780436
EK202310147037,147.6096729283758
EK202310238313,126.65069610803985
EK202310192918,132.7473373069293
EK202310155166,128.3099198911005
EK202310177734,162.5964543417324
EK202310125003,142.8888391156932
EK202310204102,138.69605010890112
EK202310127233,152.50892314121177
EK202310154507,174.32230723005736
EK202310208352,139.05804355049312
EK202310123745,152.9702499398147
EK202310147036,159.6607486981253
EK202310110497,104.98239429366144
EK202310246320,149.66595792972095
EK202310138361,134.14122003914449
EK202310167217,137.2847701489422
EK202310229839,139.59998025630549
EK202310204873,139.62637387090953
EK202310208025,144.8249498737807
EK202310139865,160.89917248833993
EK202310238834,144.05754473540696
EK202320007032,164.53118245108965
EK202310223956,128.24144374092015
EK202310205152,136.67199177024378
EK202310127859,136.07540770523374
EK202310122230,139.46903061254125
EK202310235039,127.0668192372408
EK202310172181,140.55681957598634
EK202310152472,144.861882803821
EK202310163385,149.13548024335537
EK202310226473,129.81164473168988
EK202310196206,173.3855701522404
EK202310004942,116.40550651831282
EK202310141871,140.4436457610809
EK202310215986,136.25577062947156
EK202310211462,143.28257579607373
EK202310245537,135.44523261180046
EK202310204491,140.1995368775749
EK202310139744,153.66911874788372
EK202310138719,132.36686931207657
EK202310128437,141.3169450959376
EK202310138286,159.9768592150471
EK202310148950,147.78831146822222
EK202310225042,162.67732110030585
EK202310227372,151.02735184333852
EK202310184056,167.32671188236893
EK202310203882,143.48742443162323
EK202310108510,141.03735115314572
EK202310220594,135.5648075990013
EK202310119141,142.3196358658791
EK202310246490,148.52400018379092
EK202310143698,150.62262346227385
EK202310126746,147.12642755255948
EK202310233106,151.54504953319696
EK202310108410,146.4003433775055
EK202310186336,146.2554762686472
EK202310231142,136.11428905877835
EK202310126076,139.41591653317045
EK202310205622,139.13037551825497
EK202310220488,143.07234416383676
EK202310120527,139.73577954371888
EK202310220246,135.43255426517553
EK202310161188,140.5406156980558
EK202310155699,145.25849287773673
EK202310189021,133.89191773872076
EK202310236601,137.40809383868765
EK202310164905,137.2046651207003
EK202310128052,136.71659907616302
EK202310126712,164.32447696071796
EK202310239805,160.79453867086704
EK202310224857,142.42380193985534
EK202310173357,139.21318361844553
EK202310127584,149.90606617165946
EK202310229371,143.19479401756757
EK202310110882,145.6774650855762
EK202310160530,137.71398359640042
EK202310116477,132.59562875464255
EK202310118586,112.74100562251635
EK202310172703,134.9032518932548
EK202310136123,170.1266192271309
EK202310108114,138.3246541172087
EK202310208296,142.49111245259593
EK202310232508,137.23838719211065
EK202310220252,125.86560717757435
EK202310168728,157.79076527069705
EK202310165440,166.95759911276508
EK202310214684,145.23764600130343
EK202310107697,131.8805086193417
EK202310129545,132.10868096883047
EK202310163236,146.36268967831683
EK202310236802,141.62174242116154
EK202310153242,140.7598102470971
EK202310144615,166.00113025750565
EK202310129912,126.01184855027726
EK202310197325,142.06093011229973
EK202310216540,154.66326606139162
EK202310104778,134.07752752142238
EK202310114062,147.6311534967866
EK202310205213,137.649724122418
EK202310227892,132.40456243525122
EK202310232305,140.58077704670603
EK202310185667,158.46675337635628
EK202310212219,132.92806521182737
EK202310214315,157.87457559617448
EK202310222807,136.98312020021663
EK202310192829,176.85219929802446
EK202310246736,131.24158501002273
EK202310144859,152.1821490288417
EK202310167652,131.75022226618614
EK202310120246,145.29306340638882
EK202310182888,142.9380868679817
EK202310150758,137.01530604242083
EK202310172256,147.72622503625013
EK202310143177,137.86140767077146
EK202310197462,139.9089716110776
EK202310196459,143.40805454373654
EK202310164019,132.52595278147786
EK202310139039,159.84956708615388
EK202310134361,172.66777302810954
EK202310147025,156.57760528153975
EK202310208999,157.9918840257938
EK202310142527,131.2854439960916
EK202310193745,156.770869017353
EK202310167641,151.39294230412713
EK202310240938,133.52341663404582
EK202310112017,111.71337589784414
EK202310240024,157.48043044948741
EK202310244708,163.12334432392942
EK202310210230,134.37299309356294
EK202310004423,134.70430374990457
EK202310221224,152.86604147585192
EK202310157667,134.04832337261905
EK202310215430,153.81076631518417
EK202310182844,149.0931895561734
EK202310236293,143.848260583549
EK202310123092,145.42944016755322
EK202310125798,136.4674560827404
EK202310167474,161.8853016503302
EK202310124113,136.5240578992414
EK202310232206,129.26462099507137
EK202310222185,133.13262498848954
EK202310149306,152.3747495252759
EK202310167817,166.03101778721944
EK202310212632,144.4494514090023
EK202310132358,132.4693394355194
EK202310145151,148.80576766093805
EK202310141011,151.86234941698797
EK202310200018,132.37644721195062
EK202310132356,150.94342114319065
EK202310149165,146.74214357388882
EK202310129607,138.5667134133115
EK202310194843,147.61998002100728
EK202310190635,143.06183485112476
EK202310207943,144.7769620825102
EK202310164644,139.26082560338065
EK202310241540,135.12450962170345
EK202310116312,130.23228354632667
EK202310162974,145.20616502427555
EK202310151341,128.41484610146782
EK202310158724,145.41422127625603
EK202310247924,134.5965324074769
EK202310119010,125.94000184235209
EK202310186778,127.9469156646285
EK202310183764,182.83336199184598
EK202310151317,140.44000280906295
EK202310110771,134.56868570401085
EK202310180616,139.94022163082946
EK202310162283,135.6777502117874
EK202310228393,135.35645400181244
EK202310003867,138.82741416213628
EK202310162011,157.6834958794212
EK202310192785,155.3308104940067
EK202310205984,142.64565927060474
EK202310191301,140.15887423000643
EK202310205696,165.26676988791252
EK202310003384,160.37781546867905
EK202310244834,134.15344469787482
EK202310204220,153.60882358171807
EK202310110856,145.049388635665
EK202310134787,133.9627518646719
EK202320007820,151.12803518630363
EK202310179208,128.65689273865243
EK202310223932,169.2283738144937
EK202310216781,137.9256903155731
EK202310187602,120.33828647037744
EK202310179844,155.28205802065895
EK202310163357,139.8762226278345
EK202310137800,131.81261134856828
EK202310202504,152.77735185339571
EK202310152435,130.47349568612754
EK202310138850,141.76605471098728
EK202310120464,129.22838143872147
EK202310200493,142.82113757067552
EK202310243016,134.54139596076337
EK202310168573,141.72314010936157
EK202310163051,136.69020059410786
EK202310188721,153.4177757685013
EK202310187647,150.12023825614426
EK202310194460,139.7084297769239
EK202310199853,148.7395716821966
EK202310199354,137.93272585356922
EK202310156872,149.3542030382839
EK202310183296,146.11992465240482
EK202310105927,133.38875726398607
EK202310106682,138.9650411017563
EK202310127329,158.8442482897947
EK202310116459,136.39777141392372
EK202310192223,142.05669198764681
EK202310004549,132.88230040082456
EK202310108809,141.4947222075802
EK202310180902,128.40380335659862
EK202310104309,135.1922445535394
EK202320005779,187.26025867017162
EK202310145003,141.93594316896792
EK202310234434,134.2912485545058
EK202310228455,149.08134045890208
EK202310196294,174.75685804304845
EK202310214611,141.55071410936526
EK202310128897,147.04835797143977
EK202310140953,138.70658431043876
EK202310153523,130.38006796519113
EK202310107262,146.57725289885994
EK202310177695,139.744188438818
EK202310133157,147.35815783891664
EK202310243662,127.05814514265784
EK202310155394,147.00155028397748
EK202310126776,138.83623832142038
EK202310241762,131.5255060843132
EK202310141862,130.73938631948732
EK202310151835,154.97780983616715
EK202310128935,138.1462652087321
EK202310114330,137.02042241596132
EK202310166988,132.9471212673707
EK202310201794,132.20744149779344
EK202310181313,156.3382100523605
EK202310186725,143.43163623927765
EK202310146475,132.83821279862516
EK202310109755,155.03653504069098
EK202310161538,148.65067702405247
EK202310186435,141.12144413762707
EK202310193897,139.47112645271739
EK202310160769,145.00234571618506
EK202310212581,141.78278340487614
EK202310248122,134.49477119460312
EK202310235931,131.71735654361302
EK202310181771,169.457148083715
EK202310155768,143.1726693890945
EK202310111605,146.8657206489624
EK202310127306,167.06635113353093
EK202310150190,132.847790066405
EK202320005858,160.33754794376338
EK202310236072,157.4600233184433
EK202310225439,132.77880481346656
EK202310237893,160.2161676906472
EK202310136361,126.5401182715047
EK202310191072,145.85162916987707
EK202310181865,143.08528611399154
EK202310231592,135.41872632533634
EK202310207325,126.28813658698412
EK202310172714,143.35608548303605
EK202310224865,142.59888340736063
EK202310168576,138.5263758612616
EK202310103778,146.91979002404983
EK202310217586,162.2425755735144
EK202310231160,132.9202998269735
EK202310234098,135.6938976909988
EK202310178165,149.07057594561326
EK202310135798,144.06208447757274
EK202310207159,157.77331020362405
EK202310161503,152.62331724848613
EK202310164971,139.28464472249587
EK202310227797,138.17422561483477
EK202310138476,147.08832023005024
EK202310105436,127.35953819153359
EK202310171599,135.33696908447962
EK202310155833,146.89088276357185
EK202320007748,144.11040172398015
EK202310216275,135.4624156734682
EK202310178246,143.14507339630282
EK202310233952,140.6560009438681
EK202310236351,134.00021000907185
EK202310208975,132.48099008768605
EK202310210410,145.27650593504413
EK202310179531,151.94408468759542
EK202310207618,149.31528471006882
EK202310173550,172.8335200751781
EK202310226730,147.92710877995978
EK202310129523,139.9764116176223
EK202310220746,137.3054354291101
EK202310248566,144.2146177272587
EK202310193943,155.51970579062208
EK202310119814,149.19937305662322
EK202310142248,155.63425933269798
EK202310186304,163.7214465162239
EK202310138557,169.09567659937858
EK202310245483,135.6946467964234
EK202310132300,129.3880330269066
EK202310208081,136.99594825156493
EK202310230460,167.7927926756989
EK202310140474,130.2278325440135
EK202310212083,135.55122868265505
EK202310136665,131.94542645296718
EK202310131251,141.8278622954524
EK202310232633,141.06676857505582
EK202310147477,153.11629259117285
EK202310205850,168.5443050751958
EK202310202041,157.1723329958608
EK202310173763,150.98021620133224
EK202310160578,166.7083759281091
EK202310191339,137.6507182226757
EK202310212270,133.1651870900551
EK202310145728,154.6240951355502
EK202310221046,128.0472013299781
EK202310188691,146.05487566725577
EK202310171896,151.91333850028988
EK202310139766,128.0342392111373
EK202310173220,158.83438845512617
EK202310162948,144.75916561926527
EK202310105701,134.35920386657017
EK202310197311,155.7310455576165
EK202310147640,159.02582361830503
EK202310183542,143.39841493424115
EK202310183535,160.00427443494888
EK202310245904,142.57074015539558
EK202310133031,142.3269925612268
EK202310188018,165.63091736847932
EK202310135860,142.2709563920338
EK202310236943,133.4528816663827
EK202310156470,170.192308696398
EK202310195857,180.00285349465832
EK202310187539,140.7582842453333
EK202310004424,128.39620868242002
EK202310217002,135.02690535600615
EK202310179415,138.89145513630126
EK202310120456,151.80998639338264
EK202310200863,128.78077274052833
EK202310147545,149.9803926934171
EK202310230822,139.00115562094118
EK202310121215,139.66243144274466
EK202310177411,162.15042401500085
EK202310224282,138.5599862226713
EK202310140227,127.5784947146522
EK202310129737,153.94396974048064
EK202310140849,136.02494180202353
EK202310189202,169.43432709739508
EK202310104642,136.44588265664456
EK202310208010,142.85151945641965
EK202310166940,169.4042333849928
EK202310162024,152.01162110169352
EK202310199815,140.34405791786742
EK202310152439,140.61579462337141
EK202310233448,136.38740242674447
EK202310242843,139.75070647570118
EK202310201491,145.1941649837935
EK202310107632,132.11746847516036
EK202310198770,180.02466141015705
EK202310137566,141.99320197154285
EK202310142121,132.76392623693707
EK202310190572,136.6848544819358
EK202310205775,139.38207449161445
EK202310220844,139.79180932573476
EK202310139338,153.14921539032613
EK202310108582,157.24092839892077
EK202310158552,131.277120699313
EK202310184301,156.47689372510493
EK202310243616,135.51928054246267
EK202310151811,161.77485411421668
EK202310125407,133.0528568477054
EK202310139375,134.53313911789417
EK202310239439,136.59097232035117
EK202310155841,125.67105962240335
EK202310215149,140.48628714618138
EK202310107124,140.14498650013218
EK202310134118,127.0710016084046
EK202310194279,146.7653547855369
EK202310246720,135.98072815014632
EK202310162584,145.1449743989424
EK202310195982,178.06035047339043
EK202310228933,132.27067543500453
EK202310116256,145.81264607344292
EK202310114568,141.49351277132268
EK202310131206,141.25130979578444
EK202310175053,143.576424804239
EK202310221935,138.96816455276462
EK202310185735,152.09426082825422
EK202310223371,127.90123668073419
EK202310228532,139.31016989132604
EK202310201399,153.4240019622087
EK202310225779,140.85764741044346
EK202310223354,143.9542621303628
EK202310149880,146.10776742832948
EK202310182361,147.1055076535194
EK202310245495,134.52252360937072
EK202310004203,150.00560065867882
EK202310179618,140.21424913653698
EK202320007066,147.05377513140124
EK202310114050,140.77907119486704
EK202310191315,139.86193532280708
EK202310146983,152.65841015547463
EK202310130594,160.97638378229072
EK202310242203,152.74443746904043
EK202310241138,139.5101632084118
EK202310156504,146.15655589637555
EK202310197660,173.1928579798828
EK202310140136,150.20626486333438
EK202310143917,127.48601359542599
EK202310219192,130.87338101587423
EK202310134270,158.30607812267075
EK202310232270,133.25007127708852
EK202310173917,137.41650569140793
EK202310173711,141.17037848244635
EK202310112756,129.2175159412692
EK202310204172,142.13368436394498
EK202310159759,143.97659862396912
EK202310186227,138.52522953963089
EK202310185665,146.86285137453146
EK202310117309,141.2157541711188
EK202310197672,138.28814336669782
EK202310153079,132.59003185879635
EK202320006035,156.59134407832863
EK202310247525,128.25553074409072
EK202310161438,130.39734081118385
EK202310218023,145.50630522220058
EK202310150064,151.7582895634982
EK202310142573,153.42975691099855
EK202310124576,133.6313544844499
EK202310219887,129.31824031154923
EK202310120184,149.23950333777682
EK202310112918,134.62452517433155
EK202310109372,162.0290531559207
EK202310107015,140.59882270305607
EK202310150353,147.10179989839864
EK202310204484,136.99737434473676
EK202310146488,133.50107856988993
EK202310124804,144.80059397636361
EK202310185666,154.9733904142588
EK202310195519,130.9291863940012
EK202310160733,135.33304374463148
EK202310104544,141.1559004969951
EK202310184750,147.39249283314123
EK202310003740,124.66703115366967
EK202310226854,135.22733001479511
EK202310125742,152.19738470548754
EK202310168317,134.40482396042367
EK202310149766,156.85523403273965
EK202310190272,172.9529424557309
EK202310146274,142.12704672395716
EK202310112851,128.18841069523899
EK202310175254,153.47695123211074
EK202310163259,132.69023737722452
EK202310133880,137.38078183161946
EK202310217079,128.2900300844402
EK202310170637,148.82752737188082
EK202310194778,122.92222845112205
EK202310218095,134.40380039876956
EK202310135253,151.41072702316828
EK202310197692,167.05784381622982
EK202310208639,142.98235479038732
EK202310246924,135.09019152146348
EK202310189081,148.30525927500145
EK202310186006,151.98578524853363
EK202310234924,139.50718627940503
EK202310159161,156.6268076779588
EK202310118361,133.90613991731755
EK202310103934,124.4662570097286
EK202310218075,139.42154280419732
EK202310151847,151.78895022466924
EK202310227485,155.97323398397813
EK202310215170,130.52504034062602
EK202310182285,153.44870833636332
EK202320006523,166.91429617268128
EK202310226724,139.14632068530926
EK202310144268,143.77180121229668
EK202310156630,172.27758167080458
EK202310245294,156.33122027230954
EK202310223363,135.1840418505336
EK202310237800,141.31721655012407
EK202310173460,136.32377670173847
EK202310209655,141.6731046822622
EK202310119136,139.1966945230523
EK202310127314,164.49638267577618
EK202310193844,143.02417575719466
EK202310162315,143.4076153635996
EK202310218294,130.89929607218076
EK202310151071,131.8253486887437
EK202310217686,139.16562675144772
EK202310154435,159.59449090191507
EK202310191927,150.8283453079347
EK202310181837,144.83397215052895
EK202310148256,166.73702432027662
EK202310230363,136.4640490484672
EK202310156095,136.63132521986367
EK202310169939,153.08166914406038
EK202310141818,141.17803214847936
EK202310230706,139.19388411991673
EK202310138074,125.92727996838029
EK202310213136,148.023305409012
EK202310245174,155.48199257758776
EK202310149067,144.48529738050442
EK202310215609,138.68506223006486
EK202310170363,126.7376555949234
EK202310238402,137.4635929736336
EK202310117314,142.10538156154735
EK202310241750,156.64807499822365
EK202310154247,126.50139393175691
EK202310148755,150.20155243979517
EK202310150162,134.90806911696342
EK202310189110,132.64081776148723
EK202310168769,150.06497791703836
EK202310211938,141.24382609052284
EK202310176335,152.2544364130624
EK202310113812,129.6124153676206
EK202310123004,125.74965139225833
EK202310205174,140.63124976583066
EK202310168759,148.46043650733387
EK202310213442,135.7953875739297
EK202310239610,155.82484176352375
EK202310195241,121.75886267613625
EK202310153703,160.26692130915046
EK202310150341,136.05937602568943
EK202310208289,138.37814504933522
EK202310111014,154.47325109916994
EK202310221055,141.45526598936104
EK202310201138,187.5374899902718
EK202310004391,134.8510757177082
EK202310155939,140.58324416023567
EK202310148376,131.3138080067246
EK202310116871,143.68574190019783
EK202310197518,143.690165593347
EK202310119757,140.36458688564025
EK202320007473,145.11992608406638
EK202310134809,138.31235383339643
EK202310189457,179.2945700271001
EK202310185033,140.28631724623895
EK202310229340,138.10729816289518
EK202310122288,143.77827249800043
EK202310120743,141.51438278840365
EK202310242075,135.6202489236835
EK202310140597,135.58864185504152
EK202310242069,130.6263507333173
EK202310136890,149.64509208247577
EK202310209810,137.4742199237917
EK202310223071,135.6172535351414
EK202310218487,157.94633189653695
EK202310232696,158.40364950695587
EK202310209345,137.65423883834455
EK202310170813,133.74758210759362
EK202310153786,161.69038451067559
EK202310151789,137.97927106079337
EK202310151677,126.88667245089705
EK202310137204,147.25498117045913
EK202310218836,139.43382657144778
EK202310151080,131.14014385902468
EK202310164354,155.7353640580943
EK202310173775,151.08894223414467
EK202310121695,152.88813181371148
EK202310205477,131.33361350600143
EK202310157033,149.73170914128835
EK202310119370,129.0459809304176
EK202310126142,150.02250140285474
EK202310205658,136.9914263304779
EK202310186719,171.51252100745705
EK202310144182,132.09434522973183
EK202310246415,135.432469261026
EK202310227129,162.3222719233239
EK202310156707,159.55957315099587
EK202320005770,165.12376348029392
EK202310166383,157.9491210271979
EK202310210479,128.59067581994213
EK202310179571,151.60815940816758
EK202310187791,138.93322414101894
EK202310171969,139.66556841471134
EK202310132165,156.3870981722082
EK202310124907,139.7774511412308
EK202310208889,159.2582516402113
EK202310247697,140.54014573178068
EK202310194854,132.40675103538368
EK202310225021,167.10022753093986
EK202310238477,137.75580814862988
EK202310239246,128.80560311327005
EK202310176503,145.5317471169143
EK202310176496,138.31420793820124
EK202310198306,155.3396459126211
EK202310188583,132.55783730727953
EK202310207194,154.30028941614017
EK202310219806,149.08587395890186
EK202310227819,123.53020203060386
EK202310164368,169.7747140216355
EK202310239912,143.21197805063096
EK202310198458,132.71467663067676
EK202310142902,134.69895839846134
EK202310240388,145.06487810035688
EK202310222895,136.97086552054685
EK202310160875,139.63064644236687
EK202310167060,157.94752417526226
EK202310224028,170.69831205791533
EK202310151657,131.28194489799043
EK202310155117,133.55548599468048
EK202310136926,139.19771937956568
EK202310143427,169.36501547308924
EK202310172189,131.4471300715667
EK202310125542,137.83642139695758
EK202310217168,136.35646223440972
EK202310121975,122.70876465019349
EK202310182960,132.4676485570581
EK202310128220,122.11420328728595
EK202310112524,147.62485168110086
EK202310212379,140.16122248809052
EK202310207577,164.07294297572128
EK202310153262,152.45380035545884
EK202310198456,143.50975072618755
EK202310108358,131.12381790518322
EK202310160189,155.89504030979086
EK202310210891,133.6740385940519
EK202310193109,131.52284828474026
EK202310181289,153.4390387860012
EK202310131577,144.78330991751787
EK202310211895,154.18672328414266
EK202310190829,151.04874557538824
EK202310127301,153.2475888688875
EK202310116811,139.69830999501062
EK202310107250,140.50183333082308
EK202310107498,124.38488520845422
EK202310192130,162.7824831213791
EK202310132040,134.2468919288437
EK202310175120,123.89330224713233
EK202310246012,142.0903624453057
EK202320006537,174.79844633867492
EK202310129645,151.02824637490528
EK202310188742,130.1328415321626
EK202310196813,134.5454884658545
EK202310125413,144.07380761085685
EK202310166995,131.00179510668823
EK202310146585,131.13889539366465
EK202310229973,135.13384287930302
EK202310247518,140.1696688661204
EK202310198340,132.4528326460353
EK202310113811,132.23931428696352
EK202310188773,155.20109400423766
EK202310109282,151.71250206308179
EK202310240034,147.3400577260231
EK202310215437,133.42027760921783
EK202310194389,170.10232582420923
EK202310172196,130.43583951993958
EK202310165827,136.3802077009247
EK202320005561,144.52044797238483
EK202310149595,149.4237922707655
EK202310168288,166.94862530912607
EK202310140892,136.5057516967298
EK202310184756,143.48102783236183
EK202310155970,154.32340443383825
EK202310219701,134.68794452047058
EK202310174732,136.19913783077445
EK202310195694,171.85932414102618
EK202310213272,151.6897767091462
EK202310140437,159.90218770918474
EK202310235734,132.13331561824322
EK202310130236,174.8635040908519
EK202310144191,134.59172020269241
EK202310190014,172.4114844485368
EK202310244140,135.39297592513532
EK202310179886,145.2750307872282
EK202310124185,132.3484119606601
EK202310153209,125.28651018854872
EK202310153141,135.45527424807898
EK202310203881,138.63883351668804
EK202310166214,167.42813708629868
EK202310165860,161.2928771981526
EK202310221150,138.39156505488347
EK202310212669,128.58151501269037
EK202310183646,138.0009326773551
EK202310161293,144.02772899159967
EK202310123374,143.59614462123605
EK202310167702,137.6569070069809
EK202310218991,133.68663285442034
EK202310153681,133.68619876328842
EK202310132053,138.51285647525097
EK202310181558,129.80690001369211
EK202310234347,159.85212408175437
EK202310205398,135.41799691829465
EK202310236180,136.63319080088488
EK202310215127,134.44778017017853
EK202310184646,176.13257626460026
EK202310248044,136.95694061870182
EK202310232425,133.07205953576485
EK202310151757,131.25615097192713
EK202310134956,163.21970686170968
EK202310203447,135.5191127408306
EK202310125366,134.63344861277386
EK202310180083,143.19334411571896
EK202310170602,149.48340871136605
EK202310189329,135.74103140301764
EK202310152190,130.14525847061856
EK202310118845,139.43357040954768
EK202310202683,135.1380648228021
EK202310131733,138.8821311173636
EK202310151659,135.5220208438745
EK202310111223,147.64516688969118
EK202310189015,150.02760285610543
EK202310204933,127.06992771167208
EK202310220311,148.41492780171424
EK202310153186,150.66228446899518
EK202310204998,153.54585895213648
EK202310206640,130.5012657708079
EK202310148731,158.49408116873144
EK202310177950,132.32487395456178
EK202310236764,143.3842682281752
EK202310149184,129.01020175683536
EK202310243178,155.7977229682102
EK202310149329,140.20971556449499
EK202310124506,146.10033511091063
EK202310175231,149.6398852556054
EK202310117163,139.02878375227905
EK202310235121,152.97815798091344
EK202310201963,138.33424793359939
EK202310177877,136.9665018578281
EK202310196442,134.87407823147095
EK202310165909,132.81979192135142
EK202310148120,155.63803682472147
EK202310165323,147.14904005214424
EK202310148717,127.06921641615885
EK202310110684,128.92361174385314
EK202310131621,160.0149129350348
EK202310155848,137.160869281255
EK202310116241,130.6992609542085
EK202310139259,152.8115216923056
EK202310125773,135.1819913565702
EK202310233036,159.36764568175687
EK202310149022,153.51315919345564
EK202310189335,134.98625431054793
EK202310124884,132.52071871611173
EK202310120137,133.24820357669944
EK202310164298,144.16720480522972
EK202310210341,146.269818465728
EK202310235088,135.60460345000277
EK202310187731,156.19273262236456
EK202310243618,134.13436908849914
EK202310246975,138.31328624986503
EK202310178699,172.53727568484527
EK202310208826,141.91856012547774
EK202310192931,156.2480767950389
EK202310144942,130.20493053429635
EK202310204406,136.9979164055906
EK202310228390,139.7586887693509
EK202310116598,156.73190947818344
EK202310168298,142.8585942332391
EK202310221487,156.13063563925283
EK202310129003,130.0592697493147
EK202310199518,142.87035562261275
EK202310230415,129.7538857745073
EK202310229198,133.5026310644205
EK202310191619,155.74298826949925
EK202310135624,125.51074070432303
EK202310188764,133.4340375481347
EK202310194928,146.30285410889093
EK202310136019,139.3675991656844
EK202310193486,133.8433988656914
EK202310114440,133.54543207213223
EK202310233214,134.9313390920427
EK202310228766,137.65533075809827
EK202310149990,168.29937721377675
EK202310122654,132.69329340144463
EK202310221978,117.07592689436265
EK202310166235,131.46607621070015
EK202310165801,139.23087566268805
EK202310164057,131.4359772100147
EK202310168718,128.52749631904115
EK202310108201,140.30543017842984
EK202310206343,181.22156765642384
EK202310114675,130.76099915276964
EK202310188537,143.44523628280794
EK202310179087,143.73591529419218
EK202310187084,173.13578776566962
EK202310187925,127.4325446684396
EK202310170956,155.08541097016115
EK202310212887,142.2214354329248
EK202310137413,132.73189495946875
EK202310217648,130.10390686516274
EK202310174679,160.8001435570927
EK202310229265,138.65622435337852
EK202310148461,151.30727654248375
EK202310222772,136.0572058430693
EK202310113407,142.5319883455863
EK202310206546,140.84549510499295
EK202310224810,134.46256745312647
EK202310228008,132.0217962237989
EK202310165670,132.59783540703785
EK202310188801,185.3935431082403
EK202310163428,138.51119614132003
EK202310155452,135.03269772461255
EK202310188057,161.6118871755736
EK202310191879,129.5401894967589
EK202310221170,135.18470892718028
EK202310231103,129.06347030998546
EK202310242198,159.47626336952575
EK202310187526,172.7615838206665
EK202310188098,129.46845402166824
EK202310203053,147.23469270319146
EK202310215291,143.16572343620706
EK202310175087,139.5821054017342
EK202310187624,175.06358506824142
EK202310190415,141.73108273988407
EK202310123309,168.5130791951999
EK202310148164,151.58558683456386
EK202310185918,138.18908582962544
EK202310122611,134.41933633306505
EK202310174402,136.3035916121088
EK202310165680,133.95355691049238
EK202310234342,157.91864066714732
EK202310196937,151.14363691368027
EK202310111601,137.44306806345233
EK202310115643,137.16485954588728
EK202310111554,130.66058998053649
EK202310128358,128.0928825453173
EK202310131862,150.15133559415924
EK202310207446,144.8292364455472
EK202310189921,167.49088146887019
EK202310129789,151.77347505600855
EK202310226523,137.71777862354372
EK202310231417,127.90600610636817
EK202320007285,175.19006172050382
EK202310217873,141.50762470572832
EK202310105042,145.26539343838888
EK202310136636,141.51842318780737
EK202310175915,160.53521509009033
EK202310003483,135.20386921063854
EK202310200419,151.40465035137197
EK202310117924,147.0417775497292
EK202310181210,142.42907691625717
EK202310202561,173.71404925750383
EK202310107499,138.58106293649934
EK202310107137,134.34170844722192
EK202310231924,137.32330444465518
EK202310144923,152.3047638287698
EK202310207718,136.6485762867751
EK202310212477,141.02926770238784
EK202310107846,134.65699785993252
EK202310185004,149.64403345599226
EK202310134355,147.4034946218041
EK202310170491,139.34854273302622
EK202310234495,136.6883796367644
EK202310126339,132.28464692013026
EK202310185015,140.5673717583682
EK202310208389,135.65111990789245
EK202310165712,170.16697986226671
EK202310168161,155.63074861292088
EK202310152314,140.86100615500663
EK202310207349,129.41167720830836
EK202310195623,133.98099260074096
EK202310187039,134.5170332443057
EK202310141159,144.31740692043667
EK202310209863,150.42018048934025
EK202310160465,156.52989543763553
EK202310171624,130.7292683098859
EK202310227086,145.72316705002405
EK202310177422,140.89110880638157
EK202310240033,133.78919174954342
EK202310147863,147.64773030505387
EK202310187436,151.47314559884376
EK202310210870,138.22477443198508
EK202310104543,143.4413600308245
EK202310136266,126.43956345097008
EK202310169848,142.2676188171689
EK202310134804,130.03959534252138
EK202310128125,134.91439801281072
EK202310105804,131.42430820424607
EK202310240636,139.9700371288804
EK202310128250,123.21781015568394
EK202310167986,154.21172772065563
EK202310223738,129.61737271692616
EK202310194978,165.55456015327835
EK202310174109,132.9177325461094
EK202310234407,128.12254521913698
EK202310174138,136.88962134255928
EK202310167183,137.91692680765672
EK202310111941,124.01740174691588
EK202310199956,143.0933535552305
EK202310116743,138.6119011159558
EK202310140835,147.7852886251156
EK202310179216,178.20636768476618
EK202310205539,152.3975972754358
EK202310196566,140.23667343340873
EK202310224930,143.45000357972026
EK202310120947,141.82484804241093
EK202310170902,130.1106526091861
EK202310235028,143.1014694898068
EK202310113734,147.83685309460589
EK202310204036,136.9266095964799
EK202310230642,139.8416068943183
EK202310131709,138.41951703829702
EK202310226061,135.6785894836009
EK202310175946,141.63193393250063
EK202310152205,149.1177428762008
EK202310188482,142.95478007064523
EK202310108311,131.44187470265103
EK202310191290,135.69363286944477
EK202310144489,126.05418723100924
EK202310172283,135.18541813926853
EK202310226719,149.31283174157682
EK202310159716,155.79202390718933
EK202310199594,147.20144578700342
EK202310173559,144.94812470509504
EK202310136955,145.651601561297
EK202310116269,138.85379416449592
EK202310193704,150.73559346147582
EK202320007431,161.57519248654478
EK202310132812,153.54325581541937
EK202310180739,135.14467308176896
EK202310174941,163.28092435443196
EK202310178926,148.8394822269953
EK202310194112,143.12372575746713
EK202310133210,134.9809784902258
EK202310192212,144.32732750324723
EK202310120175,132.00895062416697
EK202310139063,136.0554958922725
EK202310110816,139.09715243798442
EK202310133264,144.67561627871942
EK202310104140,137.94524815774838
EK202310162125,143.80032487963825
EK202310144954,133.19851718963983
EK202310169762,130.20943136508697
EK202310161221,174.76138967794748
EK202310216951,149.27249613524728
EK202310231726,138.23906625923388
EK202310149140,175.8998319754689
EK202310129051,143.32875555004023
EK202310134433,134.78551751477812
EK202310247557,160.16405690253464
EK202310231514,126.95093588948332
EK202310224127,142.94895246270886
EK202310126711,134.92544276017006
EK202310145914,132.55553164470808
EK202310147010,159.91082253185894
EK202310141199,141.748161743417
EK202310163547,134.14996773092682
EK202310204148,134.4779577147601
EK202310159997,142.4788505924808
EK202310147517,137.3509604180165
EK202310120397,131.6994773898839
EK202310154029,141.15834329683977
EK202310208628,141.1597142374543
EK202310240529,140.857501968432
EK202310119023,152.7446271813472
EK202310171849,132.33219613093806
EK202310180911,142.29426496510465
EK202310111220,135.49100781946117
EK202310155400,138.92534292597304
EK202310205379,141.269958627577
EK202310151041,141.11909937515924
EK202310122951,137.421369079144
EK202310196536,148.07240443239974
EK202310160766,134.08772330982106
EK202310209097,141.1757736706337
EK202310140289,125.7276924721249
EK202310133699,161.43807017204838
EK202310193965,132.4157940233347
EK202310201530,147.92689015501705
EK202310131280,131.27191770204004
EK202310225831,136.98627979022976
EK202310197460,141.32575983993368
EK202310225230,128.26641279200598
EK202310158454,155.216263532888
EK202310245266,150.87266261785598
EK202310175415,135.7409909405098
EK202310194223,146.49207754708186
EK202310199942,151.30798620507986
EK202310233835,157.12882164943426
EK202310220027,135.8046866175636
EK202310119464,149.9791429825642
EK202310179368,144.0616886389947
EK202320006345,152.2992338551795
EK202310124702,139.31729445443779
EK202310197937,130.82675603960976
EK202310159091,144.14554891378413
EK202310138888,132.41565024132004
EK202310216680,137.97478372169437
EK202310240252,130.94179196826911
EK202310175387,151.86059444341402
EK202310199869,127.6655989680709
EK202310140275,133.24641117068606
EK202310151577,132.16695433724593
EK202310130981,131.12579894562057
EK202310131764,124.45508254360692
EK202310121874,111.98453322737684
EK202310171868,138.39110087153472
EK202310140109,159.6593561400431
EK202310120574,128.0813288501909
EK202310151566,135.26554930732223
EK202310124827,162.86322369496918
EK202310120607,143.0294822033333
EK202320006257,161.32559056011974
EK202310220130,153.92529956673766
EK202310144885,153.69144281023011
EK202310186525,137.8128779065605
EK202310219807,160.9197454996023
EK202310167657,137.20392025654746
EK202310123275,140.25194602996703
EK202310215234,160.9917743333529
EK202310146524,154.14908787690854
EK202310169940,152.5864704116456
EK202310243649,130.42307050849897
EK202310183687,139.47422327888034
EK202310130415,164.6980544104747
EK202310188385,139.45755439202702
EK202310158217,157.42008811922153
EK202310004449,134.94317426190693
EK202310193236,150.93601547502064
EK202310151651,136.3054966338501
EK202310106009,152.76711943189474
EK202310185711,141.60109786931622
EK202310104495,130.0468325469327
EK202310144848,149.69029952196777
EK202310180048,134.60670349962132
EK202310137754,137.20634818416494
EK202310156546,165.58801631310033
EK202310137352,150.82280765876342
EK202310182441,135.02889844762282
EK202310208167,140.32603982741642
EK202310223871,140.9438315933763
EK202310172342,132.41725453106957
EK202310219366,155.4130275991105
EK202310196187,144.88542211151554
EK202310138150,137.1850999196697
EK202310172299,135.39846857854334
EK202310127364,146.4178160431995
EK202310139869,146.13250359093368
EK202310128954,138.2988775350526
EK202310146322,151.78230548543146
EK202310162849,158.41304496191987
EK202310181038,124.95197871759771
EK202310170175,151.99990082220086
EK202310112098,159.01458223022692
EK202310176673,130.64749330868398
EK202310139559,151.87841703950807
EK202310233592,160.1135080339345
EK202310224263,152.29839652328243
EK202310110134,135.84542235332242
EK202310226556,140.85515437021004
EK202310209883,135.7439718710354
EK202310231890,137.51329871380935
EK202310190968,140.57559908397516
EK202310136859,151.48382667670018
EK202310247260,127.97807908850696
EK202310172360,131.42906071930335
EK202310210416,143.04963692256496
EK202310227699,142.51706132982338
EK202310213569,135.96498159801868
EK202310224874,128.70835143601687
EK202310169709,176.98824472187786
EK202310228257,139.7087495950022
EK202310141038,152.37568586110606
EK202310129192,139.06794294826878
EK202310107751,137.9648010469011
EK202310140717,136.30574009722966
EK202310228229,137.85578593691338
EK202310207072,132.9539980265679
EK202310202830,145.65719353371617
EK202310148905,160.8014127440171
EK202310127758,136.05414369862544
EK202310178020,141.35053649827148
EK202310193951,148.51636592868607
EK202310155292,132.14797078487666
EK202310144487,131.93830140260812
EK202310121253,139.26089190532147
EK202310148088,153.49303641240826
EK202310187124,138.51683501402863
EK202310229693,138.97687892427447
EK202310201484,145.44104492210704
EK202310129571,139.77225841533158
EK202310125950,137.83232523394616
EK202310185603,166.52478323626565
EK202310114453,161.32199012058948
EK202310117950,168.2162432551046
EK202310119043,147.91350653187118
EK202310198703,183.90136998959292
EK202310140299,128.56705500592804
EK202310135296,154.09146727155292
EK202310107227,115.15887845353052
EK202310240359,150.3552210398225
EK202310240921,135.03301153403507
EK202310128737,140.55469916674176
EK202310124258,136.54933910650672
EK202310220986,135.03611794652014
EK202310120232,151.6129813828347
EK202310164246,146.33864500206911
EK202310179029,147.2751655220201
EK202310162108,173.92312963171486
EK202310117566,135.79354056140536
EK202310232452,132.53546593439944
EK202310199397,169.18637936069055
EK202310150619,155.56173161804148
EK202310112912,138.44169309659142
EK202310196213,163.20689019035214
EK202310128306,138.4328129756029
EK202310186545,139.25318754305343
EK202310245338,144.67543060002248
EK202310126833,153.11542935727238
EK202310183324,131.85572546788333
EK202310206548,140.4019815847782
EK202310162684,137.98555704790013
EK202310158471,162.05434440320505
EK202310237583,134.89779078679243
EK202310142976,142.43743989019947
EK202310181877,160.76829032098655
EK202310193411,136.1475933302769
EK202310140403,132.96622778143333
EK202310223571,135.3170242043768
EK202310200630,147.928001463339
EK202310219428,131.30862983776538
EK202310149680,135.1140580496812
EK202310109895,151.3973275133926
EK202310204098,158.9698068052376
EK202310177412,163.0137103468855
EK202310219692,125.18321345087749
EK202310103878,143.92292704876883
EK202310193630,140.55746455647127
EK202310109504,133.56996996555839
EK202310109364,134.7479624067722
EK202310239283,136.63389141926976
EK202310104478,133.42525331007295
EK202310204048,140.32198149629926
EK202310159059,148.0508625272879
EK202310156030,158.03378564534947
EK202310245545,143.40829876150227
EK202320007416,165.60605486491534
EK202310221846,153.56341434000103
EK202310132308,137.5286087052118
EK202310197059,127.09689558116995
EK202310234332,157.11428510652362
EK202310194822,186.46061498591854
EK202310148932,127.25280456655543
EK202310128434,142.04535372684194
EK202310238922,130.85513551561434
EK202310114232,139.60870014397904
EK202310175005,141.73806373051576
EK202320007002,160.27842223971896
EK202310197439,133.54283431084878
EK202310236355,132.25019923785683
EK202310003833,142.83566107969682
EK202310204832,133.12894924172147
EK202310004506,132.82983421913138
EK202310121065,137.97952891875047
EK202310127094,177.2592965826339
EK202310213840,154.69809024798198
EK202310114333,137.05339870287617
EK202310145274,167.18850709410498
EK202310222042,129.0580210830014
EK202310213433,135.3615804474704
EK202310146144,133.06664930099922
EK202310204047,133.50972876110404
EK202310212828,142.94018273222804
EK202310138593,132.56501719915403
EK202310226806,124.4420003575767
EK202310208095,146.8751374566297
EK202310114814,133.02460172904767
EK202310186543,148.07626887873738
EK202310110336,134.28119894247055
EK202310167478,156.65892519597568
EK202310236430,132.85187910700304
EK202310217023,133.13656428634462
EK202310153953,148.59815204514746
EK202310230502,134.51888158424737
EK202310247381,132.2197401407869
EK202310208704,147.89245667083023
EK202310139824,130.05072164588967
EK202310197168,132.92262793000302
EK202310128080,154.00653523467378
EK202310123269,151.91352032934034
EK202310121955,141.28925506996117
EK202310161214,149.43496816061256
EK202310133556,139.9789976170121
EK202310197481,136.25709981352801
EK202310246538,128.0432094121688
EK202310194330,154.16329247464984
EK202310178652,135.85438949127277
EK202310209776,155.18186408188592
EK202310242382,129.75621334034778
EK202310234518,137.17707468731118
EK202310217553,137.36180630634715
EK202310003369,134.8770853473387
EK202310207859,133.8864941145324
EK202310215266,134.42447140827676
EK202310191942,153.9634415516617
EK202310113737,149.73239513165086
EK202310128655,159.71682981611715
EK202310248203,130.8542703714992
EK202310170678,157.2875247045792
EK202310225376,150.6013235835583
EK202310198236,132.31393730344163
EK202310138567,147.83699589373873
EK202310148635,148.71205907054872
EK202310121362,141.0255225975496
EK202310216537,161.77627684616547
EK202310244010,129.33766661266282
EK202310199391,169.45074252677927
EK202310150957,130.16904805255143
EK202310160956,157.2380101194017
EK202310234204,129.64923924844388
EK202310230587,180.25006893846452
EK202310212166,147.27878830098513
EK202310164638,139.46709114659174
EK202310157872,149.00112021587546
EK202310206238,165.3117384338777
EK202310137733,120.72856249459345
EK202310123238,128.82388855349248
EK202310201665,132.24099259441374
EK202310150077,129.97806542797977
EK202310140491,120.04558717752427
EK202310183010,149.3042124369872
EK202310168338,137.4479669999372
EK202310146731,139.06147085191785
EK202310201575,130.52218470998704
EK202310151646,130.61810022817053
EK202310110613,139.0362039563812
EK202310107412,151.84547064159844
EK202310110590,126.43102478401555
EK202310127237,160.20760045952323
EK202310217513,143.1792674152856
EK202310148694,162.19688250198564
EK202310223185,135.36766588191264
EK202310172511,156.0965538246838
EK202310219014,143.4955667737006
EK202310134780,135.92101541470984
EK202310117915,129.56173849169755
EK202310153389,138.34067452797012
EK202310207296,142.57808132396784
EK202310132494,138.82106236103164
EK202310187803,132.55693764858358
EK202310233954,141.14788434917003
EK202310119049,124.28191890332306
EK202310243256,135.01417546065326
EK202310244548,126.95751359611418
EK202310240124,160.9476249658866
EK202310148734,139.96933634961505
EK202310131233,137.7028755542148
EK202310220058,136.00419112849755
EK202310217202,139.2255246896147
EK202310179774,134.58781070667243
EK202310227794,137.95005820519518
EK202310132105,130.95493016643633
EK202310177761,155.75738327951552
EK202310227840,144.5986019382757
EK202310169016,137.2437479799171
EK202320006837,168.5748672827159
EK202310108574,148.8496910609873
EK202310190548,137.62873713621863
EK202310109486,136.12370962063633
EK202310200259,159.06213329582013
EK202310162701,168.1542369034261
EK202310160336,130.76767855490888
EK202310212709,125.77407577853711
EK202310226725,134.47651034173103
EK202310158681,148.67420001394328
EK202310107964,147.24965377486276
EK202310235518,152.18039960935502
EK202310123552,147.40965080046266
EK202310201865,149.82817005323463
EK202310145317,141.70053879013685
EK202310183030,164.3544619521651
EK202310200118,158.9181292432585
EK202310114422,145.1147732802772
EK202310157848,131.3312679804257
EK202310239370,141.98510556732282
EK202310131836,167.17857973224952
EK202310143421,132.3144209431812
EK202310205485,133.24106452548122
EK202310168662,149.6128664511243
EK202310154586,182.10477455609904
EK202310186744,136.57319733458343
EK202310233340,139.56992889188479
EK202310239910,129.49011575549665
EK202310245136,146.5227027380457
EK202310149851,172.37929087543233
EK202310149779,154.2788927171047
EK202310228990,139.23154957640406
EK202310242178,161.3052734515788
EK202310133873,178.77973543536928
EK202310164264,130.3960558936619
EK202310231632,138.08342135385917
EK202310144424,136.85791550607166
EK202310112760,138.6954254793719
EK202310212956,133.33898958990724
EK202310145964,138.68995783909503
EK202310126563,132.00957838283574
EK202310109694,150.38360453220804
EK202310128490,130.4326406655966
EK202310180704,166.92179334461397
EK202310126998,138.68506539920682
EK202310112115,134.33467124445426
EK202310209159,129.65829148212381
EK202310191498,130.13877460952253
EK202310216436,152.42679490617982
EK202310163197,130.2715072047037
EK202310151701,138.7117139176545
EK202310110130,129.5667118259228
EK202310226705,144.1113033278152
EK202310139340,165.2690982588743
EK202310110862,128.0998595195521
EK202310127381,159.44149735101115
EK202310202546,176.06143103871145
EK202310225643,137.501523036633
EK202310213096,141.3436759219507
EK202310235079,140.62598946091302
EK202310109108,172.2111902389598
EK202310225137,154.29141298326252
EK202310187484,142.74600422222517
EK202310244698,157.98335205911184
EK202310182643,152.83739946725535
EK202310172470,161.9631517384147
EK202310202542,126.23300006785566
EK202310240368,142.72780270583897
EK202310103843,139.89565487349094
EK202310219530,138.06396043020607
EK202310176306,160.2530671976357
EK202310239841,147.80850022177734
EK202310216087,139.76453944253444
EK202310153817,135.85101392741234
EK202310170433,135.9525542998038
EK202310219831,142.49833876664968
EK202310232545,147.07414505183135
EK202310128070,158.09628571578065
EK202310160215,141.98586692617894
EK202310233605,138.4357218917731
EK202310004309,141.15285686637748
EK202310162940,150.77694598517058
EK202310229901,124.30184652945991
EK202310155025,148.4806578534858
EK202310127004,141.9458483442607
EK202310247408,135.96494528223644
EK202310202128,142.86528147737792
EK202310178091,133.85989169264917
EK202310123328,136.08828791980346
EK202310228444,130.78736467088106
EK202310156135,145.51556679747938
EK202310164582,145.13468431210276
EK202310120354,142.39233168895285
EK202310225755,148.4917663646663
EK202310242750,131.01633936268456
EK202310142998,146.9929230737392
EK202310224125,140.52530949969398
EK202310169891,174.1118484023498
EK202310115679,126.73700889817592
EK202310198800,178.27717170117464
EK202310105498,138.29154823818638
EK202310178156,159.51677094400839
EK202310186930,152.75942813120932
EK202310133899,137.71008834202718
EK202310156394,142.9336153177749
EK202310122250,135.46127222457656
EK202310148614,138.61829961177546
EK202310195974,171.68775253416226
EK202310140125,127.0175115594308
EK202310210027,153.75590895876974
EK202310123730,144.8380528148432
EK202310116187,128.6526266935644
EK202310159940,133.48551222846885
EK202310120469,125.7204174306576
EK202310153614,160.89785030946146
EK202310233640,130.42107777833579
EK202310185515,166.84248366336845
EK202310205120,149.25323309939472
EK202310178305,145.14430839496725
EK202310184917,172.64350550693635
EK202310194354,165.42087573015584
EK202310171208,145.70909787354142
EK202310154255,157.68597453524663
EK202310245884,137.79202542526042
EK202310179361,132.81864167549944
EK202310181720,159.07121863443217
EK202310198136,141.30476977973868
EK202310123723,144.05966710029324
EK202310162489,142.7101586767262
EK202310242175,155.90025605956302
EK202310224905,140.93290452114826
EK202310248091,136.53140077773094
EK202310123593,151.475932268581
EK202310183684,137.91825286202237
EK202310235351,155.65596058125453
EK202310169872,137.73785805536443
EK202320006484,159.43558355615306
EK202310199450,169.66294732473892
EK202310109127,137.47019652691026
EK202320007711,149.3944702205571
EK202310156432,129.51370318626977
EK202310233998,135.1236575751947
EK202310128218,130.0992708765735
EK202310121076,128.301511009669
EK202310161013,133.9954803599323
EK202310116233,144.84510739037626
EK202310172825,136.967308849041
EK202310126048,169.97576905958337
EK202310238467,135.482401988952
EK202310172112,139.12341079603132
EK202310105094,135.41251598840552
EK202310228653,133.06869987212656
EK202310166974,143.48787504127924
EK202310236937,128.97574208401585
EK202310155066,136.21513987422557
EK202310110822,133.9637644046051
EK202310117204,136.71914260959997
EK202310124699,130.21471088150716
EK202310201420,135.26650580810278
EK202310193066,154.54062025971274
EK202310103851,127.6688653287845
EK202310107858,140.19153503501283
EK202310136568,155.589387668936
EK202310108975,152.5201423047715
EK202310123028,130.81716399628763
EK202310124327,129.39468123998452
EK202310127718,159.97310802284593
EK202310155357,141.71115539934797
EK202310230360,139.62512676090506
EK202310107277,127.89055475080492
EK202310140418,159.11504965543244
EK202310205320,149.9555128025019
EK202310111068,143.60036913908345
EK202310199336,150.21756305173875
EK202310124051,135.4075226866411
EK202310137534,129.00172374967002
EK202310134728,129.63440998534028
EK202310186537,150.21018093380764
EK202310212779,166.1967475799152
EK202310184455,140.40054967496934
EK202310243388,134.28141642816973
EK202310137422,129.7947907113134
EK202310241788,147.58219908541068
EK202310107922,149.0607052494652
EK202310193955,145.93295607396436
EK202310194721,141.19958421541946
EK202310146903,132.37376047920412
EK202310134637,130.2278079748327
EK202310115633,126.83447613788755
EK202310226326,133.25979299461466
EK202310191621,155.71108429284547
EK202310218537,153.63552251897698
EK202310140032,143.45449439526226
EK202310187906,163.03103971865266
EK202310160631,146.1039839243779
EK202310235165,127.32421162213677
EK202310226953,153.45123680446028
EK202310231462,129.58234730117658
EK202310131496,139.99771051692463
EK202310215576,162.90686221653596
EK202310122149,138.59875990282592
EK202310167024,136.83663438754016
EK202310201015,168.14784283064097
EK202310139845,159.0931896090614
EK202310206739,152.6538613851
EK202310107474,126.69318810339139
EK202310212444,133.43029788732193
EK202310160242,167.07526795965816
EK202310151058,141.91947932606172
EK202310107745,142.706110321023
EK202310180777,154.67660448321
EK202310118200,136.5680355106968
EK202310110288,145.8620214103872
EK202310133962,162.74695616233595
EK202310209998,162.8705865759445
EK202310113961,135.55109723545348
EK202310125421,135.8045624521656
EK202310204604,134.361972668537
EK202310120459,140.85594214045722
EK202310179318,172.02155259515843
EK202310188043,140.63398585769977
EK202310139621,145.2385555959297
EK202310223960,140.0069718076095
EK202310116277,145.00842394236102
EK202310173520,129.77306858290038
EK202310140244,129.8501163200177
EK202310172775,141.129825243074
EK202310209021,150.61658623444987
EK202310137060,137.78485649224592
EK202310169472,177.68487837445463
EK202310220708,149.46483555453426
EK202310155346,143.8594622372193
EK202310203724,134.63388379762392
EK202310174172,137.1533896085896
EK202310127338,150.20769339866348
EK202310231177,135.75813001136007
EK202310110283,127.77536176057319
EK202310194192,163.25660801037398
EK202310179609,141.50688801648974
EK202310233542,167.83036144186818
EK202310223188,138.6807168575964
EK202310160161,134.70279976105041
EK202310142059,157.01672657571143
EK202310148973,149.07780921990283
EK202310185968,141.1333732718585
EK202310143375,146.98676718671598
EK202310223394,135.9653830153961
EK202310142935,140.06568999328192
EK202310128889,131.0951978758911
EK202310243694,135.14580490155288
EK202310168873,146.75192379536622
EK202310110255,136.4953170707469
EK202310217355,147.71504891661738
EK202310170477,126.00148690189569
EK202310126294,134.65008867215755
EK202310193447,160.98814371604044
EK202310208452,136.06635623986787
EK202310121117,140.66601106731216
EK202310188124,130.04081084214096
EK202310200744,159.86572980054208
EK202310246111,135.11904402163546
EK202310161343,158.14165688901065
EK202310174717,163.391207551122
EK202310162592,137.1863323824345
EK202310199334,153.88969142487585
EK202310004427,153.2641251168202
EK202310128231,132.80982636751378
EK202310159198,134.54951843818168
EK202310190595,129.57440288236316
EK202310234887,137.9102646312727
EK202310230530,140.37573428368023
EK202310212245,132.40657657124657
EK202310247440,137.70952051270754
EK202310190679,144.3495565863431
EK202310215878,138.9850030146076
EK202310118270,136.55903788671256
EK202310109213,157.1502755889484
EK202320007685,154.79384613732697
EK202310125681,158.45057964367817
EK202310187523,144.51670060364114
EK202310185418,149.78528408714254
EK202310147002,145.43264426929986
EK202310171520,146.01654443450153
EK202310222521,132.17931983260297
EK202310200454,143.39553646039818
EK202310121658,124.24345503838457
EK202310147902,151.56144002149128
EK202310204527,140.60110607629395
EK202310202723,132.60586661040682
EK202310149975,148.04129871927557
EK202310157163,145.6056579795637
EK202310125893,136.3188301827604
EK202310121387,136.91955368354962
EK202310151762,161.77420012588578
EK202310193998,147.9542080282825
EK202310106551,140.30591617125444
EK202310245044,132.95654822246422
EK202310207864,137.34864508064712
EK202310150519,129.8401973775957
EK202310180535,136.3594547398967
EK202310140574,160.84841544861357
EK202310152351,130.98159845146785
EK202310119381,153.8034403609622
EK202310144308,132.08183395239155
EK202310204920,139.8752580017466
EK202310169039,176.90274822591005
EK202310126992,138.13328333115123
EK202310165821,134.0895553284951
EK202310218625,132.8534919652416
EK202310224581,137.45318279830215
EK202310104040,131.96020162229667
EK202310151985,150.15694633028178
EK202310151422,179.2783271756276
EK202310181497,130.54266302183936
EK202310143064,160.5720434330452
EK202310115232,160.64746039639022
EK202310160598,140.49337931104975
EK202310153804,142.452719053478
EK202310246991,135.39845298772295
EK202310205912,128.90326396851435
EK202310147949,157.88265571027765
EK202310147713,137.92056485343198
EK202310172130,129.05261217336545
EK202310193689,135.58499633884438
EK202320007377,139.52937012116715
EK202310234778,139.69492301918788
EK202310126968,147.2590100480093
EK202310168723,134.9987388408345
EK202310205210,127.09291053916512
EK202310236972,130.96448694983346
EK202310110805,137.17775499509727
EK202310110541,154.5177159893219
EK202320006784,150.8670663670035
EK202310169268,155.28364584790728
EK202310192717,155.3200858563736
EK202310134072,127.30883488079327
EK202310109817,136.36345174689296
EK202310111416,137.43285730459888
EK202310163760,133.85636066447262
EK202310206928,165.06674371419894
EK202310222806,159.56699182054615
EK202310245025,154.67353932346074
EK202310154335,129.11330057043156
EK202310122966,139.04073338414057
EK202310147154,155.93885626380415
EK202310161786,154.0900464396943
EK202310122057,136.45929602733807
EK202310206279,153.06241967999975
EK202310241236,158.6466479241468
EK202310107469,127.66075636951372
EK202310236549,140.20695610584988
EK202310144138,142.64259957797506
EK202310212131,133.22001799300804
EK202310112701,145.4986687036155
EK202310163659,140.0824366353631
EK202310172713,141.42385544136417
EK202310175303,136.73382419021095
EK202310129678,138.04454970484187
EK202310204116,142.13813983593542
EK202310226565,132.646764449975
EK202310177622,150.62476185592772
EK202310173275,137.07124570583176
EK202310108694,139.4454449789766
EK202310124863,136.37705289170432
EK202310209698,148.42170505372943
EK202310155502,141.41043465640706
EK202310160025,155.13832464658358
EK202310219991,150.9529940705318
EK202310229114,131.0699851831964
EK202310179717,151.05254350794434
EK202310112666,143.38179288118187
EK202310122607,144.24612771768324
EK202310203774,128.45890074284628
EK202310167012,132.58745105114673
EK202310177207,152.13783195819204
EK202310108755,134.1547131431879
EK202310235791,135.84428016032362
EK202310193173,183.47854920040118
EK202310226669,147.92487481516855
EK202310241591,146.34139906903675
EK202310139673,154.23570258551513
EK202310245678,143.06986018904684
EK202320005871,151.59846705367423
EK202310146553,151.0498217425535
EK202310110812,148.3589737157345
EK202310163248,170.77671740632871
EK202310198120,142.86688189259812
EK202310130383,168.7522570348313
EK202310165453,145.8908803192278
EK202310129296,141.67296652885182
EK202310114158,136.99136212045775
EK202310206093,160.28008840096166
EK202310178733,162.80277605914617
EK202310148785,136.15284520932417
EK202310182839,144.31171985712155
EK202310243137,135.4918288743389
EK202310180781,143.79371424131767
EK202310221757,167.9754508906321
EK202310247595,151.58504060479467
EK202310119239,143.58759429109884
EK202310174112,134.39199077631315
EK202310195036,164.78269341415472
EK202310139240,148.1795800774402
EK202310161228,164.72372136115013
EK202310124628,165.62656610187383
EK202310216201,128.09146066107408
EK202310171177,178.44354874363503
EK202310217298,145.65990368946643
EK202310105105,161.52744510279547
EK202310121917,124.90741847177557
EK202310175901,125.26971449755594
EK202310248632,138.59552770238182
EK202310168647,141.7588245297672
EK202310189433,167.9758625849509
EK202310219364,131.09770647955605
EK202310208149,132.65236836254147
EK202310115824,139.27990584099902
EK202310147437,145.5190246646839
EK202310131516,143.13399227077812
EK202310216229,149.1882852346185
EK202310143057,135.15665139530626
EK202310227618,139.51757372873485
EK202310105862,148.14687366070507
EK202310191429,144.6763672566907
EK202310114100,142.29647295795
EK202310240658,131.65123655309458
EK202310221826,140.35829844897876
EK202310228005,140.33345325046096
EK202310114273,132.22643307996645
EK202310129611,151.70580087526633
EK202310106828,135.287867052722
EK202310216849,145.48906977460297
EK202310217419,141.72629479035734
EK202310123260,129.08061839128172
EK202310189255,135.0350992052053
EK202310141612,142.4450671234228
EK202310115638,125.56708020123939
EK202310144626,155.4624880281557
EK202310128398,136.7914446423306
EK202310150599,155.8305050536652
EK202310209851,133.7116706921947
EK202310142306,131.8385934041783
EK202310151733,153.5180404160341
EK202310115665,138.44519059252485
EK202310144016,131.10843880709427
EK202310194248,148.84512699612353
EK202310221662,144.58673222726674
EK202310239754,132.82954821001658
EK202310183618,157.62052845162233
EK202310247966,130.10621094670483
EK202310144467,139.88425716977696
EK202310199980,136.87513069677843
EK202310147993,160.9408977481014
EK202310219732,134.45062180452885
EK202310201255,150.90029013117825
EK202310166834,166.71446284080446
EK202310188039,154.666726126497
EK202310125812,134.46284026042025
EK202310149327,150.63688819855543
EK202310186774,153.09579532388736
EK202310131937,136.37119099377236
EK202310136858,141.5462892688638
EK202310194737,169.43625947614424
EK202310227116,131.7191667247701
EK202310188953,159.96298665770118
EK202310152825,175.50000408746607
EK202310233830,145.66854098318177
EK202310175569,148.90123059448516
EK202310127649,139.17962326213797
EK202310189873,162.32115160822593
EK202310164363,140.40847059094
EK202310122930,126.99531501461361
EK202310159410,139.93803646508948
EK202310150191,127.03980559842378
EK202310174699,132.60728784481205
EK202310184344,157.7637549813159
EK202310142972,159.24490205373453
EK202310136313,140.53290101675745
EK202310159605,152.62208919637848
EK202310211606,137.75787261761454
EK202310194487,154.53834147722736
EK202310109553,135.1921271434744
EK202310121906,125.2058499341055
EK202310132283,134.67280352243628
EK202310156330,162.24772864164729
EK202310109685,141.46741942794463
EK202310166453,164.35152097214288
EK202310235141,133.42532109981715
EK202310242155,139.45100448636683
EK202310171093,144.20613783923764
EK202310157094,149.57233430240197
EK202310157497,143.6749672013195
EK202310112679,145.12308385884785
EK202310201020,137.49261552931964
EK202310137760,134.60175789782983
EK202310152523,166.65564014965662
EK202310227728,130.16587523607532
EK202310194083,139.12487016219848
EK202310194984,174.11385212734157
EK202310145213,132.11188475525023
EK202310216337,138.8073604315918
EK202310189326,170.78406168074233
EK202310145361,129.55163565561173
EK202310209596,133.1631367469971
EK202310147914,161.7944383295757
EK202310210977,137.14167512708457
EK202310169601,127.6203991589622
EK202310218627,128.84916823520504
EK202310222818,141.86283817258303
EK202310175529,143.0228633013938
EK202310201612,155.68044654472806
EK202310174062,141.0589112993245
EK202310223170,134.2295336616684
EK202310225186,139.28790835738278
EK202310243838,139.13404080018466
EK202310241520,136.76314425510813
EK202310166518,124.20705887570118
EK202310113920,143.5492410815256
EK202310164784,136.26563936344323
EK202310159164,141.77249997037734
EK202310149463,158.66995367010966
EK202310227499,158.95830779297575
EK202310217794,135.14213049092544
EK202310225560,137.11246219104802
EK202310147201,150.38266625870688
EK202310128156,139.19469245414066
EK202310115240,134.29741952587736
EK202310238532,127.5928200734096
EK202310183846,158.37672950698996
EK202310144731,138.51894032759617
EK202310162390,134.06235348346547
EK202310197431,129.13915792264703
EK202310105951,127.17501940614648
EK202310204990,143.87232426662436
EK202310210191,139.15088186478292
EK202310126933,131.47893210343736
EK202310202480,131.65406127257566
EK202310111923,132.51285642615744
EK202310119216,139.8432046050989
EK202310157432,144.64284436132036
EK202310177567,151.38557714596797
EK202310131552,140.68083542966153
EK202310179248,136.36275185593215
EK202310151456,166.9974031499606
EK202310168955,137.46315198478806
EK202320007813,147.35034651407076
EK202310117010,135.79463835823333
EK202310151990,144.39068363960396
EK202310125852,140.18571139754522
EK202310136345,137.46363640897854
EK202310107482,142.056476700592
EK202310136674,141.95484793078856
EK202310162359,162.18543990527897
EK202310130813,135.7357759713768
EK202310242095,148.25669150515574
EK202310112314,137.4530455662917
EK202310234433,131.95337743987398
EK202310202458,143.9993653726812
EK202310129103,159.31520788134037
EK202310177132,166.84310315564758
EK202310242050,152.20797790969328
EK202310232456,136.3846724342076
EK202310200214,159.34515462861415
EK202310163472,163.03119832300604
EK202310185311,142.79066565311678
EK202310228179,139.91831599894908
EK202310130371,138.33123437501197
EK202310179660,150.82204733972657
EK202310190711,156.6286907694521
EK202310246542,141.61372415304058
EK202310231496,127.97585881002514
EK202310222179,129.02523473834796
EK202310132158,146.87855859198922
EK202310167423,158.25569189833826
EK202310201349,191.76669733144982
EK202310142224,133.5601747949842
EK202310179938,147.6871482976373
EK202310223135,129.74402336678432
EK202310205817,188.92016464327767
EK202310246593,144.68849830604904
EK202310176304,152.53674823891257
EK202310130059,143.8937443222266
EK202310111192,139.34402726402183
EK202310165881,136.1571651680936
EK202310127812,156.07076243893474
EK202310190156,152.08367008266066
EK202310216483,130.84549924594964
EK202310144414,132.54164238907296
EK202310132901,123.41851475108652
EK202310154231,137.15662648098382
EK202310145897,149.3382225768405
EK202310209392,143.83967890974014
EK202310178084,134.61262303808854
EK202310125343,137.5470382709268
EK202310146816,137.10882414308531
EK202310155084,133.23520718102662
EK202310168900,152.73249581597474
EK202310185047,141.39191360242566
EK202310237486,135.07302227372887
EK202310203671,172.30589645211518
EK202310135522,144.92151203792864
EK202310159093,145.678465130634
EK202310189257,131.30123089338184
EK202310177736,149.61724071538333
EK202310105312,133.9155296703201
EK202310242607,148.91411817695683
EK202310206314,183.04386647547307
EK202310125578,132.2668571043897
EK202310217187,158.74160996428256
EK202310239344,123.83864370223232
EK202310148598,128.56691057975314
EK202310211006,136.65397202066396
EK202310141573,149.71522769522213
EK202310208369,141.49568719365797
EK202310143928,151.62374339664387
EK202310149152,138.24905692523689
EK202310150945,128.17253592336226
EK202310158400,138.25538908325234
EK202310117629,136.34388668760852
EK202310104031,150.65563369947782
EK202310110083,134.91819541367533
EK202310178368,137.91226117691937
EK202310119686,138.88529764813845
EK202310143618,166.35619481523963
EK202310120487,143.98130685160842
EK202310219395,135.2427653650254
EK202310112376,138.71843594495536
EK202310201306,149.6994319763952
EK202310228811,162.9760130428423
EK202310171144,136.9433949185192
EK202310196110,151.77077804381548
EK202310115076,140.44607283204158
EK202310106850,127.91105163725491
EK202310224133,135.94131113433045
EK202310138595,130.952627860275
EK202310197537,150.3321231670039
EK202310190665,147.3180593246839
EK202310148759,148.67953151787765
EK202310243283,135.85901446512995
EK202310159395,153.77048696056625
EK202310114620,137.3269508068896
EK202310111786,138.86151413992982
EK202310179340,132.3934294540471
EK202310246360,140.02890757784652
EK202310165546,121.80084889261128
EK202310231626,135.90161960756518
EK202310154298,137.2472030318672
EK202310234468,130.7954255274468
EK202310216859,174.41167628576605
EK202310159904,167.85315858252528
EK202310122874,137.50736824706397
EK202310226448,135.03343151088
EK202310109658,136.4334031067398
EK202310248327,142.6894264436494
EK202310240275,134.84930796168723
EK202310160292,131.67629991472606
EK202310130749,134.06904154718111
EK202310208708,138.59954440840204
EK202310184600,147.40164977020888
EK202310136202,134.3288076723922
EK202310118993,140.34499773915286
EK202310135570,157.70745644820556
EK202310144234,138.70859266995237
EK202310232831,139.35266283420734
EK202310190714,128.50160669138785
EK202310237590,146.51186211195682
EK202310105068,136.51807604991546
EK202310233087,127.46730531774186
EK202310174797,156.10441864314535
EK202310241325,156.86717986978127
EK202310003548,139.75464998570646
EK202310226491,143.9526227783917
EK202310111356,135.06686335741696
EK202310246019,139.29451527962337
EK202310104422,130.7054631408691
EK202310140919,130.67474435460304
EK202310247367,133.4730094816608
EK202310108141,142.4187378303869
EK202310202875,153.5517368277006
EK202310132953,128.03182281308898
EK202310163551,146.34119409289056
EK202310155719,137.82536274102134
EK202310128169,150.65197840616568
EK202310227798,134.3930333237583
EK202310112895,149.43699905203414
EK202310110637,129.84125098152415
EK202310111099,148.5291308703991
EK202310160891,145.94918044746046
EK202310174833,138.1788644637014
EK202310133014,131.93818089221807
EK202310229258,138.06990671368575
EK202310191591,137.38651425051503
EK202310190178,135.90750539544354
EK202310227882,142.06172144314348
EK202310248423,147.1951350744185
EK202310199669,172.40156546355618
EK202310178419,146.6713580770353
EK202310229489,130.66401031139742
EK202310109158,162.40710719686857
EK202310167700,141.0640708294594
EK202310183769,140.24619340374602
EK202320007189,164.21933172498427
EK202310119946,140.06326976965494
EK202310171685,164.89461179189857
EK202310237171,147.57357721434764
EK202310114451,128.7140455021309
EK202310200193,140.64166091130076
EK202310211187,132.7568206999853
EK202310163649,149.57682573272868
EK202310128906,137.80273070291358
EK202310155349,160.11712099167312
EK202310226103,135.54533604480474
EK202310130867,134.91006133862547
EK202310144735,138.35215500725795
EK202310131002,134.08945341480117
EK202310147837,158.7877798976304
EK202310182788,126.33590883657898
EK202310130743,140.50479401503745
EK202310195554,173.97830235216844
EK202310111296,142.00932680514566
EK202310109329,136.84212602402638
EK202310003505,136.55157069858055
EK202310182130,157.5516115517125
EK202310158028,157.38562475473526
EK202310156165,155.2859438754173
EK202310210442,137.15461373220515
EK202310182184,163.82778873200712
EK202310198996,128.06154501239237
EK202310141171,130.8297974217787
EK202310223224,139.24525179675595
EK202310186527,139.0966407730862
EK202310155114,158.93418926473538
EK202310176069,161.07627026310993
EK202310129120,141.1010635519477
EK202310189707,145.06505885412017
EK202310116275,140.72760132959166
EK202310208833,136.80953448010092
EK202310197309,160.44604048377383
EK202310213895,153.7455024879656
EK202310208737,141.02810764675024
EK202310200447,128.56879794245847
EK202310152283,153.60479955228172
EK202310220449,136.28279429624334
EK202310110949,137.0000562211628
EK202310209106,142.48387627259194
EK202310223835,137.3919592249029
EK202310230881,143.68079996715403
EK202310122186,143.70618489743515
EK202310170304,159.5441936743239
EK202310193993,156.66825573761705
EK202310141761,157.55178277769173
EK202310127568,144.11092750065174
EK202310128895,146.56789235386415
EK202310228433,134.81314934642475
EK202310118632,139.12087905036245
EK202310104226,131.66316751407984
EK202310164491,163.01746510363535
EK202310216438,136.68040071265816
EK202310214077,166.87612389821157
EK202310247400,169.56089439155863
EK202310174422,145.28007286038388
EK202310122877,135.3682613871496
EK202310128301,160.88584650113376
EK202310121029,143.66480723699107
EK202310156904,135.2127000307533
EK202310228463,142.18746951411518
EK202310197399,133.1231820480708
EK202310210314,139.23212779777043
EK202310114247,141.62141819856
EK202320005931,179.18459658842372
EK202310129928,161.00181566291556
EK202310213491,139.1536637491636
EK202310117524,165.61386648554063
EK202310118755,133.6863441981707
EK202310184404,134.31520440408326
EK202310227256,116.8943179810429
EK202310179166,130.05099338345585
EK202310136432,141.43112317184702
EK202310176274,136.06578709682367
EK202310151297,137.20416508653466
EK202310125109,133.06393244132502
EK202310116780,135.64354439238164
EK202310135569,138.2869252301157
EK202310134565,138.0176008510174
EK202310186448,146.59630308370717
EK202310178115,135.69870925562842
EK202310113148,156.9345786485372
EK202310228489,129.2967280466994
EK202310179723,133.113307341455
EK202310157269,154.55015731106738
EK202310199275,134.90151398700823
EK202310233646,154.73486233445
EK202310154900,151.6358517857364
EK202310140705,143.18102612911085
EK202310148303,135.27162919299084
EK202310216595,135.01185989009193
EK202310109916,130.56620006570344
EK202310115675,131.12577287511428
EK202310155830,134.59026834326454
EK202310218005,137.53427460854496
EK202310141563,142.15477645564897
EK202310228213,171.74997811623885
EK202310212791,143.030159784369
EK202310194782,166.90154372063955
EK202310231645,134.92409261391492
EK202310241926,151.49285339789049
EK202310210213,128.6420968792628
EK202310134817,132.07120398375346
EK202310133386,144.66528844660482
EK202310142531,155.018851194669
EK202310187663,161.58169122580009
EK202310117777,125.5996568232248
EK202310158245,139.44170104408983
EK202310195137,142.40132291763297
EK202310142488,165.04323970263027
EK202310187991,136.69975130729816
EK202310150662,146.51459181199053
EK202310217688,135.6751799809237
EK202310179171,137.45860505757506
EK202310127405,145.4263556354203
EK202310135392,154.2538703548631
EK202310171859,134.5473241127615
EK202310105858,137.38434734664602
EK202310158319,161.98900939134813
EK202310230414,137.67993294729706
EK202310118707,145.8561293313849
EK202310128139,139.62907964523836
EK202310186693,161.0827406958566
EK202310179495,157.54239354681064
EK202310199992,139.09252215434498
EK202310107900,151.64264935045256
EK202310139759,133.5668935481008
EK202310109278,134.75607716858573
EK202310126409,128.7859075163943
EK202310207784,137.17872072938854
EK202310236292,140.85549327982613
EK202310154556,128.59944497925335
EK202310134873,136.36388204717807
EK202310132640,147.06574009548316
EK202310228961,134.00549110808913
EK202310185810,144.00367484019563
EK202310149986,138.9714560573788
EK202310131518,139.11865793079588
EK202310121880,143.78127397274685
EK202310191180,159.40912462747278
EK202310177003,146.29310592269505
EK202310215011,172.10463097933368
EK202310146470,136.4324033807039
EK202310200272,154.97689537791436
EK202310172780,134.5436220749565
EK202310225929,131.96246098870085
EK202310145639,131.1543411773102
EK202310246707,136.10793583343266
EK202310196529,130.2633625570847
EK202310232839,139.03007387311
EK202310140369,151.475747073674
EK202310141325,142.76304049301538
EK202310151532,177.70441582437596
EK202310217721,131.13995451328233
EK202310189960,185.508512410065
EK202310132726,136.95715925247688
EK202310182587,150.90940789766526
EK202310216789,162.15545992304183
EK202310187849,146.3286002041385
EK202310234305,140.0535700524137
EK202310142640,135.48586702401795
EK202310211367,146.53242392004987
EK202310237820,133.18382723840307
EK202310128311,130.0841550257519
EK202310234908,135.16041072903738
EK202310104928,140.92491188566908
EK202310124402,128.8973445118315
EK202310170954,132.00587677800047
EK202310238908,134.73157775061568
EK202310138176,128.59283155199833
EK202310150598,166.1472670351467
EK202310108952,153.4371563015339
EK202310147721,131.5232681705419
EK202310164148,145.48454668757614
EK202310164879,134.33174367485566
EK202310170715,147.51178370429156
EK202310169418,138.29254036015675
EK202310133466,136.71510982144844
EK202310133903,134.71263959805304
EK202310204671,158.29432317289866
EK202310156209,155.90811608568768
EK202310243873,136.72606879235423
EK202310134929,135.059151668436
EK202310216695,134.01836919838448
EK202310158237,131.13353172462365
EK202310194292,137.87801425737936
EK202310103856,154.1033379242638
EK202310126627,166.33687366030603
EK202310121161,130.5464423178131
EK202310191392,142.5983850063204
EK202310245531,127.70362076922014
EK202310126763,133.33014652122577
EK202310161498,174.0056754703406
EK202310112456,159.97689417120247
EK202310191483,145.45413054342876
EK202310140746,134.70052478057926
EK202310175247,134.66851777150345
EK202310112978,143.1141910021401
EK202310115781,127.80196769823073
EK202310150028,136.53947304786945
EK202310204581,152.04891363084016
EK202310137480,140.6854407748732
EK202310191514,135.5058873841946
EK202310201678,143.67870666356228
EK202310117265,135.21329276009513
EK202310112369,132.5165741081031
EK202310208647,152.4792172544331
EK202310142602,126.83693655577015
EK202310113073,138.95366199900724
EK202310149092,130.56405883068547
EK202310162989,135.5192045398561
EK202320006610,145.83691184198346
EK202310177443,130.1330873425154
EK202310104850,119.6194474841707
EK202310126368,125.8735372720973
EK202310248204,138.70004916917142
EK202310190956,139.37340287086695
EK202310110980,129.73579020744722
EK202310154273,147.9770482070139
EK202310242223,148.113747335006
EK202310117698,131.57755343871162
EK202310195417,154.2914994888034
EK202310145942,127.34461658846772
EK202310152887,168.86562826398335
EK202310169297,172.66832494037266
EK202310221863,129.7336465197745
EK202310199131,137.98011710066544
EK202310185529,149.60823402248562
EK202310113311,130.42912494763698
EK202310209762,141.19432643790822
EK202310164806,132.3648247028938
EK202310134642,125.88893545951564
EK202310146968,139.66234729631955
EK202310107027,130.44382477277836
EK202310226716,138.04297123667288
EK202310243795,140.40900416364548
EK202310138740,146.03448849132084
EK202310144607,140.34477907711823
EK202310244471,137.38998533868158
EK202310159052,155.01626131447475
EK202310123055,134.7576274351901
EK202310113885,138.44160589215772
EK202310199531,134.03167651307646
EK202310236118,131.1815701076306
EK202310137888,133.7490271623232
EK202310215531,158.78957104784564
EK202310185054,144.49388676805856
EK202310129573,137.97928976990573
EK202310163633,144.94363180160673
EK202310202282,155.3006460294691
EK202310143694,136.7049503539386
EK202320006080,154.8126142034205
EK202310232132,136.24690384792666
EK202310138363,152.2154115825436
EK202310193434,137.74096158944843
EK202310175511,146.85604271903068
EK202310133748,127.6450962102368
EK202310106718,136.7659758848242
EK202310188899,146.45761511496207
EK202310232574,148.58430700501435
EK202310212172,142.0409951521575
EK202310190446,134.93640551967695
EK202310113384,131.8482314024072
EK202310181368,167.7387111836075
EK202310003999,129.48727871567195
EK202310141115,145.30127112024758
EK202310109981,155.31619062685735
EK202310166769,132.5779250581315
EK202310138115,129.62594680063341
EK202310128203,166.26209996259274
EK202310206649,138.7214748296667
EK202310110780,140.5536054007826
EK202310240635,133.48178251845957
EK202310190614,152.3644718434148
EK202310129881,150.7512186459376
EK202310127835,136.5849309923008
EK202310121093,123.99481575892428
EK202310150408,123.50064168585095
EK202310164894,142.23826218262042
EK202310109584,142.8260889503448
EK202310173464,142.47519633077718
EK202310204837,141.84090533206492
EK202310152348,175.33730821936624
EK202310164097,139.92180027544862
EK202310127163,143.27367558548616
EK202310244695,148.94616459628122
EK202310229812,144.56626011146392
EK202310134538,137.3263005873132
EK202310210536,156.73713881001697
EK202310140667,163.09502892127276
EK202310141775,137.11186505946927
EK202310214180,140.4871255488685
EK202310164023,139.80490937408683
EK202310173588,135.16662018699915
EK202310170905,129.51601153554404
EK202310114396,142.0667105147253
EK202310183841,133.82454388585285
EK202310201453,145.91061818584177
EK202310113439,149.55833540116467
EK202310238212,135.58005352265639
EK202310127261,151.8482145569131
EK202310238188,140.3132752432778
EK202310206294,160.01242568245533
EK202310144833,158.1312071962508
EK202310211732,132.31449064262344
EK202310224752,164.1331107661541
EK202310193699,159.63427741051183
EK202310143520,145.4344714108909
EK202310115211,133.5114149933856
EK202310164360,150.75449836296843
EK202310117381,137.6967469161837
EK202310229483,139.2451114097869
EK202310188649,148.0529519776706
EK202310200724,147.13619244271007
EK202310144431,173.13623601153046
EK202310133572,143.26860608785137
EK202310208802,128.41824587923793
EK202310248659,129.31498575161984
EK202310131585,138.14938636221225
EK202310233777,171.60538567362065
EK202310129212,127.94519936232957
EK202310155799,150.00622442645923
EK202310229572,136.93648777318765
EK202310128875,132.61591757195
EK202310148223,163.75071615502398
EK202310142900,158.25242635042358
EK202310183384,150.87586592734738
EK202310111421,136.62834515344977
EK202310212086,141.90751194741216
EK202310239476,123.9394703433308
EK202310131957,160.3683646564732
EK202310204264,172.73509912338406
EK202310178704,157.43545380934344
EK202310227864,128.20257021694556
EK202310169538,124.60604141975038
EK202310173784,173.4174281667382
EK202310216416,141.6205830140716
EK202310196443,162.2586572761509
EK202310214690,145.31248753370065
EK202310224533,142.37779313666883
EK202310171089,159.34825884294304
EK202310213256,147.00646535310204
EK202310136488,139.10200730455023
EK202310199625,144.86552373335215
EK202310171589,149.5821065250923
EK202310226351,139.60835622218838
EK202310106984,152.27462928306284
EK202310212070,132.00171883836484
EK202310183076,150.60988884786605
EK202310232081,130.6583339571574
EK202310126981,135.36676890430087
EK202310154523,146.04763011176132
EK202310184085,137.06428826491793
EK202310170300,156.94260127658717
EK202310218531,148.83970774028236
EK202310206452,170.58667618054184
EK202310004184,136.31979947680497
EK202310177618,135.0319184148007
EK202310222352,128.49616807778062
EK202310106506,132.93385024212722
EK202310186819,145.88648753532283
EK202310140723,129.37443560971766
EK202310238611,135.17354430349172
EK202310120555,128.93149757958668
EK202310147094,145.4417095738795
EK202310155462,143.78628066198743
EK202310105723,152.59249924873257
EK202310136398,140.13882189860854
EK202310233819,152.26167848497388
EK202310133289,138.2318180577615
EK202310230003,136.93498400750167
EK202310144991,148.68610035196133
EK202310172964,147.25100244224512
EK202310238178,158.002556569028
EK202310126938,155.89037750636544
EK202310231506,126.35134485534742
EK202310190088,140.22248068292143
EK202310172578,151.37885050254997
EK202310153732,141.14665413267784
EK202310179604,136.01493514992097
EK202310129682,131.0385400123916
EK202310143507,129.15877296987853
EK202310155560,152.26145379488364
EK202310127202,158.71758406394915
EK202310143252,143.0836966911165
EK202310217653,126.19970239383798
EK202310173062,160.96040402060316
EK202310105294,140.22912637080586
EK202310117821,125.29400032781155
EK202310215199,129.98396784779365
EK202310241483,141.90980781667236
EK202310174150,150.87657123548908
EK202310219893,154.53233392180326
EK202310219552,137.1428712028801
EK202310136028,134.66109210522038
EK202310225636,134.04715061763102
EK202310150738,144.22428007268343
EK202310176837,133.70928059435994
EK202310172368,136.24466291128036
EK202310184904,154.80341389774364
EK202310191265,151.78520584587943
EK202310144201,130.27515975791292
EK202310139926,127.47718822301813
EK202310133343,143.56922345085454
EK202310193942,138.20263646457454
EK202310181626,149.7863409807713
EK202310138065,124.1663850960964
EK202310175111,144.69232272175216
EK202310242001,142.52837085411926
EK202310160431,136.02359231459985
EK202310169578,146.95713549446003
EK202310137385,136.67688705781345
EK202310136468,139.8702763449654
EK202310158374,146.64371844059178
EK202310108318,148.25226938610535
EK202310122270,129.55933773915152
EK202310144491,162.5510317228143
EK202310123031,134.69197349890095
EK202310155418,141.63131420222874
EK202320006341,156.1594872931314
EK202310110341,135.96970101994432
EK202310103961,148.6454633468387
EK202310003695,164.81974603075068
EK202310200040,132.54484792698918
EK202310119278,172.22074553054708
EK202310174626,172.1526954616573
EK202310153937,136.17030889932937
EK202310189548,182.33846291405118
EK202310149005,156.44736750733574
EK202310184006,179.69185514498227
EK202310129614,151.27144985647126
EK202310178276,151.90807278531247
EK202310124293,136.66772018524782
EK202310199434,160.01070726248076
EK202310111178,143.39491372412985
EK202310143329,152.46798999516776
EK202310229141,139.77526520848824
EK202310225446,132.86127908721053
EK202310133140,167.16499155479582
EK202310204388,130.32125148298817
EK202310127528,133.90915613050814
EK202310175944,144.11830872448144
EK202310205185,154.98533498065103
EK202310220142,140.74130254185815
EK202310188984,131.7971728515105
EK202310117484,173.7461905190312
EK202310222387,139.12399466187992
EK202310238376,139.57586512812466
EK202310190275,169.75756146737535
EK202310127517,138.04600556705358
EK202310148647,147.56706198955806
EK202310144619,147.8785140514041
EK202310172144,138.59629260666972
EK202310105902,144.5377358078353
EK202310169293,140.2576935166434
EK202310231168,133.9594593529844
EK202310147200,149.1867307992068
EK202310193258,136.5549239592432
EK202310134686,160.389890688777
EK202310184958,160.9200655455082
EK202310172029,159.74901556286295
EK202310199176,130.03677258575536
EK202310232628,135.11691734278654
EK202310230800,138.40302767824252
EK202310169188,165.7854901521375
EK202310143652,150.91764730507845
EK202310210776,146.38052034860146
EK202310243268,131.80896161943096
EK202310219929,136.14564400787836
EK202320006873,144.0722276661834
EK202310142750,150.61705516416703
EK202310105033,143.12180142333023
EK202310171957,141.9747515913383
EK202310167819,159.87539551633552
EK202310224575,139.72016440669418
EK202310218984,128.6112627966514
EK202310148378,170.21885907200758
EK202310124296,128.38755050725146
EK202310153505,129.31275258945413
EK202310202475,170.70214114780376
EK202310105768,152.28907273218593
EK202310155150,157.17476707752152
EK202310131403,143.59472027144577
EK202310236965,128.75203074195935
EK202310128158,159.0192143020538
EK202310244898,130.35447599040293
EK202310168438,164.50959886545783
EK202310191063,136.8323945699315
EK202310247883,159.56849289984805
EK202310144879,135.62673990652019
EK202310248004,189.06711133030933
EK202310129311,174.33313780783212
EK202310159341,139.43991641926488
EK202310186599,133.77203417804273
EK202310003714,159.28809580473552
EK202310141937,145.49934276315355
EK202310141516,142.32197725104206
EK202310211399,124.70298889598556
EK202310133332,131.74384326036505
EK202310245637,139.78488637610045
EK202310195191,130.69419453793876
EK202310120028,145.92368362159903
EK202310238137,134.70833907975003
EK202310155822,137.30549784190688
EK202310178814,160.16704749817947
EK202310117251,139.45276000274896
EK202310134938,166.48449812877888
EK202310209690,138.71102387433754
EK202310203758,142.14416194119664
EK202310115669,139.47364445403798
EK202310104134,137.86770681316142
EK202310145861,126.81700528084228
EK202310150671,130.4659948689064
EK202310240589,135.637518918746
EK202310212301,134.58852358640536
EK202310142614,149.2616392155801
EK202310141457,134.8318846625153
EK202310245972,152.3432048886153
EK202310150051,172.21844379731886
EK202310170670,146.0259669599354
EK202310211033,142.34374400842648
EK202310206028,152.91440655686696
EK202310116009,155.0835693484367
EK202310119459,147.32687219200528
EK202310205201,138.68851884678813
EK202320005999,149.0681908467848
EK202310137068,139.43565592434743
EK202310125205,149.79685136137826
EK202310111843,124.83691076661351
EK202310155744,153.55087135010905
EK202310189271,184.60838033218465
EK202310200042,143.3933488297935
EK202310234396,129.97384288468862
EK202310203600,137.07783465198239
EK202310206171,147.68418331290394
EK202310206072,142.59596123344215
EK202310163819,163.6594781469469
EK202310241837,155.27783107177376
EK202310122958,126.9445074148333
EK202310143934,156.94520109538033
EK202310108166,143.54730599560244
EK202310157169,165.77598315530972
EK202310152923,154.5718610616179
EK202310194312,145.99881325569763
EK202310176406,147.65063597703264
EK202310150358,164.66671684768173
EK202310219917,137.47072736396328
EK202310196050,131.67979084714023
EK202310199317,155.87822854730766
EK202310214061,163.97889779543803
EK202310122593,137.35271082390804
EK202310244955,136.38983295952704
EK202310156822,154.94535562426395
EK202310207476,135.28467180612085
EK202310158934,142.71628629108528
EK202310201930,146.684436410596
EK202310119122,136.37117568699645
EK202310196169,151.7220848283032
EK202310201449,139.06486499656657
EK202310130630,134.10909579425464
EK202310216667,152.05023357518826
EK202310109941,117.2319438850142
EK202310200400,143.24281382192865
EK202310137456,149.23836899797607
EK202310196853,133.47553248802072
EK202310215704,141.37429593961176
EK202310135405,138.75212090401902
EK202310169616,124.85456034528382
EK202310216148,134.60094527055404
EK202310243354,133.79626312407217
EK202310228967,140.97955635612965
EK202310243234,154.92006870859655
EK202310192532,177.3144028800738
EK202310214813,139.34969609846695
EK202310104914,151.22324792419153
EK202310153816,144.0123919624242
EK202310202614,136.0235761398107
EK202310210862,156.96833759838336
EK202310170135,142.1694667942856
EK202310188088,148.5242879659291
EK202310221249,136.1738350122639
EK202310232182,130.09481746916313
EK202310185589,144.3638183109446
EK202310220140,153.18685026981694
EK202310151225,141.44984555563386
EK202310120905,160.92555026482285
EK202310125281,138.04912735470018
EK202310129594,144.63349977512664
EK202310131652,138.2842708059404
EK202310178780,155.66559317212372
EK202310199546,156.36622732113543
EK202310184333,132.01808779081338
EK202310129518,157.77341249449546
EK202310125847,145.51320293983494
EK202310146303,155.9146213986322
EK202310175806,131.6998929989636
EK202310220347,144.37891471885436
EK202310225734,139.80189881952157
EK202310240284,138.07934093980413
EK202310114155,143.78725209252875
EK202310208667,132.95669312981002
EK202310247128,166.60904603266866
EK202310218283,133.54847186188846
EK202310227443,136.58710163984065
EK202310157358,152.3745777528437
EK202310205155,136.93728269898236
EK202310189640,169.3553658907088
EK202310219047,127.61218789041457
EK202310155307,125.74298421304138
EK202310190346,142.89768276742268
EK202310186825,151.65206880125365
EK202310203583,152.68417027736075
EK202310122872,127.4306236833956
EK202310223579,138.5938031750554
EK202310134595,169.98360248746562
EK202310199315,134.1195203718847
EK202310197280,135.26431681320037
EK202310105445,144.1982246471779
EK202310170127,130.07313767026125
EK202310124087,130.95201084489904
EK202310186812,143.72013830430197
EK202310175470,143.82146425221484
EK202310178249,151.10104558096305
EK202310246428,127.38060260487678
EK202310206906,157.9183830965344
EK202320007523,181.06615017113438
EK202310106696,105.1341796112337
EK202310139497,157.72878532837882
EK202310135104,134.22325440782782
EK202310165444,147.740980535652
EK202310150670,154.83660877974805
EK202310141326,139.6868474611615
EK202310206479,124.05685136320106
EK202310182003,156.46696048694704
EK202310240148,162.01490713332964
EK202310246934,154.2206017819911
EK202310157908,147.21831659471275
EK202310233790,139.76078946491705
EK202310227231,141.3954508525786
EK202310104197,134.912363459901
EK202310003919,137.74535281804418
EK202310134161,125.06858216201842
EK202310132637,136.06318596030374
EK202310112692,145.77143203494202
EK202310004804,132.96633039380228
EK202310188449,140.63299252957975
EK202310161514,152.56113746918788
EK202310121257,137.39042452328076
EK202310165460,167.32692824776436
EK202310246582,135.79308034028006
EK202310182549,147.51000810846648
EK202310153021,156.04811637562833
EK202310155857,134.88131771316446
EK202310112710,128.3975032110395
EK202310193527,144.79184844476157
EK202310210851,132.64588564560566
EK202310166991,144.35381438403564
EK202310153617,153.17119236471007
EK202310162029,155.97949701565562
EK202310150898,141.89266977260712
EK202310119566,136.2286049117146
EK202310172046,164.52081483976642
EK202310113364,156.41677540853937
EK202310104697,155.97284105747863
EK202310110438,132.0855486108433
EK202310139792,132.63128940464955
EK202310108044,130.9038477654308
EK202310191154,153.91642804383844
EK202310162199,135.16748149042735
EK202310159050,137.0720244547993
EK202310127404,141.07731479832418
EK202310216583,138.38161509607798
EK202310233658,152.7265985382996
EK202310141492,134.45467983400138
EK202310203883,132.42948208487107
EK202310219043,169.4020534480351
EK202310145653,136.93995947631578
EK202310228503,137.8237670632627
EK202310179347,128.6186296984808
EK202310132009,143.1368004479615
EK202310212361,131.93830607149357
EK202310124879,134.12642043838343
EK202320006785,163.02943503955547
EK202310245990,133.15183447820695
EK202310177823,159.46208059134364
EK202310229376,138.88926641465085
EK202310181146,138.15118507089528
EK202310201989,123.87084372715925
EK202310192148,143.1187698117325
EK202310185865,135.3847700788512
EK202310149322,141.82117680963668
EK202310154759,156.08335546269743
EK202310142366,144.06988337993195
EK202310225136,156.29231857802847
EK202310140657,140.57873719990437
EK202310181056,141.67496654636273
EK202310147652,156.82411348312928
EK202310195069,136.30518899572655
EK202310186330,152.82736801570712
EK202310170880,140.3292913708921
EK202310104902,134.1887659074997
EK202310137021,159.27373301933574
EK202310112219,147.28422334617505
EK202310114567,139.75154032952736
EK202310174050,151.18303401559336
EK202310146459,143.38554544584431
EK202310125401,131.86206252889514
EK202310232042,132.66853823811434
EK202310137842,133.89238948921678
EK202310235166,130.87884047356738
EK202310123303,134.45177764941232
EK202310204672,154.53365237035442
EK202310147206,150.3166194558903
EK202310165103,169.06399108661103
EK202310246536,152.07470717135422
EK202310204665,127.06248748751199
EK202310139971,167.10095640936032
EK202310230726,132.4084393325193
EK202310217044,134.5794559792695
EK202310175720,151.38408445874876
EK202310208548,128.85386456073337
EK202310213825,142.24980212142984
EK202310196825,134.28651690738565
EK202310117004,140.7212049185177
EK202310164666,142.19364238171127
EK202310195792,156.04358207250436
EK202310195121,141.04674078909002
EK202310188217,144.3021001572327
EK202310178996,134.60138370847997
EK202310107580,142.24132361154085
EK202310163974,147.20526178206106
EK202310237799,133.40395930034208
EK202310232053,141.96110823249978
EK202310178319,150.7122848072236
EK202310126202,127.28736929730262
EK202310227911,140.59247284345503
EK202310109084,133.1105500791745
EK202310143067,142.35758023212773
EK202310206930,157.34118965484896
EK202310201884,137.2963382499684
EK202310130641,131.16679508599486
EK202310157121,172.11230960528155
EK202310220877,134.40839438535022
EK202310149540,148.81237049732383
EK202310169600,130.74087021551887
EK202310163175,171.0114129011306
EK202310106277,141.8051990518572
EK202310209667,131.3652906816115
EK202310119877,130.81870488829765
EK202310204499,132.56898025091184
EK202310190780,158.05742169719144
EK202310115565,140.37815262805395
EK202310195056,144.21475494935333
EK202310111373,162.5398363815159
EK202310161299,149.868088950109
EK202310245424,141.4632737532693
EK202310246906,125.7387246498413
EK202310120316,153.16438711893625
EK202310144965,143.5237512443493
EK202310211133,137.6980470682216
EK202310167406,152.54101149647823
EK202310162901,146.8122977544254
EK202310107075,130.23115146707192
EK202310140916,155.40778453495227
EK202310143120,150.54050534739017
EK202310114506,135.21633289965175
EK202310175480,155.368008474402
EK202310118790,127.79229753850079
EK202310169280,139.25010458680876
EK202310129297,154.90457364893206
EK202310198282,135.7877369703941
EK202310240512,144.02040928330356
EK202310192236,133.17031036745166
EK202310177577,142.42223992534775
EK202310161068,157.89473734201448
EK202310111934,126.27701197316195
EK202310155260,136.39672618554124
EK202310124483,140.96457644433076
EK202310155315,135.95507062875663
EK202310123325,135.3021951281207
EK202310149045,163.3053950572717
EK202310222163,128.55065414075173
EK202310108935,145.1037756270409
EK202310188397,141.31256421110302
EK202310110895,147.60967061437998
EK202310146042,132.04445732368697
EK202310116291,131.37625674913082
EK202310214128,165.06682822945567
EK202310122572,129.34748707733428
EK202310246206,137.66435332902356
EK202310190227,143.66770925240442
EK202310137442,148.16149909494487
EK202310240613,141.76882300693777
EK202310171036,142.44697707186694
EK202310165619,170.85234277421847
EK202310135508,152.46758004376588
EK202310203859,130.9565184209942
EK202310208937,131.55443808174883
EK202310190964,135.49186718371155
EK202310157232,146.0686365935615
EK202310233329,149.4625966216239
EK202310004857,125.13421277425769
EK202310114112,153.24428632183267
EK202310231381,141.32735393961164
EK202310183273,152.75380850260947
EK202310198133,131.08490469422472
EK202310243118,133.9120489651345
EK202310179772,156.4212762686971
EK202310177045,136.70455266200173
EK202310129608,148.04552171584413
EK202310146699,135.35287715487073
EK202310118550,143.5912851744028
EK202310236716,129.5815022842325
EK202310225924,143.31657068803577
EK202310137908,121.93522593751403
EK202310136472,147.4572658107151
EK202310227498,160.35617255926076
EK202310197540,148.91592396758452
EK202310177606,135.18343811338258
EK202310233230,133.49593675032654
EK202310129471,148.37267774545523
EK202310240950,136.0171195924826
EK202320007590,159.63857515289382
EK202310163887,150.44985724091862
EK202320007425,168.48747996720104
EK202310127560,162.8346779131515
EK202310155824,138.61872238130664
EK202310187346,137.18990358484086
EK202310200413,143.52831001348173
EK202310185717,164.0378860882498
EK202310217975,128.08420996065354
EK202310216468,139.5430071934214
EK202310201451,142.87867101815817
EK202310187386,150.82603099470643
EK202310113263,146.30727855875443
EK202310129498,145.53339155401898
EK202310168744,147.10007142593076
EK202310142626,156.60234328981142
EK202310190880,147.16585921780694
EK202310131573,139.69263423104147
EK202310220638,136.0208953813794
EK202310207069,159.16958259549583
EK202310116824,138.01035470595536
EK202310231727,142.64854624032375
EK202310184770,147.77286634135686
EK202310197350,171.68707411266203
EK202310147966,154.45844330886285
EK202310160556,153.09526009806976
EK202310242942,131.23200582036037
EK202310207659,163.74019710110898
EK202310189516,128.8451699428529
EK202310214218,159.87251287242157
EK202310105070,139.97697568891047
EK202310218843,145.86196773859757
EK202310163176,164.1019647730289
EK202310109656,134.49453115310595
EK202310004202,128.3024777521148
EK202310203545,159.0684043416862
EK202310153518,131.09072282589767
EK202310119723,140.43457882861424
EK202310122303,140.23637589739383
EK202310113636,148.38647951426572
EK202310216948,134.3895833203222
EK202310154167,135.86092272391454
EK202310122355,136.7517637560063
EK202310150417,126.86477779294606
EK202310218226,136.33528174011278
EK202310191370,132.99546645500953
EK202310146010,139.05884754596136
EK202310242320,137.67474506414575
EK202310182162,164.19579437663225
EK202310129315,149.04736989658028
EK202310106705,148.13433316020638
EK202310240258,134.61100626358362
EK202310241039,163.85713144598319
EK202310204816,135.86814762704276
EK202310142491,138.55499920039284
EK202310200125,153.26023223060068
EK202310111662,145.3947318691304
EK202310141792,149.27348206790077
EK202310242215,161.15768453275368
EK202310227322,164.05084178142567
EK202310206010,140.12864072952462
EK202310220576,135.22260151491884
EK202310169744,149.09258575224595
EK202310236130,161.8279876098405
EK202310117603,131.17133834563631
EK202310164018,132.91753187916999
EK202310173758,153.11673371279244
EK202310169263,143.10660938298645
EK202310220742,134.3073541675705
EK202310234928,168.50446001317718
EK202310133036,129.2350772336129
EK202310134185,146.4175610342642
EK202310185530,144.65838965559342
EK202310218330,143.1934939620611
EK202310220164,131.16374851563612
EK202310136625,135.66040489091333
EK202310190327,142.9406105155963
EK202310156810,129.61665771539003
EK202310235883,156.70529922165352
EK202310135135,165.3646262706221
EK202310232747,130.95520568274333
EK202310146074,143.79413059758954
EK202310170263,146.67375011580637
EK202310117439,129.0423631091958
EK202310155695,135.50970542950773
EK202310180749,130.99678562828527
EK202310165733,161.86309008448393
EK202310122820,135.05922068069444
EK202310132148,146.94806674143607
EK202310174037,133.7800774355492
EK202310116351,135.44493210041168
EK202320007454,176.92705123333366
EK202310126404,140.70234374902282
EK202310179147,131.7486676035838
EK202310119107,137.40548585399355
EK202310232208,127.121946598849
EK202310146308,153.05285529775432
EK202310221836,157.38386266769163
EK202310241730,132.8254610404879
EK202310126972,136.3654470925402
EK202310190112,174.5144463723428
EK202310189550,176.47214593838106
EK202310167601,159.9442053090398
EK202310129178,151.5316706534146
EK202310208362,139.17858263357772
EK202310108633,130.91102942618232
EK202310119330,129.4070597441422
EK202310241595,129.59041844745786
EK202310133580,161.50811808434358
EK202310184140,158.2567217166477
EK202310243629,138.17210934071417
EK202310240837,129.22561737189105
EK202310133514,151.2008634440881
EK202310248438,138.09329803000944
EK202310144323,137.65154325235906
EK202310199263,161.88371476008743
EK202310170561,136.6031447789136
EK202320006441,158.43843220694842
EK202310156158,144.32567157500014
EK202310160966,130.16138542433262
EK202310170924,137.73270748971836
EK202310166196,149.35175331979298
EK202310180519,159.6353569537907
EK202310163021,130.561011169179
EK202310217277,134.97462342214638
EK202310182542,146.9435034884553
EK202310187706,141.30949628365997
EK202310177424,152.33288147544945
EK202310116469,131.7410148680685
EK202310126864,146.15435391808109
EK202310171044,138.94331125537767
EK202310159422,149.95842854988047
EK202310126564,156.4279499766118
EK202310136978,133.9209310811304
EK202310227254,151.0017592023734
EK202310241407,138.70412313619514
EK202310151596,159.34923673609728
EK202310143155,125.24528472099142
EK202310003368,148.37383833009
EK202310225579,141.52184302149675
EK202310142662,128.2697073014624
EK202310124623,157.46069214754564
EK202310117099,136.15069887167203
EK202310209488,141.16623618496413
EK202310218949,148.00456707292946
EK202310163688,136.44607819986905
EK202310233616,145.28429178169122
EK202310181063,160.32209184091775
EK202310122017,143.59049150534557
EK202310232279,129.50136626589054
EK202310188255,139.7148589193257
EK202310222087,133.97324875451727
EK202310235863,142.94342687609006
EK202310142201,150.99960846681503
EK202310142028,133.94381823037506
EK202310105750,127.48683521793679
EK202310192986,151.0224315637676
EK202310183238,141.96665652388413
EK202310184211,139.67730641130782
EK202310114501,132.81728982738832
EK202310183815,146.8844603235088
EK202310239065,134.18016664551325
EK202310203010,139.82229656401498
EK202310119934,135.39611975081732
EK202310245690,138.14367515867903
EK202310228481,135.01345671974684
EK202310115026,138.66724902700614
EK202310227715,125.995601626222
EK202310147211,147.97389643927087
EK202310112774,153.5622410336697
EK202310213753,138.53312182873015
EK202310115799,139.41802676669317
EK202310158491,161.66715902238153
EK202310224855,133.5018302768396
EK202310175378,152.70110469585356
EK202310120852,135.78623009350045
EK202310115724,132.0685123389718
EK202310188278,150.29560374461968
EK202310218258,142.5531049859648
EK202310187357,136.1144134372859
EK202310170314,136.70163937479666
EK202310219875,138.74484155409712
EK202310198138,141.6744032490189
EK202310238879,161.36914992860477
EK202310179039,149.0571097614206
EK202310221294,126.34284062558221
EK202310181636,142.76724736785619
EK202310180030,131.33204368124728
EK202310188261,152.06574059439433
EK202310109627,135.2763215578506
EK202310218359,147.05704080191978
EK202310221160,129.74041738510388
EK202310210517,141.09849666920425
EK202310231490,125.10519763770016
EK202310142904,151.2802465220062
EK202310228183,135.7400987398358
EK202310190608,147.9337062251751
EK202310229652,140.51461983697402
EK202310201677,143.08114989547565
EK202310161948,155.78595245583696
EK202310164852,139.49866823483148
EK202310130019,148.50585328177422
EK202310137201,150.32900436350377
EK202310199958,142.99717875867458
EK202310168651,166.46904614861862
EK202310163750,137.0712000948809
EK202310164255,161.14034493606724
EK202310112200,138.8136633613795
EK202310226582,133.01959566652653
EK202310150983,127.54005421165715
EK202310117868,136.7861081670978
EK202310104519,136.9827427177896
EK202310112900,139.21211038964563
EK202310175950,156.94849876720482
EK202310132832,148.1175658129895
EK202310177022,142.19186958776285
EK202310224847,146.37567975972024
EK202310220893,133.62761608414382
EK202310140282,144.2996966885272
EK202310140130,159.76239720904505
EK202310111884,134.28029304744877
EK202310169119,136.27726859557677
EK202310114003,149.9218313485534
EK202310204840,150.03863537121055
EK202310227423,158.81227632438777
EK202310243266,143.40843133487544
EK202310224568,137.17443846973686
EK202310129159,147.34332702877657
EK202310216851,145.57215253759188
EK202310173637,141.15476183144617
EK202310137694,143.16456433258796
EK202310224949,148.7303939086806
EK202310182755,168.62159958182167
EK202310121872,144.41773894817024
EK202310199590,143.51719266228696
EK202310237216,140.06542041010397
EK202310152666,137.6370167590038
EK202310119202,143.79630296153906
EK202310154055,140.79430672765704
EK202310131194,130.66861691904342
EK202310205515,130.82036246149735
EK202310226482,134.18736226722123
EK202310131717,142.36968684709086
EK202310116461,140.37244036567085
EK202310209370,144.72144276518816
EK202310112844,130.02025038442423
EK202310148195,136.13458665072082
EK202310205500,124.9603142894982
EK202310180785,167.49635360729292
EK202310114659,141.2428720494807
EK202310206704,141.72892162074277
EK202310194100,132.8695981905276
EK202310192316,135.3628598685645
EK202310227158,140.35225710922703
EK202310210960,132.53902569686463
EK202310201569,153.8914733645791
EK202310208440,145.99214137654593
EK202310159738,163.03033329433626
EK202310167571,186.25361546553853
EK202310133506,153.0605220437976
EK202310206074,173.88318694664184
EK202310189737,146.95974769303203
EK202310168575,153.0902761291048
EK202310159786,152.1990031719905
EK202310241528,140.07379027690862
EK202310135551,147.12069020178475
EK202310154421,170.31770542269592
EK202310229939,142.9921795450622
EK202310199977,136.9915184450299
EK202310212346,134.91535664376445
EK202310240842,128.62978009251583
EK202310188648,145.11250182345515
EK202310204867,137.4997754515571
EK202310221803,143.35083018953117
EK202310216991,127.46857006740582
EK202310234267,138.3852814195794
EK202310164050,138.93057857131797
EK202310160606,136.4538224161011
EK202310163801,142.11827250947573
EK202310202607,153.47565897624102
EK202310211679,139.77127057488812
EK202310161289,133.65168886222827
EK202310216723,142.76462507754715
EK202310241675,136.15240536153172
EK202310227693,146.39983957530893
EK202310153006,132.28944762168234
EK202310152517,132.76102156581052
EK202310119296,164.90439587594554
EK202310135167,150.4011630750503
EK202310129365,158.46584483517867
EK202310224938,139.24956992532265
EK202310246031,129.48372486294332
EK202310227934,148.46611747439573
EK202310155888,142.38646352241938
EK202310112003,147.69806214497942
EK202310110042,137.37772797683945
EK202310202481,127.93081169458114
EK202310119852,158.78295493601863
EK202310191910,161.6995477625814
EK202310208404,138.91594523342152
EK202310175620,132.9083767051778
EK202310162522,145.01210424662756
EK202310141148,136.17565711215846
EK202310173552,134.2796498786394
EK202310235762,135.28218880099618
EK202310170630,130.1966978339995
EK202310215013,166.3336031473098
EK202310233350,135.13308479354157
EK202310189297,184.8611075583017
EK202310201145,184.25951531820473
EK202310128701,127.52600415925743
EK202310135409,132.38108074453834
EK202310117705,134.6900328398194
EK202310122677,132.5032332073323
EK202310193307,160.76824158786772
EK202310150126,163.40169918065192
EK202310203066,144.49759655003737
EK202310243263,164.6412504489596
EK202310147744,139.30016382514165
EK202310115839,136.7714501765093
EK202310120766,159.2998371675455
EK202310141591,148.8709991514005
EK202310171912,136.6488812148875
EK202310105341,135.38472502537977
EK202320005577,171.81711764956776
EK202310168922,165.28829004746817
EK202310241884,131.89858171703585
EK202310231171,134.00890813171748
EK202310160293,145.18124045936955
EK202310177237,131.36331703295323
EK202310003836,136.61014497668305
EK202310159624,149.07263655975436
EK202310201626,126.32026306354938
EK202310109032,153.3924714936394
EK202310139930,149.75869236588238
EK202310004116,132.22944487331912
EK202310186841,140.47824650914137
EK202310118029,140.77174003518303
EK202310239323,139.39435402204745
EK202310204171,120.92605409824529
EK202310190000,148.49262825589352
EK202310220235,137.0077334465493
EK202310200517,143.94931726457494
EK202310124822,141.2924341225471
EK202310206677,147.8034085265751
EK202310173092,133.47250600835534
EK202310140031,146.3423667186274
EK202310118392,154.61551261552046
EK202310241116,149.81435436926466
EK202310162167,130.7659327254167
EK202310165764,132.0279503165634
EK202310109757,142.6213857994658
EK202310166993,132.05828642708047
EK202310178462,166.80757577770325
EK202310236406,125.5033405824688
EK202310168692,139.79885989728916
EK202310221373,160.20202030294854
EK202310144973,128.8310961011531
EK202310125785,132.69172174612052
EK202310187049,140.1365081951428
EK202310216907,147.63245189138513
EK202310129517,146.84959194094728
EK202310195530,128.53362160849568
EK202310177392,172.3910603477353
EK202310224171,149.35173305465185
EK202310195298,136.71062211378413
EK202310196360,138.3227548575544
EK202310197685,139.0479348328657
EK202310127212,146.10516685451464
EK202310194711,148.1552964327575
EK202310134995,166.0768188779845
EK202310215322,131.73246552439787
EK202310129156,146.6184218251248
EK202310194573,187.3489824884881
EK202310107850,145.77718767919237
EK202310224151,140.31917018780075
EK202310236621,130.8019548229926
EK202310240110,142.5512495295606
EK202310151137,170.52974744635202
EK202310245976,130.30381128780584
EK202310201981,138.77623000870315
EK202310128852,136.8398970297833
EK202310105479,133.5005957472845
EK202310134237,136.58155746695317
EK202310186135,143.66625516552656
EK202310126691,140.39473081089855
EK202310230960,131.47685522822525
EK202310167746,140.327017666126
EK202310220451,139.70025188788085
EK202310187367,123.5347333575669
EK202310211918,139.95165806522772
EK202310218758,135.79621857123593
EK202310170030,147.22894933381014
EK202310182773,136.0270542830393
EK202310132214,150.12375659078617
EK202310004044,150.75469095704665
EK202310210481,133.37583432216718
EK202310233818,146.54618377394155
EK202310134772,141.52883822609488
EK202310190788,151.970303952224
EK202310245891,158.16089869324313
EK202310152473,141.44799852565063
EK202310173468,131.0933903447624
EK202310134860,148.86777449951438
EK202310219927,139.64976296974908
EK202310242547,129.0903840519952
EK202310190542,156.23750304560468
EK202310248304,138.5425915388578
EK202310234323,143.39767129967478
EK202310116774,144.60507134151223
EK202310162192,132.40631450573918
EK202310200226,133.36328055001326
EK202310223298,129.4556085264839
EK202310131109,146.36704024183985
EK202310170422,133.6941818582234
EK202310247958,132.47686343709978
EK202310150344,137.09782498319356
EK202310186547,156.07464940615714
EK202310159511,144.3184423943531
EK202310107832,123.79731836938986
EK202310157429,139.81650966074156
EK202310206031,133.29117776681576
EK202310153162,157.28279638927302
EK202310246453,127.72918853157668
EK202310169465,131.85643507507302
EK202310127917,148.58453842049892
EK202310230060,136.9295912294586
EK202310115986,131.26446935051496
EK202310231341,140.06598447706435
EK202310207431,141.2374281899748
EK202310115427,141.8379363879866
EK202310148216,164.4568364842773
EK202310236465,132.34588069366694
EK202310214889,133.79235799603862
EK202310183344,146.52172418530185
EK202310115563,141.26061256093692
EK202310204127,137.44485446135596
EK202310148558,172.1684216841564
EK202310239253,136.21253581350726
EK202310223421,151.09932894815273
EK202310164157,133.6996624370391
EK202310191038,134.93803423169308
EK202310206653,140.74300860648395
EK202310189587,132.53271593888007
EK202320007832,145.31919637590903
EK202310107195,137.02457336152506
EK202310154834,157.11507350266803
EK202310225399,139.52409638102492
EK202310200244,126.66812146227859
EK202310181369,155.03434066668382
EK202310238327,135.23525482485744
EK202310119929,134.42225620894777
EK202310199445,168.41414249888842
EK202310167881,139.38823860033935
EK202310134304,131.8251566452198
EK202310206774,158.85600960735906
EK202310217924,151.2981254537429
EK202310114025,126.02995353432777
EK202310153648,142.85653315779086
EK202310168223,159.3236463530056
EK202310217182,143.71684243881896
EK202310228108,151.68076402246328
EK202310106503,130.07903108298535
EK202310132704,149.97009178195546
EK202310146469,141.6671039203641
EK202310190547,148.7081828144142
EK202310131045,139.44446875723725
EK202310120149,138.64075251658102
EK202310188786,144.45806375987854
EK202310164309,155.25345527116838
EK202310141856,129.18940711390596
EK202310174571,163.4781755586777
EK202310191248,145.26635425276987
EK202310228497,127.15692172938533
EK202310248650,150.1241710647485
EK202310003518,132.95781771447
EK202310184477,133.73440790646418
EK202310177306,141.59880502234904
EK202310124268,126.17560632825466
EK202310207962,157.89305617141426
EK202310187364,137.76596061323073
EK202310188630,172.2713180502132
EK202310183825,173.57191669259558
EK202310228647,136.12191477410042
EK202310242814,131.42014167471012
EK202310190403,142.94368479276775
EK202310152077,144.6848211539485
EK202310127706,135.05216209048493
EK202310142346,144.3785064293267
EK202310140834,149.86489064207134
EK202310124143,132.4550846904496
EK202310158418,172.32427767105986
EK202310104315,143.22057493019148
EK202310186057,125.23266685735754
EK202310175318,145.71034172662084
EK202310170196,130.30262748239662
EK202310222979,156.30112167075072
EK202310179579,133.21085091516852
EK202310131268,137.3456152019288
EK202310232636,134.24097881345
EK202310240941,139.55648920742306
EK202310162473,130.69757447226758
EK202310214960,133.40949106958757
EK202310158148,141.1746000940936
EK202310240646,163.29863104938568
EK202310190660,148.7176969632394
EK202310137900,135.84795246492496
EK202310105369,135.71903872457474
EK202310182640,127.67867027283589
EK202310222831,151.8832886324231
EK202310158111,155.72177725124385
EK202310137268,137.62670556624133
EK202310172836,148.90987147728734
EK202310130602,128.08906487627596
EK202310116478,126.81961279414571
EK202310176354,141.79568953686297
EK202310136605,131.94954581638493
EK202310120400,148.31040118244596
EK202310138807,145.77161605377967
EK202310158128,149.49623831190846
EK202320007743,144.405056638074
EK202310240290,148.9468409141356
EK202310176995,161.70919383309294
EK202310178489,141.89617901334537
EK202310125320,136.75860570173947
EK202310158248,142.26463714307857
EK202310115199,142.32179798975267
EK202310214342,135.21113227045907
EK202310164698,131.1097740695228
EK202310181281,156.2406990628188
EK202310105605,141.24082297173658
EK202310117153,136.6761040321506
EK202310169108,169.15192729912687
EK202310135565,131.4513661523551
EK202310176476,130.68208251464267
EK202310245673,138.58244501877317
EK202310200545,143.38943245088197
EK202310147448,151.7614389566538
EK202310195084,135.6738329504408
EK202310228420,138.39358889581445
EK202310136789,118.15729098856244
EK202310141614,145.47974033198932
EK202310151545,176.09236122968815
EK202310183497,149.69485773044923
EK202320005693,158.6905830136557
EK202310160617,170.27453373689858
EK202310207236,128.65648469654863
EK202310123254,130.49429188657828
EK202310131721,131.41424592600487
EK202310129551,137.63351188699025
EK202310125982,134.60013882437994
EK202310129231,133.3773315387656
EK202310237005,127.36986707092922
EK202310138431,158.95565230330374
EK202310107167,134.7975633847592
EK202310180405,129.30001679762574
EK202310185138,136.56202645402075
EK202310207362,141.84976014601443
EK202310188914,145.33044182545672
EK202310157622,139.3636327190541
EK202310209933,135.19543217337096
EK202310191168,149.2071959976492
EK202310168227,126.79632572549305
EK202310211342,140.73175195884355
EK202310166980,139.54065044468018
EK202310206475,144.6071819116048
EK202310186567,140.65190852859652
EK202310227651,137.85813408603573
EK202310157161,156.30405612536381
EK202310171211,151.0958901410063
EK202310132575,125.48570047097353
EK202310135453,137.38776190659794
EK202310219005,148.1741896890269
EK202310186299,144.52071601806017
EK202310122783,150.77104258769256
EK202310112879,135.84848371364916
EK202310236548,133.12744955551702
EK202310156862,167.24413547612923
EK202310158283,150.7719082632231
EK202310220175,138.75195886956084
EK202310205692,132.47944890130705
EK202310104703,136.69567250505335
EK202310201863,124.94214408620451
EK202310175191,136.2771571188629
EK202310143809,133.11081670787775
EK202310228164,143.39688914278005
EK202310227395,139.20457549446627
EK202310170797,143.83493399807006
EK202310147520,170.54199891561862
EK202310241613,138.18402822004813
EK202310135976,141.21123385539062
EK202310248616,128.11360779632838
EK202310246754,130.47908105502054
EK202310197862,139.05119480858687
EK202310177128,144.23298027718238
EK202310232113,133.0451653023361
EK202310141746,154.29345274522134
EK202310168387,148.89528563273586
EK202310245345,149.67792312817804
EK202310209506,129.00816650676265
EK202310180792,165.76548221110497
EK202310230504,144.9791246026316
EK202310207171,162.45467646210898
EK202310123678,133.28049169920783
EK202310116185,140.71702010480612
EK202310237515,138.13350398779184
EK202310168029,154.9158805949341
EK202310226787,148.9580264527793
EK202310171773,133.83856725589317
EK202310213797,141.07575261457788
EK202310210449,136.30375031436301
EK202310200138,145.66643629382264
EK202310124561,143.38398766860024
EK202310104095,145.66452146019455
EK202310173838,132.64870024146205
EK202310188790,143.4315445772052
EK202320006026,145.6263389601065
EK202310175964,144.14594359556781
EK202310246749,133.22747042471065
EK202310211166,132.07291321574704
EK202310130296,164.31741406975573
EK202310133656,141.73920302243775
EK202310162528,162.28302639072743
EK202310232172,126.44595571965506
EK202310126678,138.26365895549344
EK202310175006,131.29725094300932
EK202310195947,134.6082856450267
EK202310175965,151.65082193367127
EK202310194000,142.51247565517053
EK202310109642,134.4141461294447
EK202310234602,138.49492430135015
EK202310216505,156.72806292080438
EK202310182057,162.4062408359589
EK202310205348,159.37940576536369
EK202310231919,135.85249445122392
EK202310143248,131.4391001251454
EK202310170516,142.43408331801024
EK202310228644,131.8415992078985
EK202310162365,146.9376810542272
EK202310221959,138.58482694434596
EK202310135830,130.36650309750206
EK202310132773,127.85549613606526
EK202310116452,146.08264311304467
EK202310125827,134.94584474298662
EK202310153615,141.1032917471827
EK202310104234,139.2683675371265
EK202310171291,133.83998068241698
EK202310143530,144.36271776823796
EK202310199377,133.2511652958225
EK202310148675,136.91269817751714
EK202310136051,140.14879774684954
EK202310108210,138.2317108952927
EK202310199466,137.315284924886
EK202310227747,156.47212972221877
EK202310247834,138.0274737748556
EK202310241529,138.31408056340734
EK202310112144,144.23655613901872
EK202310182993,151.6800060273892
EK202310189245,148.1431628567844
EK202310160406,151.68366385722194
EK202310200045,131.99553343315083
EK202310220419,147.33474740018494
EK202310139976,133.62577234207623
EK202310004037,125.50685815602988
EK202310151229,148.12517788218463
EK202310124255,123.40829390263686
EK202310112236,152.4137972436102
EK202310169836,128.14485839652315
EK202310206379,161.3033036350077
EK202310237044,130.6564586961993
EK202310156899,177.17235765973132
EK202310135286,136.02107504214484
EK202310233848,135.41106991173092
EK202310243867,138.0806220363546
EK202310193719,156.43274661804276
EK202310115856,127.03945680947531
EK202310152769,128.653863035573
EK202310208931,138.5988159481
EK202310166273,144.66502732707855
EK202310174146,168.59369168580474
EK202310216893,144.90249476804564
EK202310200816,160.50247721865918
EK202310117687,147.65820538471667
EK202310109308,125.46316965804267
EK202310130253,169.0965171827374
EK202310129353,157.69847501483812
EK202310232695,140.7011561240408
EK202310168934,136.7403434112986
EK202320006147,166.71285426827905
EK202310131865,171.03451359346684
EK202310154389,169.64708020133912
EK202310144452,133.37043539508582
EK202310109772,131.55360473907243
EK202310142187,163.33987838730076
EK202310220392,137.82573985198567
EK202310185327,134.88740033101325
EK202310147396,148.31916789685695
EK202310207907,120.18567493215755
EK202310137274,131.74222622683413
EK202310192264,144.19499255343482
EK202310217353,132.47323745142825
EK202310169024,143.65432104300157
EK202310168820,128.0950694910703
EK202310156728,134.32245182444342
EK202310172897,144.30977197295726
EK202310141606,140.35532782475536
EK202310209150,159.9883518699518
EK202310242727,139.88837898581107
EK202310172918,127.72910591309386
EK202310238608,141.19356953771015
EK202310118817,131.20797051275284
EK202310209232,136.86577003958448
EK202310246528,143.18109615112294
EK202310225110,162.48760101025516
EK202310196139,155.11589870369193
EK202310183805,134.9711282748978
EK202310109611,137.33301039674097
EK202310165156,136.5853475368995
EK202310169977,162.58696818075816
EK202320005840,172.98889865725766
EK202310164548,170.5488333373848
EK202310200636,156.2652580237743
EK202310175371,156.5412074481149
EK202310149850,157.36848364521293
EK202310192563,143.92368648635397
EK202310150786,143.39692155291644
EK202310232852,133.1965324669693
EK202310129104,153.38035491230633
EK202310222400,136.98331319885642
EK202310238847,138.12783054539895
EK202310215409,134.56237486752786
EK202310132626,143.79518531703732
EK202310209457,133.86702576230718
EK202310191648,158.63213491245128
EK202310211924,135.98357354409052
EK202310123972,165.64122541512768
EK202320006941,161.4695039001468
EK202310172894,138.33755373664422
EK202310201352,146.9855743271699
EK202310246908,131.7338823098814
EK202310159957,136.98724466803597
EK202310208067,148.7399246695851
EK202310132399,149.56177288447898
EK202310154363,136.6738768860685
EK202310190672,131.10875932828824
EK202310191938,144.07478785873613
EK202310190279,171.60812496980915
EK202310205127,156.0041198861639
EK202310202799,128.06543307776533
EK202310169811,179.7185010034801
EK202310131611,149.71403734245902
EK202310124021,141.43540401885173
EK202310105652,134.7626643644143
EK202310133772,130.45359965228437
EK202310222132,140.41296262837426
EK202310187623,145.12703345544813
EK202310138088,129.80943111848032
EK202310203335,138.33161942409737
EK202310139562,160.37678653464272
EK202310239042,145.75447873935832
EK202310231151,133.73813744701692
EK202310142022,155.0020928579493
EK202310227265,133.77365542613137
EK202310122491,153.0429273435748
EK202310246498,136.3663246840901
EK202310237745,150.9660758613285
EK202310230083,144.3900227930293
EK202310239818,137.99110422906438
EK202310109374,133.65027636506088
EK202310188938,153.2120319959961
EK202310239985,137.70176894460823
EK202310190536,139.88880134831462
EK202310108454,139.13666146402863
EK202310185187,140.36367100605636
EK202310214929,152.78752356674053
EK202310163742,158.8124707406621
EK202310133341,131.41324779639112
EK202310123932,132.35759642654102
EK202310224048,142.8494596676646
EK202310194734,131.19800938916282
EK202310233579,130.98682893307196
EK202310111120,141.26261606863355
EK202310202005,125.51984729792284
EK202310170430,142.82443637595247
EK202310215966,139.66704557642788
EK202310142957,160.13147636995697
EK202310238877,135.81728292163953
EK202310197380,168.8652312953975
EK202310242798,137.2342840680525
EK202310118054,145.7232271494429
EK202310171995,135.09680968910416
EK202310156378,135.20533794842555
EK202310209380,135.0775720687841
EK202320005988,155.79385074099122
EK202310132771,145.5855953455245
EK202310196985,187.48230339532958
EK202310209813,143.97274852951492
EK202310156025,156.5368932916933
EK202310119261,143.04387062181306
EK202310200800,145.01926106037237
EK202310113114,134.142200082408
EK202310176337,167.1736910923857
EK202310116221,141.90606524487836
EK202310185787,156.24703725314222
EK202310161101,169.7136219736801
EK202310109179,129.92367354026646
EK202310211864,135.34829633861733
EK202310233086,141.88698380074223
EK202310203086,138.7191603157727
EK202310209153,133.4879038879159
EK202320006944,147.1248681832236
EK202310124624,150.73363848693242
EK202310160066,176.71463180841153
EK202310212610,156.76385963152543
EK202310176922,146.21874519867234
EK202310221476,166.59014227360728
EK202310178896,141.91210790510527
EK202310242101,136.3108275841828
EK202310208004,137.95664339324603
EK202310217499,134.5617054365575
EK202310133817,129.30515194617533
EK202310169528,133.07742369171532
EK202310239561,163.24934220104618
EK202310158179,134.9716550561979
EK202310145688,137.83860049238137
EK202310242791,137.51766574071243
EK202310152257,147.60571003526834
EK202310137070,142.52029871913507
EK202310146130,135.35413550808468
EK202310204201,166.86354572616312
EK202310155505,133.07614360269045
EK202310154019,148.2894603986904
EK202310233453,159.78454097213182
EK202310217804,137.97519298852617
EK202310172949,146.4844756830147
EK202310188635,148.2572263046311
EK202310117443,134.3092373023061
EK202310160841,135.34976372818483
EK202310125406,140.96663487774944
EK202310182154,144.09554162576782
EK202310118807,139.88270907171778
EK202310159569,168.35815030253693
EK202310185202,169.25708414054228
EK202310240184,131.45467313597305
EK202310180957,169.48949870096322
EK202310208211,150.3090938053779
EK202310152382,146.1055445827899
EK202310174048,134.7377913072051
EK202310150319,153.51929666797707
EK202310152702,149.66082426633417
EK202310170820,136.0516786811316
EK202320007378,145.34184485300872
EK202310131773,148.6658089744513
EK202310185301,155.67167657647613
EK202310175383,145.7041297625884
EK202310170884,131.83037327485917
EK202310178300,152.1471935934698
EK202310246617,142.9044073629678
EK202310238047,134.98142030991167
EK202310208163,158.9442962680419
EK202310124260,132.5870557854764
EK202310128456,151.28417454839183
EK202310212256,131.78981574175995
EK202310234312,131.73648727841785
EK202310104195,135.129632582609
EK202310148897,176.66859163380943
EK202310158080,147.1632358779666
EK202310219877,134.55585294981722
EK202310165158,134.18192148420385
EK202310109254,146.8508031815548
EK202310185727,141.1598344549943
EK202310143277,157.0313445236252
EK202310194994,171.3642661729338
EK202310243012,155.17323393597448
EK202310134903,135.32436422089066
EK202310231333,137.33063391324572
EK202310156732,163.51765705380575
EK202310216366,150.26016763415876
EK202310220643,141.95149923644036
EK202310165968,128.53756237562627
EK202310246411,130.36330458908748
EK202310155750,145.90577308928394
EK202310190049,179.15996625721831
EK202310004189,150.26756044233872
EK202310184691,173.809606043659
EK202310111760,144.0310298208989
EK202310176428,135.51409665443518
EK202310152951,151.98481977482615
EK202310104263,138.9586625415811
EK202310103997,144.6010537522974
EK202310229279,137.81944132038018
EK202310157826,141.87014632196056
EK202310142511,132.49821702456182
EK202310232992,133.87667309926596
EK202320007132,165.37935413177559
EK202310180745,132.08752387902805
EK202310225853,143.85279321886523
EK202310198235,138.15746815594287
EK202310196329,143.5145828678968
EK202310223113,138.61132885717097
EK202310166045,166.4396440257488
EK202310174983,134.4224167208345
EK202310197554,178.49351025706457
EK202310215823,140.70495575349852
EK202310122372,147.0891707477025
EK202310157463,136.32248257591775
EK202310175294,148.30337569344576
EK202310004183,130.43351791808593
EK202310111002,135.7586541706571
EK202310132507,155.91022694404592
EK202310226239,134.1884977094001
EK202310160993,126.42966992529125
EK202310177494,142.0683126385752
EK202310247179,156.9292270132467
EK202310159413,167.8979119413023
EK202310205675,128.62834745346296
EK202310204805,139.19522384291423
EK202310104970,133.61469095552349
EK202310143326,141.587737774206
EK202310104508,139.50784252700183
EK202310109138,129.8364207529423
EK202310155067,130.63138063360563
EK202310180368,162.1055676149787
EK202310174283,165.83064430490833
EK202310164563,145.0880756658606
EK202310248605,144.57191918005475
EK202310144814,144.6177392632565
EK202310151103,141.41102111597388
EK202310137749,128.12748897048667
EK202310244871,145.3360356530517
EK202310231958,139.69270016824254
EK202320006420,165.02166813948313
EK202310180132,121.43540318647102
EK202310208818,134.13031958427155
EK202310242680,140.21715828091
EK202310124810,175.61129627310513
EK202310179535,149.12174911304368
EK202310180039,128.41744386806764
EK202310142068,161.7736431576109
EK202310241810,140.59580076595978
EK202310142213,156.12476883443549
EK202310205835,132.20020183195314
EK202310176395,132.87108818762724
EK202310108817,155.68975959055433
EK202310144432,127.974741906819
EK202310164208,138.82240684786902
EK202310125282,139.25318226276895
EK202310110364,136.3063342003701
EK202310147767,141.36333935268098
EK202310175310,149.40846797219683
EK202310169612,121.76818115740986
EK202310177089,134.768749101135
EK202310164613,138.56183560413226
EK202310214491,158.03357897644304
EK202310159145,178.9625839193612
EK202310148143,157.77932675635444
EK202310130196,167.71154418639293
EK202310140526,130.822150545644
EK202310220135,144.46664372563163
EK202310116422,127.85687455973944
EK202310121781,128.79636846943498
EK202310108897,147.680377821752
EK202310110908,155.33264069323644
EK202310219796,134.79810800466697
EK202310109152,155.69430003015066
EK202310217807,133.84120205681316
EK202310115494,133.90225746382225
EK202310221948,133.52444153391795
EK202320006012,151.26376471700684
EK202310119926,135.7859251303695
EK202310212680,130.03466302437715
EK202310004522,152.05455417662296
EK202310200665,163.48295223363976
EK202310159142,134.28558367830308
EK202310217394,148.3352478120764
EK202310247390,167.3053273724625
EK202310153429,129.73024049334012
EK202310133009,154.41798046583364
EK202310183153,161.9461608376079
EK202310223238,136.8811074974303
EK202310189167,165.46874193540006
EK202310167404,152.03843345023213
EK202310123436,143.20623624314806
EK202310201161,158.4547848718962
EK202310202874,130.83718591110562
EK202310205144,152.91961117105245
EK202310211825,128.06097101546803
EK202310119888,131.83801646571897
EK202310187594,150.58571936652314
EK202310127146,158.2491110054305
EK202310115361,143.40033261912743
EK202310122062,137.82817529219804
EK202310161120,169.58668218730892
EK202310119640,159.03512321486016
EK202310196025,171.33225012551028
EK202310239045,136.23097674337095
EK202310197374,174.13356454087767
EK202310201644,139.15156195446363
EK202310239463,125.5833450395457
EK202310234006,143.68704520964923
EK202310209744,146.29668539487818
EK202310138496,158.71076881859167
EK202310159749,172.78463159681252
EK202310199933,135.37117103816442
EK202310121772,151.49612136746126
EK202310150984,136.6333516926846
EK202310245852,124.19348994297009
EK202310129919,155.39815556544383
EK202310203657,158.9192950427477
EK202320007279,163.4060594390224
EK202310213923,133.88215035763105
EK202310004091,130.82762524942478
EK202310142372,163.31026457398235
EK202320007651,139.9528979550322
EK202310188243,155.00602694999165
EK202310162087,155.77326022544753
EK202310124791,143.7063923326551
EK202310111667,139.84152695630166
EK202310105642,134.31926240587146
EK202310196224,159.12085932871645
EK202310159474,127.01088341359066
EK202310137962,128.39257314688263
EK202310194276,142.9516132047642
EK202310155765,147.4421348123357
EK202310222240,126.23739525802876
EK202310175830,147.6332246906113
EK202310115286,140.6185119368965
EK202310179252,136.00449266950073
EK202310216929,162.6783771156561
EK202310158567,125.82358997334026
EK202310124273,133.95640978791732
EK202310162224,156.61859698851856
EK202310165570,177.16082867890617
EK202310151292,142.44716290235854
EK202310123293,134.57842738366736
EK202310151984,130.51107660319593
EK202310133891,149.68509208340078
EK202310108554,134.47076500208496
EK202310108056,146.1654947442356
EK202310208276,146.45745134827638
EK202310106720,133.20981559809204
EK202310164462,145.6738976854664
EK202310153370,159.5472385280328
EK202310156354,152.52379533307064
EK202310120895,149.70372507882354
EK202310204021,137.49277417017188
EK202310144453,164.63495641774858
EK202310187876,160.17845436119146
EK202310234386,134.1805897167223
EK202310223302,135.37549552176307
EK202310198885,132.90662610577155
EK202310133774,152.12611177840444
EK202310216355,142.9699855915146
EK202310170923,139.48533207855846
EK202310190308,161.48914677538926
EK202310116974,143.26734687592554
EK202310147600,153.27944391439823
EK202310134725,158.45656351474918
EK202310205939,126.82699069902107
EK202310166068,138.66529645752001
EK202310228965,138.37880792410235
EK202310106007,130.04826595137763
EK202310192113,165.72689930510612
EK202310168030,153.50573201017224
EK202310119751,146.15076954590344
EK202310196784,148.29640182212384
EK202310147073,157.9660897298239
EK202310215585,153.55856810594406
EK202310176737,132.73249803596315
EK202310191426,145.96332761339664
EK202310234686,135.74232701462842
EK202310173981,132.27362870461621
EK202310238285,141.38623199546882
EK202310004398,136.42444484316286
EK202310227760,146.30301746234684
EK202310228813,135.7553416449376
EK202310108999,152.63947737696682
EK202310170661,153.35856423797452
EK202310107069,128.64245920449122
EK202310107605,140.42369474027151
EK202310149427,161.1740307740596
EK202310235767,130.4408916495791
EK202310146513,148.80793895723195
EK202310134095,133.89214147517643
EK202310212824,150.82597852876216
EK202310187784,172.92783790160993
EK202310220588,140.42153229094214
EK202310171664,135.18090384675912
EK202310213580,134.55048680092
EK202310117169,132.24628316649842
EK202310225689,129.31915130490276
EK202310228834,136.8797478103074
EK202310199085,145.5085198822712
EK202310115337,139.2496084332941
EK202310222451,140.45680797792448
EK202310120450,145.74494308057342
EK202310196902,164.04506466378203
EK202310213448,139.24472534040973
EK202310194551,157.76161226775338
EK202310210607,144.67326527508214
EK202310240625,131.43058991752838
EK202310232826,148.31157366165786
EK202310115580,142.5148916059683
EK202310230496,127.24755155587818
EK202310153896,159.89051038873333
EK202310167421,149.24281473113206
EK202310185386,152.3839816499091
EK202310226162,149.07741517760107
EK202320006296,147.63580475963275
EK202310122211,136.52836917262056
EK202310120410,129.82816752522788
EK202310135887,132.91467399857936
EK202310123262,143.75785569704055
EK202310116308,131.10625662649818
EK202310141964,139.0176559384032
EK202310114738,138.26649294185643
EK202320007799,139.50533220123958
EK202310135945,154.83584132809494
EK202310152049,137.7617163632897
EK202310159468,132.9369309002768
EK202310137922,127.7879228226094
EK202310137799,141.77352905091848
EK202310185003,157.04584874930563
EK202310183141,128.73545788070146
EK202310179706,136.43129537104406
EK202310226300,132.593792394714
EK202310209408,150.67576295412303
EK202310224094,137.75559352472703
EK202310155840,132.23824057899034
EK202310153392,149.07633066919453
EK202310119916,140.02609379624622
EK202310189485,129.718965479475
EK202310153973,151.3977349659915
EK202310143859,151.59363745934624
EK202310209322,160.21439319245113
EK202310219928,138.55555186238348
EK202310177843,153.8520541977523
EK202310235521,160.97544255523144
EK202310227218,129.53447200397844
EK202310120634,133.9661340839714
EK202310237236,126.1219752194225
EK202310174275,157.70714428027944
EK202310207517,142.6188127028687
EK202310197066,134.93980546377165
EK202310235418,132.13165712438408
EK202310229043,136.74728974301118
EK202310232518,134.57267522191907
EK202310127726,132.48596832077092
EK202310216259,162.39858493919775
EK202310132033,129.93314835790184
EK202310204271,156.74026308768467
EK202310194461,164.953977579895
EK202310202541,166.8594200673347
EK202310201397,148.65577550896663
EK202310169275,138.5171163046877
EK202310115278,136.46270312730496
EK202310157300,161.52578377934626
EK202310111329,141.5673182821202
EK202310132731,159.31422885017764
EK202310107770,145.23323824134405
EK202310131063,162.8781410357645
EK202310212722,133.56330195191674
EK202310172610,144.6970097639288
EK202310243791,130.6606880232069
EK202310219499,131.48548154472212
EK202310131588,150.33530601752278
EK202310217120,138.9404090186003
EK202310172169,153.81540613526633
EK202310133205,131.05409289499886
EK202310190824,165.5541964760892
EK202310119229,139.5685671277222
EK202310172059,155.7586432394756
EK202320006521,147.9558653962399
EK202310221989,152.77863661111564
EK202310178785,167.59451978325822
EK202310183830,130.33988293942912
EK202310168297,156.55484342179517
EK202310127675,121.67161955127314
EK202310172854,135.40313617500613
EK202310176515,153.7545819637539
EK202310154731,148.0246423565136
EK202310213784,154.76480957401256
EK202310150574,155.0173333340429
EK202310130454,142.77928235949457
EK202310131489,147.86052376887235
EK202310174498,160.24536807087665
EK202310103853,133.8428938328207
EK202320007395,168.47918860890738
EK202310182375,150.69543095635206
EK202310146376,153.64402344592202
EK202310236179,126.21812299734233
EK202310149241,138.0697266995926
EK202310135136,132.93990397390542
EK202310140867,156.0303167506099
EK202310223502,139.55875553716268
EK202310243943,139.39091739343144
EK202310174164,150.12828370148185
EK202310158044,146.29952329136336
EK202310148103,136.32655258897006
EK202310156336,154.17847268332403
EK202310190263,182.18467914330898
EK202310176162,156.26147110646033
EK202310129272,157.68087590711514
EK202310199173,138.83606299371252
EK202310150794,152.59909539665935
EK202310207717,149.47810379807893
EK202310109712,137.37778363233684
EK202310142567,145.49669272572024
EK202310117141,143.89751959790482
EK202310204093,131.51389164593633
EK202310241706,144.5206245706749
EK202310183611,172.50725745849718
EK202310233211,148.45264789501346
EK202320005748,154.06732168034878
EK202310124159,138.3334602757104
EK202310138315,133.5807966767617
EK202310193796,191.38635313526555
EK202310218166,168.16501865847266
EK202310229779,151.71965154325406
EK202310131658,142.29703250492307
EK202310229978,124.75723813064688
EK202310171658,132.82951642384464
EK202310121521,126.07934743085356
EK202310190841,151.9468416853869
EK202310104228,134.61120316411635
EK202310113040,141.5995076778749
EK202310131735,147.51222132073323
EK202310170151,156.67425283834234
EK202310124366,123.43262714844809
EK202310149451,143.32843052904607
EK202310206552,128.1672136460397
EK202310129905,141.16173251839666
EK202310227850,136.23342377843036
EK202310235398,138.19238679309134
EK202310218108,124.10849415061834
EK202310157681,123.04437006573296
EK202310214538,137.80556785697814
EK202310201752,148.49807462117985
EK202310105353,142.88894241672472
EK202310106768,128.11066292977628
EK202310200116,170.41757432085274
EK202310127715,128.174687455593
EK202310105124,145.69505125982337
EK202310198102,136.2841846450981
EK202310106141,137.34671749421972
EK202310165059,138.50647282918757
EK202310163969,158.18117438043328
EK202310163911,159.3062832157425
EK202310160055,157.88152705066122
EK202310126497,133.4925015390702
EK202310189545,171.57951254162361
EK202310187535,144.51520763424475
EK202310224997,132.78058351935317
EK202310147587,128.17451135612708
EK202310130969,144.5827967096435
EK202310157178,155.6911194666917
EK202310150244,136.05202286743292
EK202310114255,153.07842382536373
EK202310214855,144.77000139497324
EK202310158832,157.77614954754657
EK202310143631,142.62052651032678
EK202310206903,154.9175547996053
EK202310213965,155.75690125835706
EK202310140974,151.26857335903983
EK202310243752,144.7516516887148
EK202310230647,147.47647552881668
EK202310110490,132.3386933112326
EK202310168466,135.3426784061844
EK202310138755,163.01084401955413
EK202310169502,128.0954416411211
EK202310203430,186.47150890452298
EK202310163679,139.6428934849436
EK202310157628,131.16976741967514
EK202310224841,131.56171276258482
EK202310153096,170.3085578091212
EK202310116043,129.52890942031553
EK202310201955,130.29607454385646
EK202310240755,136.89996042428893
EK202310215391,163.57477872517927
EK202310120508,128.32506801932516
EK202310166816,141.43136477672283
EK202310197615,188.13181215185733
EK202310149113,146.76868191584327
EK202310187571,134.23161302784226
EK202310234394,129.37649257349432
EK202310204787,144.29057927133323
EK202310170562,163.968114768027
EK202310158575,159.04992360018943
EK202310200164,142.02445608790038
EK202310167493,132.4536594821432
EK202310181034,146.14855124063408
EK202310167070,130.29972410617032
EK202310221166,129.42655632875872
EK202310157175,132.18433000166635
EK202310148464,138.8065511813141
EK202310143208,136.14306894007328
EK202310139027,126.46822095259282
EK202310224872,129.89808201264665
EK202310173761,139.54828064651815
EK202310234649,135.16113673261611
EK202310134946,163.32398459947854
EK202310132145,143.14459996045446
EK202310124351,130.76503470342521
EK202310240711,136.77268541226218
EK202310228181,135.37494287109328
EK202310152792,134.76825173182596
EK202310218480,169.25287965043884
EK202310233680,169.97315038671226
EK202310226082,149.03812603154194
EK202310166293,161.78418237282946
EK202310178413,171.61865048952916
EK202310192848,150.65047601557222
EK202310169316,137.18152007888753
EK202320006913,150.4848344531439
EK202310108324,127.90966152115696
EK202310209693,140.90702966266207
EK202310108004,149.69413969976497
EK202310198846,156.3284287760245
EK202310219677,139.22793378207396
EK202310164857,137.69139329714062
EK202310147656,152.29425275774818
EK202310145013,136.81269338453458
EK202310147368,157.58689716821272
EK202310170036,133.71526419103404
EK202310120376,127.4096772748793
EK202310150683,133.56088673215658
EK202310240238,159.40520158087347
EK202310217185,176.11033398099994
EK202310164586,161.46703513385836
EK202310198428,142.14119417626392
EK202310233407,136.90963463988388
EK202310163412,133.97346750832236
EK202310151118,150.9261814811622
EK202310206940,171.28203984981707
EK202310229350,130.56298422561954
EK202310118968,132.20280705207645
EK202320006106,160.90316853497114
EK202310201360,135.44117560320632
EK202310214617,151.4158788959952
EK202310230798,130.6176768417079
EK202310131993,129.9157481447243
EK202310165856,165.46000774076003
EK202310208421,127.91280971693786
EK202310140732,140.15743871689926
EK202310134224,145.8239771672041
EK202310108759,139.6618159575628
EK202310115586,138.8714578945411
EK202310166328,132.7625619037059
EK202310104171,150.69716790296883
EK202310218466,130.77077449113824
EK202310186769,142.08188475465622
EK202310231774,138.25690474599497
EK202310130856,126.85774204913153
EK202310199243,159.55084180907636
EK202310178583,145.68966692554523
EK202310231077,134.93006929355332
EK202310232984,138.3011359733738
EK202310204584,133.29898454425344
EK202310210808,139.96482477242267
EK202310243853,131.9164494744182
EK202310114871,131.6438668868051
EK202310220680,146.28290432392978
EK202310225716,138.37673670316795
EK202310171582,148.65075202107215
EK202310153093,144.07251959940774
EK202310170911,143.37760227167084
EK202310165452,172.23510547608836
EK202310235729,137.60726365568354
EK202310175158,134.6029159882786
EK202310161650,167.11132611481008
EK202310179057,141.26974571306806
EK202310173343,159.18224142272632
EK202310188221,147.05127966263703
EK202310207572,149.80277418473574
EK202310126999,140.28963223231554
EK202310121103,138.8205822905663
EK202310186391,144.71249517243342
EK202310210239,132.42730323698945
EK202310195085,140.59320481487876
EK202310160300,125.15791754780881
EK202310199891,142.69797244034655
EK202310163707,139.86096667754785
EK202310196523,151.16693157224498
EK202310234859,134.22338952396134
EK202310231803,134.65686956400933
EK202310136798,126.22211488293667
EK202310244538,141.22189028713154
EK202310004017,137.15343886071994
EK202320006492,156.9697378191974
EK202310185950,142.47044598742994
EK202310130639,131.66360830414115
EK202320005689,136.19851748806477
EK202320006687,170.7216083667882
EK202310167248,131.16287287692694
EK202310134731,129.78792775771927
EK202310179818,129.21023002441612
EK202310147913,132.50900818316703
EK202310153980,141.78860760538166
EK202310117979,133.64434165465278
EK202310149501,147.96183454430127
EK202310236960,139.52610091317808
EK202310181994,139.73801050727286
EK202310170364,132.50456830992746
EK202310173530,152.82210029026305
EK202310111439,129.20454757915476
EK202310222093,131.57259538987302
EK202310144055,135.51792626709172
EK202310214164,129.85246981571225
EK202310177168,163.22612223681773
EK202310233756,139.81182154867204
EK202310154451,149.01288598950495
EK202310193603,138.1466115461664
EK202310210012,126.78287070206208
EK202310109490,135.0704291436021
EK202310161365,159.64852446175527
EK202310153596,138.91685522687058
EK202310171021,162.82177476655843
EK202310135046,165.0263771167722
EK202310105468,120.90360507856742
EK202310180678,165.3793125037982
EK202310123763,135.28835088414846
EK202310137466,149.1544949775288
EK202310138581,174.05151501097663
EK202310221347,135.13370974365264
EK202310175567,135.37443488156822
EK202310136752,139.15797027817817
EK202310129734,152.9257130357562
EK202310120365,137.77373380276677
EK202310127797,139.36751391647672
EK202310183416,141.70962792141466
EK202310239153,152.95322135351887
EK202310222246,137.31996187371092
EK202310144082,139.81373763011646
EK202310226435,138.96111048070017
EK202310110236,152.30277458810534
EK202310172009,144.90030964569434
EK202310152432,162.86383804918046
EK202310219667,147.29253948487553
EK202310202548,177.93964074809531
EK202310179444,133.00741338952278
EK202310110933,141.32498338070226
EK202310112714,146.13144955831757
EK202310129776,151.63490003113208
EK202310184025,160.63332721652245
EK202310199495,147.23868591773194
EK202310120853,152.0729756512522
EK202310110965,136.88933038856803
EK202310125670,136.50615545414064
EK202310129995,166.77091398398224
EK202310228248,139.76529412570017
EK202310128534,129.99600092826137
EK202310183479,143.18155521569804
EK202310159882,155.04209975948626
EK202310224442,131.47807200455645
EK202310119875,157.96724922964356
EK202310165118,142.54537300214557
EK202310003461,134.3096413416659
EK202310127902,123.37243731079565
EK202310241227,155.3595237017207
EK202310177075,127.75491832854254
EK202310195321,146.6397404046869
EK202310109724,171.8433758345079
EK202310224884,131.47174178071407
EK202310246986,139.42206447636158
EK202310180027,145.9195775915421
EK202310143531,134.652920974674
EK202310180604,131.7715342241876
EK202310241988,162.6273577757418
EK202310109076,147.17363915879406
EK202310117902,148.30525844153794
EK202310215898,134.04796341309856
EK202310134539,130.8922457417717
EK202310239440,137.16673374100193
EK202310230665,139.21738431222514
EK202310172063,156.8741609567021
EK202310126450,131.11351399383585
EK202310229116,139.02815300872902
EK202310178898,152.7637429916731
EK202310111721,140.12550736390918
EK202310170101,180.8271184694532
EK202310158581,143.4452369674216
EK202310157015,162.7996216067272
EK202310229038,143.16078391110378
EK202310222680,136.46727433563134
EK202310111285,136.2005144364064
EK202310222575,154.10096158417582
EK202310156621,178.0928575551525
EK202310199481,139.27284936774672
EK202310204046,169.39019915075863
EK202310219609,137.36947951197652
EK202310222642,130.06945631598867
EK202310199140,141.6961398860957
EK202310200730,143.80963913578626
EK202310139007,131.3540325943624
EK202310126900,133.8194515326961
EK202310228039,139.6230076065341
EK202310177276,143.5565145751994
EK202310233570,131.85867497760597
EK202310237169,152.28536901959706
EK202310238023,152.03683960857086
EK202310127838,129.26377023996406
EK202310232618,138.53645561786936
EK202310114863,141.5441467226594
EK202310196485,136.5600544408586
EK202310128223,132.05825228056395
EK202310121663,140.44888712687492
EK202310111075,142.37604195460793
EK202310131404,132.64092456829056
EK202310104361,136.74782870935118
EK202310188771,137.7874258459591
EK202310166069,164.6222952901575
EK202310225476,131.13653345097975
EK202310118945,121.15797441862199
EK202310203625,134.2368195682105
EK202310245898,140.60930969095628
EK202310197749,127.05402337417539
EK202310185073,149.24955413354283
EK202310114565,136.8727891946588
EK202310151446,166.79572038455348
EK202310206021,136.0270449259667
EK202310179791,145.77198024777866
EK202310205394,132.92040315929071
EK202310166488,178.623799024342
EK202310106840,131.29780216266667
EK202310115082,137.08640308455324
EK202310173564,141.24927478875776
EK202310205877,159.7161653126994
EK202310152051,133.16171754923084
EK202310144703,138.4473061866323
EK202310130259,161.01255323054733
EK202310177228,148.15406398386207
EK202310218957,128.7684227883852
EK202310142498,164.95920210753354
EK202310119549,129.01317105965074
EK202310233725,128.47975134624934
EK202310233810,139.70858769787287
EK202310210342,144.61095126604135
EK202310142303,140.1985857215765
EK202310227362,135.57572689708485
EK202310212631,136.31430799388167
EK202310148066,146.05376883981768
EK202310115133,150.66761739484508
EK202310145502,133.23422381670883
EK202310151385,171.1374308260912
EK202310245859,133.3222422507196
EK202310222753,135.43387444557527
EK202310170556,158.51441841393068
EK202310186591,122.2781674278747
EK202310141795,154.95666496052922
EK202310129475,146.2090756857199
EK202310117335,133.01484641884144
EK202310219091,142.909918874712
EK202310224742,125.84391054265376
EK202310153827,160.56721941286744
EK202310159244,135.87122683089868
EK202310218618,133.8500609760861
EK202310229622,132.34062622789583
EK202310212905,130.15506623672587
EK202310190075,139.05561164844238
EK202310190265,181.00976947736424
EK202310168559,122.3205847833788
EK202310215223,139.2522370932505
EK202310231305,134.66251758650748
EK202310220211,129.8495298936316
EK202310183222,141.61958890525273
EK202310141182,133.201838219149
EK202310227695,133.2314874453739
EK202310233303,130.98559111362113
EK202310108658,137.70331701381798
EK202310157889,138.23888578690296
EK202310176473,137.83037246969394
EK202310235635,134.5038472896738
EK202310127390,144.52698663850418
EK202310137562,151.56389885172817
EK202310104205,138.39068091813223
EK202310174206,128.91125173597734
EK202310212816,144.52716459949852
EK202310147436,137.6974393565762
EK202310180611,147.51072682122603
EK202310210354,147.64385921114453
EK202310189663,131.59148501164475
EK202310119259,147.6026067382937
EK202310235125,136.4855123684391
EK202310246750,144.55918591869866
EK202310218896,144.089586983406
EK202310203786,129.30559710565367
EK202310180913,133.08033384691805
EK202310124372,138.02380350609735
EK202310165379,140.24087150793153
EK202310180954,165.31019290987794
EK202310145852,141.13028879084297
EK202310236766,137.49316946003913
EK202310134276,150.68829397685724
EK202310121348,146.3575734625953
EK202310141601,142.92179568427392
EK202310128602,132.24401077982455
EK202310110423,128.7774805240762
EK202310145558,140.36594115114895
EK202310155126,145.36151532602776
EK202310148031,158.40935767786695
EK202310174648,153.29407426403716
EK202310107125,153.20910573822846
EK202310206336,183.85473283601175
EK202310244639,136.4240679354557
EK202310225703,118.20409182339267
EK202310246590,158.2102894974407
EK202310162037,145.90883247456634
EK202310214389,152.54177760276113
EK202310186078,139.0224544184741
EK202310237892,142.217279509863
EK202310139019,142.4059736855051
EK202310144411,142.3682228680832
EK202310121887,140.48256751121093
EK202310182472,133.46715259225604
EK202310110577,130.34261279763646
EK202310217458,146.9643014401338
EK202310206751,156.9007812530547
EK202310135834,146.99418854633868
EK202310129936,137.07693113786328
EK202310193629,142.68844840306846
EK202310109058,135.65836404477167
EK202310229608,141.3843612919349
EK202310201686,144.71564095362496
EK202310206823,141.42783371098656
EK202310109660,129.74896818676973
EK202310202418,154.37615368386952
EK202310140335,128.28727078124723
EK202310198168,131.7111800556979
EK202310117989,142.00749245655842
EK202310110082,136.0572699494372
EK202310227199,138.94757184991872
EK202310219307,164.37339517606935
EK202310236825,133.87061377446113
EK202310114629,141.46343205374498
EK202310180370,165.1389264234687
EK202310145206,146.79570310761224
EK202310108111,139.00516813434857
EK202310226175,138.19001446926723
EK202310227223,166.92904094463964
EK202310199795,143.3357614185292
EK202310228694,128.88049584133793
EK202310217385,139.1489106558056
EK202310104812,130.73358556336808
EK202310216111,133.9059005562046
EK202310176703,156.39810053274613
EK202310240602,130.91086989355864
EK202310103728,136.31969170407825
EK202310220868,125.68227573129272
EK202310114579,139.67661375157581
EK202310165033,143.23881240926758
EK202310150030,145.04904499657252
EK202310201296,162.6564546136926
EK202310105195,144.83636375218322
EK202310213553,129.55634043297533
EK202310162788,154.45191327098775
EK202310216325,137.1125140912659
EK202310144613,148.9275743226009
EK202310226580,132.98455370144282
EK202310229109,133.20007994563858
EK202310124954,186.62772120726177
EK202310205954,139.32623286679387
EK202310179712,125.74871867753387
EK202310193847,146.13700161757643
EK202310175822,135.71010096794058
EK202310116359,128.39880585901543
EK202320006662,189.995633891673
EK202310111520,152.95649949674538
EK202310213288,135.55312685663154
EK202310191137,160.07636608122763
EK202310132404,140.53833579572583
EK202310201570,162.2725963726573
EK202310203322,133.75020503168474
EK202310143258,137.21793358365525
EK202310241669,144.43129874394077
EK202310190261,152.21319258552464
EK202310145096,130.97979916674063
EK202310231686,139.36989384547147
EK202310163789,143.76856083720654
EK202310196402,142.9138041345101
EK202310230132,143.87021936836084
EK202310155673,135.69396169573096
EK202310210437,134.77870088900485
EK202310107353,134.71786026341053
EK202310219475,134.25064523529073
EK202310232408,126.77043099742251
EK202310152774,112.30771530232904
EK202310200770,145.04616325480146
EK202310185372,145.5287808323902
EK202310119209,139.48983690588588
EK202310131238,140.08258087563618
EK202310162969,138.82816490828642
EK202310127182,135.98600378412743
EK202310245830,118.26894956551118
EK202310205893,145.93749417309596
EK202310104756,134.31404209237186
EK202310153892,141.97621525617086
EK202310244027,141.3784175591187
EK202310163145,139.25012806357623
EK202310165966,152.0256745497886
EK202310185338,165.32341460280287
EK202310004564,129.44326980173395
EK202310246545,123.26885162288316
EK202310243927,149.53156593928168
EK202310171098,144.9617130215864
EK202310226637,134.22155852495692
EK202310240501,135.8129454507366
EK202310213124,140.27415213899408
EK202310185369,138.65585592822234
EK202310184650,175.27062434834392
EK202310191710,134.41151032706713
EK202310186505,142.8826155264705
EK202310246315,144.34757269390676
EK202310128179,129.19981942914123
EK202310218717,141.20469699685623
EK202310140183,129.97729919335185
EK202310218416,127.82086470279691
EK202310104512,154.68881165643575
EK202310148024,152.0515342031803
EK202310211056,139.85269738373478
EK202310212788,138.4106611826865
EK202310151708,154.26314612945984
EK202310192193,149.33151966498778
EK202310147119,160.9342926520699
EK202310134171,162.64721109876947
EK202310120405,151.53783447947603
EK202310197432,125.94798838588869
EK202310116473,134.66460408828263
EK202310148941,142.47456971409855
EK202310225424,150.47462579039401
EK202310160249,168.99726732853688
EK202310177564,134.7193293558984
EK202310147712,135.49554225350303
EK202310130033,134.34182012105862
EK202310161738,141.4458598630214
EK202310225844,125.44845473889674
EK202310200581,164.52002155075493
EK202310155845,138.6377031170903
EK202310121666,128.86877074454554
EK202310124396,137.5001818050034
EK202310234458,131.23101892315876
EK202310122157,134.98283933403152
EK202310122028,160.71960564422636
EK202310178168,146.5772555850588
EK202320006120,150.08815679294528
EK202310104089,140.59668098419985
EK202310130047,129.4462832518592
EK202310233902,133.39773139381484
EK202310145593,140.89147124612907
EK202310145435,134.63867081304699
EK202310121638,141.2097747381342
EK202310175711,137.55764743856847
EK202310178650,138.49957847991251
EK202310209932,126.09300283724286
EK202310150842,141.2670819004914
EK202310176075,123.09512361487039
EK202310225913,162.5427259886414
EK202310223616,134.71025571798813
EK202310177498,137.2506537752738
EK202310210293,134.87206201998865
EK202310243077,132.51402645266893
EK202310120981,136.91119790624344
EK202310161599,143.29944468460806
EK202310199852,147.54325077802787
EK202310152182,140.1386239918188
EK202310201657,159.33996714581113
EK202310108940,153.45497548730202
EK202310167429,150.21089048354418
EK202310245926,140.6883465805173
EK202310152784,137.88411866365468
EK202310124342,130.24082463205033
EK202310161267,138.60649657767513
EK202310145118,130.9150809561952
EK202310124701,138.75512248831203
EK202310144618,151.32147579190593
EK202310233384,136.80977599718202
EK202310207039,147.6811511260757
EK202310190234,137.21216995747608
EK202310198686,144.80035088016217
EK202310120341,151.05619770404104
EK202310247847,138.96929109962355
EK202310003450,145.13454239296826
EK202310134573,137.08880526339425
EK202310116321,126.27352602963603
EK202310202729,140.63957490641496
EK202310225102,174.04592893139747
EK202320007842,148.1509699546038
EK202310185093,139.53020641127358
EK202310147662,152.70051682142102
EK202310202843,134.77389193379727
EK202310233390,134.49885557141735
EK202310136750,138.20125143569845
EK202310132231,130.50118484280512
EK202310229820,131.01190388497264
EK202310198900,128.8190886702011
EK202310112722,132.98859136482477
EK202310124481,131.04250083264677
EK202310168703,138.07524870408565
EK202310215506,146.94316325102483
EK202310227298,129.14331405003844
EK202310162425,159.54531898857206
EK202310147420,129.9761526988809
EK202310230006,140.6117530302671
EK202310107551,159.97505426540246
EK202310245496,128.99742085767127
EK202310121500,137.4951484826086
EK202310137045,127.1230178938675
EK202310004368,133.2792437463487
EK202310124048,133.90416441875902
EK202310123230,140.03110155919367
EK202310003475,131.1218325827193
EK202310129436,146.8693451540541
EK202310202223,157.92977320924
EK202310135682,147.94572335820524
EK202310113775,153.29180802643427
EK202310143850,149.3968251154846
EK202310199362,164.53786564152324
EK202310206686,140.63417824929974
EK202310134277,138.95056053986596
EK202310244824,131.2688932528328
EK202310127241,153.78711284086268
EK202310153015,151.17023172404774
EK202310183863,143.59080260795955
EK202310194062,136.52886158287296
EK202310137570,152.39368588634483
EK202310105406,149.56000306465222
EK202310211726,141.73113238572242
EK202310140163,157.44834218040884
EK202310151370,132.27233751254107
EK202310183307,135.24881826120665
EK202310209242,132.41625588497067
EK202310201596,138.88214538864133
EK202310148319,148.22964272113734
EK202310212091,133.23312043786748
EK202310231030,145.57906633853892
EK202310111993,145.3335521318935
EK202310156211,157.1075948006526
EK202310104592,135.64382675924793
EK202310133538,157.72884073115736
EK202310143489,124.75263212249834
EK202310108608,133.1126351909089
EK202310209410,150.4765105942589
EK202310196298,189.66999642436537
EK202310200348,136.12573188742581
EK202310130825,125.66000656185244
EK202310211388,151.9067263114726
EK202310151265,137.21185484653452
EK202310161779,146.87437654665933
EK202310117949,150.91399034770828
EK202310204507,151.49640671658622
EK202310104001,136.38832811279693
EK202310217266,139.30813443495683
EK202310210738,143.90569102728153
EK202310179516,141.43996452020681
EK202310185260,149.92703070235174
EK202310117134,135.05912092210497
EK202310218620,133.33329323646987
EK202310118920,148.2631168845617
EK202310174953,149.6820235496576
EK202310235880,173.03624964737276
EK202310246765,144.03331322688572
EK202310151192,139.38002394365876
EK202310218327,134.7776511482236
EK202310184977,157.73641109517206
EK202310106156,135.616598894012
EK202310174601,135.09643691583955
EK202310242933,131.70999067060862
EK202320006248,188.28281037994904
EK202310155266,145.28056010084745
EK202310118205,136.7708925791462
EK202320007868,149.50995005567702
EK202310122476,132.14031471283664
EK202310246704,135.71035565921795
EK202310154390,138.36155021699835
EK202310208154,138.1177575599212
EK202310130903,137.89090304663267
EK202310244992,140.70947038186662
EK202310141315,136.68128459029495
EK202310119220,138.46399899364894
EK202310245411,137.8712339238203
EK202310122328,139.05250220314284
EK202310145979,130.23223306966185
EK202310137109,132.83742421556957
EK202310107808,131.98206796437947
EK202310237598,151.81887449807257
EK202310150637,148.8843049435199
EK202310115093,133.59874667812525
EK202310121973,141.50290684039248
EK202310201313,131.48502518788206
EK202310171481,170.61645127949998
EK202310151406,174.82469710412326
EK202310201141,179.99198923934281
EK202310179223,126.87867084354068
EK202310195934,160.9804545457824
EK202310142396,153.10922599311633
EK202310161167,182.87352061832857
EK202310166581,157.61067221742428
EK202310247520,153.0172178001516
EK202310113867,133.65680996584288
EK202310124498,134.12248930021642
EK202310156133,137.40743966448193
EK202310199597,157.2962571045261
EK202310161135,164.48095469975163
EK202310215679,146.9669042437579
EK202310238774,132.53628120893188
EK202310196868,136.01296383222837
EK202310112295,149.49281818021805
EK202310235239,142.98394796680347
EK202310127731,139.6222754532652
EK202310230868,142.9208305774274
EK202310217903,142.70253644377067
EK202310172613,136.77294350337564
EK202310129229,153.4110071872412
EK202310190368,188.56592126320646
EK202310162297,137.85174286852646
EK202310222739,128.85912179342625
EK202310161749,129.82671512491632
EK202310155297,149.83083717229314
EK202310108502,165.472118941718
EK202310130801,166.53312943440966
EK202310231593,128.55391916820076
EK202310125919,140.63711404507598
EK202310209411,138.6273700846279
EK202310179339,123.59021686321178
EK202310187200,148.33676275536516
EK202310146890,146.85416964681156
EK202310166979,140.85597455780132
EK202310237165,150.15035924678676
EK202310152579,158.7553774680934
EK202310003917,149.8476296837786
EK202310235269,143.4274307367363
EK202310108468,141.0102509528621
EK202310143968,140.88722417302426
EK202310160042,125.93770313103363
EK202310203662,143.471328645252
EK202310151437,162.87684158943247
EK202310144465,133.82590273379327
EK202310190402,151.0842736034315
EK202310134264,128.8012498450119
EK202310234082,139.58556528478292
EK202310210958,132.70371008706533
EK202310139701,126.1442863173293
EK202310143670,169.66129134584102
EK202310144634,137.31988517165237
EK202310141663,150.32641644522963
EK202310137665,138.7193963295246
EK202310205722,137.55436442258645
EK202310151909,150.7894984611856
EK202310221195,136.17772219002592
EK202310137582,147.7187547525411
EK202310194278,124.85336454833214
EK202310128272,132.40731391983851
EK202310106468,158.57852022332315
EK202310144004,131.7609674141031
EK202310128173,148.5665916180641
EK202310111420,133.19141873823014
EK202310120296,136.9565790597673
EK202310200950,154.43781885183003
EK202310175501,137.28295395963926
EK202310120331,142.78591976542685
EK202310228878,169.20596833525826
EK202310182513,167.10949449041365
EK202310146179,125.50592514682883
EK202310122722,141.06196851289218
EK202310105824,148.71239829214693
EK202310153125,176.26992087142202
EK202310245447,136.21011276015426
EK202310119032,140.01795127227894
EK202310121833,129.39846760939213
EK202310241687,134.37594444484782
EK202310239324,129.802445443412
EK202310164441,131.46386484267458
EK202310140020,164.4503991615515
EK202310130010,133.86102007980801
EK202310121272,139.66439519796165
EK202310155947,130.90847744907342
EK202310235396,151.66431140236367
EK202310142223,158.635174051087
EK202310112225,147.5818612548227
EK202310169440,169.4784541800561
EK202310136706,146.40855479270633
EK202310216973,135.01440793420034
EK202310226784,139.0599989550555
EK202310221041,134.66212536537265
EK202310231770,139.9441279477493
EK202310145329,150.67049557047702
EK202310134603,156.77670085671573
EK202310186803,138.58873852019795
EK202310004747,129.77415982075698
EK202310140470,132.76839143304468
EK202310195581,131.9380434246615
EK202310150690,147.62490324007092
EK202310107903,150.79043682103205
EK202310192146,130.71464507705915
EK202310148551,170.36677783444242
EK202310106261,133.1053939802191
EK202310146170,119.81965448528442
EK202310136162,152.82544031020694
EK202310113122,153.58005480574244
EK202310163718,134.51938652684797
EK202310183205,161.3429476798274
EK202310200858,173.0076725818277
EK202310196929,180.6316373264514
EK202310171438,166.24126005025687
EK202310174765,143.01528054292774
EK202310124046,137.4888238722304
EK202310152264,144.29548158581025
EK202310213792,162.29717993811778
EK202310165171,157.53210716591818
EK202310162758,148.06926729029183
EK202310143468,157.19633160967896
EK202310180043,127.16365915500276
EK202310147871,151.78219703635955
EK202310164549,134.4504194862793
EK202310201642,137.80682321020467
EK202310109113,133.00221203164978
EK202310174688,137.01050159873552
EK202310248259,144.01419739793718
EK202310185782,137.07130942935495
EK202310110936,136.52770528212145
EK202310117421,143.88127755936
EK202310142478,124.44599719424735
EK202310141930,139.9373513698658
EK202310243981,133.365567050611
EK202310172266,140.82135377241133
EK202310228140,139.6176294149735
EK202310176614,141.64761938027195
EK202310233607,172.9084213278022
EK202310106233,125.5446638475831
EK202310162621,166.30623676355668
EK202310190940,144.40160835144147
EK202310219344,165.09240337884748
EK202310154188,167.30776654975753
EK202310219915,141.07954363794016
EK202310166730,153.2580485630628
EK202310117725,131.99564443691895
EK202310166726,139.68378068667187
EK202310163657,168.12431007374428
EK202310228898,147.16323781021265
EK202310184184,131.0982230036754
EK202310125372,134.6353504100167
EK202310119495,132.2581565041204
EK202310117082,132.2737973266768
EK202310146291,146.3328840651539
EK202310241466,132.7999471422892
EK202310150849,138.44068063269083
EK202310202757,161.170982289761
EK202310182560,148.90712257467962
EK202310112973,125.03085584816714
EK202310213514,135.18740627108622
EK202310221393,164.11671737878356
EK202310158310,142.34380081061548
EK202310140347,129.41837526525833
EK202310175551,141.0078584185965
EK202310180868,135.32711651571552
EK202320006868,164.59368390841817
EK202310248257,149.14072107754743
EK202310180309,144.54214325277226
EK202310229558,137.97787993883233
EK202310115971,138.61698655935564
EK202310160935,131.94115371836563
EK202310157633,144.00057031074664
EK202310146143,133.4822867956788
EK202310186183,146.02395986812735
EK202310211422,149.14711062611843
EK202310161977,159.88264875887842
EK202320006500,170.11363825939185
EK202310150314,155.11478446829835
EK202310110846,138.21778799259144
EK202310203222,134.90543385463184
EK202310129532,136.49324362936218
EK202310129904,142.96753379330949
EK202310186467,155.06363528537457
EK202310147117,159.73276182563652
EK202310116424,146.88471983269523
EK202310149442,147.64237798081118
EK202310104505,145.57354206497226
EK202310121773,146.25564963390298
EK202310127109,149.12398805586867
EK202310201894,169.36577326355714
EK202310188361,143.20164082953931
EK202310193295,163.12897167395292
EK202310177870,135.85657030291455
EK202310113628,148.71055831892997
EK202310139300,151.2061383601053
EK202310142961,167.4237577159106
EK202310105639,130.17599977218123
EK202310200187,130.15104696160336
EK202310235386,149.07953571640846
EK202310201587,167.3887513731317
EK202310139029,130.82671127902557
EK202310170332,152.64805563412904
EK202310104539,138.8559493044514
EK202310221009,150.7034722311133
EK202310111917,133.49881704813717
EK202310155020,155.69903493870646
EK202310209995,142.21873160212263
EK202310201277,159.1466777567168
EK202310142737,142.81281511127736
EK202310226601,136.7627475167755
EK202310248195,140.84223685144676
EK202310181017,153.14361156702336
EK202310141427,139.52409722902962
EK202310231407,135.7512506286159
EK202310137086,141.60203664575985
EK202310125507,136.35344659450217
EK202310122987,123.12781561220783
EK202310200912,134.93888146632204
EK202310104251,141.10224109327672
EK202310195674,177.65759527727351
EK202310223438,142.68852811488466
EK202310153194,163.55426132369985
EK202310213990,144.95292235194273
EK202310162781,132.8604279941456
EK202310187211,155.63613209435482
EK202310176227,146.892275773614
EK202310234676,139.61094088983108
EK202310125148,153.28750189657964
EK202310177679,136.22583214193637
EK202310120787,138.863935283403
EK202310145311,139.14832348685556
EK202310122627,146.246508031396
EK202310201377,151.97622842151935
EK202310212640,147.05148040937945
EK202310123690,125.10514672017008
EK202310111428,142.90077770465152
EK202310231233,136.52116854791868
EK202310205587,154.0084102483153
EK202310126571,142.62584073199034
EK202310145090,140.68139073172117
EK202320006877,152.18311246498328
EK202310172065,140.78950393265256
EK202310198983,130.81104859653914
EK202310169546,124.60502025610573
EK202310111317,134.7941016181391
EK202310119424,125.30023313717051
EK202310135345,164.95975901358048
EK202310118372,127.05197485668717
EK202310170295,156.98958438829968
EK202310190557,144.0259637846483
EK202310200195,128.94035299386596
EK202310131868,172.1979239309337
EK202310158562,158.36449493266446
EK202310150891,131.87917406856704
EK202310151386,167.65974592574324
EK202310243101,135.85387550916454
EK202310146970,127.69368767989566
EK202310194638,150.49715963366086
EK202310142085,131.0688660384472
EK202310155341,142.46842930138388
EK202310226663,134.04751237706276
EK202310183726,181.31515878904693
EK202310189308,183.96944447320283
EK202310198713,187.34506256241778
EK202310202117,165.33276800152643
EK202310163684,138.19343222681735
EK202310111102,139.44813271438275
EK202310127044,125.99241190939073
EK202310118453,147.06568837958088
EK202310128214,131.73529901235494
EK202310135042,181.57478137028102
EK202310126915,131.63587224522408
EK202310147166,159.59038117300213
EK202310233052,137.9328371888367
EK202310141703,129.29467452919548
EK202310164168,147.0641231389466
EK202310156751,155.8203216045315
EK202310146541,135.86237763424953
EK202310184817,167.81897846588822
EK202310195187,166.6038749176546
EK202310168677,148.55564142309257
EK202310188486,142.21231709875818
EK202310224018,164.96444812251198
EK202310172986,145.2558856169719
EK202310161060,170.93769632841963
EK202310178666,128.2385306703017
EK202310166665,154.40169671154376
EK202310141091,165.60752243588604
EK202310191127,148.7495589850261
EK202310189382,133.5939878986121
EK202310172890,143.58047738840227
EK202310171361,135.41690040264893
EK202310186346,138.47093282188337
EK202310189932,129.4068040734379
EK202310189293,189.75552646318354
EK202310171610,139.71591126223984
EK202310239231,131.54474088786333
EK202310201004,131.51991201371453
EK202310178301,151.57142700526046
EK202310246066,136.9454758199934
EK202310243993,167.7793507004741
EK202310240850,142.23368048338043
EK202310115127,137.6287667929633
EK202310232199,126.61229892289843
EK202310217063,131.8421793100799
EK202310115674,135.7448711221394
EK202310110226,125.88079893805646
EK202310181037,176.2855294942917
EK202310004136,137.8547235469668
EK202310159843,160.18884834807133
EK202310126952,127.38319348499003
EK202310230766,134.83283463079272
EK202310110797,140.11175699512998
EK202310231475,129.8378156983462
EK202310135719,149.73225954156456
EK202310145051,136.46614704688787
EK202310113543,155.92046223853492
EK202310159237,140.10911992259236
EK202310238856,135.93063771781382
EK202310121123,134.9243475279609
EK202310192625,148.24811030802042
EK202310170391,136.33583786867408
EK202310141783,145.53733311680958
EK202310117317,135.92015708059327
EK202310159443,119.79387686524568
EK202310224692,164.50944666904726
EK202310129133,151.06253419749447
EK202310118922,144.85687348820224
EK202310187333,135.12413114534002
EK202310149791,145.03509432085494
EK202310231752,142.95909320493342
EK202310130461,148.216569720847
EK202310151790,139.08771795460356
EK202310156693,134.10751373660472
EK202310138274,178.70426111167288
EK202310217407,141.64578262779585
EK202310115388,136.44935596560657
EK202310145689,148.02021525999675
EK202310104824,133.5275065559037
EK202310247570,139.52847737541921
EK202310197035,132.7850653916903
EK202310230114,142.98877640075492
EK202310105854,143.25062417347738
EK202310187457,144.01763215693097
EK202310192506,148.8377462751383
EK202310140455,132.881591448287
EK202310226538,129.68870548346456
EK202310175408,136.04783106482307
EK202310132765,130.66907261551037
EK202310193721,138.5025155546376
EK202310151285,156.97551070756433
EK202310178760,166.95399455413755
EK202310149663,133.05661445627175
EK202310219711,128.32191017354424
EK202310217272,158.37157134405354
EK202310238355,136.30584973916112
EK202310188659,152.84504982174363
EK202310205449,135.0637196763758
EK202310233265,164.06083378092666
EK202310109651,133.3530743711139
EK202310226933,129.1977932993277
EK202310159603,145.53281162209444
EK202310105868,137.6937387247441
EK202310171812,141.40156579646396
EK202310176259,143.3355553095166
EK202310122912,175.71583248632
EK202310184013,191.64327199622142
EK202310179868,142.66181575740106
EK202310176252,157.11149391477468
EK202310239466,146.15032142628874
EK202310228949,134.70846667642022
EK202310169903,180.66667074064387
EK202310209528,155.28277203363592
EK202310213123,144.98781406456897
EK202310173452,98.12402868457303
EK202310230252,133.43973237378913
EK202310106835,124.66235775445583
EK202320007700,146.5349536301764
EK202310198359,128.7332601915106
EK202310180758,156.50903192087554
EK202310227440,129.58204280584496
EK202310239839,146.9788926708077
EK202310145401,132.71496194284856
EK202310131446,134.24432000354932
EK202310121079,141.23646149327536
EK202310159312,172.9120524412436
EK202310167080,138.88327731642184
EK202310110131,134.50755366386164
EK202310173862,138.18995672916265
EK202310184021,179.36729606785374
EK202310223793,145.0821080173457
EK202310190740,157.2960365972704
EK202310165164,143.53736958680182
EK202310136762,133.87877975734142
EK202310187434,150.16811011786407
EK202310212919,140.9768096354823
EK202310147933,150.66467994128212
EK202310217428,139.13249168790855
EK202310163195,135.58202252480288
EK202310144020,135.6360166796446
EK202310226546,138.4443733097553
EK202310172034,134.8376589264495
EK202310113666,149.0756726686643
EK202310189588,131.4827901035189
EK202310107725,136.5849585382288
EK202310195274,134.94464726870567
EK202310180008,131.08330861388995
EK202310164031,133.54558887691582
EK202310229645,139.44957838239813
EK202310125934,139.6621254417424
EK202310218196,136.62434509203766
EK202310119725,149.84033740993445
EK202310133573,141.46800965873544
EK202310219254,154.89648029174452
EK202310105775,140.86577545504903
EK202310163730,138.6856510065057
EK202310119408,162.57569306319297
EK202310134331,149.12529198753958
EK202310138761,171.71657491744602
EK202310126020,138.8341601725928
EK202310128964,150.2185404406703
EK202310225868,160.8761143249216
EK202310217967,126.93608936318901
EK202310222323,156.3505501323642
EK202310206855,138.91665935596313
EK202310152085,147.6854939664368
EK202310004023,148.77316708386874
EK202310211193,152.10408721460175
EK202310189925,130.1848263256064
EK202310152235,153.10090955650767
EK202310189056,152.69856583852328
EK202310242595,128.49206900581976
EK202310140195,132.55107787012412
EK202310181500,135.46629286042045
EK202310171216,138.58712813193182
EK202310209110,141.28711561610584
EK202310246479,132.07888887476267
EK202310194938,155.09320872401003
EK202310224895,139.6141497883186
EK202310195509,139.103102741741
EK202310173849,126.85360058902397
EK202310116837,142.2262595351211
EK202310105574,132.22568957392465
EK202310196041,161.20912793134423
EK202310122385,140.64035968930168
EK202310193454,139.98829635281294
EK202310124125,147.35112365621643
EK202310180862,131.93632107994944
EK202310234723,137.90535011206
EK202310126036,134.24601911183515
EK202310171137,149.0506062764562
EK202310233393,130.5865379589701
EK202310132926,146.52229296995745
EK202310160365,141.7284328430721
EK202310211274,141.650682808925
EK202310225058,165.70572535500497
EK202310194840,157.04233186613982
EK202310216072,130.842745724066
EK202310224888,163.24524496588572
EK202310003930,138.58745819887503
EK202310187789,158.3385180256496
EK202310237317,126.63189539885289
EK202310188643,149.04769655823023
EK202310163618,165.7865020827386
EK202310216984,150.78578241109838
EK202310243216,133.8893771922621
EK202310111010,129.5289141611385
EK202310140852,144.33152099668908
EK202310114085,144.21220655751318
EK202310123385,142.47755756364782
EK202310222159,132.39894099053137
EK202310203038,145.85648521586467
EK202320005703,158.78680139839216
EK202320006527,155.92342596729912
EK202310234277,139.75254909458698
EK202310135781,143.1711788569725
EK202310157465,146.63344858777847
EK202310178744,149.8643447511299
EK202310238253,161.97340284431965
EK202310122583,133.56907487096302
EK202310214372,147.4506743752042
EK202310174457,160.09336841192916
EK202310167149,138.14859267307338
EK202310228958,135.54457295580409
EK202310157246,162.04827306389242
EK202310148323,148.13087018601607
EK202310174823,152.76830647717298
EK202310165142,141.29914985556306
EK202310207746,134.54593724990454
EK202310245090,132.89375132967876
EK202310181612,151.41589270918524
EK202310217652,120.44575233329323
EK202310161957,149.59773464689417
EK202310116818,139.22022444484415
EK202310180631,151.59961103482004
EK202310158422,151.9357760012058
EK202310195969,182.6968560675339
EK202310226142,135.3345627648738
EK202310199652,173.49415822536605
EK202310150930,147.94085024647862
EK202310148331,145.84752333058753
EK202310189171,175.31811209803644
EK202310194950,164.93131419292706
EK202310242729,142.6624420246001
EK202310221050,140.03846837632878
EK202310105169,145.56588839063068
EK202310231810,136.9343907581504
EK202310201600,157.76399789310892
EK202310173892,137.49989618995028
EK202310103909,156.17612978347938
EK202310207543,141.52187512874733
EK202310217532,130.83906951974214
EK202310131408,123.74847249282828
EK202310216303,130.31524323228535
EK202310207214,142.93269546092444
EK202310237069,141.38606845173626
EK202310130210,152.53889656223723
EK202310148179,155.3718036241367
EK202310230098,129.47420572722842
EK202310106540,129.92234672321723
EK202310247875,131.81379074342104
EK202310131197,154.6312757740372
EK202310213017,152.33541022726294
EK202310226797,139.59000910900363
EK202310124853,129.62956157180352
EK202310219648,127.66804010091772
EK202310242013,148.2899814089843
EK202310190443,134.31558622847976
EK202310142718,128.96477375957642
EK202310173178,141.16695622008305
EK202310125534,139.7281047390863
EK202310122118,132.77051766547166
EK202310151782,148.40336437381094
EK202310142165,135.9599712202215
EK202310120956,141.52240437832583
EK202310158163,152.01996664089663
EK202310110021,136.7995632610971
EK202310196057,161.92109634187946
EK202310199008,145.9286765020641
EK202310003987,157.6248518738659
EK202310240352,147.123253538523
EK202310165694,133.93652957354507
EK202310232204,136.23082520908173
EK202310125243,135.91625142151167
EK202310171212,144.01663773704823
EK202310165904,137.35437888713307
EK202310156703,136.2729045197753
EK202310161254,146.68846607197278
EK202310141589,135.39187939406892
EK202310139870,162.653318610603
EK202310003550,141.07179022762958
EK202310004721,134.77064521884284
EK202310237716,144.82312908191514
EK202310162213,141.9459490635665
EK202310231470,133.69267709977703
EK202310165710,160.86883947153467
EK202310219597,124.03052185843677
EK202310177018,148.41762662050584
EK202310113173,134.8296271602051
EK202310161177,143.5054829367149
EK202310105482,125.19568547119822
EK202310178942,148.97837580002158
EK202310105694,149.54109508624867
EK202310120998,142.35754608737724
EK202310216864,162.18077728162393
EK202310198211,153.7829802609124
EK202310118620,168.0224438256392
EK202310221238,129.33514137850412
EK202310161217,149.54677903316588
EK202310218766,140.64079953339544
EK202310128213,129.42075516621438
EK202310137523,169.66784166038863
EK202310210262,130.65270179600998
EK202310155407,136.56317693129907
EK202310156355,162.66646796193282
EK202310171504,162.35892351864229
EK202310205541,133.33108703832173
EK202310165351,133.65664895280656
EK202310247442,148.63719496964924
EK202310131239,134.2630555593848
EK202310169672,140.16124013115942
EK202310118977,133.25587278334945
EK202310235793,133.7631428342551
EK202310200392,151.570491298671
EK202310164965,134.90198223108317
EK202310171249,146.09336094935279
EK202310106318,131.74637548456732
EK202310237266,135.52589662882613
EK202310147471,146.05329025156107
EK202310194031,131.7447455839985
EK202310192307,143.1466633495965
EK202310181117,121.42402352346858
EK202310116526,158.43708858155554
EK202310194824,180.73731801576267
EK202310162842,152.3774461339025
EK202310181349,115.52078140927966
EK202310164261,158.15060015149734
EK202310131101,152.55430402168517
EK202310151625,139.22212313086163
EK202310141286,161.49059053949486
EK202310241249,157.62282530075348
EK202310212872,128.80340069844607
EK202310226815,131.9609703538632
EK202310141152,151.2444293199195
EK202310235794,137.7658665286556
EK202310229993,136.19501782958326
EK202310147668,159.09953236151205
EK202310164475,141.60540070947798
EK202310110039,139.69872044731846
EK202310187421,128.91561143677092
EK202310215044,162.83203226701468
EK202310105965,141.91047067177936
EK202310120150,143.11309432278534
EK202310201212,166.52069406605642
EK202310127536,132.52639186124662
EK202310165403,133.58492211909032
EK202310135385,154.77222689256675
EK202310159428,158.80601096642573
EK202310214834,146.70370792532913
EK202310130931,146.9985008066664
EK202310206054,173.5920061738786
EK202310112744,136.53521951458853
EK202310242341,155.04380819550627
EK202310159100,149.70559735831617
EK202310186817,130.61415189139018
EK202310187749,141.00781254030713
EK202310246213,145.86344071449685
EK202310202813,137.87479691503185
EK202310119983,130.0920563593278
EK202310241219,154.2508120912264
EK202310195435,168.82706738990674
EK202310199454,156.08582654651548
EK202310194920,157.73723468431731
EK202310151167,132.88611085596986
EK202310204930,148.06672341867588
EK202310210621,142.0035222742297
EK202310234981,141.5808957232736
EK202310218747,150.09888371710056
EK202310125674,134.17806927759435
EK202310004025,171.84251937954977
EK202310131481,148.66921886799392
EK202310162994,144.59431843628866
EK202310232677,135.29156616053845
EK202310004278,137.11276455512768
EK202310108810,152.15903885081647
EK202310225683,136.7700495535146
EK202310115846,136.88885292206646
EK202310003668,156.80811149569843
EK202310153044,153.9327976341323
EK202310206782,163.66907290629342
EK202310198360,142.21815977642476
EK202310103708,134.36595232398278
EK202310138116,128.3207656413457
EK202310160576,135.9702413253954
EK202310183081,162.52111869596578
EK202310105137,134.04881728435598
EK202310170115,149.4320020431524
EK202310116604,143.14886475256165
EK202310236944,133.6819524733176
EK202310175444,156.0743372051041
EK202310150908,152.3776819988422
EK202310204946,139.42211879483577
EK202310139272,137.50179020501457
EK202310173841,145.1209613679996
EK202310241566,136.3395848497294
EK202310140944,160.5014848262801
EK202310166702,133.19755161528735
EK202310172479,143.93176567628294
EK202310209418,133.93514218873136
EK202310165364,141.55397790102623
EK202310170685,156.703625047834
EK202310137383,135.32315328350762
EK202310208374,135.40588798504996
EK202310124992,143.75744155291935
EK202310227242,160.5796879305205
EK202310200684,138.481184691245
EK202310137981,129.30787977905888
EK202310183855,156.3622405718114
EK202310120432,153.22226214713004
EK202310128607,137.10819806309786
EK202310146775,142.9418796969255
EK202310175473,138.9864705894935
EK202310194578,190.16359333060606
EK202310199456,128.81470730894142
EK202310114576,140.852427346302
EK202310232002,144.19066975869575
EK202310133113,157.56003022557007
EK202310177757,168.14131122339566
EK202310106035,135.8592208164834
EK202310161565,155.1982096898748
EK202310110506,145.08114760574182
EK202310206193,140.03954814038113
EK202310134593,176.1366331605229
EK202310157521,148.64091337045582
EK202310142924,145.11915766412076
EK202310237263,154.9646591933985
EK202310170297,167.00833436837198
EK202310106326,131.06919800373578
EK202310128380,133.47757365165873
EK202310222238,139.3615850248666
EK202310194876,140.7625642875357
EK202310228783,155.8625975450795
EK202310186905,162.51532579676277
EK202310116223,149.20773295453367
EK202310124674,135.44069235263436
EK202310164997,142.83271362066466
EK202310164834,136.89560576481279
EK202310207829,130.53714800002376
EK202310156532,174.9265472806137
EK202310129196,130.43188521751682
EK202310119383,169.91823820390644
EK202310246942,136.83270744443078
EK202310108008,137.77420068340538
EK202310209225,136.97995959002893
EK202310191622,154.76827112242984
EK202310207087,158.86830600591168
EK202310152145,149.6992397975598
EK202310130483,163.03559112146806
EK202310218772,142.57599118436215
EK202310202740,160.9388264663874
EK202310189738,134.81258319892913
EK202310150713,151.8259048030282
EK202310235780,139.19768141239814
EK202310245036,155.77733181097557
EK202310003439,124.15067522661968
EK202310231070,127.79458734458366
EK202320006731,166.5353965044224
EK202310244442,146.52572681503847
EK202310132886,136.14928791394323
EK202310147295,168.7480307345437
EK202310133587,171.73080987314333
EK202310186397,157.20001346935967
EK202310123728,147.64304901951138
EK202310232420,137.04864365978415
EK202310233200,134.5330965283814
EK202310187145,144.69898127986687
EK202310238519,124.08011889027844
EK202310122640,156.09344273713165
EK202310114892,148.12888077159403
EK202310172340,141.4332683919088
EK202310109402,150.85021327109538
EK202310229865,128.44926918793203
EK202310202666,148.61089993070962
EK202310106916,146.1972720369228
EK202320005781,178.66365076783447
EK202310127666,131.29174408552407
EK202310224319,133.0231693974068
EK202310164602,145.58223737827998
EK202310118941,147.60420675180112
EK202310234012,138.37385215192668
EK202310199233,132.53839199763442
EK202310214877,136.3791656065613
EK202310179245,150.02179689446055
EK202310160250,152.59203044844614
EK202310219316,133.97947297919967
EK202310175330,141.2652095749428
EK202310156975,160.11226995439176
EK202310115055,137.22035215673097
EK202310112754,132.2759386246852
EK202310175770,146.29834998740301
EK202310218114,128.83931845178003
EK202310135889,131.29759612509736
EK202310245028,151.5182745887189
EK202310104852,156.64234477354591
EK202310216044,143.5003746459597
EK202310230940,130.41942233392842
EK202310198398,157.82903137434687
EK202310152619,177.08337584722648
EK202310168477,161.3807739633401
EK202310236502,132.59012128771295
EK202310112037,139.23996861071612
EK202310159871,153.07281050428395
EK202310213645,134.55438503307906
EK202310120040,135.7914666402127
EK202310183203,148.9144940787131
EK202310109200,134.98102804425884
EK202310132933,141.4138324849767
EK202310137560,132.9024322320758
EK202310177041,139.37894215366367
EK202310137910,134.47201065028221
EK202310104847,127.89359186777774
EK202310200423,133.9293977740646
EK202310187271,142.61185551466895
EK202310213803,152.32647272263907
EK202310246954,134.51577814435498
EK202310118188,140.72079528356977
EK202310134413,161.9239483227292
EK202310232546,141.38061420924166
EK202310158497,172.4287128753015
EK202320007533,147.63410414533521
EK202310174045,165.57773020407006
EK202310232493,136.4205278097335
EK202310121025,146.860528221183
EK202310203256,159.12031382153805
EK202310142445,167.6374868663917
EK202310184247,184.60082913394635
EK202310192611,136.56423168749703
EK202310119937,159.84702026711363
EK202310231831,164.63118302058004
EK202310208214,146.364441743138
EK202310237790,130.0235214509302
EK202310187705,131.41296723109747
EK202310209139,140.79500134508342
EK202310170634,143.1647428264773
EK202310146481,139.32571891536415
EK202310198380,152.85858245141867
EK202310226702,134.76796997515882
EK202310222936,135.71759382856018
EK202310197081,131.21574376668062
EK202310116985,136.36437731517307
EK202310223669,136.6615641492576
EK202310204735,155.7306533426004
EK202310184616,130.64505199454985
EK202310148138,151.61532256523222
EK202310134199,149.8759835603536
EK202310149246,141.3609078758855
EK202310237457,144.80233642523496
EK202310160240,166.4621440272374
EK202310177402,163.84540839843856
EK202310231985,137.70708741361875
EK202310171409,134.64115560274016
EK202310176316,148.41571796938896
EK202310164869,139.21257694750642
EK202310134160,130.02807820583274
EK202310213361,141.56369533614284
EK202310204421,138.11632807017864
EK202310209884,139.07569533468546
EK202310136308,144.80578406137607
EK202310242777,136.8839120731253
EK202310193657,135.6579221498
EK202310188052,143.3712079757835
EK202310147057,142.7542036143556
EK202310153768,135.93201265839417
EK202310144579,127.26988452439774
EK202310198362,157.84101661221834
EK202310105880,166.2973584657415
EK202310171799,135.1702823936215
EK202310120109,136.0851188283289
EK202310216065,135.79107766533053
EK202310170495,146.75816516064376
EK202310125667,175.26890136820498
EK202310105906,141.47299836931845
EK202310003424,139.9705188453171
EK202310195264,134.94692348822966
EK202310130646,126.92090938700629
EK202310115346,149.26088948168257
EK202310106003,130.0568402352931
EK202310193189,187.05558331766
EK202310120005,129.0925300676487
EK202310225659,141.27796789826516
EK202310187329,171.15100800267484
EK202310234854,140.6777401611858
EK202310245195,141.17109254894402
EK202310245177,130.28042053216805
EK202310229481,142.85307919276562
EK202310218683,137.69537179474207
EK202310232957,144.50011831439892
EK202310244525,133.92121273708392
EK202310238364,138.42353724784144
EK202310233731,140.1082461843252
EK202310114718,141.34886010337874
EK202310152186,179.35768373680943
EK202310217521,128.22780241856003
EK202310183796,181.11586687532272
EK202310218461,127.81096252343389
EK202310113523,151.50242318269224
EK202310149413,180.3080033726603
EK202310115324,143.4463623940299
EK202310104367,146.59265140184107
EK202310124772,126.65275021028582
EK202310195448,141.12009976796998
EK202310211731,128.2132680864234
EK202310162193,134.82800071255315
EK202310187308,146.44085818342063
EK202310129859,157.26861285854397
EK202310170962,160.90547504688473
EK202310235749,134.60062390798356
EK202320007870,156.1334619249423
EK202310154838,160.15739844933637
EK202310206242,157.37984689735833
EK202310209717,138.52796521185815
EK202310247573,141.50795704384493
EK202310113989,129.70267143373079
EK202310152196,139.6921343464644
EK202310183083,139.331469158316
EK202310234475,142.8319336274069
EK202310234459,135.8808756617974
EK202310106650,173.08180699202993
EK202310117634,137.4291116806276
EK202310128279,131.0081687020501
EK202310158721,150.93944269306255
EK202310234607,143.55609434141235
EK202310149804,139.22189106318345
EK202310242352,134.81902787563365
EK202310126148,152.16671493232204
EK202310165882,134.9379042630433
EK202310137378,161.61254087442975
EK202310112801,132.842893612143
EK202310119995,128.91758523822816
EK202310123123,135.331213645918
EK202310190387,149.91278717060482
EK202310226519,135.45945713750888
EK202310129375,130.35861880175418
EK202310245192,139.380221855048
EK202310215168,140.78538967308305
EK202310137434,136.58033735042258
EK202310194720,142.3516761722006
EK202310201666,151.52323013116893
EK202310193830,172.68147515306856
EK202310178910,146.42215155406151
EK202310110446,138.31741689602322
EK202310166237,130.71987104541608
EK202310180109,160.71566689422286
EK202310146375,149.33537174855317
EK202310227332,136.57068094064502
EK202310241765,156.87142370306955
EK202310229368,127.91294735803294
EK202310135373,138.03095807207796
EK202310169663,155.37172252150356
EK202310236365,127.90078560543178
EK202310182601,132.61603265820364
EK202310144591,133.7063401421133
EK202310203065,144.25308361619165
EK202310185758,138.67559143695237
EK202310105204,135.26404010713222
EK202310150175,140.75823995805428
EK202310172599,140.61737929133926
EK202310145266,151.0630345450598
EK202310004647,156.92776707064485
EK202310242466,153.84716718317426
EK202310167834,154.06607686083112
EK202310225932,127.87566600076839
EK202310132329,130.76540569226577
EK202310123888,143.1422022525612
EK202310208707,156.11755611748464
EK202310201294,150.00271612369758
EK202310233641,136.82288921255048
EK202310140113,142.27543720183647
EK202310218544,144.65880894805733
EK202310219472,133.63155443084483
EK202310143848,143.92752602978962
EK202310134434,131.8656573568141
EK202310236630,136.1383438235004
EK202310198379,137.95823823501433
EK202310222797,136.44536215553376
EK202310248842,139.36245776854895
EK202310132974,132.43474391751386
EK202310235130,138.18701410233848
EK202310238228,137.31943822414652
EK202310226782,135.9748724866411
EK202310210339,131.56880418077077
EK202310189790,139.63018783141328
EK202310187315,171.78522655360734
EK202310171801,128.2427716866299
EK202310123573,135.50312620770544
EK202310172773,139.663247606735
EK202310139716,150.6147120440396
EK202310110431,143.43414245554132
EK202310189055,148.7325134526177
EK202310124983,137.956401139798
EK202310190155,133.0424282950283
EK202310238929,154.05925886722986
EK202310180436,145.52574440818645
EK202310230021,148.50516616016856
EK202310181912,157.51788203649832
EK202310178377,144.84056730314495
EK202310145374,119.24373663154402
EK202310126596,127.79048854402292
EK202310225731,133.2030839924709
EK202310138678,152.34772944736778
EK202310172372,141.92473241454877
EK202310116119,129.79378032438876
EK202310167609,155.3030648817152
EK202310244078,156.01179480147493
EK202310217427,130.52226653743443
EK202310182904,148.5346506946456
EK202310208329,154.72321178304304
EK202310189009,155.90961340173672
EK202310114945,138.86926444084648
EK202310139882,147.2195729647781
EK202310206869,143.7172794166257
EK202310192874,148.00980994357045
EK202310216134,133.55205904868558
EK202310203212,135.51785009307997
EK202310156888,143.47648965979843
EK202310182240,140.9452343066219
EK202310141092,159.7736682884685
EK202310124359,126.75510569260868
EK202310152947,143.80554716236895
EK202310114595,135.3113052009579
EK202310146656,129.59312048956775
EK202310223051,136.22160621844475
EK202310134381,135.97225569203815
EK202310208234,140.76593430174165
EK202310169332,177.76298229594758
EK202310103907,151.93598427115873
EK202310143678,144.3760881966042
EK202310114762,138.8817009561232
EK202310120679,139.86443712878213
EK202310153376,162.15395591710669
EK202310207113,137.00720363114877
EK202310229661,133.0764410010321
EK202310219333,167.54868242359748
EK202310131040,132.71442904789154
EK202310120192,136.99563733082698
EK202310114032,133.83085194509064
EK202310178367,149.05746581159042
EK202310195835,165.8511380717074
EK202310154385,130.62736449344516
EK202310215393,165.28316260743946
EK202310107773,135.84891617784388
EK202310164250,152.0185716048426
EK202310158284,164.58112333097125
EK202310181120,156.62555447157857
EK202320007585,139.71003241228925
EK202310182248,152.5613030683379
EK202310178445,156.615625405618
EK202310151607,147.83359311227858
EK202310114270,125.17597725502388
EK202310237697,133.0473340819502
EK202310141166,131.8749743458168
EK202310153773,145.81485671341989
EK202310129425,138.35711843687395
EK202310114483,140.83161075261089
EK202310235872,131.5494467879797
EK202310140448,129.92722544191
EK202310140940,153.62153069684558
EK202310173832,137.85889516399183
EK202310131844,143.02300391303578
EK202310236956,128.5973120710002
EK202310166354,152.65833823956277
EK202310122182,143.31951967632727
EK202310212213,133.99744556039775
EK202310165400,158.1160623592818
EK202310148714,138.64166748750654
EK202310126880,141.4073380880852
EK202310191702,136.77939293470422
EK202310161903,148.0272563896531
EK202310223034,127.703249788066
EK202310188051,170.79541940352604
EK202310205595,152.48767618874533
EK202310171306,139.53776738621843
EK202310246135,138.47158962528624
EK202310210097,171.46830702009945
EK202310191192,151.54118781576938
EK202310216619,145.35969104693137
EK202310153794,159.61562212736055
EK202310122914,172.4749430763462
EK202310122058,146.14152863927143
EK202310138004,128.7766848420822
EK202310221367,170.5978806050802
EK202310158770,139.14312928176236
EK202310145695,150.66578960820664
EK202310125582,126.90961277276048
EK202310136243,131.03057929267374
EK202310194117,131.57472410409844
EK202310107078,141.02934132085005
EK202310190139,132.45248387192362
EK202310156770,159.2424479496477
EK202310178929,143.19965904386757
EK202310164953,148.4531608678065
EK202310118034,141.22655130454353
EK202310227978,143.3421661050038
EK202310144597,132.81732728326418
EK202310176112,159.6787269007443
EK202310162357,154.08845037900193
EK202310176897,154.7650066756102
EK202310134145,129.53563548352383
EK202310129907,134.8683401311674
EK202310229306,143.46231264544403
EK202310198497,127.06197801320411
EK202310163561,129.49822639919765
EK202310221369,143.4946118578303
EK202310176645,140.0207947251642
EK202310157146,169.02995802022474
EK202310120273,156.8438093010488
EK202310192592,133.58505769155445
EK202310169221,154.86236106026982
EK202310191453,141.80444063828585
EK202310131848,138.2834269811462
EK202310127626,144.1010399842848
EK202310213244,144.80136560192764
EK202310137030,135.29853512724594
EK202310146412,129.88309361012787
EK202310173918,160.78147553168156
EK202310161898,170.37080714253278
EK202310106892,146.69035285900767
EK202310110349,139.5142101315142
EK202310209540,130.6760775984025
EK202310191336,140.30067358636077
EK202310114498,136.04733380705872
EK202310181006,168.3396081070926
EK202310212668,132.25675094436863
EK202310158230,156.9646138213755
EK202310004318,120.5512118439726
EK202310247144,142.76874797252225
EK202310107710,147.4435903684871
EK202310228147,132.30233286535994
EK202310143106,142.98036166544176
EK202310167345,135.52476383057947
EK202310208077,132.9152015341021
EK202320006983,145.606281408901
EK202310243790,139.84886959637177
EK202310126443,131.12323045303202
EK202310245699,132.56678644044322
EK202310194114,137.161851361639
EK202310195998,179.7017043412827
EK202310198935,140.46007953403114
EK202310164465,142.79939499251566
EK202310181559,140.27885586611498
EK202310194595,171.5280248567081
EK202310158381,140.53729463247433
EK202310155757,132.7644054488097
EK202310180220,153.79281271128627
EK202310179540,142.96463241015059
EK202310161312,142.2133586000942
EK202310185555,144.82006568762074
EK202310186696,138.2044535636556
EK202310161004,140.56610308962502
EK202310124318,126.12811705612563
EK202310162537,173.51138478622636
EK202310246753,142.12238110991547
EK202310225958,123.89492469347641
EK202310186853,152.1691841356919
EK202310171921,162.43713505353912
EK202310114970,131.2954029015044
EK202310215111,157.66654481657702
EK202310211062,153.29166622231688
EK202310189772,165.4835592042502
EK202310136766,137.72559475568764
EK202310126300,139.3731615961159
EK202310221810,138.7635652587242
EK202310204369,134.98998425511158
EK202310169470,174.91132949015025
EK202310189339,139.76378670953852
EK202310190063,174.55934863318876
EK202310220996,123.8806817516221
EK202310164885,136.64470543665996
EK202310191557,141.01803457696428
EK202310210576,132.3554206648524
EK202320006385,147.7519195664274
EK202310192386,138.59613419165146
EK202310129301,149.1173109985254
EK202310212266,139.083536227239
EK202310248678,130.49991878015595
EK202310121007,138.919321930459
EK202310158409,144.95558155943928
EK202310230262,170.2693957799138
EK202310105099,140.3631222517126
EK202310225197,127.99758906179504
EK202310141113,137.2490845674263
EK202310112350,140.5429408875485
EK202310220805,135.63992732258717
EK202310220038,131.10919412795587
EK202310153113,151.96949545146197
EK202320006647,182.16946960185277
EK202310145953,154.2854630614809
EK202310209351,135.2570683133728
EK202310202126,143.61288417822607
EK202310191102,141.9752251595874
EK202310127097,155.5662469958501
EK202310126540,133.00314143672628
EK202310202419,148.42544614000303
EK202310116857,136.03633328542753
EK202320006346,152.6158153983847
EK202310216539,141.92565599788728
EK202310224958,141.2867992251498
EK202310222877,154.81333935800487
EK202310104924,146.67825778730628
EK202310230930,137.88400025914834
EK202310176678,144.28006739284945
EK202310144934,131.55406744247526
EK202310148649,140.1336274442881
EK202310168500,166.21326316895914
EK202310150427,129.86512988548583
EK202310205648,140.1702724661759
EK202310159787,133.9922585859541
EK202310131529,143.8870156772353
EK202310173679,130.92117492250475
EK202310216340,134.09198808723824
EK202310113807,154.1684028471668
EK202310189797,139.45953408580917
EK202310172848,131.89523239467152
EK202320007206,144.65447546244081
EK202310183124,136.87048342685503
EK202310202871,173.80766369159988
EK202310195901,146.33987958043295
EK202310108242,138.78329959994366
EK202310209662,139.26733514254346
EK202310186506,146.4115941121254
EK202310241427,138.44468625715024
EK202310104646,156.2521737523777
EK202310110500,155.28120355363916
EK202310140229,126.56155350239608
EK202310197951,129.21280835211928
EK202310204251,134.01319878983182
EK202310218413,133.53181095597452
EK202310111117,162.12171657695254
EK202310153521,146.02072782386114
EK202310163012,153.12360445233514
EK202310238189,153.85916429486042
EK202310139597,148.38188355925035
EK202310239588,137.71480918962834
EK202310197135,138.7141708434211
EK202310105473,156.38681165243017
EK202310142438,153.39182191193677
EK202310238026,148.4982413796659
EK202310194838,153.34617063189796
EK202310218361,139.19751952279364
EK202310192741,149.36303657799394
EK202310193265,139.3018540777872
EK202310216986,134.17811497269088
EK202310230537,147.105388038013
EK202310119794,146.43766822582415
EK202310170043,141.29777576208335
EK202310108833,134.9760645609602
EK202310161240,155.94399670403573
EK202310234010,143.03908388305666
EK202310109182,137.3339666218911
EK202310230972,130.4739306423535
EK202310149335,146.1225777366075
EK202310107970,146.86306883622632
EK202310149458,148.23298236490893
EK202310144815,130.46538801214766
EK202310155738,144.3443502977425
EK202310204043,136.22985305077412
EK202310150762,132.55338669735883
EK202310177738,136.1908447976871
EK202310156587,139.81595967899918
EK202310157016,142.37793384740567
EK202310206235,145.16064034141786
EK202310220646,133.44718213378076
EK202310173733,141.24065889909275
EK202310245161,158.39495832474253
EK202310246615,146.0338910681871
EK202310107283,148.00478664481582
EK202310172948,140.1091915055701
EK202310223104,151.86495380795
EK202310137920,136.60296675736274
EK202310237485,138.80083569431184
EK202310185339,150.27407937770747
EK202310150373,138.50358336924015
EK202310181031,135.234984594164
EK202310246036,130.27890937951736
EK202310211321,129.2756017441257
EK202310166021,152.3262582529572
EK202310104995,134.68937389058485
EK202310154804,139.5541645642026
EK202310207957,141.34267431731232
EK202310115976,139.55152056518637
EK202310146527,157.1794857062486
EK202310241764,155.86066434498892
EK202310242749,154.07421609958897
EK202310174079,145.3373791811888
EK202310246052,134.92681982700267
EK202310224322,132.98364731624847
EK202310136529,117.50555523611713
EK202320005962,175.45669500669857
EK202310220450,132.2606819547009
EK202310212212,141.47676071148751
EK202310153182,141.2657603261712
EK202310105480,127.82606004800778
EK202310125339,134.68836770751616
EK202310237988,162.1107026123956
EK202310159218,140.13204689056712
EK202310178861,137.8286568329337
EK202310146447,135.38274045731242
EK202310242533,127.19453244675853
EK202310239148,147.61317057816922
EK202310206069,171.54462250381266
EK202310209438,136.30027047338766
EK202310203458,137.96407377467898
EK202310139769,132.41842557827619
EK202310192295,148.9869940913229
EK202310213849,157.1276213079108
EK202310117386,137.8278330552025
EK202310148126,145.86307965033598
EK202310141622,142.05367080813977
EK202310203974,157.4795968275081
EK202310124862,136.04812886188688
EK202310238082,141.4289001589205
EK202310131352,132.47884547040235
EK202310123750,161.49611719355178
EK202310165127,126.71243208550418
EK202310166390,160.66225349218874
EK202310245131,133.24060997649073
EK202310191228,163.80420995042863
EK202310218338,130.97536730389226
EK202310229880,136.0713122015
EK202310139618,141.52993393455324
EK202310166418,126.35647819203729
EK202310114847,143.28751695064753
EK202310129128,127.62186860994126
EK202310129085,134.3599357687975
EK202310208641,160.00726498199944
EK202310241385,160.73697854795876
EK202310231427,138.57072706520708
EK202310183819,152.3596160488121
EK202310103894,141.4927895165971
EK202310115562,143.1444320617121
EK202310153110,157.0773770110121
EK202310107637,141.01585894281672
EK202310003429,137.36271095568821
EK202310141699,140.78250262212075
EK202310200793,143.2763467351489
EK202310107984,149.71372263163974
EK202310113752,146.47174177750165
EK202310136157,133.46299337516103
EK202310207954,143.16778875635242
EK202310135579,150.97708955506653
EK202310166104,139.9112667181633
EK202310127366,165.0334704810128
EK202310121696,135.0172854882532
EK202310138993,139.8930920797943
EK202310207033,135.5308876056063
EK202310122660,134.67628332594998
EK202310132081,148.22219858034845
EK202310198420,130.88619778640413
EK202310144336,130.4683804001757
EK202310238656,161.27093565145114
EK202310230161,129.4005281101832
EK202310202206,150.1429609179081
EK202310213571,133.7446337774823
EK202310203092,148.23664154425197
EK202310194418,162.20210741144138
EK202310128430,165.31192218754813
EK202310225153,158.7182197465832
EK202310160344,130.12618866690326
EK202310130554,125.18275997254362
EK202310165569,171.53781523590584
EK202310199349,141.26532065160953
EK202310129160,173.72571571145087
EK202310169725,180.46981287685426
EK202310160348,158.5880021615115
EK202310126901,129.24858198160422
EK202310199923,141.38364793277927
EK202310214691,137.84155522199612
EK202310202989,182.91439217012586
EK202310117244,144.16728322978983
EK202310162223,145.40700578736826
EK202310178451,167.97852952065242
EK202310233563,134.86898616954383
EK202310109378,155.35761075220074
EK202310177478,145.02821833324765
EK202310109053,134.10242056016244
EK202310125187,137.96623278661787
EK202320005814,154.23180896013923
EK202310211630,137.4150685790738
EK202310156552,161.43901525159356
EK202310148023,160.98725598296284
EK202310166593,166.25699461933573
EK202310215548,150.78921348352478
EK202310111952,136.13842739992802
EK202310187710,139.76547450525635
EK202310157541,148.6051141596206
EK202310171275,160.90124705018343
EK202310113025,131.42668726191062
EK202310197258,166.4885944940898
EK202310112846,141.09594365287893
EK202310127206,140.98306590946956
EK202310115243,145.7721412845247
EK202310124158,135.84828057443806
EK202310145344,146.55397191860598
EK202310115574,139.5744100778903
EK202310157721,157.75646600204885
EK202310122313,133.110939102495
EK202310139139,186.82217629558826
EK202310225769,146.48837439146
EK202310238365,126.14726686612913
EK202310237637,137.753179201795
EK202310109616,154.40217661755887
EK202310133259,138.75303092120168
EK202310228157,144.24715661406938
EK202310198466,153.53880478184894
EK202310106809,145.12603328507132
EK202310165950,157.40047383375529
EK202310128641,150.89083106818975
EK202310148916,139.35437454600586
EK202310114147,150.90164333199957
EK202310232304,136.3989561032653
EK202310188415,129.63096588119285
EK202310232540,142.75231328391286
EK202310207576,134.24737097140695
EK202310231963,137.9406095897996
EK202310229805,143.4104081176415
EK202310161625,143.83125670150494
EK202310223364,142.74865104900948
EK202310145207,158.0620987808131
EK202310154942,144.62913913181507
EK202310177414,165.58063048569346
EK202310151135,153.89840811284182
EK202320005867,139.53026062023656
EK202310199483,136.3616649038829
EK202310193069,143.69910236544402
EK202310231001,125.73533295366553
EK202310153397,129.9761382427891
EK202320006411,142.03448423145338
EK202310178129,144.1016128284183
EK202310158178,133.59565634484528
EK202320006728,180.08281720946715
EK202310168603,149.4189000273518
EK202310188957,144.22088259398694
EK202310134962,156.58498004235145
EK202320006232,147.30894423031617
EK202310216197,143.39379301781528
EK202310205473,133.34945198605152
EK202310177138,136.52093062884563
EK202310003578,137.1592346371482
EK202310125915,137.95933886978204
EK202310163847,141.3966290831151
EK202310175723,142.5646343531983
EK202310167304,140.12151612537548
EK202310231580,130.72718198180038
EK202310224672,129.87375640621607
EK202310231849,166.60428729499964
EK202310118283,141.2692823804946
EK202310108021,140.29281207794975
EK202310244191,152.66792416300623
EK202310176446,158.3482596769173
EK202310153144,147.68998499483402
EK202310192762,144.42787543715704
EK202310155944,131.71348396386094
EK202310122042,135.79265333931147
EK202310139279,137.38190875747424
EK202310124333,131.6677452034128
EK202310222309,135.45932867390746
EK202310237489,138.6911428378451
EK202310225285,155.60650244088234
EK202310205925,150.47985650041198
EK202310146849,128.28285425847
EK202310155584,142.88551548600327
EK202310127840,143.75196865652666
EK202310159012,124.24983257580736
EK202310171367,134.52550004761298
EK202310179659,136.44342900593747
EK202310147533,147.52660234520226
EK202310134101,128.6845115662523
EK202310167244,150.8888311061957
EK202310134522,134.34933901757415
EK202310188890,156.0990262701358
EK202310152081,156.193513686416
EK202310168749,148.7630202931323
EK202310185345,137.80482360872384
EK202310212863,139.04028474522087
EK202310104615,132.08317826675258
EK202310188714,133.08170344834667
EK202310148084,142.23184654085398
EK202310211875,150.63268413781532
EK202310134441,159.67061458013754
EK202310187368,139.8289583633113
EK202310142139,131.26729654050632
EK202310216736,164.64838846535537
EK202310148523,133.8305344562854
EK202310177638,138.8023691899237
EK202310191439,157.66237757774914
EK202310184957,156.97806918118624
EK202310229730,131.35367421752576
EK202310171653,141.6018420783503
EK202310119614,144.1377118219599
EK202310193277,136.45449409791107
EK202310221106,134.46560679066098
EK202310196517,138.9644129669797
EK202310186815,159.94142727928138
EK202310118791,142.8849734070893
EK202310236202,137.87319453866553
EK202310121642,154.8931892223797
EK202310228637,130.9853193824674
EK202310171042,160.81289055600982
EK202310218012,133.08473315415316
EK202310238955,135.41294986078915
EK202310169993,171.12403108993314
EK202310227859,137.92978557783547
EK202310175628,141.61862420712447
EK202310225536,132.07225532156454
EK202310194964,143.09164203140512
EK202310170946,123.19868688476022
EK202310201972,135.0092055741953
EK202310204049,138.6245730639123
EK202310238497,143.9286064294529
EK202310231256,135.72434293248423
EK202310231579,127.77254488671839
EK202310174311,136.56839919143349
EK202310192651,135.10142055890265
EK202310114496,141.80911874273636
EK202310230770,127.18513118763909
EK202310242388,139.75052515673877
EK202310114424,139.09502069683808
EK202310166798,156.2575470648912
EK202310246359,133.1235171520021
EK202310165038,130.80732036043162
EK202310197955,139.37739034558888
EK202310121307,163.5175426897395
EK202310151932,143.4890704308295
EK202310242488,137.98094266295766
EK202310105346,149.86537000087452
EK202310133118,141.95508799821795
EK202310125218,133.8066088142177
EK202310104440,136.28557377931648
EK202310238581,149.55763466402112
EK202310128830,134.87791069588988
EK202310111289,135.56790995122265
EK202310218154,146.50699551135997
EK202310184481,156.66896563127435
EK202310151857,134.12114754294743
EK202310107393,138.07236183433477
EK202310150289,157.5832362793237
EK202310113235,145.9725008501317
EK202310154628,157.28929352534033
EK202310183234,134.30595944124767
EK202310193060,138.2470973314373
EK202310142940,132.2549262128131
EK202310177291,144.70208546509693
EK202310214941,138.50552048001472
EK202310123810,151.67237214622597
EK202310234861,140.24902416788575
EK202310166088,163.81296595235605
EK202310175230,125.91455897390436
EK202310173351,148.9511422982924
EK202310246599,138.0737463856599
EK202310121468,134.41780613436282
EK202310115870,132.11671855099746
EK202310122689,136.14534437945258
EK202310104457,138.09465152213568
EK202310239958,144.18559411576962
EK202310108834,131.83046415696552
EK202310242150,135.00003542889272
EK202310127460,139.10059416685294
EK202310150161,134.8305614874855
EK202310220593,132.8691075284901
EK202310208892,155.07080771297072
EK202310116640,151.3972709410229
EK202310228102,132.98625349908198
EK202310178599,136.06768155556472
EK202310211615,135.7270669679545
EK202310208762,148.26290430104083
EK202310118517,142.1589197432809
EK202310187114,137.98784796228762
EK202310119172,141.60560547738518
EK202310131645,143.05685730084286
EK202310106254,137.02141771448618
EK202310132336,126.96546263208671
EK202310226404,145.67311354774913
EK202310196510,142.9037169168548
EK202310116508,134.64581801994268
EK202310188534,161.46408867447857
EK202310177793,131.96768215996013
EK202310206591,146.6526657128817
EK202310192097,137.29116554528935
EK202310119525,130.80735282372314
EK202310168918,141.12167218600746
EK202310004052,157.22414209687773
EK202310155004,123.1721957864235
EK202310113224,124.76170947221948
EK202310168827,140.9592951294413
EK202310151452,146.6387595214532
EK202310233171,150.63225653868204
EK202310189316,128.15122793676863
EK202310165015,130.32532678488292
EK202310191520,132.2132777447138
EK202310154021,148.72853586470737
EK202310142035,139.1362524108156
EK202310136677,140.56518146876365
EK202310193692,152.369549839044
EK202310217638,129.70370738303
EK202310152626,162.95607044919245
EK202310130527,139.2073325934053
EK202310219621,129.26999899481564
EK202310117231,141.50482956588598
EK202310184541,150.8681478612456
EK202310123337,141.93076535726402
EK202310004825,158.0317681656196
EK202310004105,135.63966937769516
EK202310222141,135.3539568959924
EK202310223687,125.37571982966557
EK202310004753,128.20406966196373
EK202310138231,129.93950252179678
EK202310230297,153.88778843536258
EK202310123109,131.39434015535738
EK202310118394,136.17695199392804
EK202310236285,147.26623921065482
EK202310142984,140.54413570386967
EK202310228922,134.7214450293753
EK202310180656,163.9958438376743
EK202310198343,133.10365963598443
EK202310213613,140.67482266286302
EK202310143759,143.9320810481492
EK202310243098,142.95330150615987
EK202310140826,151.1666857854275
EK202310219432,130.2085031376942
EK202310235984,134.62682268036485
EK202310112132,151.84369233249018
EK202310207139,178.86563628049709
EK202310123515,130.99328714711046
EK202310147539,143.20381054694366
EK202310201614,161.28400159180023
EK202310242651,144.60086873865427
EK202310116831,143.66559748907738
EK202310142528,160.83064592653056
EK202310158275,127.94570474945445
EK202310119240,139.93285863016175
EK202310189798,135.67176999973353
EK202310140182,127.998928495311
EK202310104020,127.56850988303378
EK202310144562,167.6340913319822
EK202310211897,136.77794080488877
EK202310209649,156.99697610528452
EK202310224584,139.3778792997402
EK202310149915,171.0339115827952
EK202310205659,138.17806497725405
EK202310150345,145.54099826898326
EK202310228952,131.65531509301354
EK202310126648,137.4050206227506
EK202310243579,137.2657493020767
EK202310164006,144.83943701642008
EK202310108668,138.0516670955646
EK202310137775,135.1540826828181
EK202310233150,128.67985759880594
EK202310152386,150.56697045234048
EK202310166882,139.0970381038174
EK202310231895,141.257455402054
EK202310170539,158.0647861538829
EK202310115226,129.2194481905215
EK202310214376,151.48531804762922
EK202310137712,130.87723288648164
EK202310186209,136.59484357148008
EK202310205015,143.5275567689667
EK202310106040,133.6742832012675
EK202310170557,157.63428026219475
EK202310201318,147.06768241009587
EK202310230025,133.74714055446395
EK202310112264,138.07373657533606
EK202310187559,170.04573550455677
EK202310126729,148.97482472668304
EK202310208910,139.23224159489968
EK202310131942,130.75813374273883
EK202310154020,150.8983721634043
EK202310245865,137.33029545416127
EK202310192165,146.4830843963699
EK202310172699,138.67878401170202
EK202310157236,158.34608073859684
EK202310131791,149.4070257180397
EK202310200367,142.7011526801875
EK202310152638,137.1006718527709
EK202310229854,142.08396851520592
EK202310176423,142.93125934257668
EK202310229737,137.32708555012616
EK202310203806,135.95829574228776
EK202310115409,125.20494189751413
EK202310118234,139.13659969609506
EK202310140636,164.09378521249772
EK202310240942,139.27078298391842
EK202310197687,165.36170189121728
EK202310124485,145.52265461986343
EK202310144257,145.85267996677007
EK202310218871,131.5870809571218
EK202310210772,134.0057928999196
EK202310195971,184.32758564031192
EK202310135577,142.28559192086234
EK202310203323,141.34063972135576
EK202310128855,118.38668350635093
EK202310209533,144.799258953145
EK202310174860,151.75399279834306
EK202310132988,137.24220569049032
EK202310210555,130.5643283183402
EK202310229724,140.75519041415527
EK202310159406,153.15540517782512
EK202310206212,133.05507489517402
EK202310105258,145.9084761434296
EK202310197230,180.82666408706172
EK202310146776,131.03475288152072
EK202310171620,127.22870521061824
EK202310241357,144.49307423390093
EK202310138908,131.59172705057753
EK202310144141,160.2700729941135
EK202310183530,152.07596444977673
EK202310241996,136.01603139027415
EK202310143198,139.00796427161262
EK202310240754,143.55178545529841
EK202310120793,149.80488292377856
EK202310152995,155.15471119755287
EK202310168076,134.350618154299
EK202310194434,155.55378172732296
EK202310231667,143.6132046535699
EK202310117230,136.05828384850793
EK202310188291,131.83579720520154
EK202310149424,155.43919742015427
EK202310128832,136.83917794786217
EK202310196168,158.8742756181027
EK202310197883,174.99040350443696
EK202310138276,157.34074394111767
EK202310170757,131.12639750600798
EK202310191340,138.40093040692997
EK202310145811,146.8688350119366
EK202310227194,141.05762520844593
EK202310111485,134.55539108951794
EK202310157083,171.05888068410766
EK202310171852,150.11413938741694
EK202310207366,136.51323359659963
EK202310145654,140.733248104174
EK202310108850,137.71916893364585
EK202310231758,138.7892274720456
EK202310144301,142.7875030132415
EK202310201304,136.32874264931624
EK202310178159,145.62674039239823
EK202310239482,148.79951645689624
EK202310144262,140.93223597164754
EK202310143929,132.36090835769215
EK202310235952,125.88262231203623
EK202310183241,146.78671216630377
EK202310189101,170.38550046600895
EK202310171584,131.04901795414798
EK202310131328,132.78590038327437
EK202310226641,134.73922609976137
EK202310166552,137.83687784423142
EK202310196910,142.72416348085207
EK202310166692,132.00821281754475
EK202310184651,170.41252397500185
EK202310194347,145.4611856155644
EK202310208716,136.92465389380087
EK202310187760,146.53074584154572
EK202310243524,147.12684265244764
EK202310155787,132.40232299449468
EK202310114204,156.45054701199837
EK202310160396,146.026358116878
EK202310172512,165.2496807154728
EK202310157332,145.06060183639218
EK202310209704,132.9000098512322
EK202310154943,146.41679315948682
EK202310189036,138.37351819737827
EK202310133173,139.0877836759693
EK202310130199,165.306518002339
EK202310182622,154.6773628758232
EK202310167778,164.07913383396286
EK202310163301,140.8215239840877
EK202310184220,143.05016429228078
EK202310172679,148.00616087059132
EK202310171532,140.3422518199839
EK202310200942,147.00568574516524
EK202310141847,152.01761445008694
EK202310122343,139.5479040513523
EK202310174760,147.25340055682133
EK202310225953,133.46562185663294
EK202310159867,151.1547634454901
EK202310174529,157.18441942168056
EK202310239197,133.91350346397758
EK202310142275,134.921344047842
EK202310235069,144.29859182818487
EK202310173910,140.2323744048136
EK202310155908,160.3029950883306
EK202310221001,134.16587832836709
EK202310113086,140.1425131456445
EK202310200755,161.56921801958774
EK202310152545,161.64886210212669
EK202310185434,163.4416065341813
EK202310110043,142.12531064668812
EK202310116474,141.83425544611237
EK202310203902,142.58745746571478
EK202310157771,153.0704901273264
EK202310209652,159.15767366550327
EK202310115313,131.24773851387073
EK202310149967,150.79404506612377
EK202310226488,135.26590951443524
EK202310004820,146.53450540074937
EK202310240136,143.13870107019474
EK202310201496,150.08088659614452
EK202310224644,138.28110634534247
EK202310168634,130.21727153461046
EK202310120438,140.91798121829524
EK202310104992,128.91774340322078
EK202310152772,140.6797836596701
EK202310189045,133.3390135079633
EK202310180854,142.3182541716767
EK202310162939,157.3142672465895
EK202310202787,155.47638705319144
EK202310132425,130.92380617430055
EK202310106638,138.95972470003807
EK202310130488,164.29445837330118
EK202310216320,160.91944670150625
EK202310174034,146.98796917603568
EK202310167069,152.50584378317973
EK202310119791,139.12516046043245
EK202310191561,149.52279946981287
EK202310141924,146.24691034239538
EK202310155116,138.77990658308
EK202310194530,143.50680259551945
EK202310148342,153.39255514178734
EK202310115218,131.21909366731578
EK202310208496,129.3399115885723
EK202310242665,138.91864288939203
EK202310247657,142.21945400172902
EK202310228469,135.26526688673667
EK202310233886,151.61910585155562
EK202310169400,154.7283189119242
EK202310161344,147.55536339993654
EK202310236712,128.48403407552286
EK202310118866,155.90834515197707
EK202310221584,143.37459056006892
EK202310107825,143.95327723680853
EK202310110196,134.35798566178408
EK202310159979,151.04425043687004
EK202310195875,145.29373567861774
EK202310163166,145.62193310075477
EK202310206462,139.92195450707322
EK202310109481,129.41134544639849
EK202310245477,128.28593537334206
EK202310129738,165.91833935030405
EK202320005730,167.95248341857948
EK202310104244,149.51278399681505
EK202310227658,129.66537626780308
EK202310227290,164.98941824987878
EK202310201250,144.55232741036843
EK202310170654,144.87524025642108
EK202310225211,145.9365449915995
EK202310181404,140.5778948082887
EK202310175856,138.2647642193812
EK202310167250,142.80022922494615
EK202310225198,132.07666535747416
EK202310247108,145.27724297756143
EK202310228244,135.71124755828288
EK202310206266,139.7633371427974
EK202310215876,128.57134457811912
EK202310130596,134.49489937444852
EK202310224249,126.49960461852108
EK202310154491,131.12165697459434
EK202310233669,144.23358970426833
EK202310111293,135.05689423536563
EK202310120077,129.08431667178905
EK202310190354,133.11637854491863
EK202310180848,140.60151308512053
EK202310206991,135.51086588339913
EK202310127954,135.34926602572082
EK202310125079,132.7540993385987
EK202310211424,137.6156394905011
EK202310134279,134.76442945165203
EK202310206851,133.73269247862228
EK202310164397,140.9547102207933
EK202310235148,141.53750154684738
EK202310190060,191.65419880854355
EK202310240587,131.95500399308355
EK202310234152,128.19218834055334
EK202310161209,171.50059059570543
EK202310187254,132.47180306547233
EK202310219785,154.5241401386608
EK202310160063,156.87326530358453
EK202310225782,162.5202252428767
EK202310166126,136.68050750415242
EK202310104397,147.36174439533357
EK202310195068,130.60152900838597
EK202310148964,154.76047459527896
EK202310105544,129.1046018487118
EK202310190157,131.26014551249594
EK202310177029,131.8865668564966
EK202310134822,161.02156101758288
EK202310188505,147.27054106045625
EK202310131430,155.56779833142625
EK202310197663,151.949743383765
EK202310150719,151.86982775613035
EK202310004834,140.51464300988013
EK202310200921,142.30639939151177
EK202320005684,146.0617709524523
EK202310179009,120.88462386330598
EK202310248177,138.22998495540938
EK202310132766,140.07108401907553
EK202310237026,147.5554049219338
EK202310193021,132.0933720904554
EK202310190757,137.03703017322687
EK202310173200,127.12279064273241
EK202310219771,140.7007898718643
EK202310109597,149.78260381866028
EK202310206771,145.59990587715376
EK202310127671,158.71633639533147
EK202310167676,136.96430770750962
EK202310232944,132.19707213960962
EK202310168061,157.84376791609577
EK202310105714,135.6980568087641
EK202310147632,157.81207464608178
EK202310244606,150.03831448662675
EK202310118560,137.41892903381864
EK202310194271,132.67527340693334
EK202310142720,160.5905798087185
EK202310166900,178.4475099966042
EK202310164794,157.3669028983845
EK202310115042,146.4440850513242
EK202310174373,132.8637831658011
EK202310214507,163.7838780959379
EK202310223225,140.2823360017927
EK202310107151,134.64673067967803
EK202310189175,179.53845919978514
EK202310161808,129.95057006437338
EK202310121994,148.89523448321
EK202310219449,129.3674947572523
EK202310136206,127.02039446604469
EK202310111739,141.9602789036918
EK202310229388,137.57044481701024
EK202310224978,133.22999101809555
EK202310149730,126.62699557993055
EK202310163504,138.87425852618705
EK202310156148,135.68854260062776
EK202310150249,134.14440862622155
EK202310224329,136.85615366309912
EK202310147011,148.6672169496356
EK202310192326,136.27407086082079
EK202310245006,137.39570450864386
EK202310224053,137.2282594473618
EK202310228581,132.65471293602408
EK202310113047,132.46712198213942
EK202310149808,162.51936241231533
EK202310175027,130.71699653289298
EK202310234758,133.79337068985902
EK202310175412,142.13504947618827
EK202310132176,150.5507537060696
EK202310205739,144.2151209590374
EK202310153994,127.32376481695795
EK202310200714,147.41211056237228
EK202310247869,142.90966329192747
EK202310186589,137.40695498934602
EK202310145135,155.04465471576927
EK202310193164,184.62267949131842
EK202310222960,137.01260909709893
EK202310116552,138.33500104475348
EK202310123971,169.82940587718866
EK202310113406,156.51951859934945
EK202310234777,142.28113394064385
EK202310109531,132.61675761245846
EK202310186502,144.4340246544153
EK202310190436,147.2652563047861
EK202310198804,178.6244564721923
EK202310188371,158.99855770731867
EK202310189870,167.4521297814177
EK202310179411,142.3010654396198
EK202310233363,132.63878582184842
EK202310104971,134.82223334997275
EK202310191357,136.69247089506666
EK202310172762,149.54215981030177
EK202310199936,137.82723946247305
EK202310153452,137.9834215299574
EK202310160325,150.45463423714543
EK202310240026,126.7574503906807
EK202310134117,127.25991361889409
EK202310214971,130.53414178277671
EK202310210492,137.54450770968322
EK202310200943,152.79660264016056
EK202310233114,136.02302350241274
EK202310209755,138.80871370565282
EK202310114040,137.16497403610308
EK202310231262,136.76919947787556
EK202310196982,157.5222431348015
EK202310168935,167.961115043447
EK202310209663,137.8464122697426
EK202310171963,166.11055333804072
EK202310128429,156.68033990393062
EK202310243988,132.4467235652319
EK202310131432,134.31772710122496
EK202310170157,156.53229683586616
EK202310135062,171.82936891083227
EK202310180073,162.82599464046535
EK202310154392,168.86169564950612
EK202310211600,136.9548097670179
EK202310221370,156.01776836399208
EK202310135902,132.45086178298666
EK202310248071,141.12644223451358
EK202310140056,148.72159916156505
EK202310113087,160.34577662227773
EK202310140280,160.47299936059846
EK202310231029,144.28873629422802
EK202310003876,134.34990021226952
EK202310110872,145.04400359015224
EK202310110803,141.2173229528642
EK202310234005,141.49311565679298
EK202310195582,135.33076567508826
EK202310216699,128.71551881747362
EK202310161870,142.13336201223055
EK202310207634,145.9076476434875
EK202310154729,134.4034854308583
EK202310119219,142.8317917677313
EK202310216260,136.82962173221006
EK202310241741,142.6842203089087
EK202310127099,131.43736734791207
EK202310142543,164.0948161679325
EK202310159437,139.1889268204929
EK202310139226,135.47023561920875
EK202310145866,131.4024184176659
EK202310240067,147.26744261163938
EK202310242685,135.27710930525768
EK202310158289,143.0687748805637
EK202310145943,143.12030515374536
EK202310196762,151.10345235069025
EK202310141743,174.19268182186786
EK202310222881,137.35434922332803
EK202310170624,120.3694875478122
EK202310139072,146.67595244585138
EK202310168507,137.07681862608342
EK202310141768,148.99184390702328
EK202310111130,125.20849080739619
EK202310217027,144.5780504933719
EK202310224945,152.20116090203362
EK202310188108,145.11018720303557
EK202310200577,184.21975994232628
EK202310152955,155.43720976973694
EK202310184966,143.1807692834522
EK202310133181,132.59923017189777
EK202310209985,128.3743800827292
EK202310195572,135.06311572271284
EK202310199966,131.998290438344
EK202310109052,144.28929740326427
EK202310173422,142.66056212761944
EK202310216493,144.9955117626945
EK202310234480,145.65158926202895
EK202310239882,140.70710884512218
EK202310151506,175.9302559406832
EK202310231481,134.67129154261886
EK202310173660,130.01229692479697
EK202310124885,127.43183746584134
EK202310226112,136.61788930222426
EK202310169770,168.76409260113599
EK202310112146,153.39518630615132
EK202310126447,135.76361910287403
EK202310197865,141.633985193193
EK202310144993,136.14898153375177
EK202320007830,137.9681043755495
EK202310134803,140.24252058080222
EK202310247257,143.42114964228662
EK202310189213,176.89291215219285
EK202310163523,138.86748959475847
EK202310177884,138.74822188202856
EK202310168374,140.94682753295152
EK202310181460,143.37508125844346
EK202310164324,133.62011700144217
EK202320006373,148.20942805873818
EK202310240516,155.71251608629996
EK202310106433,155.7465336395357
EK202310104794,128.29253769075206
EK202310179826,139.33941508200812
EK202310220482,131.60841707773918
EK202310144501,170.78426500961172
EK202310236116,159.4669178374427
EK202310143566,130.5919118232449
EK202310244286,136.9140247992052
EK202310117364,136.21479699503257
EK202310182812,143.32160506573706
EK202310165290,150.71469753107178
EK202310175655,152.8585180549005
EK202310191765,137.12619886380187
EK202310175575,133.02227223509595
EK202310190556,132.18847577999227
EK202310109849,125.89328700569675
EK202310125361,141.23604362500126
EK202310117657,128.25081289564696
EK202310166741,145.4314695888314
EK202310152997,145.35527103716535
EK202310197388,179.21961587649884
EK202310131984,147.92330551194829
EK202310219422,126.83261322202671
EK202310121522,127.97295368657042
EK202310175245,141.70976290142232
EK202310195205,153.39912019242706
EK202310108650,132.17144918771967
EK202310181782,152.39417482834813
EK202310115038,156.0646807083455
EK202310158797,131.2434650282967
EK202310170666,161.44258079726777
EK202310168966,129.5091425728975
EK202310214825,170.21922669341328
EK202310120494,137.81870684115583
EK202310220603,144.2358974240213
EK202310225685,128.09376825185564
EK202310223164,133.3286778929868
EK202310162099,136.86150440911908
EK202310181378,152.71482881285664
EK202310206274,161.20188225939089
EK202310245110,124.7174026770652
EK202310149953,158.77105698196655
EK202310200512,135.33242423353187
EK202310195166,128.7118229150434
EK202310181696,150.3987954817584
EK202310246293,131.11776873679133
EK202310112958,136.99802176528223
EK202310144239,133.71419031195006
EK202310112531,135.37740849678565
EK202310215394,162.4347792455175
EK202310214916,144.49643974078668
EK202310135655,148.73510942002954
EK202310234936,131.0341168884129
EK202310216594,142.29124765459107
EK202310221025,135.5859365739967
EK202310111609,142.39899097616097
EK202310213129,143.47649437536722
EK202310117137,139.50949444660694
EK202310239490,131.87960366320283
EK202310157671,136.7091869192558
EK202310188165,135.0014810631186
EK202310134859,129.52009988254144
EK202310183908,160.49406220957906
EK202310147406,144.62911590570837
EK202310175129,127.80381561701867
EK202310164780,146.24908840830963
EK202310227743,133.3623622083283
EK202310120706,162.2509824246563
EK202310118366,141.58069014218117
EK202310106692,142.02979434080027
EK202310190791,154.13828736517092
EK202310208607,150.31459592986084
EK202310170692,150.06842219762711
EK202310225887,148.49090116718816
EK202310182352,129.69278779477233
EK202310185880,135.47434561853174
EK202310178297,149.92356107237
EK202310195149,151.0489565766381
EK202310231610,139.3577863298067
EK202310137276,124.85858487187895
EK202310184484,154.9192141860221
EK202310121199,136.1056672333158
EK202310125536,137.71609767548563
EK202310213706,145.85356306316575
EK202310135204,159.5639308279594
EK202310247699,136.53922535910152
EK202310217787,128.75467844534495
EK202310182191,153.6955582341597
EK202310198529,145.65223808330185
EK202310220299,139.42176616660865
EK202310188677,136.8082975823027
EK202310232253,132.92994558777
EK202310164691,151.6239706751346
EK202310103832,131.03445149273077
EK202310149722,145.0124992102329
EK202310198859,156.0203072133957
EK202310234749,137.48054111784808
EK202310104566,137.84228801901386
EK202310211383,150.21086691284282
EK202310170287,131.69754852618
EK202310150824,146.84061936306605
EK202310171304,132.64684515964152
EK202310193205,166.81145259753296
EK202320006114,158.5345720027215
EK202310135524,131.16969336412183
EK202310192025,136.03990555008042
EK202310170020,164.79411370810536
EK202310198095,154.88446249488388
EK202310105801,145.45997009825066
EK202310177479,145.04439866414535
EK202310108455,141.03117256515637
EK202310165998,127.12803823775496
EK202310122714,134.87490797299716
EK202310164202,145.98532133810892
EK202310226026,136.73832838123172
EK202310223682,143.75478441502312
EK202310116148,137.41429195451747
EK202310210129,143.38405328983984
EK202310242087,147.08392344493814
EK202310116328,139.6324609864033
EK202310217261,164.07187827490478
EK202310106484,147.42859129056933
EK202310157473,134.4940213598952
EK202310198511,130.95950235868895
EK202310217751,132.74366447753135
EK202310168432,156.5234639949388
EK202310151251,144.39164010358414
EK202310120767,133.4981834044803
EK202310127801,142.97832893063517
EK202310118354,136.07747980366608
EK202310209195,143.28392190342458
EK202310172035,131.40128389106454
EK202310114626,139.8347966552959
EK202310144629,149.86457917874137
EK202310185061,153.72076871648113
EK202310174592,135.9454284206836
EK202310164708,172.90146550232865
EK202310149304,143.64363278646914
EK202310170289,135.35383024026424
EK202310213861,153.6216707522106
EK202310126098,133.50184557076932
EK202310133915,139.69052111987867
EK202310148594,120.43530435966078
EK202310116687,138.3697787771389
EK202310171866,132.26005953959296
EK202310147735,132.2751184398251
EK202310105679,161.50601431199823
EK202310248635,137.99671262097598
EK202310139369,138.40263594966376
EK202310105974,159.17931152814634
EK202310104978,133.0138285401128
EK202310174467,138.2190406799411
EK202310124199,125.01943575570645
EK202310135676,137.40673574089627
EK202310146763,132.26246662518108
EK202310205937,132.13206495592198
EK202310135445,151.66849551267035
EK202310109193,122.39484153078726
EK202310161169,177.86513578242398
EK202310204092,142.4899712031097
EK202310202680,141.33744127662843
EK202310172794,144.068557241397
EK202310217791,132.7342012540822
EK202310158468,148.72413024922375
EK202310149937,148.5308249084924
EK202310166789,137.03971268812845
EK202310159167,149.30306755177148
EK202310125029,137.07854332537644
EK202310203531,140.9007039901061
EK202310181665,125.1542828419347
EK202310142148,142.5991173262084
EK202310166843,158.81192819705151
EK202310161022,134.25280194524535
EK202310118997,140.47351929931142
EK202310239449,136.92589537680203
EK202310210440,142.80323391817234
EK202310205614,135.32360000572743
EK202310179227,142.36263956350888
EK202310143023,127.4862528585752
EK202310178605,141.3128426357224
EK202310151926,157.28766621253087
EK202310205156,190.96307519584516
EK202310227477,149.2233132605473
EK202310118582,139.38933500875456
EK202310145669,143.65259887559856
EK202310181578,157.87733262028686
EK202310193806,165.83540869185495
EK202310233863,141.8426470162475
EK202310111982,130.47614477724235
EK202310228092,151.08696050386655
EK202310117791,124.75607340731379
EK202310174095,142.8367116496524
EK202310199167,132.49145405236897
EK202310147864,148.8088609327315
EK202310136545,132.2004830813565
EK202310004781,128.1353538160974
EK202310110648,130.4762159183527
EK202310187608,144.99806344946865
EK202310212121,132.8113891485776
EK202310200654,151.77777161031656
EK202310110670,127.86539416667671
EK202310148332,147.34614640289055
EK202310198602,134.34287623909154
EK202310162570,149.56097884914533
EK202310105840,141.87798689863325
EK202310216931,140.29564501427558
EK202310152841,177.3368372524758
EK202310107705,148.09868654837956
EK202310178316,147.22019200776523
EK202310147750,126.81174333294484
EK202310110434,127.64707944239815
EK202310219134,128.47831180412376
EK202310207502,134.69028362011184
EK202310137524,161.85938874741478
EK202310237806,130.27299633842924
EK202310248546,136.76576504435138
EK202310246510,148.3251062777502
EK202310215312,150.36312597772618
EK202310135935,124.32913623444426
EK202310246337,129.04310209213472
EK202310133292,144.2190661616739
EK202310208105,134.6682950198109
EK202310221927,158.5091743657605
EK202310185220,144.03715319162504
EK202310195012,160.97332375298726
EK202310220382,136.964918308875
EK202310228071,130.54460456298872
EK202310139303,160.6911706345069
EK202310146446,138.35062006990344
EK202310113629,146.8530921729758
EK202310121125,136.85382555330042
EK202310179172,154.1066505521002
EK202310135030,173.85772115502806
EK202310154871,154.45610729639654
EK202310104446,135.49800038970474
EK202310112990,147.5710482288012
EK202310189753,149.4461656895596
EK202310239147,133.89578152540128
EK202310170148,166.72972128911567
EK202310227849,164.28553091973993
EK202310206204,140.10405352272153
EK202310160122,133.7868820734424
EK202310131964,137.89601287050294
EK202310111949,135.87481462195404
EK202310122396,116.44057030546267
EK202310187780,140.06809364392768
EK202310205438,136.1804650120731
EK202310153038,161.18201493310175
EK202310152163,156.37156004204573
EK202310192310,130.0357846738791
EK202310174795,149.88974774496472
EK202310193009,142.56697266510784
EK202310150434,140.2954447309613
EK202310118338,131.5472872189133
EK202310197441,184.6242451252924
EK202310142091,151.95806076110665
EK202310117239,135.1963936497626
EK202310179745,141.99191985605725
EK202310219687,131.07306008249915
EK202310176027,149.7886416893695
EK202310104893,137.30879076825832
EK202310227192,139.064949335032
EK202310146856,145.611310613139
EK202310107173,130.32606087219662
EK202310211813,135.03171824869727
EK202310188253,135.91725408917577
EK202310233335,131.41544689703167
EK202310217329,154.70760869427184
EK202310155219,139.22778362107286
EK202310157321,151.71065671646176
EK202310153713,147.83714632259304
EK202310120830,159.28170805358127
EK202310229321,151.75218688374488
EK202310130365,152.53690255607088
EK202310202308,169.0527475782738
EK202310203388,187.07102400953661
EK202310185835,133.39833214664395
EK202310188805,181.80777216777588
EK202310159594,161.92842275422916
EK202310147573,130.29104674264968
EK202310190109,177.1854669530833
EK202310180140,154.75524660721115
EK202310149775,151.22669888214403
EK202310238274,153.24327351169387
EK202310242923,132.93855204820514
EK202310107321,130.74027454028104
EK202310204141,124.86788540178549
EK202310219133,134.41321112719402
EK202310139067,163.2069291083569
EK202310140520,134.1633514229528
EK202310248527,138.2173124293917
EK202310003682,131.799452207419
EK202310162432,159.33005569075613
EK202310179950,168.17424561473663
EK202310240868,135.4413393552481
EK202310116267,156.4461924976997
EK202310221765,131.6796795688954
EK202310173563,139.22305652939252
EK202310143455,115.92700561865641
EK202310207343,138.42197611135484
EK202310217689,126.41881188477001
EK202310146102,129.0176952261209
EK202310168973,130.35306140199197
EK202310222519,130.9845907470342
EK202310129680,137.765630247957
EK202310178200,147.91863720307262
EK202310170870,137.81617331552604
EK202310126872,157.39501761501677
EK202310148891,158.2743312970266
EK202310173852,140.53472421872576
EK202310125523,134.77179130158038
EK202310159491,153.86978156701204
EK202310157366,137.29419799613098
EK202310178992,142.01320618588045
EK202310143866,146.47564086827924
EK202310152326,149.92021388025313
EK202310202864,175.47606482455015
EK202310218888,146.8699960746535
EK202310209358,125.00319567652257
EK202310227775,155.50134527316308
EK202310186270,158.98772166225402
EK202310203414,150.85721179332393
EK202310225866,146.32028445667513
EK202310234055,136.65126392803836
EK202310129825,169.18881022804507
EK202310209772,152.08772874142872
EK202310182146,159.65157437698545
EK202310180456,147.1405731358061
EK202310182353,145.04823564827404
EK202310199926,129.85331046702976
EK202310226078,138.66519480446584
EK202310212125,141.30610620338956
EK202310149668,164.7169657863422
EK202310234903,136.49783164267257
EK202310205875,134.2294788384381
EK202310157799,145.37664060190386
EK202310211749,131.36678060655314
EK202310224314,163.1250758136877
EK202310124274,131.19953051249735
EK202310127800,154.0609513922572
EK202310238415,141.41277687693548
EK202310229891,147.93806972835569
EK202310145946,140.3512322572523
EK202310181109,157.0372397913838
EK202310147129,146.75577382955595
EK202310178177,161.48820693045613
EK202310113395,151.8725427534479
EK202310217919,154.27766125836044
EK202310154751,146.9532377395831
EK202310130965,150.43788424384647
EK202310190874,155.38350711415808
EK202310195521,138.9392111315768
EK202310201613,147.6081038745532
EK202310214697,143.8506777035046
EK202310191560,152.4911147685696
EK202310121406,136.23182491902637
EK202310114089,136.05074044388888
EK202310159340,127.29293554891909
EK202310113700,150.06029996986032
EK202310126654,128.83801928102264
EK202310144476,132.0947905674232
EK202310131321,133.1369155450615
EK202310187814,133.7291324347119
EK202310220881,132.88374542268156
EK202310189638,176.98037283348168
EK202310178407,150.1268038153808
EK202310180651,158.4215893577855
EK202310239749,124.65018930442156
EK202310171046,139.80974576460665
EK202310164907,136.45222738874455
EK202310147112,158.82002635825347
EK202310181779,138.3023788767446
EK202310177716,151.93746591463494
EK202310211440,139.95462113788952
EK202310205701,154.09246373666434
EK202310116151,114.29800133408551
EK202310183859,163.26583378978472
EK202310135998,151.13389669063253
EK202310201975,133.84096334953006
EK202310170925,131.21683810075714
EK202310104593,130.36014406516816
EK202310110432,132.2629308242917
EK202310129862,144.33813545804054
EK202310189525,152.4511767006068
EK202310111229,142.77210436296153
EK202310188865,137.59543898025257
EK202310146283,135.58222013633866
EK202310178823,167.8741605026562
EK202310147049,149.15665229741649
EK202310221900,134.4535707008323
EK202310182664,160.76462947082757
EK202310115895,133.78009255782183
EK202310137882,135.8503504484744
EK202310142987,148.36617732221282
EK202310230693,132.72504583401528
EK202310105910,127.59670590853293
EK202310176888,138.34965963614493
EK202310179407,146.83933655021465
EK202310113511,135.79455988773793
EK202310226410,134.82250915890154
EK202310194828,160.06766864705764
EK202310209526,156.8269246777412
EK202310232266,131.36403330232287
EK202310190901,142.55365346303822
EK202310120320,148.37501114706092
EK202310109391,141.6806189161006
EK202310126276,136.77531625492216
EK202310223714,127.90960228816047
EK202310211517,149.0990621994731
EK202310110636,122.56430560592106
EK202310235623,124.4561109110274
EK202310186004,142.98247777988345
EK202310004261,128.69403008800958
EK202310193375,159.73006957426082
EK202310218449,124.04742496943734
EK202310179058,144.91607031209978
EK202310133795,131.44681579311515
EK202310164408,141.26320379552456
EK202310159492,163.92233916609874
EK202310214283,138.02382571105986
EK202310133551,150.39821778410496
EK202310190061,187.9040796925267
EK202320007557,144.7120281845306
EK202310114241,131.10238151293998
EK202310203894,141.13896058555784
EK202310186487,135.94976761587787
EK202310004631,141.07984796415457
EK202310172845,137.86963867068266
EK202310124858,139.41380999008507
EK202320006937,147.00834961086412
EK202310164626,148.8261373250778
EK202310109948,139.694445361975
EK202310112053,133.59335701047434
EK202310184712,139.15058839107357
EK202310122821,142.43279002569756
EK202310179754,152.10249238703318
EK202310230071,142.85047660164597
EK202310169385,172.2546845766633
EK202310205297,140.0626643520525
EK202310176789,137.53227522364767
EK202310234641,129.23658552766122
EK202310216672,153.85233223375775
EK202310218187,168.06252759598817
EK202310163653,131.52024103730088
EK202310173938,140.87767614635365
EK202310144779,128.9661857447901
EK202310105452,133.26624878443414
EK202310203289,134.17370721643877
EK202310244916,140.51944900053144
EK202310212913,142.77039962618255
EK202310195593,153.82712942668428
EK202310109392,141.77371803688405
EK202310239794,159.7205332995089
EK202310156466,162.5365846380603
EK202310234091,137.8690760090963
EK202310202246,152.23249673579505
EK202310208070,139.35906556238913
EK202310199529,137.28547471894487
EK202310191597,145.4349910125926
EK202310232873,157.4554783490457
EK202310245305,150.26050257805497
EK202310196018,178.44163127845448
EK202310205608,140.65669635309862
EK202310211776,137.0838773483619
EK202310219819,133.77559650580778
EK202310152910,179.67694392207076
EK202310244549,139.66394046126845
EK202310123421,166.02314745521588
EK202310205600,136.37305353407743
EK202310219535,130.27274481351188
EK202310247105,140.5695177957357
EK202310223625,145.99539050370925
EK202310135177,149.27955443568726
EK202310167858,132.44316453180582
EK202310193232,130.38860970058082
EK202310144624,131.3612618016831
EK202310132627,135.81119526571524
EK202310213967,157.83284207433073
EK202310236061,131.4450700446251
EK202310177659,176.70552485159754
EK202310145236,147.75261119541074
EK202310118399,130.5142539370576
EK202310215365,143.19097196698024
EK202320006049,142.85133184288833
EK202310185900,129.24255538227126
EK202310133957,152.551768505963
EK202310234170,127.1820219412155
EK202310126261,137.00476434913656
EK202310118103,181.9936622733326
EK202310118678,144.2212894861987
EK202310113678,146.86362797619103
EK202310111849,151.6102109075972
EK202310218593,131.56972303900906
EK202310145457,126.50116886526084
EK202310174907,162.99363682279136
EK202310004460,136.96828287834998
EK202310194109,135.52454885053382
EK202310108378,134.81345452790893
EK202310200664,140.60001843969204
EK202310167993,136.61765099678732
EK202310157089,176.30684855057612
EK202310210287,143.5131398129522
EK202310148250,140.23156714349608
EK202310207303,142.7520258944973
EK202310206507,151.41707501212207
EK202310243704,141.7776592217193
EK202310179019,130.5883746809358
EK202310243866,170.72030971746554
EK202310137648,143.55546881378928
EK202310173887,149.57525183452535
EK202310235491,151.80758907410328
EK202310212645,139.306771915244
EK202310190281,165.31689081050115
EK202310220934,138.73061928171904
EK202310230719,133.3481147154658
EK202310201074,134.7628393640368
EK202310178051,137.60553660311427
EK202310181204,144.82712220587132
EK202310135829,143.33485888859315
EK202310170445,139.81791561126414
EK202310238141,131.56071431299748
EK202310135822,138.76467542470223
EK202310227546,141.0737599376562
EK202310140976,146.86420452292316
EK202310246668,147.6730561451522
EK202310105632,136.8163535644692
EK202310109270,152.3706694849729
EK202310131782,148.21819389273594
EK202310233567,146.90240733097292
EK202310161598,147.27604053749386
EK202310110724,142.67525338173851
EK202310229148,141.5766010716535
EK202310159146,144.65138859756448
EK202310195696,142.0932858314918
EK202310117218,138.2289847968693
EK202310205895,180.18490123709512
EK202310194401,149.5071812184979
EK202310126710,163.99677608701944
EK202310152278,152.3991539164912
EK202310190916,147.48182242442556
EK202310110549,127.26212155361675
EK202310177514,141.9409694856843
EK202310175686,154.20715262287877
EK202310223432,138.20959277091634
EK202310244466,148.15611702954914
EK202310134231,143.09842975732246
EK202310236274,152.4682220436816
EK202310195863,170.57004845544745
EK202310241144,156.97489031142044
EK202310202269,136.08729069240667
EK202310231316,136.5344615653159
EK202310211605,139.29934902166102
EK202310200954,156.80164255321557
EK202310224489,132.08747141874863
EK202310165476,140.63299921416765
EK202310204173,132.9573814964444
EK202310178369,141.5227629633222
EK202310170774,128.51487127460095
EK202310205764,140.38520209735438
EK202310236659,147.25623183779322
EK202310170743,131.43439525649248
EK202310136793,148.857937323442
EK202310187675,144.1892058567682
EK202310156962,139.76857831480044
EK202310216942,158.7510285828534
EK202310168321,148.9437127024827
EK202310243793,130.3982560589127
EK202310235437,145.53517447144213
EK202310118510,144.0553919835051
EK202310139337,160.74202841014088
EK202310120961,149.90018183384984
EK202310214076,151.64806566042662
EK202310241228,157.90756818478908
EK202310212101,139.82686252908746
EK202310199696,167.37488915822382
EK202310163542,145.82897376113027
EK202310232836,138.30755842336148
EK202310189334,144.9190263372179
EK202310239101,138.38311794337582
EK202310156523,133.43949712593565
EK202310201002,145.64704687663678
EK202310003364,137.63073070219215
EK202310179389,145.24185215734573
EK202310163130,135.78654493900086
EK202310232481,123.60147468580931
EK202310186459,138.6765295673849
EK202310164481,132.36496259162135
EK202310169941,162.3738420802525
EK202310131128,150.27424314120688
EK202310228174,133.2614470726297
EK202310173249,141.8197921289752
EK202310202077,137.594271368337
EK202310225477,144.54238942077174
EK202310247572,141.72737054736064
EK202310181799,149.14758470976136
EK202310119740,144.81201000564377
EK202310131395,137.53568915894627
EK202310224529,131.45373122023327
EK202310156156,141.9512709140656
EK202310200552,198.49828801110723
EK202310169146,151.03142025554988
EK202310143038,139.34383066850472
EK202310170406,129.78997807213526
EK202310200533,188.8386937364013
EK202310119387,142.37689979663023
EK202310202355,131.5264417927194
EK202310225013,131.6027241401715
EK202310214250,146.32352209071328
EK202310210556,134.02757954592778
EK202310201139,173.4846849655782
EK202310130429,156.9682665210877
EK202310224863,142.2831154443504
EK202310153482,130.96255108198878
EK202310241062,142.17236032288406
EK202310164485,137.24483273700494
EK202310245636,132.00878668668594
EK202310157534,140.90962303202406
EK202310229118,129.84410788687558
EK202310171426,134.35043547148862
EK202310210127,143.04466575238212
EK202310111733,142.54304858434978
EK202310141203,129.9836759377217
EK202310232387,138.6662331654701
EK202310188639,133.93006433570665
EK202310190835,150.75594524815747
EK202310201801,147.20196791955965
EK202310175974,144.46621705728427
EK202310187326,129.47918103921322
EK202310212155,135.2382298530513
EK202310151022,149.3340411042078
EK202310211125,143.4865216743367
EK202310219268,132.373546562055
EK202310110245,137.43016659073743
EK202310238069,129.8810208878187
EK202310199559,141.3627126048784
EK202310167739,129.54577233082813
EK202310142979,130.4542613666287
EK202310191202,132.45566515697845
EK202310144654,177.83711201874343
EK202310224039,139.80602028959092
EK202310150921,132.11443114798965
EK202320006004,168.24419592420358
EK202310108116,138.36729757114563
EK202310226608,138.93437613299713
EK202310237947,143.08415974934752
EK202310245724,153.9443682178172
EK202310216589,132.92372260469173
EK202310242883,145.16905087679038
EK202310192702,144.78544521748714
EK202310168445,123.2054491372757
EK202310205542,144.00503658859725
EK202310150929,154.42952684743204
EK202310173039,130.5351299480055
EK202310139742,128.23796107858686
EK202310138564,140.2709350609257
EK202310145764,138.18501035558276
EK202310148134,152.7519047258715
EK202310180451,138.77393087930471
EK202310149802,140.8610174145495
EK202310247608,158.67404913266265
EK202310130999,131.47729693204255
EK202310141610,145.10278240246583
EK202310224015,165.6648166536133
EK202310229698,143.69456393508756
EK202310197753,159.41192657985314
EK202310152255,156.46461003571284
EK202310133838,169.75685890115201
EK202310192249,181.7400097174874
EK202310195834,179.68236365568598
EK202310186510,142.7985495957366
EK202310177054,138.67603655297646
EK202310107524,142.90294001415847
EK202310128174,151.42889477695684
EK202310187413,138.38871713379496
EK202310234580,142.36551751251125
EK202310104409,159.8800911099127
EK202310125276,135.75439710415867
EK202310113893,136.47058017579445
EK202310179353,145.14785370828
EK202310240438,134.6357433764253
EK202310229420,141.9286386230438
EK202310116112,128.32206748776434
EK202310117942,137.63673841492883
EK202310163339,136.0308060021781
EK202310166509,137.47556384235068
EK202310185556,134.684801308311
EK202310227524,157.87971624195492
EK202310109010,171.4127587392127
EK202310183425,122.03175746436646
EK202310191714,151.1330943342357
EK202310155039,131.02750547880547
EK202310169140,156.6257177072448
EK202310177573,145.38168783672316
EK202310170318,139.11346113202896
EK202310207697,136.90060370871967
EK202310199740,156.4217577541385
EK202310149864,155.51589127667424
EK202310150264,146.96563824268966
EK202310189933,136.01541792354047
EK202310218127,153.1601805361626
EK202310108083,141.07302738331333
EK202310154872,153.3953614002866
EK202310160785,146.47284826608026
EK202310206282,153.87707144952319
EK202310124253,130.49721409195845
EK202310196633,127.83847564748112
EK202310105966,135.1454186992784
EK202310141033,141.83771354701753
EK202310197213,131.1234818723791
EK202310206024,131.53207090435282
EK202310113110,124.84146277491158
EK202310114366,139.45974778709174
EK202310133810,137.43296228428812
EK202310135192,156.28364383475935
EK202310233334,135.81669934682986
EK202310148079,140.46572075648174
EK202310109276,132.27905005658454
EK202310124568,137.94351807274873
EK202310162273,137.98022100589628
EK202310126242,129.06781847710403
EK202310106288,145.5363508079283
EK202310190761,156.2244056318973
EK202310003653,133.99836905118235
EK202310111116,134.5222859753267
EK202310193002,144.68578895793308
EK202310107463,132.69133858431636
EK202310237608,139.68090041864397
EK202310213418,126.72580925858173
EK202310204153,150.03535249548491
EK202310104707,137.3979972184608
EK202310238820,131.48193602374945
EK202310141697,141.114804844962
EK202310178269,152.9541375333033
EK202310229367,143.16051592598848
EK202310172017,170.33784958829295
EK202310223139,132.15068464799486
EK202310125096,133.67930155620107
EK202310143070,150.6366950656801
EK202310234470,130.9083314980732
EK202310131911,133.3344862266355
EK202310176053,153.44697321295652
EK202310158201,135.88284278978588
EK202310113896,150.51356246551862
EK202310217246,129.74948718172504
EK202310202878,156.42068549155968
EK202310179418,166.63352199273578
EK202310106198,131.4247831213769
EK202310130287,157.9077262427909
EK202310203618,133.16521549539226
EK202310144069,142.4159172130944
EK202310225997,166.5916496511625
EK202310137087,147.3121394165672
EK202310114093,146.76778360332304
EK202310125025,131.83171699834654
EK202310169960,146.29322277550938
EK202310211027,149.9688598926502
EK202310156374,145.78221670120638
EK202310184239,152.04037348793437
EK202310193887,149.46444295419724
EK202310169120,139.54146458899498
EK202310214116,169.03523153202008
EK202310004097,135.18178010404145
EK202310156682,132.12938621860235
EK202310154604,157.72652464031611
EK202310218245,140.6052497473718
EK202310224853,128.37846668482243
EK202310164480,137.22122397638947
EK202310130017,142.355989735508
EK202310142314,139.22856766111556
EK202310104271,145.92838106141306
EK202310245758,132.54695593112345
EK202310229784,135.1415711844318
EK202310110502,140.37539186284133
EK202310121032,168.0116110328322
EK202310233632,153.21404021742552
EK202310126266,134.15842507107894
EK202310109825,134.27489287004275
EK202320007054,147.69872745637267
EK202310166953,151.17688422856457
EK202310227160,142.40028554225714
EK202310215524,165.85275302123694
EK202310221415,163.46752755173125
EK202310224669,135.53452534710968
EK202310182834,153.89691606366472
EK202310155348,148.19821886071455
EK202310186571,163.2154248483683
EK202310130542,130.07535285840547
EK202310108675,130.57185165521398
EK202310147107,153.71367240258917
EK202310175270,140.57534846372283
EK202310223760,130.88329467820157
EK202310124746,132.93806706634223
EK202310170040,180.7170743850499
EK202310004065,133.22476694512295
EK202310221363,132.05729140944592
EK202310209500,141.47563107747743
EK202310178304,154.92983468431942
EK202310133005,151.52365664937008
EK202310120850,131.53678646496675
EK202310213264,139.16898489733072
EK202310149096,142.6837509407937
EK202310177683,138.5818596724073
EK202310242597,129.32204239542867
EK202310177919,147.09213739322558
EK202310134733,146.52274439511228
EK202310181823,138.90476998886987
EK202310136672,151.01716467274431
EK202310151585,148.3544666381217
EK202310117995,133.94639622111416
EK202320007252,172.7416054639605
EK202310231786,131.6973185792009
EK202310241673,132.92997002935303
EK202310161732,158.5464474464016
EK202310161656,170.47090933207832
EK202310212063,124.3929491868204
EK202310217895,155.52247044765048
EK202310138774,144.7150411402243
EK202310126590,153.77200435201442
EK202310123141,134.99298010739244
EK202310224982,132.55033521316426
EK202310206262,156.9024773655517
EK202310139370,134.57640432931856
EK202310224820,135.53112157516878
EK202310130273,146.41869149714162
EK202310133523,131.1599771659662
EK202310239621,134.64208327933386
EK202310190678,148.8815245727228
EK202310125061,132.1489832878815
EK202310234940,137.18436219372916
EK202310178076,136.12462281323448
EK202310153610,159.59744940364624
EK202310179234,163.33723832684842
EK202310159634,132.96948554657894
EK202310186548,142.56721835856274
EK202310135839,166.3439099904511
EK202310136969,155.6754725828231
EK202310145737,167.57441701608582
EK202310164062,141.15221791687097
EK202310237524,128.2639147664885
EK202310225600,138.54508064672623
EK202310130766,135.1386397174377
EK202310198060,125.90807824845618
EK202310202900,151.22841255101116
EK202310180295,142.19515931079505
EK202310161819,137.96057951855713
EK202310182490,153.37859052690325
EK202310151915,157.89537332391944
EK202310114135,152.586425904185
EK202310155620,127.88125561986018
EK202310156539,164.04426426972384
EK202310164137,150.22982978494
EK202310172602,155.01459607450823
EK202310161051,177.28326335237654
EK202310225217,155.17455694995033
EK202310220749,135.07002423108847
EK202310135024,176.2856161753826
EK202310236167,127.61332900515166
EK202310106428,129.4382936678067
EK202310191224,141.7372354241343
EK202310126171,157.57036620429608
EK202310152423,145.98378291110197
EK202310168273,136.59904852019446
EK202310129168,148.1742840945498
EK202310176927,144.26848822523345
EK202310172428,171.94901012111046
EK202310181185,149.40838885455162
EK202310004161,144.43092920739778
EK202310221234,125.35926241533785
EK202310161711,153.55280071901817
EK202310240221,148.68793121295494
EK202310222828,128.18997767734493
EK202310210279,133.29124289402654
EK202310170097,148.45102301297132
EK202310188723,151.5980469409701
EK202310166478,170.84871367905194
EK202310221027,150.66369849771166
EK202310114979,139.40949887672784
EK202310242042,139.90580705325124
EK202310140021,138.84568929408985
EK202310130000,157.84070619620172
EK202310186640,147.14615046059404
EK202310004760,127.20779935557846
EK202310122844,155.3874751543081
EK202310153842,138.02593060698348
EK202310177802,140.2589001018211
EK202310004581,133.34735915257266
EK202310246710,143.9409032765919
EK202310113952,144.91899039544103
EK202310151035,151.10332151911214
EK202310216428,133.0946263596786
EK202310144070,156.77022487442636
EK202310169605,129.34872855972378
EK202310159620,137.3926947262914
EK202310105550,136.274039253175
EK202310240970,142.65257100759342
EK202310182151,146.36950307724194
EK202310231587,141.22206883411303
EK202310118075,133.80527344707198
EK202310133019,144.4249489557784
EK202310206992,153.9210122069819
EK202310220008,141.43695624656908
EK202310234156,125.74174903041754
EK202310162641,167.18784266283032
EK202310142907,140.72265855671225
EK202310154115,135.6309806812798
EK202310130815,125.62635484957788
EK202310150846,125.96083160722165
EK202320007669,159.86839459088145
EK202310227486,139.81727931900681
EK202320007572,145.8699935887023
EK202310137639,133.18925113297772
EK202310103836,129.7457108894266
EK202310202037,171.80487974948602
EK202310223420,142.78534429474468
EK202310185672,137.34849328252545
EK202310229956,139.08548888660266
EK202310183246,153.26745399091413
EK202310138498,142.80941710710024
EK202310191631,137.2882574917259
EK202310197089,148.18528676587735
EK202310133822,121.88876367238645
EK202310245494,143.33192756220345
EK202310207684,133.92245584300426
EK202310170631,135.0068404890374
EK202310230054,128.1198698554455
EK202310229119,152.04335931315305
EK202310162261,141.85013647299255
EK202310134206,151.38883541177324
EK202310126114,126.75809887281389
EK202310202130,140.009252906944
EK202310201610,141.51365241532127
EK202310140475,129.44639309962952
EK202310134356,139.9876086484112
EK202320007186,156.87019483142606
EK202310120790,138.12117623791428
EK202310245157,152.84166029837021
EK202310208016,135.0303767598978
EK202310174476,136.835306246575
EK202310188403,146.59819388777905
EK202310142082,155.53955496318662
EK202310126792,134.66427041528834
EK202310182973,134.97542790560917
EK202310236318,136.0081575739515
EK202310191185,151.79499959943126
EK202310135600,130.81479336351887
EK202310212912,149.66726063654377
EK202310109044,141.80583578719853
EK202310220665,138.12755435601608
EK202310209857,139.97392588246902
EK202310136210,130.8653714738267
EK202310241948,159.45784498022368
EK202310147383,131.3469666445672
EK202310119158,137.91797262916728
EK202310225656,130.20801851415638
EK202310115771,138.72112857947883
EK202310115861,132.08768538657256
EK202310156104,143.64666662765418
EK202310168339,131.8950532591587
EK202310186770,132.7857185168628
EK202310227679,138.75173792848977
EK202310198604,138.52968015680753
EK202310126896,167.9570439228016
EK202310119992,127.71793866453723
EK202310194849,134.1729437987261
EK202310224912,142.60242295092118
EK202310163124,136.55122327187988
EK202310181144,169.15736225147958
EK202310147897,138.88696085132713
EK202310177921,145.0658225380134
EK202310199607,146.83545488685917
EK202310172680,139.7573027335829
EK202310129543,144.92225550421296
EK202310161704,146.78275174349582
EK202310193784,136.80251979497078
EK202310243291,149.35709535577132
EK202310208991,147.8607054401408
EK202310140086,134.29614226803045
EK202310136481,128.54621140643155
EK202310178220,148.77775980240503
EK202310210109,156.95886911219242
EK202310128687,137.55785663294205
EK202310213632,144.68126839803313
EK202310215453,172.96253915244276
EK202310235764,135.5470128193297
EK202310216758,155.08153433107506
EK202310163056,149.24409084063277
EK202310125899,138.0791552392098
EK202310180181,149.53717364882286
EK202310224630,142.14781680142372
EK202310118929,141.41118699510358
EK202310178808,165.33939578668262
EK202310234570,135.5301622981506
EK202310127428,137.56176529375398
EK202310213472,139.92051412590297
EK202310192759,139.44198539228086
EK202310210638,137.46189985762246
EK202310104955,132.3257087060044
EK202310124793,125.27189013212218
EK202310154265,138.4206734315869
EK202310136853,129.97009076733312
EK202310160020,130.9464681382353
EK202310129715,164.25154865475872
EK202310208844,148.53914698705822
EK202310165769,138.9911304247716
EK202310119276,165.876620115073
EK202310155853,127.42685576887835
EK202310148019,147.72837226415416
EK202310158588,161.03626461281644
EK202320005915,154.5321472922463
EK202310139760,128.56565501030843
EK202310235740,142.939973218563
EK202310163003,155.4496679141762
EK202310166151,139.47030931298536
EK202310205151,137.28311907368317
EK202310163809,133.7681877661127
EK202310195046,132.8166880278391
EK202310190606,130.82275630444462
EK202310201185,184.31758630249394
EK202310244204,138.64826318617546
EK202310221873,136.11118313460096
EK202310213079,137.1405684820482
EK202310167878,135.3354531549064
EK202310108748,135.4318421625665
EK202310231105,135.41647678517668
EK202310162450,143.8050438843268
EK202310106681,134.6124503484786
EK202310175585,143.16131574763102
EK202310216131,127.4695435952405
EK202310247112,134.27337160390795
EK202310133778,144.4675411126657
EK202310226737,146.63411988566557
EK202310149352,158.66777742959113
EK202310125918,141.28336007181596
EK202310163682,142.61496997388767
EK202310189571,181.4352308270876
EK202310128706,130.64692563076724
EK202310227554,159.37735196139874
EK202310149106,150.67834792507148
EK202310200290,136.44384282692295
EK202310192844,144.3556835666309
EK202310229985,133.6595738475835
EK202310196907,142.65629021993934
EK202310148131,155.81416789140155
EK202310223289,140.864358905974
EK202310169529,129.56130630172441
EK202310169806,181.4612152680259
EK202310212585,144.72229012954787
EK202310196857,150.30868067249313
EK202310190419,137.75622668160594
EK202310219008,136.90768122172645
EK202310142486,134.4444922186875
EK202310192709,162.99732819050362
EK202310182822,127.82301514589092
EK202310136899,140.69065105342662
EK202310115463,126.50799155759336
EK202310146582,140.71542426485874
EK202310132422,147.50276638950115
EK202310112592,134.99054971022935
EK202310226203,140.65831886430962
EK202310121586,160.3235865563556
EK202310181107,162.65448454072768
EK202310213474,140.29707906824362
EK202310138830,154.1543170129431
EK202310168849,128.07188779422313
EK202310229317,133.2819646926928
EK202310204390,130.4648683576504
EK202310192992,148.69300750152385
EK202310152280,149.68890618456012
EK202310155151,164.37820596769575
EK202310174087,139.54935519750362
EK202310212165,131.19234555545714
EK202310152752,133.85055940748236
EK202310168592,134.97408254811734
EK202310191895,136.04262311354526
EK202310200059,130.73041595486202
EK202310243745,128.60596997023308
EK202310158852,163.52813578516202
EK202310157579,145.12051536820306
EK202310225059,138.9166502754615
EK202310183337,133.79559896703495
EK202310198264,128.27564369335687
EK202310114412,136.68029819508752
EK202310227155,135.30994233465873
EK202310234975,165.91546883267753
EK202310197349,144.61157108310658
EK202310208018,149.1618046593711
EK202310200505,129.02192709728624
EK202310115897,131.0149540527524
EK202310202707,156.0162339505236
EK202310207442,153.29894093549404
EK202310185479,160.92118515378175
EK202310237037,162.56789983897914
EK202310136200,134.27152273588362
EK202310154113,142.57288053300334
EK202310114492,138.26963023506931
EK202310176297,163.63883010085777
EK202310107640,125.47581919231835
EK202310209670,135.26335128033278
EK202310105256,150.65341048443173
EK202310108117,141.27911598110632
EK202310214550,137.44736671172552
EK202310175559,149.5794656232695
EK202310148239,128.38202464605192
EK202310181548,133.02972107695547
EK202310216342,145.16438356694692
EK202310160035,134.64760320705562
EK202310168843,139.32631066044033
EK202310131732,142.63779979849903
EK202310209477,152.14553801432737
EK202310237971,153.39180294504263
EK202310129891,144.26095064919994
EK202310171726,140.03036438188613
EK202310229665,129.16602298207286
EK202310204967,144.79930794031435
EK202310174899,127.4632478063574
EK202310116238,154.41182206383627
EK202310114560,141.03618319524787
EK202310238506,141.65326064547094
EK202310234905,140.88748871266552
EK202310229020,133.74757728614625
EK202320006240,179.15367085908383
EK202310142292,141.79619725577567
EK202310150080,171.4014804524916
EK202310159478,135.37557375944016
EK202310158699,141.34162890721547
EK202310245027,155.38477147868858
EK202310152722,134.30123327876893
EK202310233081,135.1148875004793
EK202310246556,139.46669547545542
EK202310105650,130.35042511068878
EK202310190838,146.37802701087944
EK202310218394,140.00656058499698
EK202310118154,135.8147872009312
EK202310131520,146.22093630248304
EK202310139487,140.68999041922368
EK202310146562,135.64459420735247
EK202310205269,160.4017802162476
EK202310139486,153.7438196903496
EK202310106738,142.2427879148933
EK202310196849,128.34412711548345
EK202310181949,150.6324601890599
EK202310201469,140.2104134490174
EK202310163916,145.28175979802523
EK202310221312,172.42610043132495
EK202310138582,161.54987314877985
EK202310135507,145.52309377942194
EK202310179372,126.83686952088895
EK202310004219,137.636172590179
EK202310158089,142.03630510311837
EK202310150765,135.6598012660049
EK202310191391,137.82671152814603
EK202310112611,142.21253163747795
EK202310107389,148.19074845666933
EK202310233851,146.0547007022039
EK202310151219,136.75212592245708
EK202310232601,136.1605845464747
EK202310202073,141.0354248107101
EK202310225289,137.168786409851
EK202310166576,132.1451707428396
EK202310224067,137.30083525407193
EK202310136837,140.7014310384585
EK202310177674,139.52851201672982
EK202310246493,144.91744362808234
EK202310183092,145.42288866709043
EK202310109401,151.45913112731665
EK202310145629,136.7139860637626
EK202310130973,127.01202484865917
EK202310208348,138.40627862986315
EK202310184342,146.8636929321196
EK202320007150,145.7875535550179
EK202310237789,133.87142611092236
EK202310114883,131.93506256246397
EK202310205366,148.11400898887504
EK202310124191,127.38869357124295
EK202310155262,134.4241806929621
EK202310220998,143.62373925540405
EK202310220544,126.16094430162092
EK202310143757,129.44827512149996
EK202310106423,142.636180211359
EK202310221380,124.15527187225976
EK202310126488,135.77784208682226
EK202310161364,139.83486918519583
EK202310239501,134.200565996598
EK202310164868,143.01212581292032
EK202310203126,134.9826124819906
EK202310137546,139.4576881826272
EK202310121376,149.7510040375108
EK202310105109,136.22433374459928
EK202310205221,161.65774467593545
EK202310188382,172.29619335066664
EK202310241423,154.6525309171329
EK202310167391,139.01393946133334
EK202310228119,142.012375445806
EK202310207564,145.88416437206598
EK202310141877,132.5346390019549
EK202310244134,136.15830868473935
EK202310148484,141.88760189705545
EK202310213947,133.2728428201092
EK202310189815,136.28710167888815
EK202310196971,175.7140976863664
EK202310170035,130.7379369310265
EK202310118616,148.79465946123034
EK202310202991,181.57836166637907
EK202310193605,139.39289052049966
EK202310142332,158.7397348712733
EK202310107201,138.70669134683507
EK202310196602,141.84567621898915
EK202310112787,148.3490373950587
EK202310237416,124.03878926137475
EK202310234910,137.6967663742373
EK202310190727,141.4939532658376
EK202310114532,169.54010188901526
EK202310202380,131.56582033119687
EK202310196667,128.73005407535325
EK202310118771,132.56614152227675
EK202310112695,140.98056094923678
EK202310196403,128.11723766376002
EK202310214197,146.80736178342565
EK202310204797,131.64543290264967
EK202310107958,137.18519238030515
EK202310130013,158.4010732927324
EK202310135758,131.43946549929564
EK202310193054,128.54769296614757
EK202310148141,127.78511735556548
EK202310166034,179.21309326782242
EK202310158033,154.92568896794893
EK202310150288,159.10278495720394
EK202310113821,141.06586599698656
EK202310179440,153.66678336511913
EK202310217819,135.44113415311026
EK202310162109,178.31809514167117
EK202310200554,169.4700606903815
EK202310115242,136.06371301454067
EK202310154839,160.11539382463468
EK202310208688,151.51221829240777
EK202310191490,135.29196056963622
EK202310137318,129.8967019306131
EK202310142738,160.20497908567498
EK202310180609,135.57000409605632
EK202310158752,162.13195304074557
EK202310181525,147.44963911341605
EK202310236876,140.58994625902864
EK202310151933,139.12888588237587
EK202310203259,148.05363220926696
EK202310158609,155.2836842399072
EK202310142468,152.65198103213032
EK202310178475,141.58165136760795
EK202310113000,148.80195002021057
EK202310112010,138.92155397054574
EK202310141067,145.9618773332558
EK202310228986,127.49572705903779
EK202310123898,142.5950278196734
EK202310247624,142.31223136732785
EK202310110313,137.64261444472953
EK202310148786,148.40996206576875
EK202310200971,129.92036565459108
EK202310202596,165.91527818989667
EK202310196164,178.14739095513036
EK202310106209,132.11585964308733
EK202310177374,161.59304023617673
EK202310179062,144.04756941427505
EK202310222889,132.0687151786343
EK202310144590,136.92430775494435
EK202310136010,136.01520448228936
EK202310157710,147.25088636900642
EK202310168920,132.8165807715544
EK202310194908,144.19006546813486
EK202310245967,129.76108504645526
EK202310210453,140.58306556588326
EK202310223279,139.01642866187694
EK202310146923,127.83784471606484
EK202310231717,130.57414907422086
EK202310133833,136.18974086141182
EK202310108447,119.5557842999148
EK202310156614,170.31497745303676
EK202310124987,142.13594258055116
EK202310215881,127.96146639710399
EK202310161152,178.97284564800407
EK202310224348,133.8931512516964
EK202310242122,143.8492344792308
EK202310173831,137.65182952834505
EK202310122353,135.715440545284
EK202310238723,149.59816630471664
EK202310232778,139.27938947834585
EK202310198262,137.76048461922127
EK202310206795,141.2289680629904
EK202310105061,138.02392524021872
EK202310147550,141.16081648803052
EK202310169793,172.0932237652539
EK202310174721,128.25144089670476
EK202310197557,189.8457188355409
EK202320007058,147.03760786581245
EK202310201254,135.74200540505132
EK202310243393,141.48744572549066
EK202310225384,134.09841141994832
EK202310004551,146.6906823870383
EK202310187388,138.7780729457223
EK202310221213,133.99347415794873
EK202310206186,130.36087023559483
EK202310118966,140.73761212322339
EK202310126228,134.8885584540168
EK202310143806,135.83308012892402
EK202310134776,127.95318400873116
EK202310222461,129.32952145345578
EK202310125996,134.5104434699267
EK202310219494,127.03952725229806
EK202310110685,130.44932986214843
EK202310222225,137.18866328747438
EK202310191983,154.01118234074394
EK202310144685,161.86855787557934
EK202310179138,135.4114642185651
EK202310179457,125.57843941484622
EK202310217372,154.74607627158557
EK202310158103,171.79611590418975
EK202310167022,134.2751676220325
EK202310148101,135.3815636131144
EK202310174010,141.71849674537114
EK202310247906,189.98000533301828
EK202310146964,146.81729880825654
EK202310195616,148.1962443926372
EK202310187966,144.77256002360306
EK202310172204,133.76867171445977
EK202310201348,133.7073051352343
EK202310125866,150.93909372986894
EK202310107865,139.57576631278832
EK202310116596,145.8112829045726
EK202310247975,179.69354950188804
EK202310118528,143.9370762880336
EK202310148683,147.32804402061439
EK202310158367,161.53365025007398
EK202310126019,131.8129533391584
EK202310163868,131.06756288296722
EK202310125121,135.4031088550603
EK202310152576,146.70907205629382
EK202310170352,122.91344413378934
EK202310233529,141.30486560997733
EK202310186906,151.36472180366965
EK202310144083,157.2955473495884
EK202310184975,145.89859522454407
EK202310178056,138.51964395425165
EK202310188978,152.24881769031018
EK202310217567,133.78900537529842
EK202310184281,174.13509408730863
EK202310140673,149.47404904178566
EK202310228899,134.74646065301627
EK202310196162,125.27960365915341
EK202310135089,169.7000089235722
EK202310115752,135.78778996840694
EK202310214385,158.62371052332077
EK202310232516,135.06101590402358
EK202310220873,136.21144943448786
EK202310172989,145.78140092032845
EK202310240149,136.62996564312058
EK202310212616,136.98435024617942
EK202310187474,154.16176785946016
EK202310156838,155.19067316939825
EK202310183007,162.87345499800432
EK202310227341,166.62063529752967
EK202310110343,157.20875508821277
EK202310198412,156.40420899863952
EK202310150894,137.40707710108407
EK202310181422,143.35161126154338
EK202310198432,132.57383963622436
EK202310187779,143.9273086102515
EK202310159706,157.78185825617362
EK202310127815,144.88286703137874
EK202310242438,154.3550689761957
EK202310145323,149.30295719567113
EK202310130401,151.6879843436296
EK202310116797,136.21168317145688
EK202310123002,138.92048285571585
EK202310152154,156.97954633499018
EK202310117372,146.60311970932926
EK202310116670,131.27590061957835
EK202310237203,135.86989196016327
EK202310162551,154.87857026867863
EK202310113370,135.51869506987327
EK202310228900,134.6202666808792
EK202310175209,144.90674369952401
EK202310236343,142.2349016400558
EK202310236383,135.51732885021204
EK202310131357,131.6092247236853
EK202310159166,135.01932665189
EK202310170247,146.79635743657371
EK202310222379,144.49253165640943
EK202310154909,149.27357222252772
EK202310146442,138.0396708320599
EK202310003774,131.97115259032785
EK202310112911,134.93599018660197
EK202310227351,143.0742629651004
EK202310209062,142.4612428973902
EK202310238802,132.26683287918138
EK202310210919,139.0964350774432
EK202310232835,131.33347850603468
EK202310117128,138.14410844871824
EK202310219225,142.82625037434164
EK202310174933,166.32588838954015
EK202310204676,162.7561586885217
EK202310107148,139.18670121129065
EK202310181371,162.1984941993562
EK202310146220,153.71760462606892
EK202310224369,133.11420862083642
EK202310114927,133.59520493895207
EK202310177552,134.48190300114015
EK202310221588,155.51442362115097
EK202310107465,140.49223773871935
EK202310135932,129.68129907392077
EK202310110876,144.87261895620676
EK202310237021,136.7815328300827
EK202310109014,131.9111129681759
EK202310140401,133.86973508005298
EK202310137294,129.1289716533445
EK202310163064,154.38974125358348
EK202310147482,161.4389289942474
EK202310127284,159.00960637099513
EK202310201694,152.1478546566306
EK202310198350,147.58680332888272
EK202310208750,145.6767941406878
EK202310004741,138.02005541432058
EK202310164975,136.86811720287187
EK202310219480,131.88002507595672
EK202310213044,139.14326503116203
EK202310225710,138.97030154286662
EK202310174791,160.10468372649507
EK202310110800,131.87761504347608
EK202310208627,150.00924819417935
EK202310191043,139.22603745332216
EK202310154022,138.47014798871277
EK202310224070,139.77516333353358
EK202310119217,138.0206180502262
EK202310166221,137.93985763964062
EK202310135615,127.90232817128002
EK202310184260,135.23811685056464
EK202310123132,153.28841574069935
EK202310234461,137.60378216276644
EK202310167872,148.4199284626243
EK202310174913,164.1758041017946
EK202310199190,133.10414670259033
EK202310207044,133.67156332836765
EK202310121394,127.63988691684952
EK202310191133,158.53402763866862
EK202310222955,134.02043769083227
EK202310193537,128.66033260584834
EK202310131922,133.89772217672663
EK202310241321,160.12962044107013
EK202310223125,153.83878605861423
EK202310177034,143.95972251396174
EK202310189208,175.85530141543106
EK202320006578,161.6072814254482
EK202310204325,147.79148274898554
EK202310104387,150.10979372515706
EK202310188941,167.20415856698264
EK202310163981,134.5294974144922
EK202310222266,135.1708874946865
EK202310108713,134.573624161901
EK202310201346,144.06231221659462
EK202310218638,130.47265027004255
EK202310161345,151.0911775471272
EK202310241526,133.23213441659607
EK202310199356,135.08409801795796
EK202310134515,129.83700446548403
EK202310004519,128.51356087660287
EK202310135276,153.96551686307163
EK202310219279,127.40556544174542
EK202310136740,129.45525385723207
EK202310200952,159.1649940530711
EK202310110068,134.56262421425836
EK202310157132,158.32596037522896
EK202310149621,142.2179517625157
EK202310138788,153.95108517827074
EK202310224324,140.69477972163642
EK202310239811,136.95020751734594
EK202310201046,140.3416751907075
EK202310165503,140.59491229247269
EK202310238259,154.31992860239086
EK202310165302,134.60865345472723
EK202310191144,143.29879975668044
EK202310185640,138.69429963702112
EK202310120926,136.6194412349044
EK202310197879,143.36946455916987
EK202310196320,180.70038727716985
EK202310220563,135.11479869368932
EK202310221699,151.02328085436778
EK202310229519,141.77934108573507
EK202310108573,151.29931186857328
EK202310184582,149.44254865799246
EK202310211294,148.343355726715
EK202310195625,135.10169611441958
EK202310139587,163.5602420863273
EK202310118764,124.10960929570804
EK202310110542,142.93966262235915
EK202310173704,154.4242322700591
EK202310136262,124.64723541823572
EK202310237271,130.96247692742227
EK202310205898,147.7025727409556
EK202310245831,127.16502729924959
EK202310193909,148.36264636976873
EK202310204263,138.93712227652045
EK202310105876,133.91547032442418
EK202310192947,142.40173796756451
EK202310183403,142.64540468413097
EK202310133788,144.07189070467138
EK202310222018,138.552745606664
EK202310129042,146.41345428864872
EK202310227808,130.16394705063894
EK202310218437,167.49434380998386
EK202310237736,131.79910391648806
EK202310141333,138.4042401581606
EK202310156395,135.17371993556552
EK202310004469,137.72244402971253
EK202310114436,137.82673109119824
EK202310118411,132.26875027675672
EK202310163568,138.36864729121308
EK202310183481,154.36742921705633
EK202310124719,155.10257597881923
EK202320006725,144.78228488540742
EK202310166370,155.46814989943562
EK202310133824,141.65829162519034
EK202310210325,135.0777920961355
EK202310144287,131.81561729696259
EK202310130686,149.04858863628334
EK202310177102,148.77605003367196
EK202310168931,131.13331448526017
EK202310235183,138.5345926701385
EK202310228458,173.59840955361832
EK202310207703,154.29266815814242
EK202310203188,168.52544951184385
EK202310111430,122.4555085069925
EK202310244894,135.6721514268995
EK202310113983,136.9471222423298
EK202310202824,155.53063302974257
EK202310138446,127.04302233351294
EK202310176444,138.23691407766282
EK202310126844,145.20843397542257
EK202310226840,148.09256170459508
EK202310109459,134.2895857579054
EK202310118743,149.39796753112643
EK202310129553,140.3311739668687
EK202310199845,155.3848722892505
EK202310228563,135.15436046172462
EK202310218219,146.42051649382904
EK202310197921,138.88609515503163
EK202310233068,138.9720690579879
EK202310159242,166.63113846104963
EK202310198622,139.8963631738561
EK202310203352,142.23117724411108
EK202310164418,133.45866508371228
EK202310119871,155.68000238006738
EK202310207409,168.48173499550694
EK202310109177,169.17747232496595
EK202310165988,149.84757654869597
EK202310199785,141.11505250642645
EK202310196659,189.0486414088775
EK202310169272,144.38226006623674
EK202310197425,131.99577613287457
EK202310175738,138.2843792682905
EK202310135941,134.23688100847087
EK202310139904,139.40814390431152
EK202310194855,128.59415154635286
EK202310221332,129.56857098054786
EK202310126755,140.68878915479758
EK202310220018,148.12348340364656
EK202310134041,141.32380289885944
EK202310210951,142.2080158251703
EK202310122540,131.89801541486395
EK202310205978,132.73700408986755
EK202310159579,141.77292678312452
EK202310118408,137.21140020123255
EK202310115221,127.94747568916243
EK202310120155,140.49212655975552
EK202310163240,144.20738523343016
EK202310147464,149.6382626109944
EK202310248306,137.65283478038046
EK202310152592,137.21044743811427
EK202310192478,143.96675304669606
EK202310126785,130.53584015393577
EK202310110706,146.33521518758135
EK202310182765,155.61353243369246
EK202310248138,138.6398622262128
EK202310186154,138.22321589095503
EK202310181675,168.5083833124674
EK202310217987,132.21521855113727
EK202310179130,135.70769600438052
EK202310135992,133.93069372492678
EK202310221623,149.43798059145544
EK202310113128,149.07522545990278
EK202310210010,131.13469252019723
EK202310163945,159.56173447978475
EK202310239487,130.87787939114142
EK202310238588,139.50927007049071
EK202310146898,143.22177727443744
EK202310147158,142.371566797679
EK202310187097,126.97017641137816
EK202310195731,149.74355124824672
EK202310105999,144.11662392582517
EK202310200746,162.08607084357828
EK202310129579,134.69517070351253
EK202310197982,170.36270059677432
EK202310183465,131.99123431356762
EK202310105248,133.8096038742319
EK202310142138,132.38362963677008
EK202310171408,138.779882483319
EK202310131832,147.00957495570339
EK202310211971,132.85489856913935
EK202310240690,143.7011370167394
EK202310003608,121.58956265731395
EK202310145836,138.1872794409174
EK202310171399,140.49306213812574
EK202310137705,138.2955379662734
EK202310136000,157.64548993259922
EK202310133882,132.76272085748727
EK202310141636,148.5592319549579
EK202310147290,138.30996535092032
EK202310241487,142.24430127510203
EK202310137723,133.73353578883084
EK202310140855,147.59912601609955
EK202310177098,146.63561890258634
EK202320006676,165.59531141226694
EK202310112514,141.78559025062114
EK202310141677,156.21485744910993
EK202310175682,156.45069497325466
EK202310236633,135.47316213797484
EK202310196176,134.4202164791062
EK202310156999,136.4572497378074
EK202310213305,151.58798666023864
EK202310200333,158.9008525104391
EK202310196550,134.7478489183005
EK202310226257,133.46653847459712
EK202310210514,135.90588127146205
EK202310185954,136.11536553732287
EK202310239737,135.49731983732994
EK202310231636,137.50358724952662
EK202310167744,136.49333249302185
EK202310227786,128.82623827624937
EK202310234832,142.31551635971277
EK202310126608,137.4717149289488
EK202310231942,138.2985713465758
EK202310107679,149.63967196221364
EK202310154939,148.21955300455906
EK202310191434,131.05640793782504
EK202310143462,135.79776494910178
EK202310228890,135.8512211947231
EK202310181791,130.91895230613093
EK202310147122,157.98061130310032
EK202310114485,137.4564417412095
EK202310104634,133.21970566519593
EK202310183103,139.10363412719752
EK202310003449,132.47574365303274
EK202310220154,127.5407070896381
EK202310215919,132.40715147553868
EK202310183173,125.83929758841579
EK202310136581,135.75720552106375
EK202310135891,154.24471878291664
EK202310234960,136.34504571083153
EK202310213672,130.72064635206797
EK202310160012,142.39600347763792
EK202310112248,140.13861585469382
EK202310136825,135.6122863798514
EK202310243733,136.254609154343
EK202310235540,132.02173360969758
EK202310241172,128.73769453502848
EK202310189939,128.23941491238523
EK202310115473,132.35364723434725
EK202310188980,170.2359311398558
EK202310248520,138.18555303504002
EK202320006015,152.1201948658399
EK202310156531,137.63027711710583
EK202310146465,144.7447514751743
EK202310104718,150.79107372904983
EK202310208272,149.43783648124958
EK202310170862,140.19290645873426
EK202310235381,147.11335472500818
EK202310171376,140.9957892603855
EK202310167650,132.40921331050112
EK202310160990,156.92249503193693
EK202310195882,136.8589508716016
EK202310190552,138.1540629748254
EK202310120695,148.1738589858412
EK202310177689,140.3896784489929
EK202310116634,134.07736026981965
EK202310110519,134.18404819972966
EK202310125017,157.37963696862087
EK202310182959,125.3556362881186
EK202310181811,155.27295390295623
EK202310214725,151.98675740885085
EK202310212263,142.10246319106486
EK202310122692,156.22374248619053
EK202310215131,139.3010259479775
EK202310202575,142.4495674509621
EK202310167856,131.66148927920455
EK202310196698,159.49199024216662
EK202310226483,137.4486811099719
EK202310162014,170.25586078486512
EK202310125942,147.64627993201717
EK202310106367,133.08361821294
EK202310229140,142.2540902435112
EK202310207884,141.1377136722436
EK202310152869,166.56342963549514
EK202310178619,140.5185266007958
EK202310211976,138.26071828815418
EK202310229203,128.32798644685946
EK202310192119,165.1114455301302
EK202310202715,143.8349607934853
EK202320007183,166.7156571354539
EK202310218337,131.02013820476023
EK202310146967,145.7825373645472
EK202310184808,160.90322167264904
EK202310190764,131.54447914019536
EK202310156823,143.6577282582058
EK202310199791,142.5057655612134
EK202310128548,134.62055429152113
EK202310156699,129.52550829631778
EK202310191011,164.46797064367428
EK202310192556,136.07585754597065
EK202310201947,138.18292616753334
EK202310180835,131.28567196365827
EK202310218514,134.54890700560205
EK202310235403,138.42905836602876
EK202310222338,157.84998851808015
EK202310129625,131.35025172381242
EK202320005601,146.1111634259116
EK202310167199,151.06588607229557
EK202310216271,168.13060664498087
EK202310186219,165.55607315659725
EK202310200112,150.18181895083003
EK202310240709,135.8505259870592
EK202310140388,152.46531165695822
EK202310167460,139.96935460651125
EK202310207710,155.85804322465256
EK202310136954,139.1057254842031
EK202310238009,161.550296365218
EK202310241135,143.8761811799783
EK202310118669,137.61363339116215
EK202310177676,131.28252963226566
EK202310110622,144.7243218840412
EK202310106125,160.61193151136843
EK202310137730,129.95692321904752
EK202310169952,143.77221371759
EK202310201586,136.96968832152217
EK202310199082,150.25228317861402
EK202310110230,133.8273666403047
EK202310169093,176.79232792753467
EK202310151384,173.06427087153068
EK202310118353,127.5257303985166
EK202310217860,136.71639956078027
EK202310155832,146.4317166865514
EK202310192043,149.35692284600424
EK202310227031,134.396213322345
EK202310181504,139.118971051022
EK202310123944,138.07752898950056
EK202310155457,136.6993739611837
EK202310121127,166.6691597658312
EK202310004367,147.60629389258844
EK202310113745,141.76102926596835
EK202310121643,140.86832981226618
EK202310126640,143.29103298805325
EK202310203242,158.5580119016915
EK202310144892,133.01605864922993
EK202310108440,142.7243149310889
EK202310169807,175.29876210067516
EK202310247122,139.3404447845428
EK202310129519,159.30469910278205
EK202310235954,148.26478554294897
EK202310122880,139.58293182228346
EK202310231944,137.532124021381
EK202310244881,136.28847703800224
EK202310124312,133.11709346750024
EK202310193201,182.3244492328216
EK202310229571,121.17303125182455
EK202310157769,138.1690375416846
EK202310109164,125.49831520145133
EK202310188000,150.83905724200815
EK202310109289,128.2738078820059
EK202310157844,135.23317677465522
EK202310237961,169.9953616987894
EK202310138503,154.9290283606138
EK202310155205,127.37417587830103
EK202310199658,168.99900451651916
EK202310168116,138.16754109591707
EK202310236349,132.02479534108647
EK202310003984,136.37650993607014
EK202310227800,146.24907962856437
EK202310238162,133.9794941113109
EK202310207863,136.1345443519083
EK202310104629,136.36439006174191
EK202310199877,136.56084563834605
EK202310242313,134.57674887657396
EK202310180497,144.69603098735507
EK202310205863,155.1807148385507
EK202310198959,151.01862178832027
EK202310150579,147.22838053966683
EK202310142769,161.30285093980058
EK202310198383,141.3719594005155
EK202310114099,135.02068652258444
EK202310189094,155.49148515767658
EK202310128005,133.4456709210056
EK202310210639,139.72346795042893
EK202310247606,159.00597727514818
EK202310161724,128.18369065214347
EK202310141881,126.89461223089992
EK202310131694,139.7700376331465
EK202310204730,144.0730905396009
EK202310171972,137.22194303873292
EK202310208602,138.66701841252942
EK202310154432,140.2618968684632
EK202310122263,123.30714563538187
EK202310192830,153.7627516658045
EK202310211505,149.0418373282988
EK202310247017,146.3174284759084
EK202310106742,145.3190227201587
EK202310160358,144.37451662633143
EK202310241263,158.81935725058295
EK202310109888,141.84816587492642
EK202310119208,131.66402640067787
EK202310138383,123.32233503463571
EK202310195693,173.33528552983003
EK202310150042,137.09617292568183
EK202310233867,167.3879392970456
EK202310151155,130.8059136243296
EK202310152450,135.83501204241296
EK202310216227,146.59729415630673
EK202310119674,142.7542952271579
EK202310151394,163.43222158453622
EK202310198198,135.05451940095628
EK202310231585,129.1893172267367
EK202310220310,177.974155249037
EK202310133553,129.00881378526773
EK202310119758,133.58913512221446
EK202310154895,166.58199097951746
EK202310166029,148.69068149905155
EK202310209935,137.8005122406188
EK202310106150,156.05731687511724
EK202310220446,135.41733347696947
EK202310138946,167.3133298439417
EK202310136698,132.66772772041395
EK202310237887,131.27426416538842
EK202310133476,146.03029116542214
EK202310219601,137.2341799887837
EK202310171218,143.086946672796
EK202310235182,134.85532639827105
EK202310132648,125.43901273242119
EK202310244452,134.11943442699902
EK202310138113,139.09184896390633
EK202310187317,130.28374096828597
EK202310179142,137.01498128414968
EK202310165891,134.98738989955106
EK202310177495,137.85554133008145
EK202310150032,154.79413671220007
EK202310133680,133.0709713032007
EK202310133975,151.67744165080973
EK202310203779,132.22154936910954
EK202320007546,149.92320510044033
EK202310191528,138.0913398274945
EK202310129147,150.0274584014407
EK202310181778,136.41613875799862
EK202310230476,165.62886933028923
EK202310110448,130.06355546252286
EK202310107980,141.8674456981786
EK202310150018,157.1354833106864
EK202310222076,130.00698166665308
EK202310178437,145.28098604739583
EK202310206209,130.10004727007876
EK202310211038,149.2807791819905
EK202310130172,173.45235352248875
EK202310166466,152.70136418947027
EK202310183473,124.45840508009054
EK202310196150,149.38365627184834
EK202310157693,131.8420770001553
EK202310104605,141.1295239393702
EK202310235306,155.2382260931784
EK202310107563,143.58505056987076
EK202310163320,132.23237447815075
EK202310136756,130.06294445685023
EK202310211564,131.13299827634847
EK202310232534,132.98551349784765
EK202310132550,139.601292794092
EK202310160312,156.84290486658577
EK202310234805,140.90432724307294
EK202310185938,128.71373495468154
EK202310144699,164.09891447743786
EK202310191954,151.70417084908996
EK202310146126,132.2264516281213
EK202320006284,190.37181284522342
EK202310185460,159.34634574234443
EK202310191567,151.67014064534055
EK202310222307,144.85176486099678
EK202310105032,141.26628161945342
EK202310230256,132.39441304740907
EK202310220456,140.00094773779884
EK202310125059,142.5648956063044
EK202320006649,185.95396700270229
EK202310170919,140.68672947512832
EK202310244926,141.7247600536378
EK202310123389,134.65793337208416
EK202310122848,137.43203134178978
EK202310211774,132.10263176297187
EK202310197231,133.4106138159807
EK202310138568,131.89833669486978
EK202310198554,132.06435602296312
EK202310121478,137.8344567892651
EK202310236719,131.1272855687627
EK202310168801,151.03133319256403
EK202310224443,160.1486571803574
EK202310206512,150.01536061128627
EK202310220836,145.87566041840023
EK202310247269,135.28660960679613
EK202310131994,127.63727186068559
EK202310134008,121.66031722444012
EK202310157322,140.41770464410038
EK202310143414,151.96762419052737
EK202310173429,140.41303928776634
EK202310217512,128.73436008012857
EK202310166684,142.51698621502447
EK202310203358,150.3911164645421
EK202310135525,149.00569256213277
EK202310190632,145.62788027099788
EK202310109605,159.17781244792982
EK202310209788,130.56627768447984
EK202310184706,140.27568035216677
EK202320006994,146.78228954262667
EK202310184357,138.95069136347146
EK202320007190,142.35461161177173
EK202310105990,133.86379420235545
EK202310168348,130.18864148016456
EK202310138422,129.8578589300467
EK202310136152,136.629478378728
EK202310126424,134.6062951126241
EK202310147111,160.18665202006622
EK202310231544,130.5920689168716
EK202310149122,142.63313014686838
EK202310212352,135.24597619550744
EK202310178385,141.432831377861
EK202310224803,167.43007118883733
EK202310004063,181.32103783181142
EK202310206156,136.33520603596176
EK202310157699,126.46018916470925
EK202310154414,156.94855241074256
EK202310149221,128.24352788374506
EK202310171384,163.10598771747448
EK202310153408,138.2740982212397
EK202310109654,140.6193842793785
EK202310158683,132.97874668356877
EK202310206976,139.0889778823487
EK202310186788,136.02371178559682
EK202310187515,144.03101469495357
EK202310153792,152.97959868188548
EK202310144321,133.5383987341317
EK202310222822,137.8823046765006
EK202310152281,157.61545683631618
EK202310003851,161.5874994580915
EK202310205656,163.95139784991
EK202310239556,134.83949498019877
EK202310145427,147.15722986308964
EK202310107329,129.7011038715727
EK202310135305,146.02783168445188
EK202310225618,140.56894772369293
EK202310212945,134.7675607374058
EK202310244567,142.60352561492036
EK202310188392,112.50299969779832
EK202310188450,144.73379457018612
EK202310119188,145.63550222060428
EK202310156387,141.72715548065182
EK202310154237,132.45917781295674
EK202310232890,137.09514922694854
EK202310219207,127.43951870089923
EK202310247057,132.2249248100065
EK202310229305,145.2523865464001
EK202310128710,130.55300769785407
EK202310179533,150.16351109077888
EK202310115467,123.26409959708104
EK202310237723,132.43446833652507
EK202310197376,177.0241445584166
EK202310135350,162.65622492095972
EK202310135038,172.94257836458416
EK202310190843,153.72214595512708
EK202310148220,157.15488955820075
EK202310193335,181.99148310126694
EK202310201565,141.35076620184626
EK202310108505,143.86903835379798
EK202310236715,138.70121273509028
EK202310149792,154.05715248074284
EK202310193733,163.4288209167566
EK202310248391,136.10645724048314
EK202310134202,151.37212932081724
EK202310174938,163.45432964503263
EK202310104253,138.36371035101914
EK202310178227,150.6091764817181
EK202310200622,149.31747650177056
EK202310162938,134.42077690317052
EK202310136715,137.17370356389662
EK202310219551,139.6859234135428
EK202310213720,153.50984183442793
EK202310197334,186.71753403816572
EK202310162409,169.5756438506424
EK202310176758,126.6672002933143
EK202310106155,135.37655343816397
EK202310178600,146.37642860328768
EK202310181111,130.4633747079554
EK202310237737,120.61389185948265
EK202310135634,129.81387789681798
EK202310222019,152.61275034765094
EK202310211690,139.15861966819912
EK202310223930,141.5099263431115
EK202310159564,156.01476023654908
EK202310123361,143.3135797370312
EK202310154711,149.52639292718106
EK202310196284,187.134603331622
EK202310142525,136.65256722250237
EK202310185635,139.46755400387931
EK202310163743,137.0669747342831
EK202310176119,163.6819672026867
EK202310243732,143.66105160470164
EK202310153106,155.6385088616501
EK202310105266,146.08253240208072
EK202310192211,147.74451278459605
EK202310109959,127.5104885037932
EK202310124347,130.24433442772738
EK202310215657,128.81278084390814
EK202310181609,156.14140532693622
EK202310166089,171.15929593335122
EK202310180562,148.4828553399921
EK202310220766,133.13324634482944
EK202310208527,137.3725690151296
EK202310197946,131.41117234353314
EK202310165805,126.18515816780757
EK202310184781,141.5770362032033
EK202310212044,162.02078056333698
EK202310182865,136.80651747525528
EK202310187564,149.12271957436795
EK202310187093,149.7353097601358
EK202310243295,141.49110060203097
EK202310156858,144.29433964142225
EK202310123996,165.72144458632246
EK202310120097,137.65073282087118
EK202310135094,177.05127202878222
EK202310189874,144.00358112440512
EK202310210390,142.30672510002765
EK202310108372,141.2510154090005
EK202310217559,142.4827996869695
EK202310136995,150.86125872178354
EK202310119918,138.66746878312867
EK202310108102,132.71987755141424
EK202310205335,138.418052208135
EK202310192571,150.42962317538908
EK202310122214,150.70342367532663
EK202310111079,142.83480529503555
EK202310143134,160.42279840677563
EK202310244019,131.80179927428395
EK202310238237,132.7606564820129
EK202310136960,136.94413786431178
EK202310140905,152.67717940646278
EK202310207571,155.61990943284349
EK202310185887,171.16073302258522
EK202310179874,141.00239944274134
EK202310228155,139.35991177978588
EK202320006551,159.16926144834557
EK202310198810,178.32728207105484
EK202310197956,147.99332129572588
EK202310109446,160.5136684761076
EK202310145921,149.5891647338052
EK202310127078,137.55109379832567
EK202310106661,131.5484705716256
EK202310107868,139.06570718626804
EK202310137756,124.17027517818082
EK202310112214,145.33711408042782
EK202310223082,152.74048927974917
EK202310180270,146.7753725993422
EK202310164239,156.4407078144719
EK202310126360,133.25728869683286
EK202320007775,148.26183371656694
EK202310212210,133.28408135692243
EK202310154670,154.56980979894945
EK202310225780,139.24512399265967
EK202310159250,144.60843496077
EK202310189634,154.90816529954418
EK202310140814,138.53338996990743
EK202310127508,162.92269541881345
EK202310218677,138.3294091484948
EK202310128068,133.5520869233055
EK202310113414,138.5419370736052
EK202310127227,153.85310373819277
EK202310119514,136.71454129081508
EK202310228944,126.05284548843734
EK202310109272,130.94964071108248
EK202310181673,162.32953996498378
EK202310213638,139.40382519672744
EK202310244798,138.14051185898742
EK202310204831,142.73379833570408
EK202310208541,132.0192250125643
EK202310226684,148.91882152581184
EK202310106021,128.47995948617816
EK202310186790,140.03017286803154
EK202310134623,130.4899774777055
EK202310004353,144.06181373914978
EK202310120823,128.10812406859583
EK202310193351,137.93452947395295
EK202310129759,139.0502136892577
EK202310211069,151.54330039653553
EK202310145710,121.848208498088
EK202310129442,151.6865817099969
EK202310157511,131.07269618591084
EK202310210155,133.33717592221342
EK202310240481,121.98651553357794
EK202310182044,161.33712989602887
EK202310180996,150.63841430856277
EK202310130678,133.0602177036076
EK202310003775,125.12351618707018
EK202310155552,135.6871583700742
EK202310111202,136.87756691504893
EK202310108361,133.26717123104973
EK202310224126,141.42552371514043
EK202310115508,130.65459469257146
EK202310225464,132.2598440216232
EK202310198925,129.24304517292236
EK202310143314,143.0674813659993
EK202310231386,143.4988586412197
EK202310120970,126.40582221343021
EK202310179304,130.66255717949343
EK202310222188,134.72874763698937
EK202310173726,153.3458392777517
EK202310151318,135.70701984596158
EK202310139619,135.9507552818427
EK202310175938,169.71566990020355
EK202310178847,136.16673103155927
EK202310191627,139.4438231923271
EK202310180100,133.45179401248615
EK202310237846,143.92332557483093
EK202310136435,139.84842562698904
EK202310104391,131.82486629437503
EK202310182074,152.70807355927604
EK202310197546,184.13823150514554
EK202310237183,161.8818689983823
EK202310113688,150.71589489040952
EK202310168496,129.22975388971219
EK202310140650,138.98392032686573
EK202310202579,151.01799195827255
EK202310173337,137.68536969847943
EK202310148159,145.78981807661162
EK202310177447,136.06840636984822
EK202310172439,178.05236714766113
EK202310193776,139.25270204849295
EK202310126160,124.26927881395258
EK202310129091,150.6630127655574
EK202310180011,132.5329225771069
EK202310219524,160.44238820141587
EK202310188997,137.23117674365628
EK202310183044,142.1808555729555
EK202310192813,146.43943808201374
EK202310148696,149.2170713317807
EK202310197244,175.77863358749656
EK202310243949,127.93493900457351
EK202310223004,162.66418334281335
EK202310159964,157.18494230067748
EK202310226266,135.800428255026
EK202310227381,149.61753855566133
EK202310143706,140.59314934823263
EK202310156505,141.08086052749837
EK202310146977,145.33166753435992
EK202310207164,157.7464874105267
EK202310115033,133.90986688212263
EK202310197774,187.89897349028146
EK202310183602,166.31927415758943
EK202310163574,134.70819433384452
EK202310139474,146.1229126844489
EK202310139787,131.51114021893738
EK202310151771,137.2873000640622
EK202310141474,137.68097940446305
EK202310201682,142.57621497606343
EK202310235051,142.71736605144872
EK202310197036,134.9219156653847
EK202310208162,129.2455411959994
EK202310192736,145.9890267445446
EK202310239207,132.74471230675346
EK202310213359,125.62996993900178
EK202310165987,132.69600406511347
EK202310144351,135.02952837912557
EK202310192377,154.66170032952436
EK202310178661,145.47392478109714
EK202310133799,132.03407508888557
EK202310167137,146.84862419670114
EK202310196182,169.1156893965744
EK202310239217,133.08445437003465
EK202310163146,138.0241153823155
EK202310139455,155.91430446705047
EK202310164544,132.36740297170178
EK202310105037,158.25036176268088
EK202310168936,176.0090862925437
EK202310182321,135.16407537799975
EK202310223204,138.80459809681977
EK202310124648,127.71483090685305
EK202310133402,127.37415602266947
EK202310189249,136.5438553948057
EK202310211896,132.8464567585211
EK202310153695,134.39489230545772
EK202310197047,150.16474548062683
EK202310115358,144.142327061698
EK202310178231,148.12448378355504
EK202310140750,169.00305801450332
EK202310196690,132.61801059994897
EK202310180158,130.20639455843468
EK202310118819,142.50320547920387
EK202310129172,110.6327382806261
EK202310160427,159.89177179193285
EK202310217514,152.7444196252248
EK202310228544,132.68473080856248
EK202310129411,142.13918203295887
EK202310120076,129.87557285221118
EK202310147682,144.55872247374873
EK202310119579,146.6687866808236
EK202310231294,135.72810577171808
EK202310205896,126.09393397990596
EK202310168792,146.45791445817144
EK202310194600,130.99177136699848
EK202310231773,131.91804770226378
EK202310197094,137.83349011748612
EK202310159125,143.37787446078846
EK202310145220,141.18354068890898
EK202310109432,144.53927928562842
EK202310154128,130.3980928632758
EK202310226955,135.00585666465787
EK202310232457,138.0088070231798
EK202310196244,140.21054972882527
EK202310246079,142.94590054198503
EK202310168088,152.46736710514355
EK202310128614,134.32127752517738
EK202310156766,158.4707261928038
EK202310208139,139.89551608417653
EK202310167951,146.48203533736074
EK202310140914,137.53873187544997
EK202310123858,139.08317377999663
EK202310246678,157.13209748776546
EK202310231310,142.03996668032414
EK202310145596,144.10557371525104
EK202310227515,158.91247330658751
EK202310124946,145.36256073740572
EK202310146823,133.1176216888103
EK202310135586,138.3748521012807
EK202310201307,141.3740814556866
EK202310182403,152.75651218529325
EK202310215443,132.0969282299261
EK202310126298,135.78977663946844
EK202310189734,134.48486540744437
EK202310150496,144.9011896687587
EK202310201647,134.9565118112029
EK202310236856,135.9466569323141
EK202310141840,154.1654149701377
EK202310129012,149.18643686408453
EK202310191859,132.22873228982692
EK202310128135,129.35673047384628
EK202310140784,148.57820507015813
EK202310106371,134.08166758674875
EK202310189118,144.6842122967165
EK202310185786,136.30152815561473
EK202310177437,141.14796151968807
EK202310183495,131.57082002230626
EK202310183166,143.12773292675325
EK202310121858,133.34326373061822
EK202310128877,131.6039690411952
EK202310155995,154.087623335378
EK202310158905,147.73263017295986
EK202310197700,134.72291607766306
EK202310135362,133.32314374909117
EK202310238208,161.01196777520335
EK202310225984,138.51720463636462
EK202310196965,178.29741054234256
EK202310244512,153.09641620757031
EK202310113816,140.31956310265556
EK202310141423,148.8409581717973
EK202310226411,134.05989905855492
EK202310217081,145.68775355793917
EK202310161000,143.22067563255166
EK202310141027,162.814445977749
EK202310231746,137.16543821325897
EK202310209069,136.56854129271423
EK202310142345,160.14893197770618
EK202310117104,144.48581330119643
EK202310108603,138.19838515631068
EK202310196141,137.2275047681564
EK202310192522,152.52208711416748
EK202310144266,133.46554050997116
EK202310203451,149.2893061175592
EK202310161877,167.65850436983322
EK202310155543,145.9551177963969
EK202310123638,153.86803643103244
EK202310145309,149.4474817887102
EK202310138293,152.93355490221447
EK202310227474,137.66560115576064
EK202310227560,129.0211460284368
EK202310152889,171.23367327140875
EK202310107200,139.5370223940603
EK202310205243,126.54001741250056
EK202310203128,140.09627356482991
EK202310176303,162.3694616045583
EK202310236159,130.796222839902
EK202310146226,137.35292029205885
EK202310114477,135.09337956788048
EK202310193701,154.22269460688014
EK202310132862,128.49481450223766
EK202310146635,138.21695944888998
EK202310118476,144.68761615251552
EK202310207776,137.87847366609662
EK202310165877,137.87300332578195
EK202320006410,146.16077998320455
EK202310111513,145.78092864649798
EK202310143909,142.63617968925865
EK202310132541,128.16591422368097
EK202310209469,159.92554464889025
EK202310103777,135.91475321558877
EK202310138311,161.23059542445537
EK202310155715,148.52380639889995
EK202310161111,166.44543197096286
EK202310231380,127.92129849063772
EK202310129520,144.2766542142353
EK202310234907,141.00851473758698
EK202310107216,102.1018866238651
EK202310106843,134.06916087736195
EK202310204308,150.8393937323912
EK202310214592,169.11597491391987
EK202310116839,145.91440091997603
EK202310180647,131.7809425968449
EK202310142824,137.33825786593567
EK202310196639,142.99828446009468
EK202310231947,134.23001428371444
EK202310135996,158.5186969973526
EK202310225970,128.79756729217223
EK202310232921,136.34973661333112
EK202310229671,137.70621762011413
EK202310143117,125.86352957772384
EK202310235001,130.90345728820512
EK202310223296,137.4012830867295
EK202310166180,155.73465552113964
EK202310144778,132.7416546124951
EK202310140206,146.43926215167366
EK202310146221,132.688576013973
EK202310191931,139.8450061710097
EK202310139195,134.82727822482386
EK202310110326,125.02937788496806
EK202310198683,142.31455454800698
EK202310108642,139.2612179622098
EK202310147919,151.9653233822877
EK202310120403,135.25773897018
EK202310148663,137.6522496397986
EK202310194369,137.08605393029376
EK202310188744,153.7858436531219
EK202310197143,137.99855834461135
EK202310188007,160.98312455853525
EK202310230690,129.14107633633014
EK202310109322,135.00694726997375
EK202310122503,137.20762951195024
EK202310208466,137.22089093195663
EK202310169759,138.69667412345933
EK202310004770,137.5144729637705
EK202310197055,136.0439689961455
EK202310190099,143.21231142830084
EK202310238226,138.16813562562828
EK202310166147,143.5800579462549
EK202320006000,165.33100803081766
EK202310214036,149.40537546936764
EK202310004510,138.05553373882714
EK202310144131,134.1467763410775
EK202310182006,166.3042040657913
EK202310115418,124.54577969846395
EK202310203399,169.95419202557468
EK202310219700,151.29002732305085
EK202310141585,140.81880995828516
EK202310236911,135.74823819088138
EK202310153553,144.1570059856013
EK202310152777,153.10527173273155
EK202310216006,135.76350484587283
EK202310159334,150.3982541304015
EK202310200189,134.01195991775765
EK202310176376,143.22990886714737
EK202310177091,147.27017889061742
EK202310135092,175.26982735111616
EK202310152730,157.98310951107229
EK202310194718,139.03854742854912
EK202310174761,149.33137601711007
EK202310187516,154.01336700133402
EK202310225948,143.62180961866358
EK202310159500,144.47984785033384
EK202320005628,145.66340552733936
EK202310150262,175.06098065215392
EK202310197555,184.89611215672767
EK202310224652,141.01131284778253
EK202310239239,125.5258355025969
EK202310222699,132.65884526663308
EK202310115560,145.25306446893708
EK202310179277,136.10682173121904
EK202310202696,171.7695031427056
EK202310154234,132.75693668164112
EK202310113254,138.8475412497879
EK202310139630,141.85222926160165
EK202310202764,172.2295533371428
EK202310121640,131.39511948660373
EK202310142534,133.76167286224313
EK202310239215,141.15010501958776
EK202310244715,136.6579372600982
EK202310185779,138.8815233762566
EK202310221201,134.71425123502704
EK202310206833,138.5467606530873
EK202310171904,154.34612957096147
EK202310178044,140.4496565874557
EK202310168114,162.5958617913506
EK202310138587,131.94173089558834
EK202310173356,139.25335135771823
EK202310197110,154.18037954434965
EK202310242357,142.9391152624177
EK202310208746,128.61200319960005
EK202310217847,131.75418087029593
EK202310199265,130.09968645357594
EK202310182895,144.04651290934075
EK202310107553,150.61562542883937
EK202310107608,134.4732967659058
EK202320005608,164.46154449909167
EK202310199563,133.33656566215245
EK202310141002,141.42778326937287
EK202310187238,147.05383236712774
EK202310187741,148.78267851012745
EK202310189994,144.87109890683192
EK202310147256,130.7753387283225
EK202310118527,143.32013438105395
EK202310229103,140.22220892500454
EK202310135696,125.71369606633607
EK202310165074,134.53194112180836
EK202310205649,132.8172972567867
EK202310174231,138.7393342269723
EK202310181105,146.4133277440475
EK202310173608,145.82996958303224
EK202310147350,134.19203708056432
EK202310145408,118.56181161779914
EK202310163214,129.4331270894233
EK202310141179,147.76323530192676
EK202310235877,136.34049317340398
EK202310168519,156.50629795584254
EK202310111852,144.74262043085977
EK202310120721,133.418654717306
EK202310239396,147.16133413862812
EK202310125811,173.47629658846586
EK202310122414,151.83359263307636
EK202310109063,143.3304530086152
EK202310136944,128.3641742181716
EK202310112504,131.82098715726457
EK202310187424,150.57912536800424
EK202310107467,133.33010681112557
EK202310170488,143.7467119879742
EK202310221856,129.09137739319587
EK202310146245,143.30698654808293
EK202310211446,141.48541039724464
EK202310234464,132.48887841737675
EK202310216823,138.49882054908468
EK202310158691,141.13784083441507
EK202310130435,118.11284476080377
EK202310173064,142.70865656687408
EK202310159177,146.14771854855704
EK202310164312,131.93190066782705
EK202310190628,139.23323384387567
EK202310108846,136.08405432661996
EK202310180445,165.98092440156728
EK202310131205,157.49775673868453
EK202310164126,135.01917183581799
EK202310107936,158.84158806825923
EK202310243521,136.1417848572363
EK202310208141,132.4056990459175
EK202310190781,129.6841272315097
EK202310172000,138.16079934731636
EK202310190053,172.72261865911602
EK202310233066,123.89905401496736
EK202310131018,124.69205610559676
EK202310149945,150.94958672592796
EK202310205501,121.54774267104833
EK202310248483,131.86627309581692
EK202310129538,134.94492573621656
EK202310167469,167.80991720414568
EK202310106330,129.64090461408114
EK202310225391,138.93341717488042
EK202310125703,155.74825180550005
EK202310208418,138.58517051476377
EK202310147781,145.85191779594268
EK202310164598,144.40842799419391
EK202310214120,163.7910678166409
EK202310118444,138.4473061866323
EK202310145109,138.19750960916477
EK202310150661,160.0622214798829
EK202310134650,133.99816229627652
EK202310170695,173.8089135381527
EK202310171347,151.69890381946834
EK202310118507,133.24651839222585
EK202310135088,177.91532919123455
EK202310169570,144.74101574736042
EK202310198285,155.79710629704363
EK202310244339,131.28965211255215
EK202310218458,145.25274405698224
EK202310167361,146.19408233558508
EK202320006358,142.5036857149919
EK202310155685,139.41323579665274
EK202310193521,155.6488359159809
EK202310178456,148.4100531236812
EK202310120435,129.40664271102023
EK202310229594,136.24397271630548
EK202310204793,141.59247526580893
EK202310128806,150.3254464869861
EK202310145561,136.95824736392169
EK202310218298,130.68435444012493
EK202310185508,149.73766296831673
EK202310169152,152.57980665274533
EK202310119338,126.00365731491185
EK202310172073,151.59087547927706
EK202310164403,149.93985688583638
EK202310228535,133.14419967027345
EK202310233245,131.13703670413508
EK202310247155,141.38322000323646
EK202310184707,155.44811724416462
EK202310244628,137.11511314601435
EK202310184991,133.31414649825155
EK202310200030,142.7756952164072
EK202310131926,133.46261934682065
EK202310183294,175.94915264992113
EK202310156979,155.25643607935788
EK202310196008,177.24239010704318
EK202310124917,133.7316703030992
EK202310182478,138.61520012181307
EK202310206853,142.29363766000296
EK202310131555,136.12935846792467
EK202310134282,141.54261508546674
EK202310120141,164.8183208723
EK202310246441,133.85327644925545
EK202310195921,146.04805026325516
EK202310214428,131.32205160138767
EK202310124519,146.65325398455565
EK202310153352,155.01776646298495
EK202310155554,136.43430303389985
EK202310193684,125.47726706936689
EK202310225319,136.6215706930268
EK202310148621,133.6821765555835
EK202310237907,140.8117310254669
EK202310202805,132.09448890366028
EK202310161990,162.63234107776287
EK202310200477,130.3795711321927
EK202310114915,142.6276300990907
EK202310242909,137.51943774586638
EK202310142330,141.0556611815857
EK202310221377,128.06787432289914
EK202310137957,133.47074012477162
EK202310151180,151.0821502555448
EK202310182686,123.31980950489499
EK202310244166,137.00760813941403
EK202310242349,135.415085208363
EK202310121472,132.57006710323247
EK202310192151,157.8923291168269
EK202310112554,134.51052942336582
EK202310225810,136.2225311001195
EK202310235008,139.92807993732006
EK202310217946,162.05176571803483
EK202310197822,158.1547088891052
EK202310003944,143.4200593546553
EK202310135754,129.9563187011664
EK202310235898,130.59974401267874
EK202310171140,139.10261518929192
EK202310145149,170.41514075833274
EK202310202195,142.4745450603317
EK202310220091,143.05553633059245
EK202310232376,136.03112903328906
EK202310189509,135.77433320892337
EK202310113709,149.48453017179352
EK202310119993,127.56128324805422
EK202310223647,153.58196181348967
EK202310227478,139.6902327877398
EK202310174661,134.68037652800464
EK202310165728,162.42373338930028
EK202310182436,169.2384978321632
EK202310181591,125.81558733714799
EK202310233458,138.5220575148237
EK202310138708,142.7730685107068
EK202310107419,129.76365716092678
EK202310242771,136.18025717260565
EK202310110825,121.43444395145836
EK202310148516,147.53822316253726
EK202310169259,156.73823637342812
EK202310139428,152.19479703679886
EK202320005946,161.42757566788833
EK202310212395,140.5906701196694
EK202310211186,140.44869378202708
EK202310124150,129.4115669613966
EK202310172970,141.34946016427358
EK202310212383,135.61856160567302
EK202310152532,128.99174830520593
EK202310174856,130.86252691136983
EK202310150761,128.96840169204745
EK202310192707,177.07577673049954
EK202320006514,163.72920687796656
EK202310230857,136.19509366918496
EK202310209642,155.87494861232852
EK202310244831,158.16992925216795
EK202310004958,134.93000925265198
EK202310222994,160.9762968943348
EK202310122972,145.93098510983083
EK202310240517,156.12928419278475
EK202310154489,141.90614643193945
EK202310149568,155.72947841747126
EK202310173750,143.69747030201057
EK202310127136,145.3434579914355
EK202310162460,137.07412340555715
EK202310237884,156.50200176791242
EK202310128591,137.67528849787718
EK202310167782,160.88239253296314
EK202310173162,145.56822201865657
EK202310176040,164.19899685166232
EK202310180187,128.93228750024568
EK202310205385,141.603013293191
EK202310189417,145.84554891369427
EK202310110265,132.20201169863734
EK202310175081,151.9136720343058
EK202310241247,156.17871881752745
EK202310210940,145.34845737457118
EK202310239869,143.08235132461976
EK202310208022,134.66134867654074
EK202310186683,144.91962162870306
EK202310244974,159.90737133052338
EK202310196503,135.06054620000398
EK202310147774,147.8229753621264
EK202310194263,152.9740975027319
EK202310188228,151.04512648944282
EK202310164624,135.82039230074827
EK202310153042,142.15778154378208
EK202310157883,145.2519648800666
EK202310110532,134.977875721862
EK202310166599,164.75516607583265
EK202310153767,157.90497626696438
EK202310126138,130.03172987866722
EK202310121044,162.81086481815976
EK202310133142,149.05165535424965
EK202310128385,129.2984511761607
EK202310175042,132.19620802560772
EK202310189448,168.48315632865513
EK202310190050,176.00707953315592
EK202310172092,143.91760391328813
EK202310207334,131.7506618945861
EK202310182559,139.9209688242651
EK202310137090,153.70320854253433
EK202310190532,139.4953885339463
EK202310236425,136.53925560850206
EK202310203185,131.23093734482532
EK202310168314,139.72399788482684
EK202310151263,172.6018028618084
EK202310108095,143.57455412533642
EK202310232838,140.1230741940149
EK202310135295,147.79182047745053
EK202310163910,146.71037537089938
EK202310194553,152.5240830037137
EK202310174190,139.98006551523096
EK202310231328,135.58395552511388
EK202310147991,156.81921200448213
EK202310161571,153.0393823657641
EK202310240598,135.75942273915194
EK202310236106,130.64191689528568
EK202310109500,135.0986289899035
EK202320005589,162.51750876771425
EK202310143413,136.01742090852255
EK202310153498,157.28161830797728
EK202310181818,153.75721014061847
EK202310137951,131.8246952615599
EK202310158889,151.0199781422128
EK202310147118,158.98910174919143
EK202310153978,161.0231281849378
EK202310107126,138.77200111147522
EK202310145858,138.1718249479183
EK202310220104,140.01041347465562
EK202310112400,130.5544111838912
EK202310236894,151.72120353206836
EK202310217550,133.8613291646924
EK202310236693,131.4201957326215
EK202310217785,127.98746735649563
EK202310235143,141.60010871183871
EK202310182831,141.05708147909345
EK202310117677,159.22503386227814
EK202310207224,145.06272338864503
EK202310217694,144.8660281120403
EK202310144000,142.7389407641947
EK202310165837,156.5199833205598
EK202310211421,145.7858478633266
EK202310004270,152.62923768368202
EK202310189309,172.24406156759997
EK202310127417,132.6287120776608
EK202310197347,178.90380923664088
EK202310209401,153.61153311875287
EK202310180542,132.17368269424475
EK202310162786,139.37124889508033
EK202310223059,142.45382811152103
EK202310147692,140.85895563897532
EK202310244440,158.98729302550925
EK202310180779,132.84851756339555
EK202310189325,127.46849447348417
EK202310110924,132.06021766609265
EK202310157687,136.11436263880933
EK202310154799,144.42605201710464
EK202310169628,129.11936454192886
EK202310169107,174.93652964775072
EK202310105506,141.21240202972157
EK202310154969,134.12023495010584
EK202310122511,125.00642577814773
EK202310156453,161.16117424982804
EK202310246928,124.4814515920128
EK202310203362,177.70143765859362
EK202310138843,152.42634849311162
EK202310157857,153.96632475199257
EK202310236705,140.69499076732797
EK202310236064,127.17853838579767
EK202310190655,135.11788288647477
EK202310232773,162.38466178743485
EK202310209352,132.58237035674037
EK202310196574,147.71088850079363
EK202310153431,135.36247322259314
EK202310213738,154.3990466387125
EK202310159195,169.33741499892298
EK202310192497,137.43457987643148
EK202310179803,134.74331193505395
EK202310122219,132.41597921920942
EK202310121778,150.0420161869447
EK202310240799,139.58485454004784
EK202310186388,143.79861785635018
EK202310227442,145.0311094064967
EK202310236831,140.47985257235658
EK202310146534,138.43727941407136
EK202310108548,140.45945034013195
EK202310127039,131.0461210678435
EK202310239867,142.37526555732214
EK202310140091,158.19208516441378
EK202320007345,144.8244324769257
EK202310181587,140.93620891183846
EK202310183586,172.49332004231468
EK202310161537,151.27521427732634
EK202310221929,137.94549732318882
EK202310115533,131.54788993312403
EK202310245422,129.9270509865835
EK202310134303,134.54323530434408
EK202310206878,137.63898766858338
EK202310143077,131.0632391062591
EK202310187766,138.81153978227897
EK202310233861,167.71701324339563
EK202310145715,132.1087087667648
EK202310186238,129.3847506499021
EK202310168663,141.39537953533872
EK202310230983,135.17101810926047
EK202310139816,135.27007345540906
EK202310206473,130.72550111456022
EK202310153829,138.01803130352405
EK202310182371,144.04536964692932
EK202310173647,134.06577350105312
EK202310114150,131.2284041619788
EK202310242508,138.71534590650307
EK202310203427,169.9478351401143
EK202310132984,132.54717010554708
EK202310117793,124.51884895782182
EK202310138841,138.54660411868542
EK202310139058,158.0790648294203
EK202310164995,140.20713988518074
EK202310202198,157.88500983632474
EK202310160037,137.8868943364381
EK202310138091,136.92689997978778
EK202310183753,175.17216261360912
EK202310211184,136.0806257498313
EK202310187233,151.81212093409226
EK202310225971,118.66014460177927
EK202310155927,133.1516000038069
EK202310123628,139.66047701603281
EK202310183593,172.5402474026979
EK202310196797,144.1155021256883
EK202310129620,140.10391781757423
EK202310157287,148.4996703343627
EK202310181152,137.69764818576164
EK202310203161,186.16415689716248
EK202310247889,134.7052816847653
EK202310205874,136.30200016606338
EK202310175828,141.6659888974311
EK202310141292,153.02120607146938
EK202310127480,131.53957005662235
EK202310112716,149.0610037732635
EK202310200229,145.0500049891499
EK202310112035,142.6862344952558
EK202310204257,130.61626431447274
EK202310145471,139.67015078930538
EK202310210409,135.56369065876387
EK202310166832,134.26797943029112
EK202310248711,141.61862420712447
EK202310177732,134.8856591026966
EK202310160771,134.6452351836215
EK202310136073,127.32001958536314
EK202310182269,140.79304542540498
EK202310240985,135.0157287879422
EK202310106392,136.25923041935883
EK202310208908,125.72804101057146
EK202310113165,129.4131435383781
EK202310152602,137.4995295308478
EK202310210636,136.35566691516163
EK202310140721,135.79300112192152
EK202310148290,143.01497510329392
EK202310199880,144.55237890254122
EK202310227144,138.6968222019236
EK202310147589,135.1501443568008
EK202310004177,154.1752782494915
EK202310138763,136.9741469819187
EK202310172464,172.34900608800706
EK202310105200,140.50788055095907
EK202310184573,148.5613128052789
EK202310208816,134.6653960617424
EK202310109118,140.55894733941327
EK202310200139,143.30630406483627
EK202310133070,132.36580450382445
EK202310122855,152.49625936160658
EK202310233834,138.77590479208072
EK202310209821,138.070368465329
EK202310124502,146.08452437454943
EK202310187088,151.28261997782187
EK202310133122,155.6052004348588
EK202310004846,138.0370157307119
EK202310147252,131.95083135554378
EK202310175414,125.44090337852492
EK202310181170,143.2756453216565
EK202310004408,130.17413042732167
EK202310125748,158.65375222156155
EK202310131440,148.72098952034546
EK202310192559,132.32042927692493
EK202310192910,153.7051745739993
EK202310180784,144.9580112566227
EK202310236540,136.66105537825956
EK202310175339,134.13719049915778
EK202310160527,168.1712861823152
EK202310236221,150.3063341731702
EK202310238864,160.17997519002458
EK202310166680,147.29306476588374
EK202310117287,138.1135593822672
EK202310192797,154.257584853148
EK202310200327,131.01068737383648
EK202310176045,159.31860149594817
EK202310148346,143.25323626220717
EK202310142274,147.49248607233505
EK202310122242,133.45628563849985
EK202310126568,127.66959745356328
EK202310204418,140.30374738963155
EK202310156236,154.6462072585706
EK202310189484,131.65573101369753
EK202310137543,134.3485427425786
EK202320007300,144.77898547213132
EK202310198932,128.96193420627338
EK202310108514,147.02314021608507
EK202310219932,135.97938309013003
EK202310132147,147.9135628285768
EK202310227649,171.5539353607927
EK202310224668,134.77455785534676
EK202310156447,148.23627424108324
EK202310210496,133.34456710983628
EK202310152297,143.30950083393554
EK202310187324,134.30331069517496
EK202310247309,131.47819750559347
EK202310190789,132.4333582730079
EK202310199601,143.03290802412647
EK202310239017,137.16457805021378
EK202310106841,133.14819667440563
EK202310182928,144.1640205970305
EK202310204568,139.13219592131014
EK202310243353,151.05153164262833
EK202310123522,136.69848621835138
EK202310162526,143.53205947115154
EK202310214114,161.6650270452601
EK202310197207,157.77607018301816
EK202310232110,130.4772251181721
EK202310179397,160.38036510188925
EK202310155653,133.61380683362387
EK202310004343,132.7301930021924
EK202310192586,152.17624839371476
EK202310186352,149.26145402320475
EK202310124214,133.58715067206197
EK202310228925,135.73650152330822
EK202310112746,155.00952298217913
EK202310158948,160.09553342047266
EK202310210700,130.89338933888465
EK202310164939,137.25366878036127
EK202310183358,174.7171027667579
EK202310144690,146.70682746167535
EK202310206169,137.54087882281632
EK202310107548,156.10965352047023
EK202310213425,134.36242056239482
EK202310127466,129.76923334381846
EK202310215414,180.06791147930724
EK202310113096,129.56285966478595
EK202310177778,144.09614245608532
EK202310225362,131.98878468956175
EK202310164338,155.01868594857564
EK202310247571,168.2374107235839
EK202310126985,130.79661563250949
EK202310226690,156.78636943709068
EK202310122754,127.53618874054187
EK202310114324,145.12453875330607
EK202310162544,174.99208411239903
EK202310185834,127.15893902016136
EK202310147784,146.8908743878398
EK202310122287,141.1625084895681
EK202310169104,172.7439254784666
EK202310212851,147.5585992361734
EK202310004912,149.9571967557627
EK202310122676,152.47052605692832
EK202310241678,165.16816632096658
EK202310235919,132.42646774493
EK202310200266,154.20774118595992
EK202310229111,134.9655069931276
EK202310143535,162.40880869319605
EK202310132424,133.78745079123698
EK202310150394,148.05142992296612
EK202310121122,140.50939060647607
