ESTU_CONSECUTIVO,PUNT_GLOBAL
EK202310003556,136.2358569517664
EK202310170625,161.83776605462242
EK202310167359,160.86256314002225
EK202310118370,123.96926170984392
EK202320006361,146.6561041932449
EK202310003542,134.96361117299278
EK202310125266,142.7345842806501
EK202310144740,125.23769465953684
EK202310137443,136.84843594574306
EK202310159067,154.13303242335226
EK202310245067,132.96495329349497
EK202310240556,130.83220954573864
EK202310166743,149.07396546537265
EK202310247454,120.66953630898502
EK202310215702,154.99920404048248
EK202310142190,163.46018894999622
EK202310205417,131.42385897993162
EK202310119601,133.27644385374728
EK202310190356,136.01177581386068
EK202310158758,134.56184543798946
EK202310145496,128.0194907946879
EK202310164763,145.52024019384362
EK202310200188,134.28984433411966
EK202310238803,169.90146311075935
EK202320005607,163.60087402037175
EK202310225681,144.44242306757968
EK202310127174,130.9694327815087
EK202310204317,157.81213532093062
EK202310179355,124.22181800412615
EK202310176524,148.24465401406042
EK202310237228,129.93567095471263
EK202310172549,159.20800068177337
EK202310168863,126.65753727434299
EK202310185904,155.83448569760026
EK202310133615,156.5642608437053
EK202310122063,136.25494998993955
EK202310121770,147.62620401845106
EK202310125590,129.61172187851986
EK202310172269,129.80381777583256
EK202310147894,145.53185352974273
EK202310137986,143.17351585652813
EK202310150838,139.2761095960649
EK202310104915,121.99169113955762
EK202310170090,121.44918196830476
EK202310165637,132.53941836982452
EK202310134467,131.8276999794875
EK202310182637,175.6650749523127
EK202310112116,150.80114046966628
EK202310241220,160.4176628692699
EK202310103801,149.80262835001764
EK202310177448,130.53273813035236
EK202310157860,178.2597490156138
EK202310211985,141.67946452221034
EK202310232907,130.30351069231804
EK202310162917,149.93988729519424
EK202310211786,127.14464351429012
EK202310132171,150.47368265538262
EK202310153694,154.15482804386173
EK202310174960,151.60086908905998
EK202310121096,130.20629729531447
EK202310222475,118.88403841850464
EK202310146254,145.72380262651225
EK202310111466,138.10502638913078
EK202310004385,162.28838982666315
EK202310108961,133.8599856705411
EK202310203170,136.90377494068957
EK202310161424,180.59798322642118
EK202310206583,141.8582474664923
EK202310138840,128.5401460016424
EK202310221976,145.56894712859332
EK202310143972,133.43829737816566
EK202310175420,142.95412830928706
EK202310227655,137.11516388157105
EK202310163389,144.18480048272716
EK202310239480,143.83196905723258
EK202310146467,131.92944259762245
EK202310162597,134.16097060669665
EK202310194862,130.80933680523202
EK202310152448,148.9736931101429
EK202310245431,131.93312512679867
EK202310206822,184.45299906835447
EK202310166559,160.24279238893305
EK202310221701,154.14459449132823
EK202310231403,131.39826666961017
EK202310156027,138.6995077134872
EK202310135956,142.77364311294494
EK202310183176,127.94857556476022
EK202310206055,184.8974527835532
EK202310167360,144.03414770455484
EK202310142701,145.11600998642376
EK202310156629,177.73498300115762
EK202310241352,147.00147025424712
EK202310123587,156.12968871516637
EK202310003639,157.6382221163754
EK202310158269,145.91891238916133
EK202320007090,146.51776739605924
EK202310111707,135.66592491265527
EK202310104096,148.0330319878401
EK202310235404,112.54139274190389
EK202310108783,137.2594253300733
EK202310116298,133.74366742137474
EK202310156281,163.14674372399298
EK202310164483,137.5809565356506
EK202310108212,111.45678952175071
EK202310233950,140.04590873670924
EK202310157041,133.9642494132325
EK202310104522,128.73837739789835
EK202310175972,146.13400800473667
EK202310225965,145.80020702249433
EK202310138403,135.4693974097269
EK202310234452,124.21168938040714
EK202310104614,155.08735693544662
EK202310117970,139.6161217561211
EK202310128727,130.49789286657742
EK202310190230,135.18997741922877
EK202310201465,160.67314834563848
EK202310197534,186.27465390702133
EK202310171846,121.5118627986217
EK202310193751,145.51555279046025
EK202310242967,136.12086927151327
EK202310112852,160.30317241220217
EK202310132804,131.86087233593526
EK202310127612,140.79988772868978
EK202310136082,181.12219539900502
EK202310186665,157.90586002460958
EK202310156519,122.82221257619183
EK202310108430,144.84360005230482
EK202310164930,142.8064893122493
EK202310153971,160.09400730458202
EK202310129412,126.4883475637325
EK202310124383,136.29647552465795
EK202310215858,151.01601465348517
EK202310104131,153.64072506507392
EK202310185040,144.8229833166326
EK202310119251,140.55320188371917
EK202310191724,155.62929547382214
EK202310149922,121.15824181724217
EK202310176193,138.55646871260183
EK202310204311,159.85822538571375
EK202310248324,153.38519333150623
EK202310120496,131.31873611551418
EK202310233548,131.10044007248928
EK202310219178,140.30661622153985
EK202310114723,143.8289314476303
EK202310185832,167.96062580497767
EK202310106587,168.36577789150564
EK202310239252,132.95365584836676
EK202310208710,133.26280410894776
EK202310244056,128.31483353956816
EK202310223702,132.61471663621262
EK202310236969,121.99577859338993
EK202310196070,142.76463537727798
EK202310227710,139.34974458122025
EK202310119702,145.45984914793846
EK202310143351,140.64793418129906
EK202310144967,141.02687263603787
EK202310207097,134.7262013140085
EK202310193281,131.54276651856566
EK202310223068,134.16855670663952
EK202310158743,125.83179389026046
EK202310142353,136.43010960094887
EK202310154024,166.15311418701634
EK202310136326,140.79178022052673
EK202320006526,147.9785092273434
EK202310240160,134.35621902671818
EK202310230270,139.27104697512985
EK202310209591,138.68137240832743
EK202310201937,146.6707180205647
EK202310138686,151.3019516309128
EK202310125946,145.7875778195569
EK202310112949,142.39048547101135
EK202310128660,172.65620879500375
EK202310223565,150.00442031825034
EK202310155372,152.61658385460294
EK202310229467,143.97694195491562
EK202310232289,145.65254744301689
EK202310142439,155.66455057455903
EK202310128595,143.6587136345356
EK202310228661,128.72310044480307
EK202310220811,127.95338057639405
EK202310104677,149.1534034881847
EK202310108708,145.43896866716628
EK202310235044,137.8407427750421
EK202310141363,139.6722465175552
EK202310174855,146.60496920626395
EK202310154755,138.6277416345454
EK202310157326,135.5795492180548
EK202310228659,142.77701123109162
EK202310215026,166.07738332938683
EK202310177129,145.53895769612944
EK202310178830,162.46734185422264
EK202310222959,121.32968268364934
EK202320007347,135.9601768128341
EK202310153807,153.07554334841956
EK202310165563,151.606304325469
EK202310240070,116.17166520743359
EK202310171642,129.77846938872437
EK202310221419,131.40220104228192
EK202310210258,138.39555555567225
EK202310108225,140.74816478265032
EK202310156515,137.22728102377283
EK202320006021,175.32631281664214
EK202310214746,154.83825938537268
EK202310166648,149.70970166892232
EK202310243041,146.09976758119143
EK202310227731,114.55211037991336
EK202310118513,127.30731251105806
EK202310240129,144.36195588438068
EK202310140813,144.30597200142319
EK202310181628,143.45412120221718
EK202310126085,129.03180065801206
EK202310246101,143.59680362445906
EK202310113312,139.4807552343908
EK202310217968,133.91442380342326
EK202310213114,127.02982353583032
EK202310219800,158.62915109688234
EK202310184495,156.61973800300245
EK202310119316,124.26218047033929
EK202310180007,148.83167961616908
EK202310199156,139.5265196071607
EK202310177234,157.96044448479034
EK202310226743,140.3370714810309
EK202310189141,146.04384058985838
EK202320006005,160.3210550592105
EK202310227823,137.14013346004867
EK202310174022,154.48126493409464
EK202310134374,141.22552299264902
EK202310200180,125.88826029791095
EK202310161433,149.23310021969917
EK202310121700,139.1029005083864
EK202310237451,134.5439005500059
EK202310192827,146.15275650214326
EK202310160428,156.3605431811876
EK202310205223,132.03240648967878
EK202310111659,155.608987086095
EK202310218773,148.9285705720367
EK202310161247,136.49508383935213
EK202310109618,144.28281241369493
EK202310155619,128.59966313647854
EK202310135096,153.84611351942283
EK202310188704,151.70396205567738
EK202310198311,166.02163460459306
EK202310138345,130.5564172624596
EK202310187653,130.37367449936954
EK202310223676,159.20067326102384
EK202310165688,133.75447545145028
EK202310104779,132.5688036911945
EK202320007241,164.7826252813824
EK202310247012,121.60037704026357
EK202310115649,130.1289971632828
EK202310158687,136.99608525197073
EK202310139898,144.40389125461198
EK202310183012,137.89343166956627
EK202310189323,173.23556002127134
EK202310236084,141.68595804951383
EK202310187745,153.723593925459
EK202310213754,147.80699274699862
EK202310207691,134.41207190788123
EK202310213360,133.29073925443967
EK202310134511,135.39118572160675
EK202310162421,143.51040966957527
EK202310137854,130.56804197507128
EK202310150901,140.54854948231048
EK202310114810,129.64607893735098
EK202310110564,138.09889251098556
EK202310188498,118.91883904062306
EK202310122137,152.2945637972574
EK202310234827,137.52463171994276
EK202310123845,151.8612335721317
EK202310117679,150.5900809252841
EK202310226733,146.9237941852829
EK202310146806,143.95902052156273
EK202310186532,147.64172406319094
EK202310198523,127.42684665266037
EK202310169242,141.50563706819807
EK202310189605,151.1456776758945
EK202310177460,150.4719907962069
EK202310156053,145.11572035560607
EK202310138997,145.16017718239422
EK202310231114,125.39656611227778
EK202310147763,138.99973388322286
EK202310119709,146.27442556289816
EK202310121129,154.80676064137634
EK202310137901,140.91836688997356
EK202310144077,142.68328492049716
EK202310110337,122.94646345421438
EK202310184408,138.9581366997807
EK202310215841,115.14019780464736
EK202310157214,163.01038339147522
EK202310193140,130.4744469706203
EK202310216105,141.6063597184066
EK202310246420,132.6714786550834
EK202310118424,126.57110381273812
EK202310144290,146.74798541802681
EK202310236171,139.1546100433169
EK202310161913,146.9224730232818
EK202310116195,140.59850783631853
EK202310140252,145.54942493468633
EK202310238025,151.12624541863735
EK202310146861,128.3018139400317
EK202310125756,131.74329250328503
EK202310211082,137.26812157677827
EK202310202590,137.24056726517784
EK202310212292,141.8622612483471
EK202310151188,141.11668086902282
EK202310186431,168.66932872952233
EK202310197054,152.79539807702383
EK202310229535,138.10066753941
EK202310237693,134.5348199914935
EK202310127899,144.35981893816333
EK202310125513,131.71181428680617
EK202310143417,147.76448770054404
EK202310114922,139.1943023456701
EK202310185011,155.8102329906012
EK202310157380,138.72310695524405
EK202310242841,137.08332882250127
EK202310128764,141.60453023358687
EK202310160302,128.79428904061393
EK202310132265,133.56170986978395
EK202310142152,136.6244916822824
EK202310184138,147.4465666472723
EK202310218922,160.2932995273698
EK202310105732,139.66397694835922
EK202310202421,131.9659192153306
EK202310204745,132.84046180110633
EK202310231651,128.63798696502712
EK202310206373,145.76215123844943
EK202310231327,128.96913159147047
EK202310129440,146.22974194498434
EK202310229405,147.1323997001106
EK202310233561,138.98607917738906
EK202310141433,158.29790533966818
EK202310164651,153.47624978491103
EK202310201935,131.87490715607154
EK202310184574,122.62295569770966
EK202310223915,147.9517053815623
EK202310200908,165.10068475515112
EK202310128941,149.8164783353325
EK202310186952,145.0739178862757
EK202310193974,159.72643197209405
EK202310169879,170.41650640981348
EK202310172093,139.18534963671533
EK202310184529,131.55273213602757
EK202310230089,142.13726673042237
EK202310181118,160.03600812178036
EK202310204225,139.6247241568
EK202310112100,158.13474786566297
EK202310222373,165.93462728295765
EK202310182126,150.8993943355057
EK202310169072,139.76199840273247
EK202310203100,162.85036986008305
EK202310228065,164.98900383635478
EK202310003374,109.62617497783042
EK202310231993,138.82929201230274
EK202310166999,130.22298356561745
EK202310113561,153.77145163179233
EK202310150384,156.51598733252845
EK202310204151,144.15053595164903
EK202310243179,163.4015454462043
EK202310229664,144.98832085821076
EK202310214850,139.72096336698945
EK202310203348,153.69874741503273
EK202310146725,134.017601240734
EK202310134763,141.50625941369992
EK202310145729,175.96333950056083
EK202310246535,134.12669889440286
EK202310141577,131.22148672249875
EK202310216160,117.55186784805886
EK202310116782,138.67596637281363
EK202310211327,144.04786465778164
EK202310204090,145.62048455311736
EK202310175898,158.51320745170764
EK202310226259,141.6248910006857
EK202310151274,151.82582679052123
EK202310154215,142.97613542245614
EK202310174277,144.73105158478816
EK202320006496,156.05614414230539
EK202310141969,151.73561965702413
EK202320005622,140.37752702545706
EK202310157093,156.3763033426862
EK202310139909,139.1085444798381
EK202310209908,140.7065384845871
EK202310218730,127.59618648172335
EK202310229718,123.98039266130583
EK202310111615,153.451629746454
EK202310138168,129.51474086028247
EK202310162118,153.0729825114637
EK202310164185,140.14779203183858
EK202310123341,144.48228824595842
EK202310154152,129.35289198781481
EK202310169662,152.08038445930168
EK202310195289,127.55983703920216
EK202310247758,168.8192226581597
EK202310223580,138.87924464184033
EK202310104690,148.86199664142748
EK202310234439,123.46311164968036
EK202310225052,168.83886125158307
EK202310139674,153.01297978685244
EK202310186662,134.40525594211002
EK202310198339,143.60500122381742
EK202310219978,135.72279607468127
EK202310205279,142.17592000046636
EK202310241147,149.0187617020933
EK202310225981,159.08112990070012
EK202310168112,143.80745229888856
EK202310226106,139.1465653494208
EK202310116095,130.59596218207855
EK202310114593,142.65707812755264
EK202310175636,124.4964829587957
EK202310117905,149.4494738527793
EK202310200614,154.44931768194692
EK202310137390,148.19811882595565
EK202310196458,153.56380923691142
EK202310212839,156.78169764467884
EK202310149449,162.48994237822143
EK202310172721,144.08909681805625
EK202310133382,122.61645195220913
EK202310171991,155.2038603877434
EK202310178147,139.76205918025974
EK202310210822,129.5142487280902
EK202310169958,154.58494581405603
EK202310216612,128.534684580128
EK202310190351,137.43685394348364
EK202310128333,132.21782804382138
EK202310156052,152.40505277618084
EK202310207300,134.89089263369854
EK202310148098,146.04192611322674
EK202310236834,142.4681262394486
EK202310206502,133.9557167428232
EK202310232490,139.2476171170706
EK202310115920,130.93092523168383
EK202310155557,143.7002029374115
EK202310118792,158.6960783132555
EK202310213449,138.28802243285466
EK202310157956,143.51463604023
EK202310202461,157.41463165779467
EK202310210080,169.020237584588
EK202310123713,147.74377742533704
EK202310138636,145.2871092594015
EK202310197194,141.52080881606997
EK202310136131,173.0791548423517
EK202310194280,142.60317351690583
EK202310144073,167.3641908150388
EK202310196767,158.47495938612695
EK202310152659,123.49620580916586
EK202310119318,139.2285259519011
EK202310175079,156.16480090500923
EK202310246973,145.55872909293305
EK202310177069,141.77541824834597
EK202310228915,133.68808858645403
EK202310237967,140.73427595705505
EK202310004766,145.98567737010674
EK202310197580,169.5990421090175
EK202310163370,155.5911720992861
EK202310126258,126.32588349962963
EK202320006245,161.80767228760746
EK202310214455,137.29506731215315
EK202310225077,172.88072525282294
EK202310121345,121.3320838007925
EK202310118753,127.07454015045921
EK202310209148,149.59460803428667
EK202310235651,125.0399580854998
EK202310195584,160.93121894545152
EK202310131541,145.20602981476478
EK202310167958,159.79123515139102
EK202310232848,117.65974438532677
EK202310112373,136.33744339518216
EK202310247588,162.40196084379335
EK202310124781,129.23736251106578
EK202310187345,171.36464236554815
EK202310117200,154.58346496634715
EK202310103838,119.60151444263929
EK202310123310,141.03825901054645
EK202310193567,148.2234922950122
EK202310176987,145.47182521974378
EK202310217483,122.87717799150381
EK202310219653,125.0524900223325
EK202310189258,146.49984577750212
EK202310213235,135.06700937077986
EK202310148485,142.71867214240993
EK202310243846,129.310724950448
EK202310157685,141.50323528575976
EK202310228217,168.7265848331405
EK202310167414,154.88330312553236
EK202310116553,137.47580606383826
EK202310154306,146.17012805200392
EK202310218246,142.30502818451518
EK202310214924,158.31508123171017
EK202310124301,135.7064369273539
EK202310132969,123.5860063074208
EK202310116665,140.77725705013282
EK202310126109,153.69813508748683
EK202310246626,144.99130637392187
EK202310165655,127.81699388870912
EK202310222900,142.37532422377677
EK202310183920,160.28455029862926
EK202310188655,137.89732910948806
EK202310140837,146.24156668655309
EK202310110105,116.02168392289896
EK202310166926,164.66379227170137
EK202310222571,155.3300753461303
EK202310130862,144.53850548780864
EK202310159918,134.82642404701176
EK202310191732,160.88747980997107
EK202310154430,155.41616198593337
EK202310209379,138.85292016839773
EK202310242826,159.63229174519796
EK202310127621,140.0671075238263
EK202310144269,151.0029101644655
EK202310168554,165.32707726179027
EK202310225096,127.02347675901889
EK202310004191,120.54950983193635
EK202310198832,137.13189001725146
EK202310166122,165.6654712575404
EK202310197812,181.99531500977565
EK202310173577,130.42974413532716
EK202310107780,138.9988757740938
EK202310200080,153.8531982787457
EK202310244832,163.5708472312147
EK202310153701,159.69496770960797
EK202310248897,154.53409303000333
EK202310238758,139.87434638445595
EK202310180956,157.01393618034342
EK202310133597,168.15745203323277
EK202310165926,139.89162786827686
EK202310113563,153.7758580163828
EK202310219177,142.20612491672068
EK202310215546,149.5493479263034
EK202310239803,125.65036277890309
EK202310170081,117.44892879329191
EK202310206625,133.42453489776165
EK202310104069,131.7529693512323
EK202310186393,173.73897888686255
EK202310173267,147.90019796396146
EK202310110426,129.1028045597843
EK202310164765,141.57952724960623
EK202310158220,123.11647685160187
EK202310168816,141.7095502753347
EK202310204071,151.52294458026248
EK202310157259,140.8672237572108
EK202310156843,144.01366704024426
EK202310223529,147.28519275971445
EK202310149961,154.32825684479712
EK202310108241,135.76538391360197
EK202310168245,132.89303880586712
EK202310191021,144.61467121634146
EK202310165776,138.34898155533511
EK202310172874,132.0724128552783
EK202310163779,139.77402037865727
EK202310188731,162.35620279468912
EK202310105850,144.5229719890773
EK202310129025,158.25127804181682
EK202310122251,140.42208751041346
EK202310233739,128.98002810580365
EK202310145467,130.52516982516522
EK202310125541,128.76440923814124
EK202310128736,141.16176893663982
EK202310157339,161.06468894437415
EK202310204674,155.52436733659601
EK202310199931,136.1615317078973
EK202310159776,157.11029607627506
EK202310233618,158.06612229288845
EK202310209554,162.6437834075491
EK202310147590,145.76383571746723
EK202310233558,125.25452588688559
EK202310141475,141.94404183317766
EK202310192184,144.79892578357533
EK202310121465,116.78159478451065
EK202310144674,162.25732050230158
EK202310225145,153.38873895022778
EK202310211862,129.58669772496248
EK202310218476,136.43920487100687
EK202310227106,159.52345042114655
EK202310184475,142.62522672696886
EK202310132027,127.86193377877404
EK202310134826,137.14416543768903
EK202310182784,155.50109305297983
EK202310236142,117.93443413199024
EK202310215997,165.22518523158368
EK202310218885,153.59290023799005
EK202310189497,147.9499288939992
EK202310242392,140.238453640988
EK202310139831,142.54333520582276
EK202310159899,119.48594560374573
EK202320007536,154.1688208245813
EK202310205864,148.1965562773286
EK202310205412,149.26828753633004
EK202310178623,145.23478385265443
EK202310144137,141.71464028078893
EK202310156851,169.70673314546045
EK202310200692,123.80841805748652
EK202310221442,140.04324911096023
EK202310225402,141.0644828728691
EK202310128314,152.5183262979527
EK202310135585,146.1123107464605
EK202310230304,169.78090295663077
EK202310106564,140.28692859934017
EK202310195276,124.22667151758642
EK202310168561,135.5087275565047
EK202310238035,151.27051621252633
EK202310210412,136.1425911466384
EK202310193015,132.96989888894828
EK202310160429,158.982652163124
EK202310203227,143.65361749196558
EK202310144260,122.8526731063243
EK202310231994,135.8559373148205
EK202310169556,146.14842184082488
EK202310112231,151.27650695552185
EK202310179305,132.85630627191904
EK202310111693,135.2720815993463
EK202310163778,137.62008217654355
EK202310197562,160.89419868298108
EK202310147780,147.59053280697404
EK202310165497,179.93727533681553
EK202310191527,133.8460333257214
EK202310106149,127.81735984344928
EK202310179787,126.19716210033901
EK202310247018,163.3022081163157
EK202310177578,151.35540885567158
EK202310138872,171.2073942862284
EK202310204378,128.2971953421802
EK202310146296,147.38347426832001
EK202310110160,150.25069270142475
EK202310179095,155.70589409126435
EK202310220481,114.6132135029878
EK202310227227,155.955808236294
EK202310234336,162.92920391055202
EK202310145809,146.39446772248309
EK202310209306,147.04817010560447
EK202310225649,135.49948912261306
EK202310226704,145.50361142499207
EK202310157072,158.27855084423945
EK202310121530,136.15411047248568
EK202310165600,143.09489861890967
EK202310197233,143.94265948742864
EK202310184332,130.4597649071645
EK202310143743,137.74462655165883
EK202310154640,149.08218111354284
EK202310158286,137.82977829664745
EK202310123880,138.38090927249587
EK202310182423,157.3603025829121
EK202310124053,123.9051854643396
EK202310206144,130.6389343766641
EK202310140890,148.59666495406603
EK202310127015,127.10665758231517
EK202310134941,152.27089450180438
EK202310119304,136.0321519376492
EK202310212796,138.28166850267792
EK202310108377,128.85734472996495
EK202310174180,135.77187969322708
EK202310239157,144.6863347881079
EK202310216632,135.78331992302083
EK202310172285,137.21452100501733
EK202310150279,155.8377288395069
EK202310186491,119.84861083824472
EK202310197932,145.34199343507606
EK202310120172,142.61338028412416
EK202310216664,156.0624942403211
EK202320006884,168.92124104283405
EK202310178918,149.29061848510634
EK202310144935,140.963353669803
EK202310141510,132.28072018701886
EK202310216762,137.52770141903056
EK202310106406,134.02745831387708
EK202310111996,121.79356495316313
EK202310208681,147.45242963015508
EK202310226247,136.30077730575832
EK202310113253,159.4370641110853
EK202310122999,139.02491348164344
EK202310155079,164.74721358966548
EK202310160222,136.46098845359063
EK202310210742,136.60688874270764
EK202310156801,154.6759457070774
EK202310159360,144.61697349371147
EK202310180024,126.83071913545164
EK202310213928,134.1383477817377
EK202310152334,145.4000126748978
EK202310245937,129.33298691151032
EK202310164808,163.7525958630036
EK202310146870,129.8884026757316
EK202310163950,153.1338658404258
EK202310195716,140.8732391646708
EK202310150305,154.23899705095545
EK202310229713,116.74457783920342
EK202310188916,157.04292222163494
EK202310121395,137.83631265070875
EK202310160376,140.0471918679376
EK202310244651,146.14931430389478
EK202310150169,139.17805337434606
EK202310110958,144.39517043211015
EK202310143966,135.75060570120232
EK202310221741,165.2872163811839
EK202310187012,157.84796115538174
EK202310193822,189.42890153374015
EK202310172094,144.74797078972702
EK202310178633,135.839470587283
EK202310117674,141.5373407970558
EK202310133805,132.3652827375705
EK202310180948,165.34270906051347
EK202310203849,142.9395409453529
EK202310149491,165.51726588638147
EK202310216830,161.9709938839288
EK202310229432,133.65903470244288
EK202310109652,153.36531087110527
EK202310181925,159.22827101517078
EK202310196245,142.42279008607926
EK202310248098,149.35005054241026
EK202310183221,162.08240804558545
EK202310196195,162.1024849132273
EK202310197137,141.17618529226183
EK202310110247,149.6146549259473
EK202310144126,155.79433424742965
EK202310156911,159.58886846891153
EK202310224215,139.998742768571
EK202310236337,132.96506010466243
EK202310188431,147.87522849702478
EK202310137114,160.54398979155897
EK202310115030,146.1976428097394
EK202310117460,122.42952772069367
EK202310162361,136.57544262236038
EK202310130281,159.62139975007096
EK202310148428,164.76411609205402
EK202310163311,142.33024928129578
EK202310145526,134.75305948533224
EK202310235374,129.37914158226266
EK202310156223,157.2431617664177
EK202310151269,143.0289748333911
EK202310150741,143.38377441368925
EK202310225372,147.30709962916504
EK202310133344,142.08283085176626
EK202310127071,135.8099342779019
EK202310152237,144.6680240672044
EK202310244229,133.75831599055027
EK202310167190,150.33771727895498
EK202310154488,155.9755641010005
EK202310211108,132.94329486300734
EK202310114416,155.7965433911396
EK202310222978,164.2164788461651
EK202310187337,175.1037589528271
EK202310195712,163.6854146200111
EK202310176238,157.15096362127906
EK202310204719,157.92198356278962
EK202310184298,146.48997117652715
EK202310215525,153.12244516233898
EK202310154861,129.92576421824737
EK202310200739,124.03784949254579
EK202310242424,130.59603992402378
EK202310247300,127.4536365621635
EK202310116475,142.55889169551037
EK202310225458,129.95224124432195
EK202310126918,137.65226887544816
EK202310185579,129.85487233963184
EK202310241455,135.39965152337973
EK202310209465,133.95852914374072
EK202310142842,139.3633011394572
EK202310185122,165.45314989618205
EK202310223530,145.25994601382274
EK202310188514,132.61147222402982
EK202310171731,139.0647209065337
EK202310130376,167.30343588154767
EK202310222189,131.89166418518045
EK202310106430,149.36012055151647
EK202310127369,142.19687236101018
EK202310236443,130.81305669369132
EK202310182405,148.09673625143796
EK202310210187,120.7359807935422
EK202310116888,144.05480179530875
EK202310173132,165.9605543801805
EK202310108743,144.88059860110067
EK202310125006,130.89294520057857
EK202310213574,134.77313534005953
EK202310165356,141.17878313701326
EK202310149418,149.79141204739167
EK202310198882,120.87974902038954
EK202310231320,132.88493547311498
EK202310205653,140.36718538006724
EK202310198599,142.80266673631786
EK202310199963,133.21653519659017
EK202310173699,130.35868049307612
EK202310245726,130.88692684094852
EK202320006040,187.10762382436496
EK202310154743,135.58838561045778
EK202310188160,140.7863985409644
EK202310214367,169.00621360607656
EK202310103702,128.30931181429412
EK202310127965,143.08774550814195
EK202310203245,151.0526859195132
EK202310139888,142.44330191400238
EK202310108972,143.59142788589554
EK202310004612,122.64848494774745
EK202310143552,158.9205657154357
EK202310120024,153.16716195433898
EK202310221518,133.9749307543754
EK202310180966,163.6435355616324
EK202310193489,142.50426936739046
EK202310117005,132.3482676993406
EK202310213271,154.21529016311865
EK202310120394,143.97056575421894
EK202310183259,147.66289644572208
EK202310125697,148.54413005810198
EK202310110553,140.3292189694573
EK202310150138,144.7883742934439
EK202310169349,136.27422529501078
EK202310224959,139.20243294128832
EK202310003872,140.79860341106104
EK202310189922,165.9859752375496
EK202310196746,161.21155886551145
EK202310189397,140.35962420665047
EK202310154076,163.68838242224115
EK202310003409,131.4793437682821
EK202310132461,136.76487114042706
EK202310114430,136.26278890541445
EK202310207939,137.83750167038312
EK202310219274,127.89857580589738
EK202310226342,154.2354005769385
EK202310127397,137.07707806862416
EK202310237125,133.48335754900927
EK202310214068,177.66291288870354
EK202310184942,148.73220165726443
EK202310113334,130.77196257076523
EK202310121808,124.03009948266846
EK202310134472,138.2844189366825
EK202310213189,135.61524338001854
EK202310200986,140.83258598106764
EK202310183319,153.54218115993098
EK202310138451,137.0324854861545
EK202310134480,139.0896523414921
EK202310248001,147.11955962980002
EK202310215511,126.73855097085169
EK202310148692,172.39425012945202
EK202310003356,132.232912360569
EK202310186363,124.60795093721366
EK202310117649,138.9989603897455
EK202310107222,115.45441629210708
EK202310140103,122.94898622122302
EK202310162055,174.06488425064973
EK202310160543,150.05856361310816
EK202310104526,145.42018646932453
EK202310111072,141.12602209152607
EK202310144115,146.03523880027547
EK202310227753,166.6327324359759
EK202310168401,165.69472137235158
EK202310225278,137.52388912628504
EK202310121727,127.2673547509295
EK202310209068,157.21945626137418
EK202310117324,149.2467620316079
EK202310119649,151.29193658692333
EK202310154151,138.96143771013612
EK202310235668,129.7155023287345
EK202310197052,142.67713474411198
EK202310133218,145.48884800084625
EK202310228623,128.9422577044107
EK202310236771,130.61439519884811
EK202320007756,141.0638080186301
EK202310123680,134.81601557783034
EK202310153796,150.9044016274114
EK202310184256,185.2632937043043
EK202310189360,161.52095795091822
EK202310169170,154.924944353579
EK202310238568,159.8881127703617
EK202310147463,148.21457987254476
EK202310246348,130.34879735355824
EK202310146645,139.2540439094006
EK202310112043,119.43074543809323
EK202310126693,136.50231599861013
EK202310105633,131.35471298806277
EK202310108187,147.68832903855483
EK202310142659,144.91322620378415
EK202310154109,156.88824816074288
EK202310187961,166.42734206164448
EK202310138151,128.11335551154585
EK202310145768,135.2757129119321
EK202310204437,131.13926755442716
EK202310234444,129.7678324649015
EK202310146920,131.78275329794502
EK202310191972,142.06954653909708
EK202310135664,150.9869881587731
EK202310136647,155.42852966926677
EK202310149136,141.09224787948395
EK202310004755,134.98227542960439
EK202310003806,143.74730587718005
EK202320005862,151.84800746138654
EK202310238222,126.25402482807118
EK202310165638,155.6238936743709
EK202310195278,154.1332166694359
EK202310191050,150.07242082577727
EK202310165081,172.74579061260673
EK202310141108,139.0767787844691
EK202310225501,138.74781642910796
EK202310190006,169.36630116812685
EK202310232901,169.14723804979394
EK202310183145,139.08383077443352
EK202310133834,166.06351506380844
EK202310111865,137.36480924784442
EK202310233162,137.5719719428397
EK202310144096,135.85679695512178
EK202310241460,152.0079237869425
EK202310148061,148.4232417489636
EK202310123096,132.65880176750957
EK202310168745,130.4467120116011
EK202310232533,133.47467623089182
EK202310238139,143.2729991249392
EK202310107671,144.44882083660613
EK202310003635,136.39073836551307
EK202310160939,137.94996881058623
EK202310165138,154.17456217044423
EK202310177363,169.00183692396615
EK202310140380,154.39080030017433
EK202310127640,142.85885108633175
EK202310145483,140.0675681215734
EK202310144142,142.75097767152667
EK202310182466,155.90291941807897
EK202310134774,131.15190907647562
EK202310239504,141.05040154815677
EK202310179694,125.45355319353513
EK202310105818,140.66253173201116
EK202310206801,143.94550029796508
EK202310133427,132.66577370483267
EK202310172349,131.94084661401692
EK202310144166,141.72643964009856
EK202310118960,134.26375406933568
EK202310199115,160.92347862901727
EK202310213777,157.9241293711291
EK202310232118,135.84432482190564
EK202310204757,144.21913275370312
EK202310241858,147.39279620718273
EK202310204589,163.08240105969182
EK202310224131,141.15537703484898
EK202310160384,157.32836951943293
EK202310158733,150.68027122911315
EK202310139320,129.66023391695887
EK202310186373,145.9099645750224
EK202310207408,140.09140628168976
EK202310202032,135.71167864286846
EK202310191726,136.39159084822242
EK202310237659,142.64903733755298
EK202310202929,150.25948963660235
EK202310138221,132.9697483150996
EK202310213944,149.14655136219056
EK202310217592,141.2999695060106
EK202310156873,148.57899310834273
EK202310154026,130.0369845177737
EK202310227896,140.0019545515841
EK202310165724,172.8824452811512
EK202310160534,135.35625923545248
EK202310238733,156.46184591829802
EK202310187242,164.2568027200711
EK202310160829,152.10013491315303
EK202310160276,138.2582311664776
EK202310137939,133.2472299518471
EK202310200291,131.5331286687414
EK202310238138,124.6311339510372
EK202310217144,153.96101567709758
EK202310196491,137.9778323841156
EK202320006298,140.46455602577151
EK202310228178,140.23138289093782
EK202310138802,143.1582978557548
EK202310240713,128.4076386231174
EK202310175243,137.64438089795536
EK202310207967,125.18959125964612
EK202310107352,132.0126219875024
EK202310211309,141.4973225319341
EK202310131783,149.6841707879809
EK202310166826,140.2608304767423
EK202310112512,127.90082310785884
EK202310153955,165.88958431275594
EK202310223762,138.24088182285772
EK202310220803,135.95778977557092
EK202310191806,138.22812029120234
EK202310139794,140.17993624723894
EK202310004495,144.310001897664
EK202310165321,140.75935876732592
EK202310152644,133.76899016034895
EK202310107844,146.06019731468285
EK202310224636,149.9698247022182
EK202310182912,153.04690247533375
EK202310227725,139.5239400344893
EK202310129401,130.67250420774008
EK202310132710,144.93578838360065
EK202310167591,151.72926302499445
EK202310209362,145.1991638227074
EK202310191553,161.7166914011472
EK202310191129,141.67854133083802
EK202310229273,137.48565369823996
EK202310177141,153.50539653541682
EK202310210987,130.4804381177532
EK202310246808,116.70193608072546
EK202310186424,135.31988411100622
EK202310243671,151.73729550710246
EK202310157978,126.35581875902503
EK202310141176,131.66543619121234
EK202310166632,160.40234799812876
EK202310188518,137.96759726166914
EK202310176726,135.46634627639673
EK202310232858,177.64963268302677
EK202310203103,142.5930246648046
EK202310172581,138.9411901570051
EK202310129669,136.64175862542987
EK202310149026,149.05557595134968
EK202310151271,119.09539001644205
EK202310164311,131.3216204530815
EK202310193156,178.73101753100212
EK202310183315,151.16548078448275
EK202310129742,154.91141083225293
EK202310244163,139.7531023067006
EK202310162820,140.03445517919
EK202310158627,154.5232132676441
EK202310195793,132.00312655334332
EK202310243898,166.6609257426485
EK202310211036,131.1949749023996
EK202310231066,131.10611511559674
EK202310188792,157.61885557167258
EK202310181166,144.34150988179385
EK202310240476,130.18234830583728
EK202310197771,177.66695465106062
EK202310141037,159.93364240313574
EK202310204780,146.28865675683596
EK202310191058,154.94152948881617
EK202310173228,147.11445234053977
EK202310197491,158.56547788761108
EK202310156720,149.30703685182917
EK202310244219,141.7702582225781
EK202310119128,142.8591606578529
EK202310241327,168.72528046358534
EK202310152238,153.6441574127113
EK202310179839,117.49394162906404
EK202310238196,134.0510750602596
EK202310153091,156.35556357720716
EK202320006753,178.29494168776932
EK202310123570,140.55083351708396
EK202310163341,141.50809766866905
EK202310162440,161.36825623313652
EK202310151053,138.27286308273716
EK202310188188,158.78329180724865
EK202310127289,151.80691795327888
EK202310248374,126.25824185037443
EK202310167393,140.46486507560238
EK202310192930,140.88943069482445
EK202310113187,157.04056754096155
EK202310174516,144.73596317021503
EK202310187588,123.74824020126064
EK202320007750,150.21837464501624
EK202310189741,179.57741607700086
EK202310174859,145.6607235011343
EK202310195086,145.65362686332855
EK202310183873,174.55647229849131
EK202310171631,143.4023486992009
EK202310123283,125.59261073907389
EK202320006306,167.50050401695728
EK202310139834,128.27958765543036
EK202310239785,149.87937345938025
EK202310153276,147.83407332638464
EK202310180328,159.59579492658324
EK202310207645,161.851931280261
EK202310130192,161.81874471230182
EK202310154977,135.08999151832393
EK202310139793,131.24723095545846
EK202310243107,141.76579829438194
EK202310209482,141.23150475633997
EK202310241115,127.54825312820103
EK202310214880,127.46604308409238
EK202310240253,138.55097097581728
EK202310226088,148.8471072979923
EK202320006633,177.84708422655007
EK202310245104,161.60635801702045
EK202310112870,144.7384918602108
EK202310161734,169.35127636227756
EK202310225927,134.59387588081916
EK202310145336,158.55835897739345
EK202310137212,116.24865148602534
EK202310190306,129.74603320993316
EK202310172851,154.71895280846735
EK202310231101,126.53712749839097
EK202310212990,119.24252542956398
EK202310122658,127.86656775117575
EK202310176278,155.02745207637582
EK202310200882,153.41661538098157
EK202310152325,141.5207968604301
EK202310151272,153.70272487623504
EK202310194215,166.9936348755672
EK202310185678,153.76697329626776
EK202310243281,150.6669343204562
EK202310120514,118.34853247477017
EK202310126433,127.9243011258215
EK202310122944,130.7187479112353
EK202310236394,128.8110363288043
EK202310218087,151.06810151907058
EK202310151593,160.76327669994785
EK202310110201,129.76723357970405
EK202310131708,158.58587319353722
EK202310111333,129.13788595556323
EK202310183969,165.6940980707239
EK202310161113,171.77629941222688
EK202310184302,156.75064790027074
EK202310152148,135.04482634856322
EK202310236146,119.00602007228063
EK202310229823,137.99400025147463
EK202310133950,168.32432612105788
EK202310176959,161.66068942845774
EK202310003859,167.54550773120738
EK202310185070,153.10176444062603
EK202310004826,151.36168400385992
EK202310192593,132.47564334822874
EK202310212457,137.63638083179094
EK202310133750,129.47952357194967
EK202320007484,180.58192796218455
EK202310190675,154.06772214605638
EK202310129882,149.5618832634918
EK202310216142,136.08730232033548
EK202310197446,152.40348126490255
EK202310243332,147.24813098485137
EK202310139113,161.33338380132372
EK202320007314,143.58179558356372
EK202310192244,151.95466234242534
EK202310209792,128.50929919709768
EK202310218921,127.95542026605416
EK202310128700,130.14327333248215
EK202310219548,135.11767310348455
EK202310230864,139.70035817720898
EK202310141941,154.85597419645654
EK202310206423,145.78694599240552
EK202310188250,144.82964881335027
EK202310180278,120.82054956599306
EK202310123620,159.18635417901157
EK202310180928,141.66788655271367
EK202310148298,132.59688656297632
EK202310124265,137.1601298924657
EK202310125883,145.7143241054105
EK202310128123,130.61818623857008
EK202310234185,128.6670337757123
EK202310141809,162.13268281126943
EK202310125724,157.7932055935725
EK202320006085,162.02081314076187
EK202310232099,141.5055478306835
EK202310193331,140.31226213861743
EK202310205400,145.87080976803358
EK202310160975,134.66995265317033
EK202310203863,146.6238073034313
EK202310126413,126.53297125155683
EK202310118450,152.2291079847332
EK202310133563,139.0618383313201
EK202310239448,124.13428290214962
EK202310114694,140.2959652072171
EK202310158288,175.17530130132542
EK202310122422,115.3428062447004
EK202310235320,142.574816501226
EK202310201960,118.54005059745619
EK202310194645,150.182057551517
EK202310214962,166.79616576803758
EK202310247868,165.1472390777264
EK202310126826,141.44346709269468
EK202310120690,163.68410508686168
EK202320006557,156.70833222397007
EK202310224482,128.01058168374092
EK202310188666,111.45809159205804
EK202310167967,146.61161992018063
EK202310240200,131.5843017368338
EK202310183867,167.41978229690756
EK202310195682,128.347716774594
EK202310108034,152.71131512206495
EK202310143324,128.61750583067658
EK202310139977,146.15274442290269
EK202310134578,137.34675075259952
EK202310003485,127.28075211700545
EK202310127332,144.34087998930505
EK202310195959,148.0139392023264
EK202310173389,132.02915146281939
EK202310120326,127.70468484198085
EK202310228101,133.85864473396626
EK202310194577,145.7610166003014
EK202310230845,146.8098005690352
EK202310144430,127.47187179319128
EK202310155784,137.1835288866434
EK202310160254,164.04358267673314
EK202310118458,125.72674133715691
EK202310134107,171.047391933934
EK202310247672,164.61368199335703
EK202310233715,138.75423292682444
EK202310192802,186.13194649053108
EK202310226073,119.57832173182499
EK202310112128,154.6175924737391
EK202310214142,161.8650202798317
EK202310205070,165.7800508991501
EK202310191656,137.66663438814206
EK202310108700,141.9224439349585
EK202310121333,168.82353923736048
EK202310153942,139.38631125466281
EK202310228151,135.71622616508873
EK202310185062,133.15197120683163
EK202310133213,157.97838678408766
EK202310242233,138.9717753476497
EK202310143796,138.70119614006893
EK202310202444,138.1325409378643
EK202310166800,165.8845503073637
EK202310191020,145.21630983285235
EK202310122069,119.55563929959098
EK202310221793,164.48852586595007
EK202310235848,130.71447966048166
EK202310205016,139.09224110588895
EK202310119021,153.94633445218182
EK202310222995,162.68299504493143
EK202310114479,128.4943011271782
EK202310182453,149.40124422400106
EK202310143133,144.2907947377514
EK202310175194,128.9265591528511
EK202310144671,146.77999007574496
EK202310245023,153.82077858357314
EK202310144979,130.12269005287655
EK202310235216,125.45196064022048
EK202310247586,136.5302803878509
EK202310105223,143.19283971607828
EK202310163741,165.29134583565707
EK202310141732,161.86503118612242
EK202310142505,139.84852358457792
EK202310131799,153.71407132648994
EK202310209090,158.79827775576513
EK202310159139,154.8143001073791
EK202310214093,149.55058995547915
EK202310199515,153.98358588157825
EK202310228095,131.79911568090475
EK202310173578,148.79247115188636
EK202310170010,159.65835812454
EK202310164861,147.51113940797362
EK202310167580,151.1941646741021
EK202310225936,119.3338508505958
EK202310147008,147.35368446752574
EK202310187537,151.00822368991044
EK202310170479,152.0741022451255
EK202310238268,132.78560549791206
EK202310231268,133.7750407942387
EK202310167280,148.18418537698113
EK202310203266,136.579912002904
EK202310179810,130.49335612508884
EK202310107445,163.52599327097312
EK202310107969,153.68673765372552
EK202310127481,141.93547806484625
EK202310180706,126.26554533197286
EK202310125230,135.965004561392
EK202310127751,137.60073753916896
EK202310172588,154.58462412595213
EK202310202984,156.44317550898862
EK202310104212,127.8977011954725
EK202310106923,139.36212611090758
EK202310147971,157.3022771860041
EK202310243146,124.68566662859577
EK202310171023,139.4763676314283
EK202310109775,142.585239870166
EK202310205700,138.62797181355296
EK202310143997,142.6244011828792
EK202310132126,121.27615014152852
EK202310127316,161.9945338215339
EK202310107147,129.08064760819218
EK202310151185,135.46984565993145
EK202310228200,133.001072066616
EK202310117856,140.49979795883942
EK202320005717,161.77015906794085
EK202310129616,149.4156189333582
EK202310232791,156.995013151419
EK202310243834,136.82374223744543
EK202310246208,156.81245301365294
EK202310160233,160.47426176636802
EK202310149219,136.01068266047818
EK202310108589,143.77123208346063
EK202310204725,149.66952022721466
EK202310243502,145.44381108765924
EK202310114320,116.32922235716708
EK202310202291,132.24729051817474
EK202310237771,150.59766727147604
EK202310216760,147.22404909671877
EK202310244222,141.39277992053005
EK202310113733,134.15440396445277
EK202310138119,142.43935047823248
EK202310219085,130.0801174744778
EK202310153944,131.21404816573516
EK202310161644,169.0080360512709
EK202310204382,139.91461029639157
EK202310229663,131.72410761992583
EK202310156198,144.19978508735986
EK202310148211,133.32761983091305
EK202310152274,134.86979790865772
EK202310197042,136.70742591414776
EK202310163556,138.58068583535223
EK202310197960,162.02267591012725
EK202310232731,124.97159560117645
EK202310147947,152.32907381879852
EK202310144176,128.861994570674
EK202310237272,142.56169647091627
EK202310195596,145.61443042700532
EK202310231682,132.17179042752545
EK202310114178,143.0437820153353
EK202310165798,122.50058012979082
EK202310177163,127.7515151762823
EK202310161995,162.44955741177444
EK202310130803,122.79851959155681
EK202310225601,127.24064271951403
EK202310139718,136.86997358467227
EK202310146622,136.6517548490746
EK202310113181,129.50154946920046
EK202310179401,161.71278199334023
EK202310202908,167.45701391196673
EK202310171925,135.5780801602123
EK202310136543,122.26618661920772
EK202310119266,133.54849423569294
EK202310144770,136.18072856209724
EK202310217594,143.08465705936027
EK202310224918,154.36592111791148
EK202310116728,151.18148854252678
EK202310136368,146.5188663293476
EK202310242872,147.62058646289879
EK202310226098,138.13131091526256
EK202310243029,122.74721453955907
EK202310234838,138.85281136482695
EK202310103797,159.2344224686389
EK202310159666,122.05875100233223
EK202310234494,119.92508085396034
EK202310134806,132.1259558544018
EK202310191437,145.03933435117685
EK202310125110,132.1917490254075
EK202310217366,156.8749035855264
EK202310191101,124.0611423759339
EK202310179382,140.4357016008848
EK202310137469,127.31696422601671
EK202310137658,144.7353001285269
EK202310134629,127.39834979448536
EK202310104525,128.23498703658913
EK202310151444,171.89040592861176
EK202310237636,142.7277339602856
EK202310143439,132.51032249967176
EK202310149845,131.16394626441763
EK202310128851,153.3964399150591
EK202310237330,133.89272206724925
EK202310117295,139.76877323331044
EK202310243270,132.39013752168407
EK202310187106,129.3250209391297
EK202310137652,139.68614728063693
EK202310217947,138.45428145566547
EK202310215368,156.77600046497008
EK202310113202,134.8350443502461
EK202310122109,136.99440330488068
EK202310121040,140.07177811874098
EK202310226711,133.8694123036502
EK202310132709,150.08616223739486
EK202310169984,160.51104733042814
EK202310198212,148.28054345889134
EK202310158003,158.11230616613705
EK202310214974,159.03874235489153
EK202310134360,135.88203864347298
EK202310178688,157.76686818991365
EK202310171682,161.1583818107755
EK202310103768,142.39158198349446
EK202310209555,147.26118125002785
EK202310151086,136.08744139164205
EK202310201836,149.44479711432822
EK202310174895,131.65611959189485
EK202310138537,148.36833252647523
EK202310111581,142.74480144763046
EK202310219638,151.3167782162554
EK202310154214,156.87175100512664
EK202310200463,146.12590110050553
EK202310172356,130.86130327084254
EK202310164996,146.34414685989114
EK202310140375,164.290352729299
EK202310216009,113.81230793431459
EK202310113207,130.93843543775105
EK202310132100,139.1694946592625
EK202310126863,154.47464317785932
EK202310146868,124.8661345550411
EK202310108177,156.3064885037477
EK202310166280,165.18671073492436
EK202310182008,174.07171548210187
EK202310162197,132.9577988055801
EK202310147752,146.06835606380795
EK202310003947,136.01372759663002
EK202310176472,133.23571679294423
EK202310234387,128.0140461313231
EK202310170022,141.3528894540253
EK202310171056,138.3555876756894
EK202310180973,164.04375516763554
EK202310166464,139.48593175527773
EK202310123184,124.71097027570579
EK202310192128,163.0035889602327
EK202310207232,125.77459546225083
EK202310133397,121.5943861887071
EK202310113037,148.9116331451226
EK202320007617,164.88464224754605
EK202310128691,123.707117324576
EK202310234443,119.32180642557655
EK202310163599,148.0663588254365
EK202310124529,150.10917437716716
EK202310195861,142.3292684590798
EK202310004652,135.0928183049972
EK202310128598,146.53183214800995
EK202310219754,152.51135501321377
EK202310153907,143.08294630824176
EK202310210564,148.13955882405654
EK202310119285,144.38456132503026
EK202310236273,115.20043735618995
EK202310205597,156.71599727164113
EK202310232930,120.67443678367415
EK202310191886,159.436527381751
EK202310236382,122.64061034891645
EK202310174764,152.29868443698268
EK202310105490,137.42432672295928
EK202310177012,165.82471527168494
EK202310128378,134.75476372015078
EK202310165398,146.10138595293677
EK202310142395,166.2483114394426
EK202310220861,137.49240709021547
EK202310209523,164.8711484755479
EK202310122997,135.99800013279105
EK202310205282,143.51900701616267
EK202310131435,154.73662190023148
EK202310203906,122.57716460087678
EK202310236413,136.9563894759009
EK202310156951,168.37485065845004
EK202310106622,129.68490196564383
EK202310189975,165.18440233665447
EK202310225784,129.45203145165706
EK202310219294,121.79549326102847
EK202310105442,130.4610497661456
EK202310132208,113.78216043811966
EK202310105616,136.05023572414805
EK202310174736,129.02493360292607
EK202310196913,166.3790426764175
EK202310137961,135.4237275481825
EK202310176163,152.61757142847463
EK202310110032,126.52931735956064
EK202310157504,135.565121051435
EK202310233635,142.95481773734332
EK202310248436,149.48526339285053
EK202310202168,124.91551499265738
EK202310155766,138.93223591865365
EK202310139190,133.3668414748491
EK202310178893,137.54495771639674
EK202310194060,159.67525883874197
EK202310118567,132.9922281732944
EK202310127903,139.62486640892686
EK202310236053,98.2892527396095
EK202310156969,153.63847043891096
EK202310113094,145.54292635334264
EK202310117682,142.66724155195453
EK202310175150,135.42427371051775
EK202310190181,145.52927106667437
EK202310144477,132.1898167978825
EK202310167953,151.03489223993955
EK202310123207,144.68919941846394
EK202310211120,135.00779173645674
EK202310158476,154.85997276158935
EK202310245986,129.6031016586743
EK202310141979,155.59211822185728
EK202310210627,141.77326022435713
EK202310131358,130.719269466227
EK202310108863,140.15624511566017
EK202310106507,148.73226846041786
EK202310219636,141.37372392120443
EK202310206075,151.46757718503648
EK202310164374,168.54167279763087
EK202310247640,125.68691854934126
EK202310128033,178.21144110817397
EK202310202213,160.6124430044869
EK202320007199,152.4175695010844
EK202310148351,143.8523247637918
EK202310167191,154.05120132237195
EK202310191728,146.83429814391113
EK202310200275,126.45984946550095
EK202310240207,153.2130824465149
EK202310169132,137.21801209479918
EK202310144609,152.18394806061264
EK202310198534,153.83442072724222
EK202310117322,143.8181705273331
EK202310111311,131.30631745678988
EK202310132198,126.68313447145684
EK202310123213,137.63962617745543
EK202310175579,138.42100106764028
EK202310179611,161.43873530462287
EK202310162505,165.06661259243535
EK202310192578,140.68268165602632
EK202310106746,138.2969008764285
EK202310131965,115.50239446563515
EK202310193615,120.95939831050052
EK202310196394,157.96685677989626
EK202310219201,133.4538500657827
EK202310223123,139.21743639569885
EK202310193426,176.42129433354518
EK202310118739,162.50672128045923
EK202310106117,136.3027552953271
EK202310104981,132.83319415626235
EK202310210450,137.69731722265777
EK202310174407,145.5297908305535
EK202310104567,141.91608966807343
EK202310127432,142.72616461369284
EK202320005737,141.25949960892822
EK202310191941,146.92635847935844
EK202310153855,137.24974959320292
EK202310207694,149.2740476600835
EK202310227244,142.3524282157788
EK202310153520,125.8856815323207
EK202310160923,169.79930279696157
EK202310105321,137.30862006209807
EK202310134289,147.456927618978
EK202310221860,138.31854652711462
EK202310127051,120.0737489209185
EK202310004011,158.91088478153466
EK202310106438,128.44209053183178
EK202310223885,130.0424076121598
EK202310147175,145.11983277516572
EK202310172305,125.15916993967043
EK202310233355,124.03250426446994
EK202310175639,153.29773973919936
EK202310119187,127.06848538873112
EK202310208266,144.26479727263518
EK202310218780,151.6100014356543
EK202310208314,146.76193447087635
EK202310231800,131.16837972657203
EK202310128055,155.45925786649053
EK202310239898,123.49665305302793
EK202310216957,135.29407112838672
EK202310209441,131.98053117186353
EK202310123208,143.16123143242538
EK202310209923,144.67172017011333
EK202310133751,142.49334560641952
EK202310245312,135.32902466010754
EK202310115764,144.58788215059164
EK202310207764,134.16888807302925
EK202310240599,162.6138889301296
EK202310147315,158.98591589794154
EK202310131500,120.93619101856214
EK202310176669,147.70305136240205
EK202310123945,140.48907136494662
EK202310209731,128.02914278957797
EK202310144605,147.3462289262149
EK202310122549,130.09417134394212
EK202310145497,137.91737109345638
EK202310140293,142.63985817589995
EK202310139650,128.84707164668674
EK202310157829,127.14759276860259
EK202310106995,152.8659775245581
EK202310124413,184.68052798218312
EK202310214088,152.49091214248628
EK202310164191,157.40394088724315
EK202310226197,129.8182649487938
EK202310004226,149.39719735416514
EK202310108441,126.34693951300783
EK202310135386,147.30601842544723
EK202310129306,159.8889966159777
EK202310235944,140.76440726131642
EK202310247944,134.417887148283
EK202310165677,133.52506740144278
EK202310199534,155.17574034205865
EK202310126380,127.84456860625936
EK202310154011,131.53940506377452
EK202310132506,168.35795455037652
EK202310108076,149.2301784351195
EK202310160457,137.94941702151863
EK202310208714,149.19390273068285
EK202310154569,144.98507949912482
EK202310144642,139.19360760485645
EK202310190051,173.43999578046834
EK202310117172,150.78132550424846
EK202310177405,168.84060280618542
EK202310213301,136.63113190534804
EK202310137198,161.06164431573626
EK202310151042,140.11246832410896
EK202310168461,142.50525020823946
EK202310243164,139.38999228574647
EK202310179023,120.19880032225083
EK202310160904,179.4840343047114
EK202310171189,140.67119832196371
EK202310239158,133.69623166813946
EK202310167988,169.63924144911505
EK202310226837,156.165347011572
EK202310135580,138.28437251781904
EK202310246488,140.1941607304733
EK202310003762,137.99994961891085
EK202310134904,130.045641206267
EK202310136330,153.65032911156786
EK202310217816,125.48453085521142
EK202310122041,126.20498189198652
EK202310246474,145.07203117352714
EK202310157040,157.9747308468181
EK202310198401,171.95615066743684
EK202310117127,141.3151141949112
EK202310105754,168.3492846998496
EK202310166261,152.67936391585863
EK202310168044,152.54316050392154
EK202310220538,132.47167748205362
EK202310139280,150.3092403570323
EK202310135523,154.2503655081144
EK202310236682,161.18359049468236
EK202310244877,141.1958807213142
EK202310107483,131.6412192628405
EK202310175451,131.04975273990829
EK202310180461,167.5279542603495
EK202310144697,124.27690656341437
EK202310123532,127.87120241605105
EK202310123754,167.9753617763349
EK202310206309,158.46074833415878
EK202310239121,137.2090221417766
EK202310104310,150.80080359874842
EK202310211761,146.19056193234061
EK202310191013,157.55135603727638
EK202310240312,139.28925803822622
EK202310217200,146.75202210144795
EK202310114563,150.48882063615756
EK202310161367,137.67443170389114
EK202310144122,150.71835048765666
EK202310212504,124.45792040269433
EK202310177497,141.19449228815216
EK202310236237,147.48570131867126
EK202310198587,152.55772412642216
EK202310163062,150.98875347011025
EK202310164746,155.49341830860288
EK202310201875,136.6326865651846
EK202310172081,161.60529580372278
EK202310239571,140.89559400997248
EK202310135582,139.77170155187082
EK202310168412,155.0150303582195
EK202310207958,134.10758994257947
EK202310192851,134.53534060856492
EK202310192868,142.65533885675808
EK202310240745,138.17605409539698
EK202320007142,152.25472417559962
EK202310242152,146.24918993162885
EK202310158334,145.2499136428898
EK202310202840,146.84325889592694
EK202310135210,150.70779473003108
EK202310140844,157.87062821523128
EK202310231684,126.20669927786507
EK202310220876,141.1713772265826
EK202310135369,136.52983288181
EK202310163963,140.2907543651135
EK202310126679,136.59780075592198
EK202310162655,151.23975341887578
EK202310154642,135.08080331518542
EK202310178024,135.617989561632
EK202310168498,149.32245701726495
EK202310220365,126.52184592118758
EK202310111380,140.3898077703755
EK202310152697,152.11850624387964
EK202310246759,142.90858752181157
EK202310111419,143.8675222323484
EK202310218578,123.2137211122239
EK202310110262,133.1091564033746
EK202310112025,146.22715413781813
EK202310219733,137.98136515513934
EK202310188715,153.06621489105262
EK202310120824,160.2815008617094
EK202310115460,121.76521274633238
EK202310243920,142.1368242600584
EK202310177399,162.45124090489216
EK202310187981,145.6148789232698
EK202310245247,135.74198473024055
EK202310121751,138.78390294128127
EK202310157398,135.11971058836335
EK202310146316,148.5565400925649
EK202310147009,150.99356143639812
EK202310186969,162.58014712597378
EK202310137065,156.7211239842968
EK202310121746,130.20186849797562
EK202310156291,148.76310204714173
EK202310214011,148.85294996303685
EK202310214233,145.0140278263269
EK202310119619,147.85301481996396
EK202310179742,136.423348457067
EK202310182000,156.4283932078636
EK202310200585,147.6892105252776
EK202310152222,154.18333872813196
EK202310149190,162.2860925059772
EK202310187819,159.56865185520235
EK202310124003,179.68767320568327
EK202310201545,152.90538572405057
EK202310171385,142.84207342918222
EK202310238751,141.08802694460368
EK202310140367,121.43675201745164
EK202310237130,148.60324374743706
EK202310198345,149.8261083938995
EK202310247133,148.6296714407189
EK202310137734,126.99211076739309
EK202310148474,141.65981228294626
EK202310150325,149.17575192576197
EK202310208250,140.23730158427549
EK202310232333,142.8636344411263
EK202310226045,126.22591862530042
EK202310158994,144.98677978928745
EK202310198109,143.37982409145906
EK202310193685,178.6556697461915
EK202310178796,164.09702756142175
EK202310168028,150.4171504060507
EK202310106830,137.73607571234717
EK202310181540,119.55352135421114
EK202310182066,157.7804793306167
EK202310206663,132.13032346468015
EK202310219839,158.6993371481152
EK202310201710,152.0374299786163
EK202310187487,132.81789247313543
EK202310202274,147.8343398810041
EK202310137558,143.09265419837016
EK202310190906,148.8422583403619
EK202310223424,152.05170584937815
EK202310178941,125.46335774952568
EK202310184440,142.5583254700033
EK202310155782,120.18291543608088
EK202310122432,156.67896537834866
EK202310182848,144.16508229710843
EK202310164226,155.74983102059872
EK202310173490,142.51551168239817
EK202310213090,122.41968207565183
EK202310153722,152.09254286785495
EK202310173472,155.34588920609525
EK202310167875,137.67706017362934
EK202310133234,131.70744970575365
EK202310223308,117.67965444809842
EK202310205100,142.96819164800425
EK202310198402,121.23452790283693
EK202310110225,155.8548189793092
EK202310171586,146.80830678186695
EK202310122356,140.7620485726229
EK202310163392,134.79992645981173
EK202310183719,164.1796198864485
EK202310003951,160.17008634747862
EK202310138515,154.7802440745322
EK202310170831,145.55140046132507
EK202310133182,128.02642656072658
EK202310111516,128.71262695104883
EK202310125263,131.22867593078527
EK202310240055,141.8014881484453
EK202310180483,135.19865733206703
EK202310204716,133.6902554176502
EK202310187018,156.23816913762784
EK202310158527,177.87658271237652
EK202310122260,149.0265050827628
EK202310234650,135.90080755028185
EK202310144474,125.45450639983339
EK202310237894,141.74720900582415
EK202310106091,153.36112943568722
EK202310188317,134.40582454430353
EK202310158850,132.25146580813887
EK202310186426,180.19347813716064
EK202310169750,144.4110995380751
EK202310206676,158.5631035033224
EK202310155928,157.80411766592542
EK202310230978,121.09697533329104
EK202310233369,125.75292734580226
EK202310129476,149.5519643282256
EK202310133048,137.3135650785904
EK202310165488,144.5767260135015
EK202310143637,162.08042322173327
EK202310214266,145.4234392652019
EK202310126225,137.9186732099641
EK202310152458,165.8886273170247
EK202310223231,144.58887408914075
EK202310120167,139.04196993822825
EK202310143015,140.4102467172504
EK202310158308,146.90660760542332
EK202310173081,134.6289604538529
EK202310189028,133.33964536078824
EK202310132273,156.35246732699235
EK202310128353,142.94057650421627
EK202310174810,146.03638823050085
EK202310239062,150.13984209319304
EK202310120641,151.8763878539807
EK202310244227,133.5096765568474
EK202310118757,122.91778157241512
EK202310129075,142.59434270701007
EK202310224814,139.7096830695331
EK202310004731,127.58309373048164
EK202310156915,165.50144583308602
EK202310115641,135.15179507807574
EK202310118147,179.50656010174222
EK202310248390,178.73486839616248
EK202310218403,126.03497622099644
EK202310155441,134.04770627437466
EK202310230283,139.16092528814448
EK202310162794,146.2202263203631
EK202310182211,175.04911583562736
EK202310143073,144.8337572227877
EK202310177848,154.48649841488026
EK202310003966,166.98391038958044
EK202310194839,159.98382451639014
EK202310233597,131.06455711901944
EK202310160959,146.58895755072237
EK202310225528,136.18610939904644
EK202310108255,136.47854605220698
EK202310166709,149.53186843197267
EK202310203616,138.75840930671342
EK202310189898,164.24535441383802
EK202310135324,152.5671546407434
EK202310183856,171.31517580663154
EK202310178334,153.70726206032163
EK202310112277,152.64698576159597
EK202310116332,126.03726192781188
EK202310174408,143.54679883490724
EK202310225395,136.46930757710766
EK202310179921,136.24544082400342
EK202310136896,131.33292078219333
EK202310246946,152.6141553662083
EK202310132878,143.02053327030615
EK202310132936,142.54317624025768
EK202310117215,140.8843182556217
EK202310194744,154.93004853909227
EK202310239667,144.685928095804
EK202310137081,121.3736817827554
EK202310195120,150.88193090040045
EK202310244943,142.90886341068745
EK202310216463,142.6773948386019
EK202310175023,149.09887365117098
EK202310123452,127.35284566913543
EK202310120759,143.03313198090933
EK202310200555,171.35898552941055
EK202310183159,154.2103197158602
EK202310237119,149.38579912711828
EK202310241465,117.00710380816591
EK202310185913,146.89376990978653
EK202310207534,151.77398405210346
EK202310158605,148.69695893601235
EK202310193608,134.10759342663613
EK202310238219,142.20958049105994
EK202310142209,171.62760520774495
EK202310158659,138.1762056592034
EK202310196102,149.74483599838985
EK202310244335,129.3566540753356
EK202310151300,151.25089671134063
EK202310135647,112.18292415217327
EK202310208600,138.10214427396326
EK202320006689,159.3950445518416
EK202310208813,153.91155362283578
EK202310154438,150.60100157673023
EK202310165804,122.76674991159966
EK202310124724,132.46323090122826
EK202320005923,162.43999053339576
EK202310193868,135.47842296460774
EK202310243558,127.85974468943613
EK202310213393,127.2145863337384
EK202310142913,160.4119543051566
EK202310168870,149.85968862892108
EK202310246882,155.0376099053882
EK202310123829,140.14590979696274
EK202310125993,135.86219902791882
EK202310148678,127.05617205935776
EK202310214338,127.09463088785104
EK202310118609,139.11184109282516
EK202310223350,154.3842334770293
EK202310161314,138.73925967641966
EK202310172634,162.75328000406472
EK202310218585,142.13996251514232
EK202310004027,130.85324259411394
EK202310177913,143.6446613307521
EK202310195749,135.13861020440794
EK202310176453,124.44856770212793
EK202310213885,147.87609042124444
EK202310137118,152.9629562834201
EK202310219450,125.80300280213616
EK202310228378,161.52286630997594
EK202310157141,160.8169271810287
EK202310131718,162.63037033342783
EK202310165083,136.71746482871617
EK202310004821,139.96834228905178
EK202310115195,132.87041598857607
EK202310179460,115.31803705175554
EK202310204918,148.63992709861787
EK202310126066,128.7633624816884
EK202310147822,155.36329843356157
EK202310233974,132.85277206292213
EK202310152337,159.28371432263623
EK202310121597,152.44933917167674
EK202310113315,132.59503953312432
EK202310172487,162.63378034266492
EK202310208865,143.84910731010464
EK202310178856,129.12534697077638
EK202310163216,134.67829503042785
EK202310192275,135.1544111472902
EK202310123629,146.9009642165977
EK202310118365,149.91474404521102
EK202310205626,141.59236214707255
EK202310197305,125.24719665458366
EK202310168104,136.66094683708914
EK202310147731,157.53814373231722
EK202310202905,131.46096996916225
EK202310240860,133.55308029569184
EK202310003646,139.0385234095668
EK202310241992,131.30238149382555
EK202310139823,135.71990090959557
EK202310229599,130.58535815423477
EK202310183516,170.42766924718467
EK202310224914,97.84538973767776
EK202310191077,144.05247040999748
EK202320006964,169.3967272995478
EK202310237895,140.98254313271883
EK202310176057,140.5457301023715
EK202310165954,138.6083488459165
EK202310122162,140.61764978600158
EK202310126238,121.8638084510428
EK202310121795,147.66995303024478
EK202310161976,157.13044537010074
EK202310191508,148.4712038702765
EK202310176644,155.62049851756714
EK202310152467,176.46455460676998
EK202310219240,130.1108792711647
EK202310208125,134.5580055755712
EK202310159439,164.09230844960499
EK202310112020,150.91425885206667
EK202310131152,153.83568628358597
EK202310231176,127.4799085313
EK202310119600,147.59416191230642
EK202310142740,166.84756493604675
EK202310190305,134.60328554332844
EK202310181410,152.3605625037778
EK202310195269,133.90602475037994
EK202310154821,113.86966237476716
EK202310247409,144.439701844595
EK202310146034,129.68128543735693
EK202310193073,144.47188668750243
EK202310184666,191.59424598311728
EK202310107982,151.24800740545373
EK202310118565,128.46986412639356
EK202310189557,142.77358940834546
EK202310176523,152.41133153917602
EK202310199098,159.5639382592637
EK202310192444,165.30288408200082
EK202310201510,159.5364405377436
EK202310152404,150.0979868904233
EK202310159084,161.2317011371612
EK202310241360,139.3649521115992
EK202310216628,138.57158548685956
EK202310228907,131.7806947011489
EK202310129890,155.76244499253514
EK202310151590,131.79678370289616
EK202310145359,113.852728720061
EK202310157050,139.5314296515739
EK202310176488,122.97085700364713
EK202310130834,137.03878510163793
EK202310209574,139.2962787648403
EK202310111176,137.8486303817019
EK202310147278,130.02947254025383
EK202310208597,165.6920593315139
EK202310196533,138.64871345462888
EK202310195547,162.82668607796768
EK202310176613,133.90595836528894
EK202310164726,144.27551507999772
EK202310243633,143.52122258352045
EK202310196133,144.57427594134887
EK202310147029,148.5869618079226
EK202310218892,160.85906733127996
EK202310140920,143.57081325937023
EK202310155482,149.30936159338842
EK202310135200,134.25807867148356
EK202310172820,140.83106033914981
EK202310105543,117.81807765398672
EK202310172387,137.51852926774902
EK202310176697,138.92875443379774
EK202310218951,157.63938020989093
EK202310103784,143.19585137239713
EK202310230023,123.53458744313002
EK202310164692,139.33212293976595
EK202310104542,137.52504958422458
EK202310176068,131.04827761502378
EK202310244683,148.1822674015385
EK202310119149,142.67069077547293
EK202310191861,131.92790941436112
EK202310199949,128.63274615613105
EK202310161393,138.81590676966607
EK202310125111,144.18668994021695
EK202310199054,166.3957791540643
EK202310004487,126.96979389503164
EK202310183184,117.81382260505758
EK202310201897,161.92633239401678
EK202310210681,121.57518176027033
EK202310171699,121.30352070092127
EK202310136344,138.7469725043399
EK202310142799,136.84805435838516
EK202310003358,137.23974848523005
EK202310177915,143.793009697665
EK202310233198,145.73841958916657
EK202310180154,122.8395518790693
EK202310174450,123.88442446990226
EK202310136841,137.85976380814972
EK202310121016,154.11893460617804
EK202310165032,126.7773819541574
EK202310228963,140.69903085898778
EK202310121559,151.02844662403857
EK202310181916,138.75636862428547
EK202310145575,164.42136931708708
EK202310239181,147.08424555235823
EK202310188158,134.26455721898424
EK202310128251,127.72174338932473
EK202310132218,140.8643681341935
EK202310171818,140.94824056802034
EK202310104717,127.22040309237074
EK202310166536,152.10789410605946
EK202310165544,170.54632472391427
EK202310106140,131.0504712951867
EK202310120542,120.61341853281094
EK202310200432,137.0852017139107
EK202310137688,142.45822431920334
EK202310199770,139.38244047635715
EK202310151234,136.70610146514178
EK202310239824,144.5101707906467
EK202310109979,142.92052752927628
EK202310222377,107.16112265959389
EK202310129765,134.9127115305363
EK202310004768,123.50604631609706
EK202310161683,160.23157088631976
EK202310111657,152.91966866667678
EK202310233223,138.7911743328996
EK202310191113,172.36966576042215
EK202310133283,150.1128222705154
EK202310196259,132.21470503677338
EK202310180866,139.82511121533014
EK202310219289,135.28509114760396
EK202310195465,173.04413383326758
EK202310163110,151.81685738508733
EK202310236924,128.73159695907802
EK202310175544,155.87469904310444
EK202310106368,140.8044358896311
EK202310187622,150.77455062055108
EK202310204563,152.42844626302383
EK202310169494,147.44415403539398
EK202310151846,165.67356532571117
EK202310239299,131.98939941897788
EK202310145012,125.4276358410636
EK202310110945,140.12470283512698
EK202310198659,146.99259659369105
EK202310130369,106.3574513573981
EK202310191235,132.6016964053675
EK202310171717,124.88401563963336
EK202310235589,156.58729320381522
EK202310114348,149.17326446607822
EK202310232893,155.3584012051341
EK202310164789,148.4965601240736
EK202310236042,168.11230508682587
EK202310004445,129.1830976037841
EK202310172245,133.18103148465497
EK202310224823,131.28240465834423
EK202310136877,138.968450807572
EK202310123423,144.723967929798
EK202310153225,151.46329936489406
EK202310145756,124.02503470224404
EK202310146568,142.20003089772405
EK202310163087,153.59455938687864
EK202310245297,164.96334516799536
EK202310209644,135.02205908403752
EK202310140290,138.2869059484013
EK202310221072,137.47966473081266
EK202310135414,145.1934553298349
EK202310187378,163.31730389264052
EK202310133530,155.86179955752078
EK202310224364,150.13010136491147
EK202310195517,157.65414304034493
EK202310204169,133.47862737117637
EK202310210323,119.11966691876563
EK202310200422,138.6621265533215
EK202310151056,132.99220645535746
EK202310227277,137.90565912511948
EK202310247028,142.4873982405536
EK202310180050,136.4802798727258
EK202310127868,146.9747835853151
EK202310234685,140.45687569202886
EK202310223304,135.0216008757316
EK202310222628,126.18327794811815
EK202310132162,144.0250921867211
EK202310107313,155.56212113963667
EK202310193034,114.80134772740003
EK202320006263,147.503695562627
EK202310180508,138.0520658868408
EK202310126699,131.17685499362656
EK202310161588,147.99152857000806
EK202310230044,127.15896908377955
EK202310131679,140.74913672203706
EK202310130402,147.99077360602826
EK202310186216,137.00449099895962
EK202310104460,151.26830573772085
EK202310138193,122.15662812550225
EK202310190994,148.86002078520156
EK202310235895,136.83062299699208
EK202310129828,160.02793096141974
EK202310188700,176.0267621657975
EK202310162187,125.84086025898944
EK202310137095,132.4468075732321
EK202310142210,131.62159730541975
EK202310197331,149.4084549596106
EK202310224439,159.63865359284515
EK202310202545,162.54110514478177
EK202310172841,147.5701537136378
EK202310185316,159.84179285858568
EK202310193096,129.56647379856716
EK202310239366,137.1995198044719
EK202310157680,144.65521765882693
EK202310216245,132.12306483663656
EK202310122188,144.60479991617387
EK202310229644,140.06848145660658
EK202310205871,126.38678588471328
EK202310215556,157.22054960704511
EK202310158679,180.1446139249501
EK202310147755,129.6168405715598
EK202310186194,168.96863311933294
EK202310117620,133.0923257288184
EK202310194359,147.6428354003891
EK202310198922,128.50042866109553
EK202310116214,142.20894826957806
EK202310162259,147.4319818136187
EK202310157059,171.0019366793166
EK202310128924,151.01351226139525
EK202310141619,155.89276483664077
EK202310221578,139.87800685205963
EK202310138618,133.57231855031694
EK202310183482,133.5354336193724
EK202310152447,135.9119211408419
EK202310237940,121.56557482768198
EK202310150193,133.47242212423805
EK202310183803,177.9789312009148
EK202310111372,134.20437664693824
EK202310201263,151.85935170150157
EK202310124638,148.64260767501395
EK202310178960,149.95564067984998
EK202310210327,140.98369264148064
EK202310201273,147.76201072950968
EK202310222624,154.811340162193
EK202310180840,139.1760735021666
EK202310185078,155.11405250353033
EK202310168572,165.44836884732413
EK202310170490,132.63052064253748
EK202310232989,126.0114042821183
EK202310162228,161.87441883868357
EK202310175459,149.97926426384709
EK202310165474,136.55605570361493
EK202310243395,142.7664521257437
EK202310127631,142.6120012526749
EK202310186924,128.13732070024344
EK202310163431,129.3834606216986
EK202310189463,186.62304835057196
EK202310190842,159.30585561734966
EK202310185696,152.7694202542308
EK202310111713,135.0072913857246
EK202310193617,159.0359109485077
EK202310125805,129.32487420400744
EK202310151745,143.92879630831794
EK202310175297,130.12323827316564
EK202310196724,131.82587100149644
EK202310233146,171.60235739313399
EK202310143125,147.0890901214756
EK202310162683,149.05493947754246
EK202310105844,146.6493352774006
EK202310137395,137.47021984612587
EK202310234360,160.31180313530083
EK202310169711,167.5558272062511
EK202310229840,134.43297417809524
EK202310108815,147.15235816373223
EK202310173350,143.97704531903682
EK202310221654,129.68118190555418
EK202310117503,126.24984991847118
EK202310118377,123.87390657565103
EK202310193948,148.1177132306153
EK202310157293,152.9863130788249
EK202310229924,150.44056810799216
EK202310207252,131.99652337370787
EK202310112063,152.67755589105664
EK202310211575,135.61530343434936
EK202310121865,119.45242154539369
EK202310229242,132.7512930931919
EK202310217753,124.38780696083145
EK202310154203,161.95049284779012
EK202310119526,143.18425123509334
EK202310233019,140.71070127482687
EK202310110136,141.95042887334614
EK202310136917,160.69307973674995
EK202310232125,140.63192810371805
EK202310195652,145.15644200314657
EK202310003341,151.32802463054264
EK202310172729,138.58236750779025
EK202310106011,148.3312442629919
EK202310226908,140.67937442064311
EK202310160952,175.55009590452033
EK202310123901,147.30451059600236
EK202310219883,130.04426843603005
EK202310239294,134.81013461592056
EK202310191292,145.12866773935679
EK202310242675,141.01440347346738
EK202310159365,143.59294053785686
EK202310207357,129.65598472026878
EK202310134219,141.99361775660012
EK202310204692,164.1363543716651
EK202310145833,145.11738381798688
EK202310232367,133.20243680472922
EK202310133942,170.99214568597262
EK202310116957,151.80507861275223
EK202310113990,140.1983483618773
EK202310110317,127.27347210222733
EK202310183678,124.39408832258201
EK202310210475,136.645751111259
EK202310215753,139.89421578835172
EK202310172041,154.60659053990295
EK202310127368,143.29745425872412
EK202310133141,152.87001998191565
EK202310166184,163.40812220151292
EK202310123460,122.15065435491148
EK202310159288,162.49447615630694
EK202310224966,167.06217381960136
EK202310169548,143.0875807631161
EK202310157945,166.10119629941187
EK202310208906,131.8591270408243
EK202320005732,137.02837375799152
EK202310140120,150.87334081449586
EK202310153086,156.0774815996242
EK202310230330,122.33367919410495
EK202310213318,124.93808993149639
EK202310178418,159.29313829799517
EK202310155143,128.88234825506598
EK202310183350,158.68833560429422
EK202310171243,150.48112758325883
EK202310241995,136.02636020644252
EK202310166956,136.63758933428096
EK202310239455,154.82012995896946
EK202310230110,129.8916556912736
EK202310232654,140.79261951902285
EK202310230579,124.37611928384825
EK202310230165,139.37432159742303
EK202310150438,133.33904662550657
EK202310114432,121.8148874185223
EK202310178701,161.3817254213991
EK202310193862,166.28148231130854
EK202310133458,125.81871178410329
EK202310126585,125.05460990519698
EK202310114949,141.68361305291032
EK202310239835,124.50443500462593
EK202310198418,159.54107826828857
EK202310164005,139.38840136806223
EK202310108538,150.808323182165
EK202310248296,129.0622063330495
EK202310164825,139.67115749843126
EK202310202468,128.19571114002903
EK202310179750,139.18828626893745
EK202310178078,148.9049917087486
EK202310224170,163.6167785684509
EK202310108711,129.48987681361112
EK202310107024,141.52342759388893
EK202310229155,139.68622023313515
EK202310109556,134.27909494186963
EK202310202152,154.1102381558612
EK202310237189,149.5864693946186
EK202310147644,171.07043411597633
EK202310161108,176.36019142917053
EK202310122907,159.84778416104993
EK202310108647,142.79672189179752
EK202310116234,144.91931625359842
EK202310180820,138.9825532615515
EK202310185427,133.10312520620633
EK202310156227,150.75522290318207
EK202310121246,137.8348100092509
EK202310135704,140.12362724800317
EK202310225359,135.89750928321067
EK202310205195,151.0569583556523
EK202310201515,155.70338412489005
EK202310195070,144.81952199023823
EK202310185184,156.8524378188236
EK202310233163,130.9819944182489
EK202310169236,150.65430300198247
EK202310113651,152.2729328346086
EK202310105373,129.70525679580896
EK202310106115,118.30261368308503
EK202310245413,135.7282685439328
EK202310219987,143.25855335208755
EK202310142576,154.8251428713263
EK202310158268,146.61267451413823
EK202310156894,157.4180994046047
EK202310004886,149.44043090254343
EK202310154420,123.7596987879372
EK202310210832,140.8342378487165
EK202310220049,136.80245299346916
EK202310181921,170.0430944283396
EK202310201324,169.81594544671293
EK202310191459,140.67966094082823
EK202310128368,143.6706496634202
EK202310175128,121.64371350451728
EK202310172288,142.91281925261126
EK202310216634,132.9826247796233
EK202320007004,180.29312922580607
EK202310244935,120.33701326348243
EK202310176831,127.38686041503368
EK202310119255,136.98739844983334
EK202310225916,127.45976000344515
EK202310159227,163.2999237948125
EK202310208285,150.13360636791984
EK202310139560,159.08953105284388
EK202310122710,138.41517546096455
EK202310121289,139.0457601756438
EK202310124642,147.5011360744112
EK202310232850,132.3724577752596
EK202310162749,154.95163872328948
EK202310114861,151.3381541606494
EK202310147672,156.2510123825453
EK202310146693,136.4792119661209
EK202310229560,145.69910754047345
EK202310153109,151.07039686451512
EK202310159133,147.1713644331612
EK202310147681,119.07050102054845
EK202310154454,146.9704702778867
EK202310215971,151.07293143445276
EK202310176116,159.04490846240972
EK202310108965,143.59760293346176
EK202310117311,135.93430988421872
EK202310205689,140.74879857953061
EK202310196959,167.5517697526775
EK202310208747,177.64188462331128
EK202310220306,153.65527804941917
EK202310229825,133.6690509521131
EK202310156765,156.73802744007577
EK202310123916,148.99744003897447
EK202310208563,142.72573429765964
EK202310176612,146.18813065488507
EK202310150270,159.54930181661229
EK202310167920,113.2511377867937
EK202310004780,144.94466543568748
EK202310228392,143.26158689486627
EK202310162764,148.53013522807515
EK202310178248,154.59930812319513
EK202310161854,118.45315029913026
EK202310184896,152.564192289562
EK202310196454,141.27883514255169
EK202310166252,163.80174230989465
EK202310224266,136.81240492681025
EK202310228300,145.04977609699105
EK202310228517,119.04173677626027
EK202310119762,143.37666928904423
EK202310197634,131.80951758614836
EK202310163433,126.46187639477822
EK202310205791,148.0543161605619
EK202310198433,137.57863753100446
EK202310205023,146.8460985634819
EK202310139454,141.64762544690169
EK202310201839,140.35600263162587
EK202310197547,174.53335014331773
EK202310233724,147.27323939898554
EK202310153252,158.17748440136234
EK202310190922,135.57501625977065
EK202310142523,147.18368489438416
EK202310219846,147.05475927826112
EK202310198901,124.47368368665012
EK202310167227,152.79834071867333
EK202310111384,130.15401730440405
EK202310136046,162.88551869752018
EK202310214121,150.39911310788855
EK202310118169,139.32635945441567
EK202310183250,139.525187720282
EK202310188579,136.51109632814308
EK202310131031,139.26754915458756
EK202310104480,146.4545801109428
EK202310239710,153.85604221232506
EK202310234691,128.7926738049345
EK202310168972,131.1506121072707
EK202310120008,130.9562400395592
EK202310212233,134.38828752230785
EK202310215929,132.90121096655278
EK202310211484,117.43056906854017
EK202310222506,137.7888379098409
EK202310202763,170.23257551686467
EK202310220490,147.81242125636842
EK202310116375,135.49634201043028
EK202310175337,158.24372304362714
EK202310240580,144.23011888321167
EK202310109905,139.12626418205494
EK202310192597,144.5215629576826
EK202310114800,128.0951641713102
EK202310132205,117.39861860287462
EK202310110193,128.67686351850435
EK202310165102,145.2230371926314
EK202310116663,137.65705645696673
EK202310218315,152.27159090913844
EK202310113156,148.78566339447482
EK202310231146,119.04071862989055
EK202310180373,135.55476482246425
EK202310232424,121.30600687863492
EK202310224878,128.95303189558223
EK202310103830,127.32597675035976
EK202310240706,140.39586756200978
EK202310120776,144.87727194754322
EK202310160117,134.90729690772693
EK202310132998,130.4685184623294
EK202310003968,161.6080224624419
EK202310209613,143.08978560996667
EK202310241092,136.9241425505591
EK202310123771,137.6539209391302
EK202310245280,139.64759337729828
EK202310244377,145.20348484786237
EK202310109713,192.7455537968322
EK202310228232,135.18878482358792
EK202310148652,141.8060980910889
EK202310243472,129.42746637625976
EK202310170765,140.0552119407323
EK202310170088,127.58145988787862
EK202310004315,125.38930756665935
EK202310217178,155.97261991587897
EK202310108775,136.59566247607555
EK202310180920,144.32860417384973
EK202310246305,139.24159770963954
EK202310206922,160.77959869639673
EK202310167783,156.15573111217066
EK202310129574,145.16605414307855
EK202310174308,139.29372041845411
EK202310161413,171.15120752886455
EK202310148150,164.71781508160785
EK202310141044,165.41415381388413
EK202310231588,137.6608729611606
EK202310118970,145.6047257462672
EK202310181033,169.59187431067616
EK202310194383,148.1085986371666
EK202310183986,160.70049280827538
EK202310150419,139.5395656402281
EK202310194684,149.083139030877
EK202310123982,179.38007191167944
EK202310167254,139.1164165509287
EK202310170710,133.2046376454429
EK202310112450,129.95989010460033
EK202310220586,143.0592950741273
EK202310189665,152.355427847011
EK202310117974,128.43302643210157
EK202310131602,151.15944630597357
EK202310162096,144.9360697712403
EK202310243659,147.3035458262813
EK202310187107,114.01218964495071
EK202310188591,115.83544742218251
EK202310130729,140.72559894641572
EK202310207612,136.8645552402164
EK202310190165,135.48428896654454
EK202310240918,138.4780423391579
EK202310138933,141.0425466621601
EK202310124424,139.24011197363046
EK202310207452,145.3899566777822
EK202310149692,148.9883573218096
EK202310122269,153.06495393372654
EK202310178206,155.03316367607357
EK202310236928,125.84038710258653
EK202310108129,144.5485492489537
EK202310242986,146.43188794126831
EK202310153555,128.4994282410747
EK202310135472,151.19294312066123
EK202310135151,151.95935950202792
EK202310121132,152.17212806743913
EK202310159808,138.35584145295948
EK202310111940,128.71627514815435
EK202310211823,132.9230875033498
EK202310208954,162.57785315366084
EK202310174925,162.32566230469828
EK202310139934,137.7367067980205
EK202310128204,158.8389860334461
EK202310207948,131.06751119337784
EK202310194132,160.8048788906026
EK202310213757,140.26463972093785
EK202310210438,139.892772126369
EK202310144525,150.13670351957416
EK202310125105,136.0871204390062
EK202310120299,127.61890157715182
EK202310246727,140.7322044179982
EK202310200847,141.33902183396162
EK202310181091,143.04958364660902
EK202310130669,130.84052309781825
EK202310164111,142.96439945373308
EK202310141945,149.93747373564216
EK202310238865,162.66427840906246
EK202310107320,119.36886888268646
EK202310220000,142.3308334122694
EK202310180826,144.15627422283688
EK202310117534,149.0373655522615
EK202310148403,151.6071823335773
EK202310235756,141.11469838816996
EK202310215153,132.1156035351286
EK202310215909,125.30056372860554
EK202310232668,128.15256347113754
EK202310169331,169.9269952221926
EK202310168151,141.5011920917737
EK202310218890,135.59537261956723
EK202310186779,143.45060360844013
EK202310114858,129.1499044399867
EK202310152341,142.42292472447352
EK202310128217,121.81337194858655
EK202310193271,128.89796841164528
EK202310180464,146.28533508635564
EK202310205276,123.92060984447016
EK202310125640,125.59645985331495
EK202310141600,144.13284818095664
EK202310141981,170.08344270663073
EK202310167795,154.87842240758897
EK202310192334,135.41030040334326
EK202310241694,138.89564921152305
EK202310196935,130.41340755091946
EK202310180151,128.51455272647115
EK202310106774,154.7031155938763
EK202310215027,166.52718456645067
EK202310216078,134.3905323564043
EK202310163711,152.63860064855442
EK202310109770,148.0301582980847
EK202310215501,128.29500630858766
EK202310163977,142.65138061919643
EK202320007174,162.13697193247248
EK202310205844,131.3869938958226
EK202310139223,136.94232559846486
EK202310244458,133.2756753982105
EK202310131387,163.81663319675238
EK202310143831,126.93990252523889
EK202310147793,155.56312257069226
EK202310219748,129.73522199068663
EK202310155389,139.66849861039515
EK202310134466,165.7586723185051
EK202310151903,146.61379799880186
EK202310234772,139.87459299326582
EK202310131775,167.77848904017378
EK202310134952,154.6907539966503
EK202310118242,130.2957931387431
EK202310107035,130.26613766489683
EK202310131515,158.28685105775847
EK202310244132,138.14207181068784
EK202310201654,161.29317880750926
EK202310237041,165.98953713970377
EK202310171334,166.6306717891499
EK202310104916,129.69463664068965
EK202310182983,141.4829494751831
EK202310164359,152.38472346596487
EK202310112552,145.9068131458563
EK202310201546,134.25516062121145
EK202310202954,130.14964867859064
EK202310134253,147.79538291814225
EK202310004718,160.72006339311326
EK202310242169,153.95288375644785
EK202310188966,139.01449276855323
EK202310179423,129.33400856357514
EK202310218744,161.58775313811844
EK202310193025,162.4851802678727
EK202310232272,136.15724578678763
EK202310217104,114.11812369998925
EK202310245973,131.37235856013993
EK202310108124,152.5707285061228
EK202310195074,162.8530697157724
EK202310177534,156.34680514285645
EK202310220572,132.55518544350838
EK202310176418,148.54019796062954
EK202310159967,157.94934644254917
EK202310163800,161.00150921376073
EK202310154402,174.62153687579854
EK202310212424,139.44054855159516
EK202310115194,142.73153385738414
EK202310157002,146.0833806451417
EK202310236493,141.58767489010808
EK202310209384,145.54461464109485
EK202310153699,133.6562898694211
EK202310140162,138.94356375858717
EK202310191690,160.14130897372453
EK202310164321,147.60916575176725
EK202310167679,111.65156545598943
EK202310118401,132.7785741610085
EK202320006231,154.5031460880259
EK202310158105,136.3333304041587
EK202310179352,131.0830779978852
EK202310112735,143.51811043720556
EK202310144319,140.05954759917944
EK202310173893,156.5296054020891
EK202310160526,132.75998284605203
EK202310147338,128.40426789414434
EK202310164737,146.80627429748753
EK202310226429,119.40459688744102
EK202310119510,136.41333601593996
EK202310111353,139.30343303750004
EK202310121601,130.5740990559983
EK202310138216,116.94877600873657
EK202310222532,150.37846880011568
EK202310138949,138.062937499849
EK202310214912,149.0223333681639
EK202310121057,131.2991968312952
EK202310231318,135.94193710330313
EK202310137231,133.21385213559648
EK202310136824,131.99744676179154
EK202310115476,137.11056048181598
EK202310195522,166.8139033503496
EK202310130890,101.09323692696607
EK202310161838,184.7532568942974
EK202310158188,133.0488809013225
EK202310184190,138.86758004975252
EK202310106659,148.8800371230828
EK202310134400,133.5980092825026
EK202310209267,133.45569206329498
EK202310241209,139.19147392952854
EK202310214760,142.6709425979134
EK202310151809,166.98134286555023
EK202310198002,137.02577573002947
EK202310228621,129.7810812633161
EK202310162885,130.2029586052485
EK202310133298,149.08439445029754
EK202310126484,133.8999200959383
EK202310196380,105.47334378293182
EK202310143373,150.16923377120196
EK202310202385,144.9174737840425
EK202310131648,142.82488379198298
EK202310116966,142.24980618691794
EK202310134410,160.74866932190895
EK202310191544,144.95837932425601
EK202310196047,144.46698499877763
EK202310119440,141.8190675918044
EK202310132919,146.3562456938949
EK202310156448,166.2294484145475
EK202310198177,132.65717461815876
EK202310148838,147.15097572133377
EK202310171364,145.93877644251427
EK202310120500,121.09440208603861
EK202310247151,139.99562899120153
EK202310144904,98.6348054021374
EK202310174989,133.21245726951707
EK202310133355,140.13027971427104
EK202310226353,173.12619099449935
EK202310176858,125.01451720400937
EK202310227114,143.7231137587446
EK202310187693,136.38720125377174
EK202310109711,185.3778879849087
EK202310181780,158.90302332806505
EK202310163147,156.4083147103816
EK202310190696,144.8262296709823
EK202310165868,159.82651211453123
EK202310110400,132.21641906574766
EK202310135537,148.3158688653785
EK202310169217,151.85997932462743
EK202310195878,155.9089985260027
EK202310189489,139.25332471154246
EK202310205257,120.47363005018822
EK202310239304,166.9897850749402
EK202310132417,130.96849130555967
EK202310221095,130.35460689522498
EK202310110398,131.8259807203442
EK202310240389,142.49673689393103
EK202310185614,152.82043362618197
EK202310213110,135.03520080585093
EK202310154463,144.94093397715005
EK202310177140,182.03649079733043
EK202310175268,155.41344386038782
EK202310199152,129.17306096774178
EK202310128676,159.83631177537467
EK202310168399,162.85612190226715
EK202310201459,149.83259192657937
EK202310235106,149.82661585206802
EK202310232368,142.72594581148553
EK202310127908,116.52788995312426
EK202310182464,147.75156030614346
EK202310184852,125.28269248456034
EK202310170955,138.04094518217298
EK202310185265,153.57537671571097
EK202310114431,147.10662653642456
EK202310124741,157.72709355362855
EK202310193561,144.20364156884636
EK202310113830,135.64153945491853
EK202310229300,147.39903697556898
EK202310176918,144.74961854538955
EK202310222543,132.0262444928116
EK202310240095,150.75344979552443
EK202310208448,137.51963735967212
EK202310201172,178.81192108697687
EK202310125525,133.6163392651174
EK202310221529,129.01057802257043
EK202310120352,155.97633049562904
EK202310140711,135.1542873135977
EK202310211389,135.83447583755046
EK202310124018,177.31059173462907
EK202310143340,124.8089456109425
EK202310180385,153.66051983417648
EK202320006974,164.51618802500303
EK202310159693,148.78330190838386
EK202310181459,122.61415281719874
EK202310182182,126.41949115595708
EK202310141048,147.99386938099406
EK202310211604,138.97832359767867
EK202310141173,144.56913574783565
EK202310151648,148.99830020782895
EK202310243583,150.2039754064287
EK202310133700,130.20434001250283
EK202310152960,155.7203717887581
EK202310192543,145.96001614573106
EK202310131141,116.24695396037312
EK202310134377,137.94168010810404
EK202310174653,142.3100036665374
EK202310218574,151.05424935753754
EK202310191005,146.9484260704228
EK202310104855,125.2078991397265
EK202310178218,151.99766883548028
EK202310166318,158.40433622174564
EK202310202248,141.29119734761153
EK202310234490,166.56769423955782
EK202310225442,162.99807775537099
EK202310123331,140.15680429168953
EK202310238951,140.98722308691845
EK202310114122,122.8955162756766
EK202310202645,153.89772796441196
EK202310221624,140.48679164584618
EK202310147534,151.3728639699375
EK202310197356,177.3247454161665
EK202310222430,138.07516481596144
EK202310225523,117.13871264195518
EK202310177178,157.00017034107188
EK202310153665,121.47449690985086
EK202310196238,140.393678034674
EK202310244577,150.1671222094139
EK202310172448,166.46706827053248
EK202310225799,128.15575552618128
EK202310183968,139.5417540838626
EK202310203019,161.72641824550902
EK202310109776,151.5704345210942
EK202310111537,148.70736720932723
EK202310124731,172.08664700079808
EK202310213643,137.7894087749496
EK202310146267,141.08740100514962
EK202310245701,133.81830252806566
EK202310177157,121.80138724961797
EK202310153114,151.15552370403148
EK202310004024,176.82986714282967
EK202310240323,142.00268323753232
EK202310116344,135.40249813410293
EK202310174344,133.59502359429644
EK202310166165,141.1711752825888
EK202310122743,140.93294474682622
EK202310226015,141.89140536022626
EK202310152541,157.80876026168522
EK202310189773,140.16558063781713
EK202310232097,153.81589149391937
EK202310155304,128.69386190069017
EK202310200289,137.14168152240086
EK202310208997,136.78874185352984
EK202310176430,145.49982703131266
EK202310205504,133.37038738520835
EK202310241123,147.22330003745083
EK202310160664,133.81858464540247
EK202310235837,138.91877554034784
EK202310190225,132.73174453005598
EK202310218794,125.03134471332511
EK202310244811,137.48753796429367
EK202310144333,130.62702178740068
EK202310134916,154.60558114949077
EK202310133279,145.91037123992558
EK202310230299,121.10713192474137
EK202310181539,158.605962425311
EK202310137837,134.71549490388935
EK202310142434,164.08281774401627
EK202310108559,134.84964641627315
EK202310172173,136.04198782373814
EK202310170541,155.549479918544
EK202310106066,128.69692699843034
EK202310242004,137.0731605751708
EK202310114374,155.28217544235542
EK202310147018,149.74132107103833
EK202310193730,134.63631836371928
EK202310155054,126.17984015866386
EK202310211249,137.50944948767193
EK202310203058,155.16118903277422
EK202310224924,165.05288701441768
EK202310153934,152.4601396388832
EK202310192789,139.22328417186003
EK202310176566,129.99378083185533
EK202310215186,135.5109807973268
EK202310159944,133.9460055583417
EK202310209677,145.4532517111232
EK202310137062,153.11100193679744
EK202310209003,161.64550151343053
EK202310236143,146.58323091514595
EK202310159540,154.28246903694543
EK202310141923,154.717309314032
EK202310214900,146.26566463649414
EK202310150311,154.82118011070835
EK202310145121,154.37593847829305
EK202310138102,143.62893579659269
EK202310195227,166.74120609002344
EK202310215003,148.25289308488146
EK202310133345,143.52346819217985
EK202310241621,162.0370030151449
EK202310232734,132.0478542225582
EK202310192752,180.31579471919608
EK202310155287,137.76111467445037
EK202310230367,132.95909580995485
EK202310204826,147.09391949470177
EK202310217569,167.42763135577434
EK202310239151,135.97856586159912
EK202310225087,166.3412368152999
EK202310142211,160.49113058373538
EK202310143872,163.16259329367884
EK202320006692,145.36840740748687
EK202310243470,133.57794052742634
EK202310202312,159.3489358950128
EK202310172400,148.42957243015718
EK202310175257,155.1404499067301
EK202310156574,152.42360868248966
EK202310195996,160.93733674730606
EK202310207174,163.7245835017937
EK202310221440,150.4455347468033
EK202310229365,139.26413924180093
EK202310184849,130.4801195721041
EK202310186317,140.74771713879585
EK202310122351,125.36039323247738
EK202310147942,157.89358791329454
EK202310204767,139.04829028780037
EK202310151776,142.90605885886413
EK202310162542,167.80011641300212
EK202310149376,160.68773791682702
EK202310188687,134.36869137700828
EK202310126040,133.69001763713285
EK202310132787,138.35536040106572
EK202320007196,152.73827507835276
EK202310194184,156.7478390169066
EK202310148035,156.70349420346088
EK202310242086,142.26820562365697
EK202310158984,142.14707508242162
EK202310123998,185.84306004157636
EK202310143322,160.2098182112786
EK202310169220,162.2935247722337
EK202310163343,121.7824871856226
EK202310195035,155.95465136050592
EK202310244095,141.5188637119992
EK202310004865,158.62772788375315
EK202310202516,134.9014956568183
EK202310170156,146.24191461679516
EK202310217210,142.5812932634421
EK202310139116,155.61084087185662
EK202310181676,166.3223142171094
EK202310117650,127.91332333725235
EK202310126117,122.00213065351608
EK202310145631,127.5121454232885
EK202310194552,153.53977227578127
EK202310231065,127.81804679883254
EK202310243723,146.72699543812806
EK202310150462,141.43661252751176
EK202310175160,135.2772259440081
EK202310145549,159.37836200583723
EK202310218100,128.50051841898605
EK202310172122,130.51553712076225
EK202310195049,144.06643692154586
EK202310179443,156.3297517279126
EK202310149733,147.61985912639355
EK202310115695,124.54344269910528
EK202310149488,145.48380985785923
EK202310154087,161.99721159483593
EK202320006192,149.27812612923694
EK202310125278,122.99655818951786
EK202310241332,164.19286542253278
EK202310143810,134.10429127878788
EK202310105018,136.0950545218926
EK202310237785,151.11431022233222
EK202310223864,175.59446859326772
EK202310226433,174.1143468831473
EK202310157972,149.20935921646293
EK202310174015,140.193169895177
EK202310183160,138.65380202758993
EK202310191076,147.77689967835988
EK202310172756,142.84088840483022
EK202310104599,129.08068975690202
EK202310238264,139.1449225997713
EK202310127187,150.3573244312294
EK202310165833,159.61677371479846
EK202310195179,147.27734566167425
EK202310153898,160.82948480775406
EK202310170585,133.39399672722016
EK202310245910,144.97021624194153
EK202310170174,143.7287656079237
EK202310115207,143.5400030479235
EK202310120317,136.01413900034203
EK202310236898,138.4552986624343
EK202310146305,149.3687690409327
EK202310112140,152.58795941930384
EK202310143217,129.025459699615
EK202310150540,147.9995134907804
EK202310223717,131.9533900955954
EK202310219843,139.4915069783017
EK202310198855,146.9042641723173
EK202310191446,151.38168825456574
EK202310190334,153.17239282188623
EK202310184752,146.51428728594863
EK202310160416,136.72158242112118
EK202310173011,133.12499416232487
EK202310128863,131.97220513252825
EK202310190262,139.16483979564535
EK202310110902,135.43807400410984
EK202310193520,162.39242803923088
EK202320006543,147.3409501727317
EK202310187711,140.8341192419207
EK202310200254,155.38240359513804
EK202310155513,138.55086588946457
EK202310180642,157.29557590011513
EK202310196569,143.0398152473504
EK202320007271,149.2320802006149
EK202310179403,140.08152098736605
EK202310241241,160.11783342600546
EK202310192182,137.61467891043662
EK202310203673,143.0394354509429
EK202310163605,138.82620765878252
EK202310108085,141.3537658692845
EK202310195692,163.39008471728147
EK202310190401,138.94789139279243
EK202310192575,133.96397971435923
EK202310227513,160.8797195603366
EK202310130882,150.37194796173412
EK202310104224,145.17188786269728
EK202310144297,132.16968629792245
EK202310210525,136.8030821269513
EK202320006267,163.0115991941902
EK202310150061,133.25406159604543
EK202310189465,180.24530359132677
EK202310239884,129.99821570956195
EK202310137344,154.73282271426217
EK202310212273,141.15525708448814
EK202310205202,169.83062437399047
EK202310147736,143.00152824896762
EK202310138489,153.3867847765693
EK202310169998,171.66111067887954
EK202310123563,124.83068078367981
EK202310162573,151.76815373133223
EK202310122865,158.955552253787
EK202310189811,145.932714451886
EK202310160895,153.14927688475433
EK202310153256,142.24594543633694
EK202310216969,133.7492631238136
EK202310152260,155.7402876471813
EK202310141709,151.32673905953402
EK202320007373,139.97348376236963
EK202310193336,174.14423564345344
EK202310164703,151.50728739345308
EK202310103814,134.69034712802934
EK202310200017,140.2420308623103
EK202310218767,132.60522598712708
EK202310188858,147.3460952889156
EK202310192187,145.8379267347025
EK202310194207,140.61964627770584
EK202310130206,157.90681247801095
EK202310110494,130.42213471008023
EK202320006130,168.50415636850101
EK202310211320,140.50532784549227
EK202310224161,146.00696780774473
EK202310240472,140.50189472325707
EK202310209032,166.91823273113303
EK202310167634,125.47617499785174
EK202310180571,143.28317772675905
EK202310229017,129.71207423031558
EK202310131345,132.171736522705
EK202310138019,127.19332038131415
EK202310004554,123.03738064251354
EK202310132971,138.54128545343553
EK202310141635,148.1259918408122
EK202310194247,147.22667327563738
EK202310148311,167.8447893445344
EK202310121972,143.8420079793354
EK202310142685,149.8936419828023
EK202310106949,142.50682851939635
EK202310163326,154.50227104280617
EK202310220547,138.44992629591277
EK202310104514,135.25209940774147
EK202310145431,144.9828812048313
EK202310117273,144.60381488117417
EK202310166607,141.9670169522422
EK202310189589,127.03236324870417
EK202310196074,137.91224418078176
EK202310153363,134.90799124856753
EK202310162392,140.0648442226357
EK202310229624,135.9520567128391
EK202310195898,154.67312777709319
EK202310219784,126.97153757565886
EK202310184116,143.25775758746337
EK202310223449,137.87676637564533
EK202310163821,147.3557562022745
EK202310183192,143.58562386002353
EK202310226918,140.66583396550251
EK202310154785,148.1560626038366
EK202310179367,146.74810610589014
EK202310195531,157.46777852147886
EK202310130452,134.86599702109723
EK202310121734,126.77993740658432
EK202310133991,136.7205727330815
EK202310210591,145.77385651391424
EK202310139555,169.62523726726073
EK202310228357,145.66491555589909
EK202310125608,137.56826745416555
EK202310107185,129.94281549220136
EK202310235572,148.59690890680753
EK202310230158,134.66445549299493
EK202310145383,108.97369209070126
EK202310143147,142.31856604882168
EK202310164771,145.9847362846612
EK202310144247,154.88667847901087
EK202310220979,133.2471344484404
EK202310149131,126.78791317533901
EK202310196632,167.8741083357573
EK202310131051,163.13421806128562
EK202310134659,140.9635642505817
EK202310200213,128.90716595947626
EK202310146862,123.44222478375659
EK202310188949,142.1190708803235
EK202310137016,153.76145210191015
EK202310239591,152.59096764305912
EK202310160714,170.1406525213462
EK202310120187,131.99362934472208
EK202310171815,136.06537944078562
EK202310197107,156.42577889491088
EK202310135357,130.19713179616724
EK202310139656,124.3870088883906
EK202310210779,157.66019536677032
EK202310238374,144.62131134321882
EK202310232468,121.999049373146
EK202310170608,130.65545199327963
EK202310161875,143.72985276071583
EK202310154794,143.27612697715136
EK202310178981,132.05525891678917
EK202310115024,127.72944323280706
EK202310198317,169.48788795391448
EK202310176549,147.83509555092925
EK202310125448,136.5463827724595
EK202310223899,128.9000558104335
EK202310240237,157.52137015657007
EK202310194815,187.09069164258642
EK202310245437,131.7222946437494
EK202310109463,135.13266045900585
EK202310126220,136.59424599001335
EK202310162672,144.688841467355
EK202310106706,105.9826450117707
EK202310230813,141.72931013002756
EK202310229853,142.84379701572146
EK202310183987,161.71274382099466
EK202310130317,159.00658115520778
EK202310104984,143.06295065840789
EK202310174152,132.97152548643157
EK202310228308,139.46238839114432
EK202310111938,151.66936530077194
EK202310191965,166.53856782154713
EK202310125325,124.78375522379028
EK202310235246,134.9396920399217
EK202310108851,147.82778198445828
EK202310139648,156.9272809236876
EK202310116135,128.2042772045273
EK202310195391,138.64757780662205
EK202310139056,170.4354928948169
EK202310201109,150.80519688125605
EK202310247192,181.00067490103578
EK202310119623,156.9286821864671
EK202310174223,132.47212095845723
EK202310150628,153.73879374055417
EK202310166077,170.79385788113808
EK202310178835,136.57960867850025
EK202310184672,186.22416957194815
EK202310245587,139.76337220361
EK202310211153,133.18968752580602
EK202310148852,155.13418204224797
EK202310237982,130.4207801346734
EK202310212607,141.28513540838225
EK202310188439,148.18960111802213
EK202310244428,132.75633586195258
EK202310187031,129.6334890140389
EK202310114894,153.0579627844061
EK202310140044,149.90521761148844
EK202310223861,141.73712325615364
EK202310184954,147.40624457245468
EK202310229341,158.06851546955346
EK202310193100,153.63871338244053
EK202310154175,147.65472955753833
EK202310103979,139.22325756144303
EK202310210100,168.51184707510234
EK202310112422,122.18051578386677
EK202310147941,148.9528115212211
EK202310109450,133.5430472517152
EK202310227736,139.80972892672025
EK202310147053,154.3412777380752
EK202310219645,143.24708093434322
EK202310213369,136.04471211032683
EK202310154826,161.2711990252009
EK202310119234,142.1475488651966
EK202310210678,126.75962381497861
EK202310106182,146.75022657863897
EK202310132534,125.98349042112957
EK202310220157,128.48296425249708
EK202310108493,144.52278134241385
EK202310192669,183.30014778416165
EK202310172385,149.55867117327767
EK202310133787,118.29851760928116
EK202310172222,137.92799324788086
EK202310183649,156.74165603206941
EK202310135892,127.56575472121104
EK202310129170,167.79319789210552
EK202310209741,137.75363361522557
EK202310129427,143.11238301605385
EK202310192393,165.44380389252638
EK202310245714,128.71414248083056
EK202310130517,140.59460810258554
EK202310178411,166.03601141559548
EK202310189618,162.26524983060227
EK202310143288,179.57587195199068
EK202310199193,127.56019254829017
EK202310227313,171.36612257393438
EK202310213919,155.20399462324346
EK202310244481,132.43979063540334
EK202310120478,129.14789764687447
EK202310107634,135.23739455923453
EK202310157691,128.6754501556739
EK202310215874,137.35496211999677
EK202310246981,131.91975180351233
EK202310153195,152.01408174953062
EK202310242256,150.27936470043022
EK202310123017,107.49711988434439
EK202310205136,153.4484446282086
EK202310170231,162.43899784335446
EK202310168120,120.53698840869333
EK202310003727,141.10556475496625
EK202310217369,166.02870408126827
EK202320006688,172.7127087417376
EK202310230112,122.82146364120348
EK202310177152,138.8026746131927
EK202310106847,112.57389122628523
EK202310228061,153.09201539643237
EK202310233311,154.26977436016068
EK202310226138,142.240410534331
EK202310200931,140.94269635059248
EK202310219804,157.49148827788125
EK202310141658,151.86736374854064
EK202310207757,128.0088416201254
EK202310147486,149.0712040013873
EK202310239005,144.98709567592434
EK202310129712,151.23472825262402
EK202310148369,146.71621278203386
EK202310155404,122.45920217312498
EK202310218716,142.55791322791555
EK202310188882,141.58421834268518
EK202310221316,118.99118844035377
EK202310137120,157.03399441654915
EK202310217405,140.01359024629338
EK202310149231,137.23797090825005
EK202310174189,132.41311168976347
EK202310138929,136.2600982718724
EK202310123610,149.9020242544924
EK202310200717,139.82109498553794
EK202310190751,146.96145062234777
EK202310146784,126.7744547665309
EK202310132879,155.70605628485612
EK202310133709,156.74659886587636
EK202310128722,132.0227622894952
EK202310103790,150.28722949575308
EK202310218931,135.87313065311685
EK202310218663,145.58803792336155
EK202310247844,160.61588688011673
EK202310190812,160.15565110218392
EK202310208756,147.15489983490062
EK202310156744,140.3494064265478
EK202310228838,173.03930417351643
EK202310136171,153.15146399707993
EK202310126151,143.2752420160068
EK202310173890,122.6950693927991
EK202310235680,124.97186054545956
EK202310156616,176.9735732931024
EK202310134563,154.7084528012704
EK202310211003,142.15593827910587
EK202310185632,165.72109627666939
EK202310241758,125.2089191783997
EK202310148534,133.0092340713775
EK202310182316,141.32470547229033
EK202310191280,153.08453097255386
EK202310129812,160.948881161832
EK202310004693,120.83144058041144
EK202310172541,168.26704800757867
EK202310201639,126.14474053666949
EK202310204202,141.85365738410852
EK202310129486,128.8278043069514
EK202310203423,156.92411871508958
EK202310169919,154.8921114067564
EK202310174297,131.74641507153484
EK202310172937,148.21438677326972
EK202310109427,138.36087158237873
EK202310131119,157.9226024391284
EK202310151810,164.8231984881574
EK202310137213,136.0145130501428
EK202310136572,144.44377548068346
EK202310132184,140.8001337160347
EK202310238825,143.8952968650853
EK202310160725,174.34990380380864
EK202310127240,162.10710653469698
EK202310115224,138.4353137165754
EK202310127515,141.16742723839954
EK202310130232,154.79620417617676
EK202310176152,124.52954065486112
EK202310189265,146.27656108897065
EK202310121845,132.43168017859344
EK202310248808,131.2383007656161
EK202310216603,127.74973509667828
EK202310106462,141.34885676406526
EK202310186070,139.19567823491408
EK202310200271,147.48721579417273
EK202310222232,140.19107040415068
EK202310224303,142.544209771914
EK202310108205,142.97494348498003
EK202310213223,139.7651357588259
EK202320007747,143.4351245040753
EK202310195798,143.49997980470243
EK202310172690,129.41432976031734
EK202310139602,143.43962631885276
EK202310124892,131.94270468640013
EK202310136630,150.9575858303334
EK202310133236,126.33178614272117
EK202310109780,147.029692152691
EK202310139773,127.6313048363251
EK202310138601,142.50519734638834
EK202310192309,136.95452955241305
EK202310201720,127.55429906978195
EK202310246040,155.0141564971463
EK202320005733,183.283522958951
EK202310119837,144.88990090892491
EK202310235139,139.80382811214173
EK202310129171,146.1837209107887
EK202310204107,152.78457543363763
EK202310206346,172.808818466974
EK202310126908,136.68408770426507
EK202310201951,126.6011616499881
EK202310185504,139.51382247469508
EK202310139015,170.23069406585725
EK202310164756,164.8826557989455
EK202310207001,136.2508493418999
EK202310217541,140.4082620083094
EK202310149840,139.2450927614805
EK202310218711,138.75799797276147
EK202310133519,146.0352390603127
EK202310168888,165.74384173067145
EK202310209126,160.77034086260764
EK202310189031,145.8243809600603
EK202310217455,147.6032435162656
EK202310155271,136.05161187554614
EK202310215067,163.06930042054424
EK202310161595,114.43491284769858
EK202310120502,125.77893490064879
EK202310241869,159.01350086464402
EK202310103712,155.28897990654937
EK202310150266,182.78002659689852
EK202310119972,128.9788091834822
EK202310179290,118.09828866004182
EK202310192440,162.95989294786932
EK202310131793,153.12207550323802
EK202310109571,159.49911637757018
EK202310230188,159.42902303478957
EK202310119855,152.7063774539702
EK202310138704,160.1036096808429
EK202310118159,124.19746923340328
EK202310166249,143.72567449399972
EK202310187053,143.9083986568752
EK202310165742,170.25885176927892
EK202310183750,155.33052122911613
EK202310205405,137.22310760997468
EK202310131038,156.17715615720405
EK202310207627,157.31327525461805
EK202310220460,151.0700508964053
EK202310239483,135.09837379372635
EK202310141073,165.7495417012882
EK202310217239,126.24964362576878
EK202310146989,157.18289272538948
EK202310160800,131.09112485610393
EK202310190813,149.16622116343774
EK202320006164,150.75169942591566
EK202310143973,175.55560303350353
EK202310111799,140.30160070002967
EK202310208269,146.78350051216847
EK202310159828,171.03840041412752
EK202310113945,135.79280010159158
EK202310168361,120.27225701064046
EK202310176103,155.38989599764278
EK202310136310,139.24094811736956
EK202310200326,143.38654734975862
EK202310179044,142.40971344100132
EK202310197944,133.29746016951069
EK202310183295,186.09980525806125
EK202310240215,165.14438067061297
EK202310225695,128.28183242333222
EK202310138029,124.89694234858237
EK202310208987,146.15645085439067
EK202310156602,166.13901750295412
EK202310239059,134.90193955839445
EK202310185901,158.90293699906556
EK202310200662,127.45417874628022
EK202310109920,107.05451146754628
EK202310188247,149.9301629073993
EK202310183201,165.1536929940869
EK202310104073,148.93039259456225
EK202310183040,128.52921797606726
EK202310200329,140.68083920614748
EK202310108982,144.15711956642463
EK202310214848,147.9285347447708
EK202310194212,126.82245006616185
EK202310155460,164.80478792243838
EK202310179825,139.4936171744454
EK202310183614,160.90847029052446
EK202310233580,132.49073735703135
EK202310223060,133.4135261512331
EK202310110018,145.27513719079013
EK202310219086,138.45713971709702
EK202310210708,126.88820324381092
EK202310206894,143.12857863125885
EK202310176692,149.81379888849526
EK202310211237,135.49695310596192
EK202310216145,139.01119106972587
EK202310174790,137.71530280626325
EK202310130432,122.08082574616051
EK202310176912,147.5162396255507
EK202310239861,134.57800025522727
EK202310201821,145.92545680021954
EK202310194140,146.58257108692936
EK202310201014,147.86498874122833
EK202310211210,154.40304989084777
EK202310210215,136.32030824449413
EK202310109048,146.10050961328278
EK202310115364,141.2239888909407
EK202310125998,138.8899459538759
EK202310113308,115.35807700508593
EK202310166014,164.11588203200574
EK202310240961,130.06716288668858
EK202310192526,140.17381217635278
EK202310118614,141.06486001133868
EK202310208485,137.12057334457384
EK202310113185,135.10424133089793
EK202310123009,139.24846460854144
EK202310131866,147.94575989130735
EK202310246596,134.7436004403716
EK202310144786,118.8268875199087
EK202310188069,157.1891110677068
EK202310161238,174.80254224343363
EK202310108065,149.66892952491884
EK202310176554,152.7492295565927
EK202310172801,162.54189317837205
EK202310231997,147.70059321388243
EK202310150544,144.8288964642252
EK202310242116,148.1813684849799
EK202310228121,118.87669611391097
EK202310163938,140.90933419166493
EK202310208770,153.56145337651103
EK202310162906,146.95293455859849
EK202310171122,123.95566530422336
EK202310136574,118.1204738452658
EK202310168247,142.80571555195561
EK202310116653,141.23759043127959
EK202310225365,147.12122608039573
EK202310154568,129.49003904722213
EK202310144616,130.2565045043517
EK202310123329,149.24884983009468
EK202310184908,148.7718540840695
EK202310176975,158.93363756043738
EK202310244230,144.03661220457093
EK202310139801,165.65430239241695
EK202310140231,155.21484393028823
EK202310163109,139.85334333191324
EK202310133245,127.78731017565775
EK202310003719,138.53711338071773
EK202310128658,111.68877557025857
EK202310196514,147.347585041573
EK202310136745,145.9289672746006
EK202310135739,129.12398775223687
EK202310167219,147.92243533327593
EK202310188340,156.6986978341136
EK202310233341,145.79191276610334
EK202310207484,135.02423449844952
EK202310145893,140.38796649148395
EK202310137850,147.1178592721736
EK202310228098,149.73214797299448
EK202310123631,145.18446228406256
EK202310233006,140.93890238581326
EK202310236781,136.95717279789264
EK202310184351,149.66574805212707
EK202310197215,160.46821780140175
EK202310134606,127.49563901154998
EK202310124613,161.1581087885583
EK202310176760,129.28653238140814
EK202310181242,154.76306485206908
EK202310146018,120.4927272479487
EK202310118057,134.74348549191893
EK202310241929,141.14600592437077
EK202310134625,162.99462077734455
EK202310226675,155.27892379673648
EK202310200650,165.5157205419386
EK202310202459,128.96151634915012
EK202310165871,152.98375671816453
EK202310190177,139.4940742158966
EK202310221650,135.09142101313958
EK202310195755,144.16467216674226
EK202310128800,135.8306123006458
EK202310103775,148.5408241617331
EK202310117228,153.86492342602003
EK202310151800,137.6421389969499
EK202310210424,132.82846620279383
EK202310208507,123.73872194614539
EK202310003803,130.96428395375293
EK202310171322,162.34658429965705
EK202310168526,158.63613253677386
EK202310197721,142.37943658560482
EK202310238027,140.67033917735984
EK202310172276,135.55060625641036
EK202310124247,121.30838501948215
EK202310158194,148.04162718026444
EK202310167282,150.2594078595543
EK202310173439,152.35967630248106
EK202310125677,137.15873692328802
EK202310210177,142.61309139901778
EK202310238899,139.77630487118765
EK202310113985,128.00019344267122
EK202310209990,139.92915178579096
EK202310228124,136.206697731867
EK202310104190,129.92655581048396
EK202310201389,123.94830292587292
EK202310123163,130.72512511770557
EK202310191131,163.18128449119953
EK202310203502,146.0672994135329
EK202310123878,144.49505554202887
EK202310247275,141.55919756824514
EK202310227023,133.490595887224
EK202310175135,133.14743835743099
EK202310226835,151.75858035581447
EK202310109034,158.0202682554426
EK202310186583,156.16463496358176
EK202310107744,132.05363516036238
EK202310220042,137.49546467342074
EK202310202298,146.20057997542716
EK202310189344,174.7329813582415
EK202310148801,152.40470725702642
EK202310172716,140.2966063189309
EK202310179116,143.8573577013948
EK202310174016,148.0867229653808
EK202310108847,133.81518196086392
EK202310232003,134.40919630008605
EK202310126703,139.67707800897895
EK202310106477,152.88779280639406
EK202310123106,126.64526232936501
EK202310169334,181.68022583223552
EK202310231339,133.63143476441974
EK202310175772,146.29010542764755
EK202310196241,165.02782343919176
EK202310143871,144.61490135184394
EK202310142265,135.90913702829192
EK202310163563,135.74474439735707
EK202310244604,128.6619000002638
EK202310247610,145.92625171016368
EK202310116133,129.10368946429494
EK202310144893,113.28380180329725
EK202310138511,159.50145045210138
EK202310178199,156.3590288468306
EK202310238970,184.0467210923586
EK202310137277,140.1521452329907
EK202310195419,140.64510414729327
EK202310234603,134.85071666401453
EK202310137485,143.05498343715496
EK202310221268,119.51513123689236
EK202310166447,155.5589042570398
EK202310163342,126.44785673098563
EK202310160258,153.54407665225708
EK202320007173,148.34928526412156
EK202310166608,134.6324480340626
EK202310190777,138.75276470701954
EK202310228415,132.90454564856572
EK202310160470,135.93845763555612
EK202310199928,139.3014086522786
EK202310139397,130.49274430801236
EK202310103828,125.75153388902305
EK202310198546,154.1680073000522
EK202310168601,166.6187310937725
EK202310199500,146.65225110778823
EK202310130735,104.89371707193602
EK202310203344,147.9793548458324
EK202310149177,127.67107503318181
EK202320006908,158.29452137732017
EK202310182119,156.69275634621653
EK202310108526,144.49137609060972
EK202310123316,129.1702035191577
EK202310175509,141.58000344153993
EK202310115166,151.12977115807925
EK202310169504,138.2316442252754
EK202310191512,139.67025980112354
EK202310111425,123.18845372351865
EK202310192823,152.55496768939986
EK202310159703,133.96427514155175
EK202310110465,123.98089881787934
EK202310217003,142.9603495012753
EK202310187166,137.40606384614355
EK202310225739,154.76693485515977
EK202310125501,129.1404357624158
EK202310118486,122.56473072107212
EK202310221279,131.68437464575658
EK202310194956,135.23606102896596
EK202310178722,140.28867945622673
EK202310182533,152.8485822581182
EK202310138053,143.09419344406928
EK202310231131,122.64626311271863
EK202310212157,136.85979009418514
EK202310125603,134.30432273468685
EK202310136248,149.55248976703405
EK202310115244,131.87855551317085
EK202310132254,126.5617967842975
EK202310178792,166.66841025155253
EK202310191023,137.70760779695328
EK202310162415,133.15320664779316
EK202310125102,139.99864903714823
EK202310208134,144.58404602947624
EK202310105586,139.66997273147746
EK202310213166,133.11377764074945
EK202310247801,132.39327547065557
EK202310247262,134.66177760632144
EK202310126467,130.1089252195781
EK202310176266,151.94816327551308
EK202310109933,160.60085303873802
EK202310161495,169.91149401910974
EK202310205248,153.04862608307985
EK202310224138,132.23637733123832
EK202310212586,140.46935488741516
EK202310131904,135.09525541588872
EK202310120534,157.92219730460226
EK202310109184,153.7950749593096
EK202310198723,182.26218681803323
EK202310190770,152.5113715558803
EK202310114461,141.76501782595167
EK202310223578,124.5924878529588
EK202310133222,149.41655174262013
EK202310136866,131.84517787118517
EK202310176700,147.49844580015628
EK202310126084,135.2095832941852
EK202310196727,162.25203649126166
EK202310225009,125.68460347101583
EK202310207005,186.9162554268595
EK202310222794,141.57255579415937
EK202310171893,151.58680650648614
EK202310172296,121.11585948274703
EK202310139698,159.32377477771553
EK202310128914,114.64014844678832
EK202310235545,135.73097192589165
EK202310109242,138.88948779729103
EK202310177486,141.52762073893626
EK202310199539,146.63588382054888
EK202310188301,147.68664238169532
EK202310201859,150.87218934036423
EK202310170159,140.74806341009844
EK202310148167,149.25193551319967
EK202310155933,162.59476195940275
EK202310149269,152.97634136404002
EK202310188885,134.33921486428045
EK202310109274,129.9676437221004
EK202310162745,158.7496103938137
EK202310146260,142.57633274567178
EK202310168090,109.6282311510515
EK202310219761,121.09000107669988
EK202310230205,120.15341278420698
EK202310114523,131.3826587675442
EK202310201162,170.2023636201148
EK202310188350,150.7451498235983
EK202310178664,132.25022245432652
EK202310125253,136.10529517605445
EK202310194315,149.7134761160284
EK202310178855,148.139390483927
EK202310114913,147.2655084701308
EK202310209479,151.0835105271428
EK202310207800,156.39699727758875
EK202310205487,122.70469898272879
EK202310168431,152.5258937904306
EK202310235593,142.09052139680392
EK202310235602,133.2417209063179
EK202320007124,179.81910361112867
EK202310207771,135.1783516269286
EK202310228788,109.81583765846344
EK202310227982,144.73982552779856
EK202310194813,180.78684037491084
EK202310241087,138.80803603866778
EK202310148405,137.44190491651966
EK202310140778,158.74138619142826
EK202310198551,153.78273458643892
EK202310120216,150.49236121278574
EK202310154323,139.04607118830182
EK202310158123,162.77512924121305
EK202310215528,156.62999943916952
EK202310237307,150.00048507160557
EK202310144499,156.9776661425846
EK202310200349,152.06079196197203
EK202310199428,151.4107596009292
EK202310205917,142.09157204264744
EK202310123848,133.39498825292767
EK202310171335,168.43272149052638
EK202310113026,143.96597286325965
EK202310227460,138.40292700978222
EK202310218273,167.59209168784332
EK202310211553,141.95972962992357
EK202310196786,145.60364590983767
EK202310237300,136.18032170259943
EK202310125146,143.12359613922695
EK202310118100,128.5083343403366
EK202310186326,137.58262631095363
EK202310128919,121.7614385085824
EK202310198759,127.22423348023463
EK202310236246,159.04297963815543
EK202310149187,163.75057002776387
EK202310182726,151.92877589348015
EK202310152601,140.1938956070999
EK202310220436,128.2356734737868
EK202310193514,165.32887488461694
EK202310246478,130.4846062568855
EK202310243128,169.21994436456055
EK202310127415,142.4689837615113
EK202310213162,149.03997547139699
EK202310137235,130.88513348871874
EK202310178654,144.8463553726595
EK202310118153,131.92498910721935
EK202310004571,132.87433746728593
EK202310151403,177.77817248853762
EK202310245278,149.85717559826472
EK202310143897,128.54170490515264
EK202310218277,125.70489678820418
EK202310162879,148.17284004396447
EK202310136599,126.75250042065952
EK202320006442,176.15425479506774
EK202320007344,143.24194496519934
EK202310189969,166.70709962505126
EK202310166949,172.65625719579444
EK202310114939,138.23237966429588
EK202310226036,152.70386730785705
EK202310166986,135.33589993502022
EK202310217723,118.67006812590132
EK202310137499,153.53653188203435
EK202310132371,148.7917598577434
EK202310197508,152.08050290820483
EK202320006448,189.7710483036229
EK202310217287,122.06461273356226
EK202310210663,133.99688560534858
EK202310104277,144.31630257211532
EK202310200683,142.57697193632282
EK202310225623,169.37297556690302
EK202310207191,147.6765051260336
EK202310129539,127.96389910302344
EK202310128514,171.22250507029204
EK202310140966,141.24125735814488
EK202310129386,139.5271189370816
EK202310179691,137.94668826916484
EK202310188920,141.2824774353669
EK202310247484,137.19498033141755
EK202310193673,140.4130404967418
EK202310170091,120.12781264204638
EK202310172920,168.51264550881066
EK202310223477,153.1653023429084
EK202310171073,163.81419894654357
EK202310194158,149.61579873082005
EK202310207919,154.96360314022243
EK202310120306,145.84902030164292
EK202310207223,124.55433328148713
EK202310244280,137.3769372523534
EK202310106527,125.15423213358869
EK202310142859,158.0598451075117
EK202310168389,160.48078614127814
EK202310143594,137.70275429127577
EK202310167480,162.19426915032102
EK202310156995,138.10794966494498
EK202310119214,145.1940264843497
EK202310148853,144.5245769029961
EK202310217497,142.22492990844503
EK202310120366,139.11499154415762
EK202310217526,163.93136750748764
EK202310195002,136.8789302556593
EK202310169241,160.50800213143083
EK202310159114,148.81461561781455
EK202310192176,141.6834233244774
EK202310159110,145.8261062251003
EK202310158664,136.68189436670835
EK202310192338,129.38914213784972
EK202310230524,117.49583377559556
EK202310210362,160.20688443039802
EK202310212895,159.59426455855248
EK202310193440,136.41268707519572
EK202320007869,150.72490627503223
EK202310167916,144.69502693911093
EK202310206630,140.55495224098047
EK202310157459,137.06970821584758
EK202310216902,149.66440817261508
EK202310198965,142.9496701913288
EK202310201874,146.88517968638251
EK202310117999,140.3857171918978
EK202310204212,149.51342558703044
EK202310183852,158.71707174089195
EK202310219321,131.59709725785336
EK202310235218,147.07103383468046
EK202310106655,130.85190236449893
EK202310109169,160.26601962148578
EK202310229525,132.6065726584531
EK202310234441,133.2490082937579
EK202310119016,121.1802712435734
EK202310003723,132.99563099483814
EK202310177973,121.73504491065925
EK202310143560,161.25461957806274
EK202310245405,152.45256999673825
EK202310123670,118.25712314551029
EK202310125143,158.8869018471048
EK202310162721,131.9064844294626
EK202310121368,141.5651976252247
EK202310207810,155.02392785572277
EK202310110877,142.46152986108638
EK202310207642,152.1066832094794
EK202310236676,125.1650373983092
EK202310178731,157.36840101718406
EK202310166361,156.019268647949
EK202310221798,149.06483026427406
EK202310177403,164.3076756601647
EK202310134022,136.3578559480531
EK202310167333,146.7294442665113
EK202310166210,141.96903577780256
EK202310110220,127.20451062743774
EK202310145795,134.96143913812554
EK202310164123,155.04464013575333
EK202310196621,167.38509278322243
EK202310120415,144.09662863231475
EK202310148912,151.01605626250011
EK202310179102,132.3629909206071
EK202310196322,126.87559956140808
EK202310157568,164.25470269277835
EK202310146998,143.2583978951754
EK202310223698,163.30206872074905
EK202310234532,140.03551701056455
EK202310138792,165.57285007286347
EK202310246869,121.5498536045752
EK202310126504,133.89517144082774
EK202310113606,158.2522912959829
EK202310131578,130.6825955416171
EK202310156389,138.64555171896492
EK202310138943,130.8836479632284
EK202310105288,150.9033645672009
EK202310188558,172.45032401307816
EK202310234995,136.43247920329918
EK202310181950,174.3767611351118
EK202310157098,145.17174016485063
EK202310132543,138.3847159264091
EK202310174319,143.99568917401672
EK202310225811,136.69362528825366
EK202310157066,150.61948161812975
EK202310205138,145.8274378065897
EK202320007203,152.37292576618626
EK202310227039,136.47730745004625
EK202310106033,130.16657871312773
EK202310146183,153.58218294851372
EK202310226180,138.8004002000449
EK202310162385,146.18097139006252
EK202310235946,118.26569071367328
EK202310182408,148.01456342345122
EK202310155735,148.71266798902744
EK202310190520,148.75133071050806
EK202310146058,131.6737023883504
EK202310202633,149.65439057015362
EK202310196099,154.07720639425247
EK202310129632,133.1245715143618
EK202310138166,118.53809355209997
EK202310148720,153.358313316644
EK202310145781,147.10305785361638
EK202310140364,143.47804340584207
EK202310152526,129.63795169608096
EK202310109041,133.2438568494493
EK202310239518,157.40490858186456
EK202310187894,124.68445701515142
EK202310140674,151.4415056442202
EK202310133919,125.02631997273583
EK202310183378,146.12543194938166
EK202310232538,142.58460351047745
EK202310203159,145.96722274041284
EK202310114364,148.80798033683627
EK202310165382,145.67845384407067
EK202310212412,138.59770109268695
EK202310106291,122.49247711939503
EK202310136964,156.62417570213898
EK202310114872,133.28960583294258
EK202310211044,136.5679273492932
EK202310196962,160.52987193186266
EK202310229743,142.34370778960027
EK202310180091,132.18849030938662
EK202310113899,148.62319378413733
EK202310238528,157.56792173112453
EK202310167500,148.14615591395392
EK202310184018,151.70943220180038
EK202310194972,142.93582821725238
EK202310120304,157.09822034198027
EK202310142049,124.91654506576164
EK202310178765,169.0884565649216
EK202310182864,138.4090032658699
EK202310192331,144.12309857461446
EK202310164774,147.6134233900477
EK202310156817,167.23045549127696
EK202310237151,149.88809604448363
EK202310234802,140.3405064112676
EK202310210106,171.67058719908727
EK202310195014,123.68023147533039
EK202310147893,160.69823287124825
EK202310113010,131.57893584772572
EK202310183485,151.69592078444398
EK202310123549,144.52815142630277
EK202310215820,134.2683937734194
EK202310174861,150.1533687925442
EK202310170243,138.8734175900483
EK202310139779,128.16146911778904
EK202310226387,140.9438101461157
EK202310126951,128.75108646194462
EK202310122461,121.00850145819165
EK202310137617,150.58647879066405
EK202310232607,149.46792182208287
EK202310188917,156.0597029209179
EK202310230010,126.34756869928847
EK202320007620,149.26136091467396
EK202310179514,130.77109963754745
EK202310200726,128.71948360055816
EK202310145542,130.84813054976487
EK202310140934,155.90812328461323
EK202310141993,133.56514866359464
EK202310202052,120.12169680290765
EK202310206128,136.35576762479147
EK202310129191,164.68864954935486
EK202310132531,140.86794581274376
EK202310145895,142.18936889162254
EK202310150717,161.9485830405178
EK202310238478,132.4667278879134
EK202310215961,149.35259227287096
EK202310140355,173.70252466145095
EK202310107109,109.90683999918807
EK202310245704,133.08580439591668
EK202310140078,142.1064444041782
EK202310201205,163.62782309170652
EK202310105811,131.53173969202763
EK202310213056,149.59201346018918
EK202310218710,133.44347771410705
EK202310212505,131.0630114687427
EK202310222413,123.7921943096438
EK202310172293,134.00211802752125
EK202310109647,140.45954862291046
EK202310188891,144.30550481008888
EK202310137965,141.47823755892193
EK202310107117,106.76255089598703
EK202310207869,134.94522935475564
EK202310169495,155.62028370833767
EK202310114538,150.86309325050468
EK202310165920,138.72075436746883
EK202310130807,150.12232866734888
EK202310170628,155.53589206274484
EK202310117370,137.92463823116685
EK202310239420,146.0879111310114
EK202310108908,144.06250603615268
EK202310124380,127.4735244343708
EK202310114384,153.88506325212262
EK202310176015,168.2094733215921
EK202310213032,127.05187213076994
EK202310191795,137.3818408099151
EK202310203571,144.39443682977043
EK202310138185,124.71445185371422
EK202310182667,151.94829059425857
EK202310178540,144.85740295265285
EK202310173419,151.5591366484797
EK202310171759,143.82184135580712
EK202310230057,148.0043149809499
EK202310239289,140.282041614003
EK202310203690,164.2860702157011
EK202310109021,136.66473310712047
EK202310126805,168.63576642136428
EK202310213809,121.82174052615206
EK202310174863,160.34205604900743
EK202310221636,128.48301489861768
EK202310171548,123.47742697225105
EK202310194319,146.35209807852482
EK202310233853,164.17223718144785
EK202310158671,156.70910050948055
EK202310230596,128.40653099826966
EK202310221893,116.8779590599993
EK202310227172,143.32110530231296
EK202310231306,135.91322268678937
EK202310158074,128.95396716880757
EK202310104860,153.93314765491334
EK202310216640,156.59774059978935
EK202310200103,144.12906529162692
EK202310141785,154.6582780318185
EK202310145978,117.5805617334091
EK202310004077,171.51565187563827
EK202310133888,151.31487415905107
EK202310125723,147.29444497177815
EK202310136090,174.72912884368424
EK202310246571,137.3470340261878
EK202310243027,133.55614384736305
EK202310109649,153.41413398384586
EK202310176461,139.97673711108854
EK202310122952,136.2137060466126
EK202310243326,151.43407818912442
EK202310135058,165.92023268396042
EK202310200094,136.47274291754664
EK202310146558,134.33834498030444
EK202310121295,123.92825334425524
EK202310214783,158.078173104393
EK202310172681,133.45244723622358
EK202310241971,130.8784455407548
EK202310188843,154.08173395167853
EK202310136447,128.19385749450015
EK202310231662,132.09791273565716
EK202310157790,142.17278768824954
EK202310120107,159.9372683896049
EK202310225152,155.9916165348122
EK202310200264,154.84756245692736
EK202310134521,132.86217026541556
EK202310173584,133.3722580513542
EK202310196666,159.38239601160595
EK202310164106,118.0061828670183
EK202310138379,152.20734193834312
EK202310228204,132.91047682594447
EK202310125152,149.76478734573385
EK202310216720,135.633974534336
EK202310228063,149.92753727264656
EK202310169786,143.96900847243128
EK202310176342,153.15765779636203
EK202310163187,158.0893237121561
EK202310124025,150.65466536456825
EK202310171872,159.05892785579965
EK202310137265,139.39364359615834
EK202310209292,138.86114369251416
EK202310137925,143.97861117004925
EK202310199295,141.0548743614328
EK202310152826,168.7515209706061
EK202310104368,119.18219358182964
EK202310187730,141.53611742600498
EK202310181862,144.00147342109176
EK202310165938,132.97770278317714
EK202310183431,133.99984200492113
EK202310236615,136.31459349592774
EK202310189593,122.88252127518565
EK202310221069,141.78697672924162
EK202310205373,151.1016365590642
EK202310142031,146.93790661719942
EK202310128716,133.70297366889616
EK202310202961,149.81920649403088
EK202310205295,154.57307093040023
EK202310116568,142.54920174041945
EK202310209928,137.9307590317118
EK202320005639,151.856461828691
EK202310133603,169.03518226187907
EK202310196192,167.85619707109822
EK202310133688,159.9868343347431
EK202310107855,151.41783212460464
EK202310138935,146.39196148103227
EK202310204089,145.19700042943094
EK202310219313,136.10644178022864
EK202310189726,151.46587895791703
EK202310152282,153.9599142018755
EK202310180251,140.84153968424212
EK202310165981,154.45930630236853
EK202310137451,135.73771994350312
EK202310126122,139.85734802570303
EK202310243998,127.99696246496401
EK202310184231,168.55313921878437
EK202310228417,134.88997141738383
EK202310241091,135.15524257845925
EK202310190393,162.1732725504209
EK202310211537,132.0162967447131
EK202310147678,141.58631113470636
EK202310242270,149.35900494844807
EK202310149069,162.5475199466958
EK202310163921,176.49957973390133
EK202310133083,123.80662515389903
EK202310224140,140.25438978381956
EK202310152867,114.2701079585662
EK202310203736,115.51837470054241
EK202310165596,133.80561891596042
EK202310214453,140.4569321732292
EK202310164740,141.23243646981206
EK202310214137,169.5025447365498
EK202310146679,145.675674361294
EK202310104097,126.51378176296612
EK202310200834,159.17803037969998
EK202310163017,154.96865142121544
EK202310165977,156.32682206471463
EK202310243475,124.29559828565097
EK202310241365,162.40628435632308
EK202310244319,143.08164875110577
EK202310120396,145.98346368041496
EK202310241624,138.37300913769562
EK202310198761,174.60635758199635
EK202310150943,134.22983640233312
EK202310248679,168.6368754927827
EK202310215685,149.6776173362124
EK202310104356,135.9627175321263
EK202310206239,127.5438453181483
EK202310157180,125.14940564330838
EK202310131514,157.5242159762961
EK202310244801,153.3260193982921
EK202310116569,154.09274975802595
EK202310123027,124.09348063213055
EK202310223311,143.49618900977225
EK202310174904,143.99404692477478
EK202310133194,151.19317121350576
EK202310184130,141.02981804927472
EK202310194455,167.97908827026038
EK202310106381,164.26685848816146
EK202310227001,145.56719341621366
EK202310153912,160.20687234773743
EK202310193865,130.0719740145174
EK202310232459,125.76087019959107
EK202310198400,130.62851007731632
EK202310182607,140.231036250135
EK202310225129,140.19764107429825
EK202310197516,145.52929589118156
EK202310131801,168.74654907377817
EK202310212554,153.9371697938671
EK202310227543,152.95533586140775
EK202310130530,130.43553964571979
EK202310193825,181.04220989050845
EK202310211045,155.1045886045277
EK202310129373,152.6351520249594
EK202310147392,143.257064327614
EK202310187904,153.5482625859605
EK202310208503,136.1733793384374
EK202310110837,147.68418368690038
EK202310229225,126.36432737163497
EK202310164336,132.03637176536125
EK202310195313,150.37355231970864
EK202320006926,161.2359529797657
EK202310174594,134.05341935532905
EK202310187599,156.22096608817802
EK202310198391,143.857118482395
EK202310224871,129.92055008999859
EK202310128469,155.9948733266599
EK202310108118,142.54922225002028
EK202310164855,149.4755391195676
EK202310157619,151.72187543322173
EK202310212148,134.2916579105977
EK202310241888,155.775696821231
EK202310200720,153.7757675065863
EK202310178703,154.77394487685277
EK202310208199,149.93829106748578
EK202310200707,150.8101972179335
EK202310222186,154.93427442976997
EK202310235687,162.35514876478823
EK202310169723,153.80720957395434
EK202310242395,142.98764046903406
EK202310202866,170.06837952544817
EK202310137258,137.1333239659571
EK202310209819,154.0403418524888
EK202310111291,132.31493902768574
EK202310210190,140.05284323390288
EK202310181968,139.4365770241261
EK202310173847,149.7057392530996
EK202310170341,131.7759033378359
EK202310112839,145.36366831465628
EK202310207240,129.58884735634655
EK202310122514,138.04891765184172
EK202310190722,137.5999865019148
EK202310186422,131.56530934314128
EK202310154379,169.7553757343027
EK202310245323,158.4425646770319
EK202310122299,136.98470430108742
EK202310125100,133.3694249578384
EK202310118253,137.0380523702757
EK202310238969,167.7989692442944
EK202310168188,162.45463601309285
EK202310160206,166.29227810840905
EK202310222871,158.22410770824456
EK202310209611,155.72178541429656
EK202310212974,132.97818301259747
EK202310128407,136.85935762018886
EK202310222412,126.66817753192232
EK202310200939,133.5209289039076
EK202310003959,133.00425308915106
EK202310190302,155.88743099383302
EK202310186405,166.74114635547483
EK202310138957,131.8333523759236
EK202310105023,126.09379868054384
EK202310236632,131.37765974048125
EK202310162662,136.14960898788016
EK202310198218,153.7948912451662
EK202310186500,135.5597391961172
EK202310138863,135.68158898187963
EK202310241224,163.34106127540173
EK202310171644,142.05211141385232
EK202310239875,132.03229290350015
EK202310187156,144.40344542006204
EK202310174507,143.77310592805088
EK202310139245,151.5407924819803
EK202310161355,154.86945410365018
EK202310131302,134.64556040823197
EK202310106366,143.73668309389353
EK202310180236,159.22217829521344
EK202310146739,144.300331146688
EK202310122526,146.05151635934092
EK202310171449,118.80495447348947
EK202310158382,139.5277574941395
EK202310003648,121.42673372145494
EK202310203626,132.81057479431036
EK202310105539,122.8488450429143
EK202310172856,155.60336365641757
EK202310247114,181.34536356204785
EK202310169299,164.92613393255928
EK202310216048,135.83310636475386
EK202320007664,132.50415807187673
EK202310106821,138.86719866409152
EK202310201424,129.86034445743616
EK202310177794,141.20265732067634
EK202310225174,135.52111635719572
EK202310236955,135.46284873647005
EK202310216158,124.64243603069434
EK202310176370,141.94676140148246
EK202310139805,124.68641524179077
EK202310129688,130.1349923148387
EK202310114179,146.63506095255946
EK202310004734,144.74186054331454
EK202310153706,156.9834684672602
EK202310159985,145.27095999119794
EK202310207436,150.2051401516904
EK202310172357,139.86570462724802
EK202310137540,150.92430147882177
EK202310246082,137.14974116645033
EK202310231504,120.84649020805956
EK202310180342,164.76336411447048
EK202310149538,150.74141285547202
EK202310236300,146.26755473119965
EK202310184866,151.97563435178347
EK202310236107,166.85027583595974
EK202310177453,128.528931551731
EK202310171178,145.98341303740645
EK202310146756,140.2400502739863
EK202310147896,155.09057811281622
EK202310167599,150.48025963755407
EK202310165277,133.31344144321142
EK202310213182,147.0000953249577
EK202310231983,141.72263968848162
EK202310119961,122.86477645588637
EK202310168921,153.69691683043226
EK202310152986,142.93321523163988
EK202310222123,139.24602574067
EK202310165121,137.06510536633942
EK202320006143,162.5597347540546
EK202310136406,126.05441403004042
EK202310113171,143.29257414806062
EK202310178750,163.7332579855272
EK202310184720,133.63428330492837
EK202310135947,142.6462720464378
EK202310106555,152.0746131391316
EK202310147773,145.62142706799034
EK202310166654,128.82203352024962
EK202310231220,125.8541770574667
EK202310179554,145.92113779303014
EK202310121805,126.33008138570435
EK202310221539,136.3792129747151
EK202310109095,142.60016959085323
EK202310228094,155.76025171040345
EK202310128632,138.21816588934163
EK202310168239,149.75219908875036
EK202310229923,146.10285609008133
EK202310182545,148.53724727036953
EK202310111819,140.20108969667427
EK202320007299,163.02283756288116
EK202310113423,122.78781217611244
EK202310141017,148.02548787602427
EK202310236316,139.56931531471244
EK202310108216,139.9752667751504
EK202310192703,149.90700732803055
EK202310123050,133.06867582097433
EK202310221659,125.90362579362271
EK202310195354,176.96454025028675
EK202310218205,152.537465873523
EK202310142204,147.7834651928905
EK202310169069,149.70800899181148
EK202310110164,135.11290940148206
EK202310242272,127.57848821496856
EK202310171541,162.39357167311746
EK202310164252,164.04040169810486
EK202310230378,132.4423916643313
EK202310162807,123.10405146300933
EK202310125970,149.91825929860028
EK202310232037,139.62846756637043
EK202310179302,130.4287255478163
EK202310113416,131.48012752821083
EK202310120907,148.95456456036155
EK202310131914,122.35502388156901
EK202310246477,147.56934412519013
EK202310210578,139.56104949295312
EK202310224656,156.42646203788533
EK202310134643,140.0678371300197
EK202310165344,135.44186086564085
EK202310128094,149.8905408757619
EK202310212344,145.7024515845556
EK202310163429,122.46828341340739
EK202310142109,124.83013846383182
EK202310148011,159.13357257482537
EK202310177720,130.1821636158575
EK202310130679,142.51573338398913
EK202310128185,187.37778785055002
EK202310157906,146.28917145712515
EK202310219715,123.24788639632742
EK202310107586,129.89536933348978
EK202310236962,146.94816847524027
EK202310133594,167.32430891281132
EK202310124136,125.2224153966367
EK202310147276,158.5519751825218
EK202310209860,154.6915342636723
EK202310170014,136.28204155992984
EK202310125838,146.4043530576129
EK202310176810,131.95569570154993
EK202310104451,151.0691720834263
EK202310181648,152.66878298751797
EK202310148857,141.92245872889904
EK202310161540,165.01640449031305
EK202310109347,132.3579372861817
EK202310143168,135.23743776741787
EK202310182799,143.57135019215247
EK202310183847,154.5463540137367
EK202310231882,136.69617392985964
EK202310236483,117.52800356442708
EK202320007850,134.18188827945542
EK202310171115,124.73023388424035
EK202310138799,163.32190114493656
EK202310229790,140.59002378031462
EK202310120135,135.67336267662762
EK202310165362,143.49725024877625
EK202310160759,132.15891127024844
EK202310128908,156.3856040790111
EK202310126950,135.8519054300173
EK202310210878,140.25597768088284
EK202310144127,142.53764284627843
EK202310103769,135.12606135553094
EK202310224658,160.44215497111094
EK202310158660,146.34904736604992
EK202310115044,125.39652287421004
EK202310225928,127.86835204452744
EK202310131183,153.56048666855827
EK202310191329,128.29322601968227
EK202310247806,148.12719251780533
EK202310128359,134.91141076543687
EK202310158015,139.66448990737078
EK202310216742,139.9421419500199
EK202310180156,112.09590951998123
EK202310156742,161.44906998360185
EK202310206889,136.63328327802355
EK202310141595,149.6280621068111
EK202310213331,141.26421958946713
EK202310110177,125.00485038292807
EK202310177752,158.69518902282294
EK202310143528,126.02862575378288
EK202310121245,132.1970651378287
EK202310121730,122.22513464243252
EK202310166696,174.3979996239101
EK202310139416,135.80670206302688
EK202310137350,140.705501270178
EK202310173056,139.84161381688608
EK202310183242,143.83756959942838
EK202310181856,138.05461141487646
EK202310187043,144.31663302351836
EK202310146563,130.9207963251531
EK202310210145,134.5851962634475
EK202310149292,155.43468274685475
EK202310219306,151.47933970463066
EK202310180670,115.25628726033733
EK202310154730,148.16843397017865
EK202310220947,126.17653237990821
EK202310202735,144.61525673143592
EK202310123527,127.39787166815753
EK202310120644,155.1443295048058
EK202310129017,152.3186452712332
EK202310162431,167.93173388218582
EK202310150024,147.889798389737
EK202310237610,151.47962315306853
EK202310228863,139.468829704639
EK202310114239,146.49910773837956
EK202310111704,139.77834891870702
EK202310175377,127.41137951913744
EK202310128857,139.48888752123713
EK202310141561,131.33198595885182
EK202310133921,139.15499541352415
EK202310143422,126.32046547742733
EK202310222897,132.1673615370926
EK202310127138,146.2401296256954
EK202310185976,142.8384861156914
EK202310118702,139.36831461633975
EK202310112998,160.70372344042548
EK202310134460,169.32116665713883
EK202310198419,151.3815861468118
EK202310116533,140.41396003945147
EK202310152035,145.95468514144991
EK202310186167,138.85415543252023
EK202310174777,141.60016373008145
EK202310241957,132.19852906561096
EK202310194759,152.0643245515096
EK202310209627,139.70661045530483
EK202310110386,138.87164242896617
EK202310183168,143.09301172906794
EK202310230042,152.8916230446564
EK202310173070,142.61118887721938
EK202310118014,137.41078347871508
EK202310201071,128.27043172967274
EK202310151104,102.99179105717111
EK202310150451,147.23398275836976
EK202310185662,165.94084665737597
EK202310152420,135.82097079361444
EK202310004807,140.2504924813536
EK202310123731,151.26284945412579
EK202320007290,158.22442535359306
EK202310159273,166.43842352108402
EK202310241776,159.3160905258729
EK202310240911,130.17841069965945
EK202310128834,142.93821244776373
EK202310128400,147.68108501824423
EK202310233118,147.1527179703601
EK202310234404,124.07946505540382
EK202310158169,165.10821249451692
EK202310168826,123.29166148599344
EK202310223636,170.1721712923174
EK202310228740,179.53337827471938
EK202310115835,128.6412434256002
EK202310131407,134.71462944075728
EK202310150935,135.79796581018488
EK202310225345,170.12827668201618
EK202310146990,159.69389665294165
EK202310227539,152.8206355062064
EK202310145038,127.01724122460658
EK202310134905,136.6826778885822
EK202310176247,158.98924915879948
EK202310238587,147.62556848402718
EK202310208338,148.66762258402562
EK202310202600,156.8727026474522
EK202310244941,144.06744922082615
EK202310121341,159.99652705915494
EK202310142598,165.04383893434397
EK202310198678,124.1325453914047
EK202310243034,143.23220482874652
EK202310188200,148.33341552124003
EK202310248513,111.08914863889001
EK202310247587,132.93835467682962
EK202310175167,136.7395219579421
EK202310248135,142.4324509641169
EK202310116341,140.49937945179533
EK202310187249,163.55241755561983
EK202310117946,141.98123975003264
EK202310120013,122.56126985398625
EK202310168464,123.17425378575274
EK202310188127,121.22335132503274
EK202310234954,138.75863364428977
EK202310240694,150.68035924172625
EK202310156774,148.61310992017687
EK202310242931,136.81347638883804
EK202310120909,135.59608506985867
EK202310213600,125.87502046917875
EK202310185790,160.6386273182298
EK202310189010,130.7828706541994
EK202310198849,128.71314262624034
EK202310110578,146.4878616783945
EK202310197754,152.09520533098117
EK202310224146,132.79052392611948
EK202310174258,133.25483570053962
EK202310190295,151.4762342523566
EK202310215366,149.6924039039077
EK202310236141,136.02584991656315
EK202310235081,147.6103855855576
EK202310113404,130.58851822676496
EK202310147836,149.17388852811783
EK202310119847,156.50227011533335
EK202320006154,151.6074831237949
EK202310181606,152.38883155079446
EK202310108458,149.54998168395173
EK202310191692,160.5337787238962
EK202310137028,146.97702183734586
EK202310186568,131.76972200505014
EK202310193659,182.40902020646618
EK202310201443,144.94844061990835
EK202310171284,152.96677194822587
EK202310162022,148.83371055731962
EK202310124310,130.29717669606603
EK202310150577,145.56801040131725
EK202310180293,154.30997550885678
EK202310233601,147.3391986914039
EK202310218244,145.15738270899226
EK202310147274,141.67795779295926
EK202310144827,128.71083432537333
EK202310188705,125.09075240275676
EK202310171879,132.68139159928813
EK202310004380,155.78310839378085
EK202310124117,132.33716808410765
EK202310139515,161.38128487343133
EK202310223076,134.30958922512198
EK202310189237,144.18046695108296
EK202310158900,164.03707688439044
EK202310172965,143.39539993060603
EK202310133331,125.63956514967862
EK202310139550,145.92175263796597
EK202310182260,134.09217890109147
EK202310240459,136.61662628772675
EK202310129723,156.83713672567794
EK202310140428,131.0532643526918
EK202310116169,125.59418728734767
EK202310121335,121.92936842346403
EK202310154424,132.0201505007397
EK202310171495,154.7312931378912
EK202310230777,134.9505195214581
EK202310207460,155.2287888376013
EK202310194955,120.32401179443866
EK202310233382,138.33902538653095
EK202310126476,139.07250437488293
EK202310112541,139.95564897762628
EK202310211941,159.7975551062975
EK202310160649,158.61379580542868
EK202310147152,137.3356312046367
EK202310226978,137.53844149157078
EK202310156779,136.91266633583308
EK202310160400,160.86124048569357
EK202310113592,146.1472832471766
EK202310173652,151.28571860682717
EK202310159519,147.0812355295033
EK202310124262,137.22021007943886
EK202310205506,138.25057707768624
EK202310219097,156.06849332923508
EK202310226057,133.63923340213455
EK202310153736,133.46732137252872
EK202310180775,124.48816456456031
EK202310169348,191.4626224399848
EK202310131502,146.62371954566308
EK202310121729,115.18139324958013
EK202310159565,144.9151574844676
EK202310204448,135.61217712980283
EK202310153462,142.46276113112526
EK202310144316,139.7720898622257
EK202310135075,164.24007330411257
EK202310221375,140.79208613645324
EK202310163745,153.83566932031428
EK202310128307,158.88498662985108
EK202310117545,179.51183158678344
EK202310135049,168.90088542869228
EK202310168241,144.11978515145654
EK202310212910,142.0718744960492
EK202310201819,147.43946146891588
EK202310159317,146.7996429015013
EK202310205644,126.57802147150245
EK202310154083,125.51339739231499
EK202310229522,135.73434815453533
EK202310110884,152.08920053196778
EK202310157913,146.26601706992972
EK202310178487,168.53559216410267
EK202310159316,147.27128837377973
EK202310109379,150.4927638393592
EK202310188031,124.66114612058979
EK202310198040,156.23165504708032
EK202310175083,161.84471890056483
EK202310155364,143.93258413382793
EK202310204163,141.46833113062044
EK202310199502,147.62039121783863
EK202310204489,144.32191709385427
EK202310179081,147.1515480516024
EK202310233796,132.0139615287364
EK202310166659,157.42509938183304
EK202310160108,142.80191831179116
EK202310189609,163.45780140602972
EK202310104591,132.07561236997114
EK202310241388,137.52047146450275
EK202310141772,145.39347471407393
EK202310193970,157.27386505729612
EK202310115247,129.7830391771307
EK202310205518,131.411597728244
EK202310169284,140.37630455680153
EK202310148744,146.4254257334091
EK202310190361,140.18090465196593
EK202310174521,165.03907601847047
EK202320005722,164.28159038544783
EK202310223637,137.82602692976846
EK202310206779,144.49540984629596
EK202310205588,135.88072965136527
EK202310173304,154.17824653597816
EK202310168176,151.9232463195533
EK202310213786,151.39045638936085
EK202310193979,149.81616866871735
EK202310126924,125.63817531237221
EK202310130529,144.42707316927763
EK202310119471,140.41102130070277
EK202310196749,146.29369590125123
EK202310113250,148.48887685782734
EK202310155906,133.68506156314584
EK202310105766,123.37884456422073
EK202310201584,146.55861817761854
EK202310106175,121.71493608440078
EK202310178826,157.07895631398236
EK202310184322,127.79880644127303
EK202310106188,122.60452770178118
EK202310124482,144.24918780938933
EK202310186934,132.98535395221484
EK202310190559,126.18441141283444
EK202310247940,115.42663246137784
EK202310161261,156.0187563733432
EK202310167492,111.80900009386922
EK202310117822,124.87806657744488
EK202310185255,151.67864798250102
EK202310209656,122.37079264969792
EK202310161945,150.28921483004294
EK202310214665,154.38349079042223
EK202310146073,123.39315812717797
EK202310160721,178.02609129786177
EK202310245095,143.33222303213176
EK202310239697,138.2162357718945
EK202310196401,146.33754025708353
EK202310245200,155.97791096746363
EK202310151874,164.39555919361214
EK202310127590,148.85498643323615
EK202310172784,126.60631228500486
EK202310217741,145.47503008807558
EK202310118696,139.065616747854
EK202310175680,151.58355508431657
EK202310248407,141.66132753556334
EK202310116779,138.74691166730275
EK202310230914,141.9660178735804
EK202310121682,131.62288800706386
EK202310124137,127.84595339113093
EK202310138758,127.2142877075227
EK202310115217,160.74846689924465
EK202310165227,137.6451134003444
EK202310198606,129.44941914780125
EK202310139887,145.53819962328237
EK202310235696,141.81450803718636
EK202310140862,136.5957921931495
EK202310245296,150.6870869605983
EK202310178643,150.12921779518953
EK202310109769,109.1556333256698
EK202310168383,135.8621224424419
EK202310173293,153.90871496257517
EK202310199278,147.84320167149014
EK202310188364,163.6938428273823
EK202310226539,132.12143677986768
EK202310104626,150.52758208120724
EK202310113611,156.00927646668202
EK202310155381,123.96144351902727
EK202310207381,161.2470517073874
EK202310232919,154.90762419826999
EK202310239683,148.79916756844324
EK202310131225,132.44849547202648
EK202310173001,139.27935068033412
EK202310194749,124.91948268545903
EK202310103766,136.187466034337
EK202310173848,142.9901523206105
EK202310134143,122.56737572686505
EK202310233093,148.8059868211612
EK202310184337,153.42026157313418
EK202310129410,143.67682500346945
EK202310118391,128.75653405252913
EK202310222008,140.20560908153425
EK202310172498,134.76047381562572
EK202310187928,132.29375962301103
EK202310159483,124.08533276048294
EK202310110871,166.2695650215872
EK202310146779,140.58492758960807
EK202310155616,134.85309586586737
EK202310137460,148.41726689404578
EK202310209877,137.86355742505478
EK202310140666,151.98768300868122
EK202310122918,132.76988390795157
EK202310170046,143.71425047670718
EK202310143434,165.6065986539635
EK202310140495,129.33563801371173
EK202310174705,160.98153198634327
EK202310228168,142.4629938307379
EK202310127824,117.35972814824207
EK202310235975,144.23887591472078
EK202310190602,141.71200752132484
EK202310106408,134.77179879842893
EK202310233717,144.5189750789547
EK202310203927,135.08233195113039
EK202310106512,139.93324556444594
EK202310208972,142.65659643202866
EK202310156588,162.74800748158603
EK202310242168,140.59639663960468
EK202310123091,140.8355961916746
EK202310199389,147.25697556291257
EK202310154978,140.36209033553578
EK202310158716,130.82595844674958
EK202310159396,156.32590574832543
EK202320005678,179.66121250139872
EK202310110183,118.67308656090528
EK202310225959,131.67475597788032
EK202310225303,137.45721477114614
EK202310108877,142.9669876659196
EK202310237629,145.90595632545484
EK202310211593,121.7348066427741
EK202310151540,169.5060997243413
EK202310149041,161.05246989389767
EK202310147417,147.7791283435932
EK202310229267,128.8538522737684
EK202310194169,120.72011843746719
EK202310130855,142.26904321237973
EK202310218381,142.1375455924903
EK202310131759,169.3257707658962
EK202310159130,154.39188365151327
EK202310181380,150.14262070044123
EK202310154840,156.44899362903848
EK202310155113,140.22535858510602
EK202310190213,126.82873987590676
EK202310125761,162.71260507000412
EK202310228436,141.0121465142874
EK202310245583,144.80196439346355
EK202310138440,138.94863579391682
EK202310153292,133.82045677449943
EK202310114994,126.95747666070707
EK202310172366,145.23887753213225
EK202310124479,142.62602026419307
EK202310184003,167.56820770173056
EK202310179734,140.35646080056856
EK202310185315,149.41255694751055
EK202310247954,175.10347201218093
EK202310146620,141.4675424075395
EK202310171244,150.07484448902147
EK202310134666,145.89523201679725
EK202310220005,145.4660876939497
EK202310156110,143.05509200390554
EK202310207825,171.37837031708094
EK202310168883,138.85525711012636
EK202310136483,110.82827353987167
EK202310196952,171.85341809336495
EK202310196373,131.53715913307343
EK202310118816,136.69356372852437
EK202310165110,143.98178729568082
EK202310142607,150.93787501175058
EK202310168946,137.30405987035192
EK202310105295,147.76477911247187
EK202310106334,138.68526108764937
EK202310105612,129.17130788430188
EK202310119938,149.6558080598189
EK202310192361,158.16786624867223
EK202310195020,143.29225214463068
EK202310129686,131.16110821490292
EK202320005926,162.13527415711755
EK202310210500,139.52897610788318
EK202310139090,148.34855425365953
EK202310138528,156.40220634518383
EK202310201466,143.40710001086953
EK202310230750,139.62131516893467
EK202310148719,146.32202049481123
EK202310150803,140.95496204316478
EK202310216988,142.37513319107427
EK202310111431,129.0948670739584
EK202310185972,120.42754877277686
EK202310195667,171.7337172857855
EK202310140854,158.77298228472728
EK202310210882,146.66637847751312
EK202310233837,126.15251278639543
EK202320006073,170.5952396940275
EK202310196309,172.0390348191239
EK202310206916,154.8753007843991
EK202310226122,140.82890321915005
EK202320006289,164.3773412702296
EK202310226436,151.58261502719353
EK202310169442,166.5711565542449
EK202310241543,136.26612196681435
EK202310217591,141.17554234363044
EK202310140276,133.14611353564968
EK202320007784,149.51918700909525
EK202310149529,134.12253464599107
EK202320007633,138.26029164682217
EK202310119859,151.48163757186288
EK202310230599,110.83317031837788
EK202310140256,132.94235644237926
EK202310155491,139.87823216779316
EK202310132167,154.0752498547738
EK202310224240,163.66748355965234
EK202310110704,145.37114611115985
EK202310140659,129.61341586685737
EK202310209654,138.74962851594108
EK202310210751,134.69534510970738
EK202310114252,135.52118503791954
EK202310131050,121.68446057105518
EK202310176400,132.99840585497049
EK202310225146,140.30672651238518
EK202310218218,148.548025853111
EK202310199879,157.41654718358504
EK202310233661,137.95973305687193
EK202310225646,113.55800189815501
EK202310141379,134.77963667096685
EK202320006182,140.6162490652007
EK202310173692,128.96183581844366
EK202310177607,148.14012906987057
EK202310233946,136.19821668772042
EK202310126324,122.51884496979508
EK202310191584,155.44841936948308
EK202310162051,156.492874453773
EK202310217086,143.64850136560975
EK202310175283,131.8543828105689
EK202310161464,152.51875826804675
EK202310175429,155.67639274453884
EK202310162548,158.90755567979545
EK202310124184,133.65062728983057
EK202310175929,155.25827051764492
EK202310162414,145.99805376169627
EK202310243129,117.40728293822279
EK202310157428,174.16411899559665
EK202310155573,137.48917828039944
EK202310163052,150.2403714701404
EK202310206064,151.6845660289118
EK202310248323,135.0676821388507
EK202310168056,162.6455535433055
EK202310128927,142.33893252321303
EK202310139485,161.66163764161178
EK202310242735,131.9797610117978
EK202310134082,121.79677037138983
EK202310104455,126.20817334471091
EK202310159631,140.54263397202612
EK202310212803,140.42186570595737
EK202310104486,153.56081445685822
EK202310194508,136.17188363470643
EK202310147608,164.07204288369087
EK202310150343,143.13865882769042
EK202310231361,124.1192934515214
EK202310170149,156.696029075799
EK202320005932,181.93689668600024
EK202310211081,129.99621868178014
EK202310164819,163.94160684475693
EK202310182415,154.25002147955905
EK202310129406,148.7762597781111
EK202310186466,135.30210707517145
EK202310116340,130.1551630368656
EK202310177218,148.92586850333808
EK202310207532,152.36460981257528
EK202310222391,137.83032277843265
EK202310176449,165.52234816237484
EK202310245955,133.45680071970537
EK202310193130,121.9302009735398
EK202310158757,131.82625620262678
EK202310227627,125.99963132742363
EK202310136426,122.5383677028905
EK202310130279,159.85531844661475
EK202310140320,142.7783532477865
EK202310208976,147.57028215233422
EK202310140233,161.35640531235117
EK202310111236,152.2446312187354
EK202310106947,149.18360890222036
EK202310225392,138.85897072078197
EK202310156828,139.13942706257
EK202310169518,123.19574851293034
EK202310112332,142.33276756418547
EK202310157079,171.09494525859685
EK202310113908,141.49800677945117
EK202310228518,130.10476704809284
EK202310162931,142.08084426735653
EK202310209191,127.04480525251452
EK202310170787,142.67282739788135
EK202310123235,146.19463072128033
EK202310155678,123.33110331406635
EK202310164712,139.34295897186104
EK202310124306,138.96594554797167
EK202310209118,154.28485705033594
EK202310198258,126.35337614447207
EK202310234831,141.98527597334476
EK202310226914,156.9675472845206
EK202310202181,134.5785627255498
EK202310181074,128.99526810722594
EK202310231524,112.50712439154258
EK202310159999,178.0843767407017
EK202310214159,158.9570230367175
EK202310104655,125.45710597734072
EK202310191665,152.29210798177326
EK202310226912,127.70071598810156
EK202310229568,132.21446874066672
EK202320006366,157.99369006292918
EK202310158803,131.85534573507283
EK202310218310,130.3945389642871
EK202310204232,132.02059168695175
EK202310186641,139.83588630370681
EK202310145275,154.22446321626268
EK202310215048,166.25923150714544
EK202310155714,141.29588742459705
EK202310154842,154.81398985287026
EK202310131202,145.93821855664635
EK202310166844,156.1450781954304
EK202310209974,131.33723825411246
EK202310111411,140.59995021068872
EK202310208383,132.9199321370182
EK202310228239,141.20266217132277
EK202310220185,141.8356344552831
EK202310177863,129.3256999720681
EK202310191386,146.6782366294089
EK202310176540,142.78626002245372
EK202310128361,150.75384769825442
EK202310127737,148.8875436322386
EK202310205567,179.31091976444588
EK202310110038,122.94791078932838
EK202310135018,169.41907345695387
EK202310152829,170.15431263609904
EK202310106061,147.0017479210839
EK202310234328,163.94492176979372
EK202310179105,165.4700472624159
EK202310106635,141.98289473918885
EK202310133437,116.31092268364625
EK202310163497,144.36859237487693
EK202310170389,121.43111440904748
EK202310176900,152.04676488518064
EK202310218778,151.99213683397008
EK202310188856,146.852204343393
EK202310195987,166.09985165271638
EK202310139386,148.04493159534493
EK202310220080,144.29283869690002
EK202310132718,160.06417438178553
EK202310184630,182.90269874101318
EK202310175811,123.71572566424472
EK202310109074,140.10819081345608
EK202310237543,135.88352645524577
EK202310229949,133.09395166485214
EK202310174243,129.47713514436165
EK202310185313,150.45183453507582
EK202310150933,155.9977506342795
EK202310114721,140.1999104725396
EK202310168635,141.15567170641089
EK202310188341,158.39162723288246
EK202310213705,142.01599400922626
EK202310239073,124.90235021476
EK202310163500,133.80772160310693
EK202310208351,133.1909813910483
EK202310106450,143.87890742285703
EK202310115408,127.01010918515495
EK202310223788,134.4643127202582
EK202310243905,139.13479139244222
EK202310173232,143.1254793472311
EK202310147240,170.2149060198031
EK202310170514,154.89364970173963
EK202310150951,112.89394405387245
EK202310116493,145.47490632735224
EK202310195983,152.45507021540368
EK202310152131,129.8562086783543
EK202310104754,145.56213645273726
EK202310205406,142.89300971443265
EK202310160153,157.32251616054884
EK202310221221,122.5717108824496
EK202310160257,165.34271377836524
EK202310137708,143.1327218608304
EK202310115489,127.77057316446744
EK202310137151,131.5539545022919
EK202310227780,127.35875534303999
EK202310214472,147.6711160181204
EK202310133088,160.13433274060478
EK202310239663,154.3537977278401
EK202310215474,135.88490606749522
EK202310183236,108.60456880308055
EK202310214837,136.32556847701477
EK202310187923,131.77535908785862
EK202310197935,172.3508610236141
EK202310140273,152.3728092415958
EK202310117788,114.38883799064017
EK202310170592,143.79710165566004
EK202310156315,138.32892225099465
EK202310166296,155.91968171971808
EK202310156678,148.6389023686391
EK202310197364,165.21204878967245
EK202310004739,138.17515802705802
EK202310133626,134.65688736776386
EK202310199623,142.23819374037936
EK202310159296,163.01740524443372
EK202310192767,157.13012506071792
EK202310148778,139.0264285527873
EK202310156041,141.6890035419805
EK202310186950,150.6230106534324
EK202310236558,138.16188343378985
EK202310213585,136.32671772795987
EK202310184418,135.57320441592483
EK202310140115,147.543344728924
EK202310163224,133.81627560242447
EK202310228835,133.38595390558353
EK202310162030,148.70914782390054
EK202310168987,134.86194883107302
EK202310221729,142.33239203138774
EK202310181909,136.6802173041198
EK202310149566,158.03011739946348
EK202310149852,140.06112076401476
EK202310246189,136.10818778007004
EK202310173822,152.79642923083594
EK202320006684,165.59350844684857
EK202310151342,154.54382368641762
EK202310004964,147.42097723239306
EK202310167966,144.45411668894764
EK202310184397,123.38461479224001
EK202310200638,145.9771062139269
EK202310181195,148.3717969199588
EK202310149384,143.57445833222172
EK202310192111,162.32899289696724
EK202310119248,147.21193740074324
EK202310150757,137.80372151477053
EK202310105899,105.0933397573192
EK202310109147,136.87649126031587
EK202310003890,142.43148689159602
EK202310136861,157.2461752647393
EK202310209403,149.26915745571483
EK202310143496,129.58212092748886
EK202310171668,137.29929333120734
EK202310168536,140.59166526661028
EK202310216195,154.9843518510741
EK202310117347,144.5627764815423
EK202310208923,144.48769102850207
EK202310239643,154.23102512813438
EK202310206445,141.94719723953125
EK202310104049,125.97266722445558
EK202310228180,141.10312699725952
EK202310116347,129.68849598600679
EK202310205059,133.73844504814375
EK202310248120,122.5698742695231
EK202310171398,155.48192581085127
EK202310161887,134.98916478528668
EK202310208795,154.42397153999946
EK202310211198,133.42263041227596
EK202310175547,140.6383468913053
EK202310168520,148.8632827911662
EK202310212595,138.52464529228325
EK202310116251,135.95945026190807
EK202320007851,145.70571674497674
EK202310106764,103.77862179402884
EK202310187318,117.30121140171211
EK202310158705,148.77564341661454
EK202310185110,146.90409563043238
EK202310170152,143.67411971808826
EK202310195607,146.38904748933652
EK202310111449,119.80804422563588
EK202310153841,148.011075746788
EK202310167617,161.84697928220208
EK202310114265,142.7624385468249
EK202310133143,159.5239227029399
EK202310158293,143.60502068332138
EK202310181702,138.8314113845382
EK202310212416,140.7265858814879
EK202310231600,123.97724771636463
EK202310230507,131.9402116478212
EK202310223031,128.72308152714302
EK202310180391,130.43544610343184
EK202310177543,153.8387009480036
EK202310218831,149.6105353416723
EK202310223265,145.62218290102012
EK202310109405,134.08628858194024
EK202310138084,138.0948975919468
EK202310144834,139.00387815089184
EK202310119130,146.09998815756995
EK202310241445,144.581339828116
EK202310187813,122.30208471375464
EK202310233825,161.03493705834165
EK202310163582,141.92249790786596
EK202310152391,128.97927113024872
EK202310236241,142.84616005447893
EK202310179557,143.26208759935915
EK202310004239,166.4423614781607
EK202310218905,129.54079796745754
EK202310132305,128.95576412941674
EK202310230005,133.44449318578813
EK202310210560,148.73405599522005
EK202310216882,154.80968411305645
EK202310176911,138.03163987982123
EK202310136229,128.14825300588706
EK202310106054,136.17363360773368
EK202310195370,142.0802864472136
EK202310173198,143.6083796530987
EK202310173224,142.31662178221833
EK202310192049,154.06462895904747
EK202310119480,126.11126976148424
EK202310173031,138.74554333248238
EK202310141972,169.90050202212512
EK202310146369,137.8072046390314
EK202310242801,131.24340657893495
EK202310206809,143.43747007385963
EK202310185734,122.81832332228286
EK202310139207,174.79909161998583
EK202310210887,141.13528787600092
EK202310105956,146.94908996747967
EK202310163503,145.5703994754875
EK202310123765,130.80795836596403
EK202310232619,143.05281809234316
EK202310205867,142.89447306109332
EK202310158665,149.0360139613858
EK202310236631,137.56944141856158
EK202310190792,152.32190064064724
EK202310210386,139.09164794272198
EK202310200450,142.1092693142478
EK202310174140,140.03612161986618
EK202310138770,135.17732425700768
EK202310237110,133.956644355018
EK202310164459,151.35922360713323
EK202310132579,122.65234506780232
EK202310196378,126.34082223178325
EK202310193320,158.55417796375153
EK202310232595,175.82405933791415
EK202310130509,135.62009020440885
EK202310109357,156.84869962988918
EK202310231395,147.5891325996509
EK202310193035,163.49349967281182
EK202310213027,139.72273056320512
EK202310138622,136.7718367651184
EK202310193234,160.49560112211776
EK202310185497,131.1331274734191
EK202310228201,140.27825649776943
EK202310230916,144.891775029182
EK202310219136,136.69595253383315
EK202310229694,144.11977141226876
EK202310242998,142.60377979292184
EK202310118461,153.33971966785083
EK202310147273,138.80090338982524
EK202310112383,145.70677396061876
EK202310161078,173.80616026269607
EK202310164392,171.16563953180122
EK202310111127,131.1524396663438
EK202310169688,126.78385751069986
EK202310111033,147.66107287406518
EK202310118526,132.62264915338352
EK202310190143,159.03698230622388
EK202310232739,152.9477237970022
EK202310199403,149.08318474945673
EK202310168879,175.39130247433093
EK202310140593,141.0456056880828
EK202310003734,157.2803375795687
EK202310234646,121.03306894878999
EK202310133170,145.19694862956266
EK202310181389,135.84303084979024
EK202310173177,160.5413615748856
EK202310164882,146.1357042592557
EK202310191760,151.25741655381248
EK202310234933,154.3878163772572
EK202310164012,139.2546791032232
EK202310207434,152.0484172076296
EK202310198243,130.23013566874945
EK202310162062,150.53046638739428
EK202310124086,143.51282551709653
EK202310159310,154.30598400977047
EK202310241058,132.97075866593116
EK202310179083,141.8182613707964
EK202310175051,127.54137010444458
EK202310149452,150.5128685023049
EK202310230416,132.18853973882477
EK202310187500,150.46434398535843
EK202310183313,141.49425138583624
EK202310237296,150.82093293725782
EK202310214789,149.98902322769626
EK202310180222,144.98249687031924
EK202310122939,163.87461526662437
EK202310181965,136.8204123557657
EK202310228380,152.60319543244117
EK202310159058,123.12817485922997
EK202310188976,147.17087402275232
EK202310172452,139.20556577468383
EK202310215052,143.12886451029254
EK202310247517,155.39915086154537
EK202310156349,150.52068028270963
EK202310242723,146.0707802498247
EK202310107972,136.20630638439644
EK202310153284,132.8900679318629
EK202310142419,140.97024442037892
EK202310202260,145.72930546625255
EK202310169840,151.44441573763172
EK202310229959,144.34516008034717
EK202310112101,149.78579587539892
EK202310170405,134.54972438388165
EK202310187604,142.19755685223922
EK202310226938,131.3516795811959
EK202310170407,125.76057281944642
EK202310188787,140.03073124385355
EK202310157751,143.5376255756031
EK202310110049,144.84029282473747
EK202310171605,142.97281325872896
EK202310225647,137.20348104535725
EK202310160034,138.97172771791483
EK202310104086,141.05960474996402
EK202310133846,127.43502954822252
EK202310149687,147.4286657151649
EK202310237643,149.75850274319617
EK202310240693,143.6901659916419
EK202310209107,168.13138157842582
EK202310152954,148.68096546444897
EK202310107042,134.60899707264102
EK202310147766,138.5114539390081
EK202310157864,126.57008376807876
EK202310132609,153.7730309961461
EK202310198224,146.99080001342438
EK202310181372,163.5456214935623
EK202310107536,143.35846886288792
EK202310107339,109.16577673644525
EK202310231880,157.18750706597996
EK202310121562,136.3212121482939
EK202310219911,119.41345091633347
EK202310111456,136.64943155303402
EK202310230174,129.1637262833714
EK202310123273,149.31347280150686
EK202310130394,136.58482430517995
EK202310125858,139.64964058773316
EK202310148270,153.57692991135025
EK202310158632,144.9717714716076
EK202310131026,123.4759475960504
EK202310204177,155.9682457732335
EK202310116255,149.3004781452992
EK202310149497,152.89041656967981
EK202310105304,152.13268140095977
EK202310188432,129.93965309259144
EK202310153241,147.99937337314773
EK202310143739,152.077523083258
EK202310157045,157.1331529157322
EK202310221281,136.03593076321002
EK202310183812,167.28384457939217
EK202310237731,137.73073354751716
EK202310157369,139.67464409046931
EK202310162985,144.65451647174723
EK202310120645,154.69224046076957
EK202310222168,135.1033346188513
EK202310185855,132.43801067661235
EK202310208538,142.7695384740938
EK202310176660,142.6211940006827
EK202310004357,158.54072547584013
EK202310131180,154.29458462487582
EK202310239429,160.13106841348977
EK202310143219,132.9261808358966
EK202310117261,135.55646431075107
EK202310185385,161.14086084513158
EK202320006967,156.9015868740441
EK202310133649,124.82471323849816
EK202310124686,141.1476561919111
EK202310158040,132.40005868718964
EK202310196688,144.39450101274295
EK202310191616,146.53426698703956
EK202310115678,123.0152490015473
EK202310147246,146.8254393730175
EK202310143506,131.70408084491578
EK202310151678,127.26178211576818
EK202310154413,149.89504366864202
EK202310140205,135.17949340019754
EK202310220100,147.2230718004646
EK202310125163,145.13254098964865
EK202310220961,132.9340228636321
EK202310230382,130.93698101046687
EK202310235095,134.25611365342732
EK202310161057,162.6708333983244
EK202310118114,131.9846960949642
EK202310170808,135.2122808042671
EK202310134456,154.69367165354302
EK202310200301,140.46744912434332
EK202310159200,170.31010868149735
EK202310238472,136.7907173568789
EK202310128987,133.36174329175782
EK202310108858,132.12670892579337
EK202310226102,137.90881911357465
EK202310113124,118.40556819355375
EK202310225235,143.52743742560475
EK202310179343,129.1026308067236
EK202310178389,152.70330164982389
EK202310119599,119.98407597153306
EK202310244023,133.7444275119287
EK202310156102,139.45706740456458
EK202310130216,159.52847184275663
EK202310234897,140.12563764821584
EK202310187102,118.80699807455849
EK202310239290,126.4114196560882
EK202310136586,130.09819705845078
EK202310108466,139.12643392999215
EK202310230613,131.99117784293796
EK202310152593,145.46743204617405
EK202310196010,158.9453660057384
EK202310226253,129.62698453242118
EK202310203216,165.60266638143645
EK202310166883,140.9702914293614
EK202310129487,143.05973236621855
EK202310105043,156.53491241027157
EK202310138902,142.40358880197655
EK202310202724,138.52850058481434
EK202310201811,155.95589991706473
EK202310175242,135.27312150068184
EK202310114269,127.347833986494
EK202310231260,131.69066334286185
EK202310104135,152.0910433622902
EK202310157818,138.5084496787796
EK202310182339,147.55761770939995
EK202310147937,151.69854970506717
EK202310200292,138.31339680569383
EK202310230177,123.88879574442588
EK202310162469,130.71496709078554
EK202310204330,152.7161917739378
EK202310139204,124.15425620447986
EK202310130100,131.02913904607317
EK202310155710,155.5840621886335
EK202310233995,144.09808390678288
EK202310184497,151.87908213905408
EK202310164378,126.07695046555102
EK202310219862,141.04733522581228
EK202310125493,134.51436641441458
EK202310154947,136.6923622838922
EK202310177743,132.39571716745291
EK202310183365,113.94024945441278
EK202310195017,145.48942158941213
EK202310111369,141.5716765627542
EK202310225082,161.8595605927721
EK202310155429,134.6463460749445
EK202310226852,137.94936049287122
EK202310180504,144.9713375070802
EK202310181743,161.9404272092869
EK202310003997,150.83927822679388
EK202310205645,143.13438820568203
EK202310115820,136.92975280342517
EK202310162941,126.16944220446274
EK202310180586,137.21391069613895
EK202310220916,128.3708923934073
EK202310202555,165.33740686331294
EK202310149995,137.6177543093883
EK202310119295,150.6760578040182
EK202310187858,134.0522428192321
EK202310237992,142.6175526490909
EK202310213952,155.26331233349816
EK202310123029,123.93850256669212
EK202310147096,140.98663394333963
EK202310223097,126.37253487780796
EK202310166215,144.04916442287407
EK202310004720,155.52179809069153
EK202310163572,135.1707616891893
EK202310162607,142.02948383288194
EK202310126965,156.13442200644596
EK202310140141,141.25088378417456
EK202310177046,150.32970963837954
EK202310197851,153.45756240842525
EK202310117189,144.22803835501924
EK202310210540,137.04309280155334
EK202310177596,140.94398896063413
EK202310155696,145.39141815745887
EK202310175690,135.04484087275895
EK202310219739,118.79289129255454
EK202310003649,121.82640120628147
EK202310175576,144.94267366877986
EK202310178878,145.01063287027205
EK202310211266,127.3926386613087
EK202310141670,152.34460533380422
EK202310159615,151.75996207315853
EK202310234233,146.01650602536742
EK202310229461,144.35622493684787
EK202310205036,148.55091086456707
EK202310225181,138.47125267351026
EK202310191452,159.06482746800026
EK202310146939,144.99811332750488
EK202310182164,154.2961335040412
EK202310170225,167.84154940968014
EK202310194220,148.72445930482812
EK202310197061,155.013562660842
EK202310173373,137.17896379724868
EK202310209119,156.87726041890716
EK202320006628,172.63198275539295
EK202310136886,120.57428786102012
EK202310159668,118.41858973467578
EK202310204891,150.08103466198517
EK202310246209,147.99160437179992
EK202310198151,144.48627323856155
EK202310111528,142.85380431041642
EK202310181657,128.30040396221696
EK202310110692,123.25211464351518
EK202310187777,166.5377685456139
EK202310180038,131.0216282620398
EK202310107931,121.44178357361423
EK202310186808,150.1499850069291
EK202310229289,138.78589943396076
EK202310223469,138.70032168087633
EK202310124329,131.64345550666886
EK202310181534,146.45330968221253
EK202310132729,136.78080553720298
EK202310121382,144.22858561973254
EK202320006815,169.62190661398648
EK202310199820,155.73090320361035
EK202310148775,143.8900607633951
EK202310160487,133.09948301977172
EK202310225148,163.63294007340969
EK202310144291,138.439729238391
EK202310177549,146.86834621532134
EK202310195485,142.938326222202
EK202310183864,159.80157111326108
EK202310120532,121.97588370203268
EK202310170076,122.78967066488495
EK202310195740,153.10832065798917
EK202310179595,138.58203063224497
EK202320007837,140.12516748300692
EK202310184046,145.09008573160833
EK202310171869,147.1755880176392
EK202310223256,144.01115688247984
EK202310233904,141.08694471610522
EK202310247327,163.45453764431576
EK202310127761,141.97671451466556
EK202310131174,153.87716821374013
EK202310112799,132.37835711155685
EK202310121242,139.59729248455696
EK202310220124,148.07514164978247
EK202310118386,141.01228674109382
EK202310111074,151.14853808103203
EK202310182197,145.2871250746226
EK202310138009,137.1371673756964
EK202310205273,160.29906595650147
EK202310118039,143.11485906230666
EK202310126134,151.17580624488303
EK202310130337,120.07667525764967
EK202310106788,132.2520365130924
EK202310167682,157.92557122226447
EK202310146264,141.1780876324774
EK202310138461,126.7250126293634
EK202310218689,105.22684577562798
EK202310176319,155.73288396321163
EK202310118958,132.15762871279085
EK202310167604,160.88629678183048
EK202310205793,128.32462861798012
EK202310104740,133.8687937447773
EK202310166561,141.80102997947958
EK202310110675,124.4022249085877
EK202310201775,151.1968777445381
EK202310188302,167.6655684988207
EK202310167994,151.6341198567804
EK202310135487,151.398292923632
EK202310168143,141.72803628249804
EK202310204808,141.71075320655171
EK202310151944,167.73339947677277
EK202310224341,141.63984743682346
EK202310111538,158.27119983411376
EK202310122316,134.0364853311804
EK202310178272,155.0878758873089
EK202310174655,149.38491542250728
EK202320006786,164.98720571467337
EK202310170761,149.91337049903495
EK202310117836,134.90757515706716
EK202310197808,166.7172685742444
EK202310236038,175.81392777837414
EK202310147177,144.84750155781333
EK202310226210,141.59194296113677
EK202310128001,131.57535120095923
EK202310150524,173.49255989298592
EK202310128526,159.67619719300512
EK202310126204,131.97360572687035
EK202310117271,146.48193578427927
EK202310176809,135.2240995728721
EK202310169896,168.36406771587528
EK202310241503,129.25915118293213
EK202310159411,148.5413334614611
EK202310168543,184.876714245174
EK202310196558,154.28347906723786
EK202310163150,149.57516523890942
EK202310235581,131.72875235400366
EK202310233161,138.03033792441977
EK202310190473,151.3833066006547
EK202310196173,139.77933595054247
EK202310208613,131.88031289981555
EK202310177724,139.4145958461898
EK202310175056,141.81163993431647
EK202310111228,155.8813431451513
EK202310234828,122.32493537330666
EK202310121915,149.28870342868842
EK202310220373,146.70557209993845
EK202310145989,148.80211484812241
EK202310246664,149.96320695800603
EK202310239676,140.3281066808442
EK202310223963,133.7690119913541
EK202310210083,159.76599500823963
EK202310165601,128.06163134938495
EK202310211271,151.7474182433157
EK202310179038,146.93722802021443
EK202310112961,153.8786989178383
EK202310141004,145.9852602782003
EK202310150784,165.04199444710562
EK202310174865,159.6477532552555
EK202310123688,126.61951805508497
EK202310190962,147.7401863387677
EK202310192255,141.92640917738007
EK202310192265,140.30401278290776
EK202310193019,142.44439325007266
EK202310114602,139.72211540535676
EK202310110286,129.17802406364888
EK202310163569,144.4122057479041
EK202310174927,171.27439741200104
EK202310204027,148.05931157573139
EK202310197637,129.23578777770223
EK202310190376,137.00225185079304
EK202310146945,142.18590001153456
EK202310149841,126.18701174218779
EK202310170965,159.2809308738719
EK202310107183,134.51724451551664
EK202310163517,151.39326948393273
EK202310203286,160.33793044152387
EK202310146022,130.07455528332366
EK202310111432,126.55432514086037
EK202310202147,153.62645238595735
EK202310139521,166.36120470851074
EK202310214439,159.35226292653797
EK202310178903,143.05622716938342
EK202310123729,135.1099192100159
EK202310199058,161.22776201654054
EK202310136770,134.30904288305385
EK202310226727,145.2895471358124
EK202310223073,121.95280198703198
EK202310200813,142.18840015843728
EK202310123891,141.18295302056168
EK202310122410,156.25485513586543
EK202310213591,126.67036281863321
EK202310247671,182.1888824207871
EK202310168753,122.31763546797396
EK202310227492,144.15544077676432
EK202310121230,124.99850414211872
EK202310162300,151.94289189022945
EK202310138673,138.26479914406667
EK202310177419,139.865288197262
EK202310221047,135.00517488609879
EK202310199069,157.83723364430858
EK202310124433,154.03103817080384
EK202310152193,165.57563395726257
EK202310221750,140.12995364117694
EK202310111508,141.1181299693548
EK202310225858,133.04284189259903
EK202310244419,154.4080714998869
EK202310139413,161.5669656263464
EK202310156930,129.1581426350019
EK202310160323,155.20122907289576
EK202310140167,144.3328500236654
EK202310106834,137.4089347105729
EK202310116024,125.85147260793056
EK202310221867,129.72254497337644
EK202310158833,159.45797418032333
EK202310123702,146.91731685513392
EK202310192686,131.98153856573754
EK202310210956,145.41188843171398
EK202310142282,145.15130061328006
EK202310138282,165.69210885208682
EK202310224531,123.92083436704215
EK202310165971,125.85473598343746
EK202310161662,156.51268114354045
EK202310109830,129.75588249818202
EK202310149086,155.52548949410934
EK202310128457,171.10707122577534
EK202310146894,142.8415630117531
EK202310153536,128.28909394470082
EK202310137317,115.54340476900276
EK202310109096,142.52847008257262
EK202310188535,143.43524479021164
EK202310193279,130.44230701826427
EK202310229951,142.58657815974817
EK202310110507,130.40171345416536
EK202310158912,116.96559460803539
EK202310121939,138.08242784632307
EK202310133006,157.9379266741699
EK202310123534,134.63283773916635
EK202310116590,137.06899714407155
EK202310225727,133.23797444543052
EK202310121585,117.05578336474726
EK202310204778,140.90752024480605
EK202310185473,163.32921878590858
EK202310210130,129.86464501397325
EK202310148836,143.26610252413585
EK202310119653,150.08573836294013
EK202310198898,124.85524377247421
EK202310248089,154.37340691594144
EK202310139296,143.47568962552177
EK202310179982,161.03790593941474
EK202310237915,138.349235269656
EK202310158701,142.16159228459193
EK202310200383,141.583384604331
EK202310123263,150.38118596969883
EK202310120640,147.58909135540625
EK202310164686,155.13505979039604
EK202310172560,154.31631486799972
EK202310112120,153.75794258824703
EK202310111450,133.79188473790188
EK202310127176,172.30323259104352
EK202310155228,134.12396253189266
EK202310122785,155.3167663521518
EK202310129726,152.33917351935577
EK202310202138,148.7928352263298
EK202310174059,131.79697120057628
EK202310241322,159.9001915765138
EK202310240201,135.33660260354105
EK202310152861,165.4698940732937
EK202310190128,162.44152912831146
EK202310142222,153.5086903257275
EK202310239282,146.28965957695917
EK202310123815,130.03381517983414
EK202310135342,153.56048310777308
EK202310165056,143.261372193013
EK202310197918,136.17182265809203
EK202310152287,150.99190083722013
EK202310118776,134.71376324952647
EK202310204594,144.7637635039859
EK202310207755,130.60165363013894
EK202310202942,122.44387721449924
EK202310115468,130.53774815007836
EK202310196078,145.3033084936351
EK202310208592,157.77195646874304
EK202310138579,129.85522893372035
EK202310221870,134.42406701938924
EK202310104365,140.16929076482415
EK202310240461,145.23688158570613
EK202310189760,137.34508037307822
EK202310190187,153.7028669185239
EK202310221590,169.2538715014558
EK202310195095,132.3686594353319
EK202310209962,128.45206549765956
EK202310236666,129.27574495403553
EK202310163532,148.07768015061382
EK202310200231,129.90550044632434
EK202310166801,143.6088460405729
EK202310137829,130.0286247078253
EK202310178645,143.03783010467
EK202310132257,119.68543431366615
EK202310116109,135.85781955168332
EK202310170340,138.2681806848195
EK202320005685,147.42462318593914
EK202310110254,124.32227051189038
EK202310142286,137.57897450326251
EK202310113972,139.15066640557566
EK202310173627,161.00937541055487
EK202310161526,159.2074462799426
EK202310199255,139.36908320805827
EK202310127635,135.37672323825322
EK202310230652,142.72383289344438
EK202310162047,160.25439139088374
EK202310187427,150.1546981294145
EK202310183777,162.76776263685497
EK202310209587,140.79505038922937
EK202310206498,133.06497635350766
EK202310212354,133.1159520729133
EK202310124840,131.4799524538795
EK202310120474,142.18895646595644
EK202310145470,130.45828014235008
EK202310193235,136.7716953676133
EK202310173946,141.53339660759437
EK202310139407,128.21072828464153
EK202310172298,130.66932182115931
EK202310172477,167.58642001238695
EK202310136836,122.71477213879348
EK202310153000,141.45049268968683
EK202310227011,142.72278552301543
EK202310116524,132.01968958833322
EK202310182080,149.42514945227035
EK202310172447,155.08012247096843
EK202310202778,134.58928574458935
EK202310173634,133.82701151121387
EK202310233498,161.49764195211168
EK202310147033,150.92746881256815
EK202310229276,128.15438669811854
EK202310149539,151.67616666729896
EK202310169898,169.98552357277998
EK202310140444,137.49248754050308
EK202310148794,137.7421612147052
EK202310168225,143.97624029593013
EK202310122509,137.76615404618985
EK202310200433,151.32173927445086
EK202310147275,144.34990776586696
EK202310173524,145.07314802998673
EK202310172383,138.50716444673984
EK202310162443,152.11606564979485
EK202310136680,159.2375804752377
EK202310145392,94.84469524726694
EK202310128822,152.1635880360829
EK202310178947,126.1304614710302
EK202310161017,143.1216371775719
EK202310117154,150.29244328143787
EK202310191847,145.45432133685722
EK202310235861,139.14247970356385
EK202310144219,127.62523087192272
EK202310163279,151.45565842087348
EK202310123158,118.33261483424059
EK202310130523,163.0462779322239
EK202310149646,139.84248082215365
EK202310135587,139.36664199375682
EK202310206712,178.4772002616668
EK202310114144,156.96193607339657
EK202310143984,127.95206127002886
EK202310247715,138.3022604901303
EK202310166729,146.25776561971406
EK202310166588,172.5156941768496
EK202310104103,150.52718050759734
EK202310180245,163.77306954843488
EK202310147372,156.5251902562871
EK202310153045,139.12464104730176
EK202310218342,116.51955409237455
EK202310178452,137.9211927879431
EK202310215610,149.69927088796177
EK202310125820,151.99817339262717
EK202310145000,148.2473490052255
EK202310123565,138.36337871363986
EK202310119232,142.80596317674306
EK202310121655,121.87791965470183
EK202310220009,138.90359523613074
EK202310108478,162.72971248188423
EK202320006810,162.828833874528
EK202310164302,111.1412530351114
EK202310127527,142.30180197894677
EK202310158421,142.60913325251087
EK202310130473,121.10376936189371
EK202310191209,147.82189962505456
EK202310151031,134.70190893345793
EK202310242418,131.10151306805588
EK202310117038,142.35591865420432
EK202310169468,163.66589710960312
EK202310155518,131.3835793745803
EK202310160439,131.48810740391067
EK202310137675,147.7215024945641
EK202310129243,146.75342535976148
EK202310161476,167.84247253256217
EK202310117393,132.87102033730375
EK202310183468,136.85081496434853
EK202310136137,137.34674493617894
EK202310186954,168.861466848186
EK202310149506,156.8712625237779
EK202310138751,164.4006049378906
EK202310210563,147.4208443158815
EK202310153823,160.17625216684579
EK202310109991,139.08871870872065
EK202310163957,158.5765035944899
EK202310213655,129.04628782179594
EK202310200962,174.85908794076343
EK202310161409,173.5732880677055
EK202310153656,151.91439772410317
EK202310135461,123.41785012979663
EK202310192428,145.43373130478227
EK202310125512,146.01988846464823
EK202310217273,154.6116764239971
EK202310154096,164.53538523503616
EK202310230788,121.50222693972239
EK202310178884,119.12085002547444
EK202310172461,167.9338334968293
EK202320007592,144.12814945148372
EK202310199895,138.37289208465032
EK202310239443,136.34676570288312
EK202310123294,124.61373097870488
EK202310177951,146.1597237257073
EK202310203901,164.03329222451424
EK202310133270,145.9202474157779
EK202310150003,145.31805041565673
EK202310173535,146.22580192180502
EK202310177996,144.79650269951583
EK202310177998,141.31820033115596
EK202310105111,135.26071430878042
EK202310132782,139.87056454625642
EK202310147465,147.3869003900961
EK202310189373,146.76901999265397
EK202310212915,155.96115876212556
EK202310192950,140.09185140760565
EK202310116860,145.2402758502604
EK202310219235,127.98591161622852
EK202310159602,164.01140563845115
EK202310004247,138.13041248646843
EK202310108971,149.80688739887887
EK202310188852,149.8542100812585
EK202310139403,146.27633355211876
EK202310234630,143.08911101464273
EK202310003419,129.8703202642662
EK202310240718,139.23397505734826
EK202310139149,160.55733084309085
EK202310191432,148.41510415328037
EK202310150654,188.33223394980206
EK202310106818,133.4915085687872
EK202310238168,133.2836618482867
EK202310164496,141.21737060317417
EK202310187495,158.59069223824795
EK202310103974,144.35511173794
EK202310109251,157.2575073607614
EK202310120857,124.52140275077653
EK202310170330,147.31204275751702
EK202310173297,152.26458809700875
EK202310140255,144.34341794357098
EK202310139229,134.125670925378
EK202310174339,151.5938402947785
EK202310241642,147.99349545223413
EK202310124888,145.4822362207656
EK202310182131,147.69418699504666
EK202310204239,134.54214895108007
EK202310168111,142.4059620438712
EK202310121789,138.82676009673563
EK202310140719,125.87195183847119
EK202310192995,143.29904785712648
EK202310117846,125.30524508150623
EK202310116879,139.75833802051685
EK202310146348,131.89911238858167
EK202310161368,162.91026182059358
EK202310176187,165.29789509852
EK202310003798,120.19045506816364
EK202310147169,148.61712983785148
EK202310130622,136.4401918830995
EK202310246544,177.82859905610513
EK202310153051,143.37014173749156
EK202310185995,149.09177697968408
EK202310110814,150.14404182077755
EK202310151121,136.66443713546488
EK202310219095,127.87051055463377
EK202310110404,112.52292941167795
EK202310144409,141.0742409841584
EK202310187391,137.9750932258794
EK202310149764,150.25612642790418
EK202310201310,152.2505741388589
EK202310236862,132.45293273035415
EK202310137394,139.05646382622865
EK202310141967,143.01488691505568
EK202310116050,124.64164450753923
EK202310207103,131.67971123117297
EK202310004907,141.51146299045553
EK202310151090,142.13272264658477
EK202310172058,164.07468726459916
EK202310115937,129.02710648534196
EK202310200500,135.36807480893532
EK202310197265,145.98607929732307
EK202310156808,150.83395229294428
EK202310210778,150.13282471194495
EK202310178848,128.31815791411296
EK202310189222,154.09034872574148
EK202310245286,146.41887668489
EK202310201625,139.18579241404015
EK202310245649,139.41414323606875
EK202310149643,136.71705031871727
EK202310136510,149.09575418586837
EK202310122753,133.08537937890134
EK202310246817,142.34258345253843
EK202310210226,137.98068825535094
EK202310172695,138.76406804688463
EK202310170665,169.8388136722645
EK202310142911,145.88794269947795
EK202310169874,147.77602577527128
EK202310198233,168.31307081202758
EK202310207245,128.81033023877484
EK202310123010,147.1354975520862
EK202310237178,132.6837107210603
EK202310199794,138.70105533426906
EK202310150744,137.58134128175695
EK202310230791,122.88350699158826
EK202310219009,134.39187898398072
EK202310156827,150.31229868891973
EK202310128134,150.75797366450408
EK202310106985,137.22545031172066
EK202310169339,183.63506372079658
EK202310235910,138.96541585104725
EK202310234586,143.51732072483213
EK202310225660,130.04588005219586
EK202310004833,140.1466211406724
EK202310197506,150.35631255660417
EK202310165175,154.62511229826993
EK202310133623,150.7454132849929
EK202310188944,131.54190072367737
EK202310195388,152.26443175886962
EK202310136775,150.81021214409034
EK202310123115,126.29544930949656
EK202310236860,142.57696934960708
EK202310144494,129.7756365624588
EK202310229026,139.8449485165129
EK202310135882,140.8133018181128
EK202310212362,142.60873774514602
EK202310159458,143.46814967237768
EK202310208432,141.87991566037996
EK202310157240,122.75370380619626
EK202310209343,160.96931868357728
EK202310214206,160.55993912830155
EK202310178372,154.3780930346901
EK202310243735,132.21764786656735
EK202310148264,139.33117625917788
EK202310137796,143.54784119215148
EK202310124924,156.81589517417459
EK202310236432,135.9534606980435
EK202310175676,148.32181065024767
EK202310235955,145.60094828168266
EK202310198947,142.6714823183188
EK202310134055,139.1078686180681
EK202310174001,147.24167006017353
EK202310115167,135.56065093102583
EK202310127593,142.60990010932682
EK202310158302,143.86094271088183
EK202310212755,158.25602495536072
EK202310240947,129.20487451465038
EK202310149996,117.31694571544874
EK202310150238,118.00235581578826
EK202310235315,156.13990750260066
EK202310112303,132.55316647624346
EK202310162832,181.7192394551966
EK202310168734,155.0598570404586
EK202310144612,124.57563628566032
EK202310141463,152.70808087582898
EK202310186157,152.05932350059254
EK202310196629,158.26982995934904
EK202310177781,136.35878793949703
EK202310214576,152.21217629746945
EK202310213457,130.6497806156494
EK202310109319,131.09434933105132
EK202310140409,173.32382767786356
EK202310159595,137.46647330346542
EK202310221635,129.42272183469484
EK202310156425,144.93237716916113
EK202310151139,127.64350588351026
EK202310122849,142.07189553499094
EK202310149074,134.69530765126783
EK202310242259,141.425220955436
EK202310164229,165.7365291844809
EK202310193843,161.1704911723861
EK202310206163,145.88981452081094
EK202310226035,132.2318160040326
EK202310152221,154.357117391649
EK202310105803,138.43012369413813
EK202310226363,142.82410584024598
EK202310154688,157.83458879171354
EK202310176650,126.82548939833985
EK202310145747,126.66141347314509
EK202310211584,132.0376149619077
EK202310220442,141.39936381610767
EK202310205364,137.73122580175308
EK202310247943,137.89468956717658
EK202310211494,135.67751890488825
EK202310223193,137.19205338299645
EK202310192188,170.78643948225042
EK202310182827,141.90798854149185
EK202310232562,150.86515357478993
EK202310133290,137.1546894766468
EK202310158696,144.13512294731507
EK202310217289,132.08987857840498
EK202310160255,161.18908627120192
EK202310153931,136.68884254714362
EK202310152474,133.8110911963613
EK202310202098,156.1199346070636
EK202310222372,167.22356143210732
EK202310122551,144.53806222884396
EK202310189977,159.05844091939744
EK202310235124,144.43956112390558
EK202310230811,148.71061672215433
EK202310139101,151.61003145544265
EK202310172491,139.40487269065906
EK202310217910,128.13464911551273
EK202310111343,131.40680027710187
EK202310003655,134.95629172685491
EK202310143114,135.9442063421468
EK202310199189,122.59007123950673
EK202310216615,137.86364228989618
EK202310191841,143.5225931578114
EK202310125751,120.36597759021873
EK202310138803,165.9277810356998
EK202310164581,140.425687508808
EK202310208664,148.8140261471696
EK202310110520,132.61574040201293
EK202310121702,154.87955333604793
EK202310217544,134.86379428334106
EK202310230128,144.16122153713167
EK202310143116,148.43658455909903
EK202310240904,123.87824157688101
EK202310119417,152.604474008269
EK202310140166,139.52456473210373
EK202310173685,151.03662516894664
EK202310183555,144.0525507179874
EK202310184119,147.4320019672477
EK202310107937,143.49986343947245
EK202310212966,131.226765092389
EK202310161552,148.2845523875875
EK202310176844,137.32688825273465
EK202310106215,132.07295691203743
EK202310114075,150.485803571985
EK202310130063,167.91590301481943
EK202310205703,130.2769455108675
EK202310197515,149.08711367317832
EK202310211815,123.83369184423584
EK202310201003,148.4296211405741
EK202310230991,124.19830684657583
EK202310117518,154.8641810343445
EK202310197246,170.76162214348426
EK202310172663,138.28384074560876
EK202310139483,154.9585989457231
EK202310129316,172.73725724608545
EK202310152009,146.5641948047896
EK202310202611,140.23361430424163
EK202310226354,138.95073636060457
EK202310117193,145.44498844291894
EK202310118713,140.4775668819957
EK202310172411,163.11233270381837
EK202310219644,139.93959391807604
EK202310213531,135.89283241014698
EK202310242803,126.17396109467826
EK202310152661,153.91448152019692
EK202310152241,142.34721532507822
EK202310229787,143.19054905407933
EK202310242437,121.45095119058593
EK202310108706,156.87240952546722
EK202310185541,149.78396903046365
EK202310164254,157.76256231715098
EK202310169434,130.3574005558227
EK202310140161,126.68884497558676
EK202310140926,157.11106285594207
EK202310144378,147.36180279733313
EK202310207675,125.55589445484729
EK202310176041,101.13593733525076
EK202310179507,147.106927298558
EK202310217262,131.8600841330553
EK202310212384,137.47958947485523
EK202310236809,138.23318694657672
EK202310210937,124.62723748880035
EK202310146509,140.17234774623685
EK202310208359,140.89288833051984
EK202310196964,183.32863943207042
EK202310121297,134.11550680225474
EK202310125054,134.83106295344305
EK202310150801,137.9943472024793
EK202310124068,145.44515685718258
EK202310217152,151.1671554290772
EK202310213127,137.94136992329396
EK202310138002,135.22956606287448
EK202310137999,135.43801942605344
EK202310120368,136.3931896894354
EK202310139442,131.22159956067898
EK202310130726,131.4054728343639
EK202310227013,133.47233329363922
EK202310120427,133.46335234598328
EK202310178312,150.63247512412497
EK202310174421,145.64467387957478
EK202310152720,156.79988466081653
EK202310244641,144.2814988277802
EK202310207759,136.94890224483788
EK202310150664,149.00352696939828
EK202310130175,154.0670383994431
EK202310218396,144.54170908985196
EK202310200848,143.52544089016374
EK202310169858,145.05688329731493
EK202310167529,145.7253364034418
EK202310105681,132.9664272642507
EK202310120146,134.53641136499863
EK202310119589,161.67810410650904
EK202310116721,140.57862760027774
EK202310167292,145.80212563818756
EK202310184949,152.35651874289005
EK202310114495,142.14360622898994
EK202310196817,138.38089278537976
EK202310247795,125.80865143753265
EK202310182295,148.9254900880989
EK202310104403,140.49711919761165
EK202310145319,135.53687650544765
EK202310180791,157.9894489486032
EK202320006323,151.86278829765942
EK202310240533,147.84323014195945
EK202310127909,140.2011714973279
EK202310127901,144.04155627963036
EK202310152050,132.9294495581617
EK202310129455,131.83177766303976
EK202310109106,146.3848004007259
EK202310131756,144.21522380843828
EK202310237136,136.88446622972862
EK202310120314,152.03412059628573
EK202310148251,161.19516619320018
EK202310138226,143.32403959856407
EK202310109018,155.57989527528247
EK202310208749,152.36235064549095
EK202310003722,147.5273286231797
EK202310231839,139.16549475640625
EK202310221232,130.46475367698127
EK202310216059,121.00518757071785
EK202310225575,148.14235710817192
EK202310106813,145.04183823899768
EK202310165461,139.9000658936144
EK202310233667,149.8116265847992
EK202310155049,134.6740013470683
EK202310114377,152.8645794229189
EK202310231905,138.4669393310101
EK202310205554,151.44679806965047
EK202310158652,121.1627910776653
EK202310178116,133.32242625995698
EK202310206509,157.54937513777827
EK202310203355,162.67021829490724
EK202310242205,156.416750083301
EK202310133154,132.56461475224853
EK202310227076,144.4199596122049
EK202310138977,144.21439102799388
EK202310227762,119.9060714799107
EK202310176853,130.33476191869354
EK202310162306,149.53698616057605
EK202310210652,141.30468973044833
EK202310231471,123.27345372521889
EK202310198811,147.38939498410073
EK202310194755,148.54454507250705
EK202310213637,140.41129871094697
EK202310216935,166.14755989295864
EK202310148553,163.34606264986746
EK202310118079,132.34875138500533
EK202320006148,174.2131189413821
EK202310169315,138.97065589967843
EK202310215478,140.97085360743
EK202310193163,183.01607985640754
EK202310166480,160.57183627934214
EK202310121860,135.36126733623615
EK202310229325,138.82385370888701
EK202310178140,140.22900358974232
EK202310217881,146.65423378321282
EK202310172603,146.48254162039234
EK202310172232,135.89988681132309
EK202310215413,164.25632946987244
EK202310200194,147.10473706804441
EK202310212870,123.22620687507714
EK202310152587,148.88961555349303
EK202310138105,129.8627635536194
EK202310184620,149.87036206251327
EK202310120222,146.22859177758323
EK202310181510,145.08779135379962
EK202310209297,144.21165093408902
EK202310114316,137.21661631170093
EK202310122992,145.54508228911246
EK202310169594,125.89681251876026
EK202310130080,124.29068505085198
EK202310133522,140.62947892577992
EK202310248335,140.0409900059936
EK202310146609,138.9556178321603
EK202310125379,134.9305291820401
EK202310138254,151.49121268487042
EK202310148644,151.72140315166533
EK202310142229,149.60710069747688
EK202310179390,173.35112458887204
EK202310122502,130.15216234750847
EK202310132067,158.0795104455758
EK202310139033,126.36811853309675
EK202310174868,159.2319214080125
EK202310135426,143.4004660163785
EK202310159611,135.66668340321962
EK202310201750,158.91980442565648
EK202310182771,140.23037135277593
EK202310168375,133.98005649108902
EK202310238925,145.128466546686
EK202310220283,126.80090330575133
EK202310141586,148.9437150188558
EK202310121160,139.40682094597986
EK202310231913,142.67653115491515
EK202310180283,131.214128814236
EK202310131842,166.28563598997192
EK202310188406,139.28894800811042
EK202310154032,159.6787435016991
EK202310108823,173.75175893296466
EK202310120117,134.28839948494652
EK202310247965,171.46311129815055
EK202310229128,155.40863689981535
EK202310150441,136.49738797482166
EK202310211128,133.77063701734545
EK202310185601,133.84012774702921
EK202310160008,146.68356911454524
EK202310229066,144.31959815067137
EK202310180392,128.42277341911446
EK202310119754,147.8144897716131
EK202310156284,138.9058275025967
EK202310202853,175.03528740292884
EK202310122376,169.57112542807556
EK202310233034,150.05639733193019
EK202310201718,137.9603685281373
EK202310195404,138.4389577818018
EK202320006623,167.62214122510585
EK202310172346,123.83759522178612
EK202310220369,147.45217804567872
EK202310133576,149.6749343233795
EK202310203386,165.43134296114772
EK202310125524,136.062925024271
EK202310183338,126.17500376367857
EK202310199400,153.8189065874832
EK202310232929,116.58800018406752
EK202310144777,137.32295708384214
EK202310206148,131.3291993305781
EK202310163892,134.30524159374806
EK202310226194,135.01040750185808
EK202310229083,125.24703548880399
EK202310242355,158.18392786771085
EK202310153019,134.14661682166167
EK202310133725,154.22734994345657
EK202310237397,132.71105456335357
EK202310108761,140.74190630110724
EK202310202125,133.27541751015627
EK202310223149,144.22208741139076
EK202310211064,143.3429497739913
EK202310206726,171.21888102219748
EK202310239457,130.03794854008927
EK202310131359,131.08306297138336
EK202310225966,163.76223501873542
EK202310162670,146.9852909148451
EK202310112377,151.51617903651479
EK202310161138,113.931023884921
EK202310143575,119.0894997666784
EK202310140582,132.39928376165312
EK202310106691,139.00083094456858
EK202310106388,134.27442434420442
EK202310132651,124.13074540484216
EK202310235986,150.30767257806707
EK202310116284,150.83191429862705
EK202310243775,160.2691102029027
EK202310129332,141.1817980766136
EK202310004513,126.77688289338978
EK202310148366,126.67563260341136
EK202310127277,145.11445908200602
EK202310197024,138.22071216646586
EK202310132043,124.9603360594148
EK202310109603,133.51956730119463
EK202310119816,154.3740483530978
EK202310183299,154.05274653830696
EK202310157782,135.58115003073544
EK202310240073,154.26379771107176
EK202310124263,140.55721136489075
EK202310118878,136.09977503517152
EK202310159933,125.81255530483517
EK202310235851,142.0894597841339
EK202310199705,161.2215609298396
EK202310121857,143.60510214976625
EK202310135337,163.12111315326388
EK202310116218,145.8034168829886
EK202310247152,140.15876269178614
EK202310213364,170.57818961607467
EK202310117331,143.93129193825834
EK202310220060,148.47641908157325
EK202310113433,155.38185614125914
EK202310200316,141.59117332492113
EK202310204117,140.25946041533737
EK202310142962,161.40768585677466
EK202310149474,149.22059929173628
EK202310156319,146.009244544171
EK202310111297,137.11196026926268
EK202310149401,153.63715353685717
EK202310141738,147.91138967865896
EK202310219293,129.22277810350286
EK202310228805,138.07677580945062
EK202310232975,98.75457906813074
EK202310238431,148.5467933307754
EK202310191477,153.20973892223003
EK202310107521,165.37477740681135
EK202310126862,151.21850736598134
EK202310116842,150.14399855078818
EK202310220332,146.6000346914504
EK202310191222,130.02592521343797
EK202310142584,151.59902283100786
EK202310181821,136.5846451249315
EK202310193376,135.69528873182847
EK202310220744,133.1656806500968
EK202310146397,126.37074713568873
EK202310168910,129.7112298262316
EK202310230593,140.3993644335249
EK202310228617,135.79510819604795
EK202310155826,138.35035908547655
EK202310211936,154.9954285665432
EK202310210374,143.054338991319
EK202310143369,120.93710351142602
EK202310226681,148.25324898668873
EK202310222110,138.44103391311313
EK202310237461,148.29434986607836
EK202310004906,109.39074874222773
EK202310242700,148.56282394485106
EK202310205947,130.52478802163517
EK202310178378,148.48031148280506
EK202310165711,169.67373633751527
EK202310169499,135.10286631868632
EK202310146580,143.15856035551786
EK202310213522,129.6467824058974
EK202310236119,164.01625799309917
EK202310223991,134.72791751383372
EK202310121767,142.31174250098942
EK202310188210,133.2027487587877
EK202310160523,133.7286174356787
EK202310109762,157.41043648203345
EK202310171055,139.07443590430387
EK202320006726,144.8228468598557
EK202310210705,126.12933381071763
EK202310152215,145.38179900681214
EK202310125726,144.53411218803572
EK202310172100,145.70187981274398
EK202310003880,141.7718550174718
EK202310128330,140.9200078996687
EK202310112999,141.93516439297278
EK202310201791,167.49565450282168
EK202310124897,137.5050506149749
EK202310218886,161.02969049198148
EK202310166286,152.85235018957542
EK202310214269,141.06113389768538
EK202310131160,157.1238081712234
EK202310189137,127.47786359926528
EK202310118145,129.69651464228247
EK202310182255,131.55531322367895
EK202310177007,149.93775926138252
EK202310205755,130.54054820735195
EK202310135629,130.45683174434865
EK202310232047,132.03909547701954
EK202310171967,146.32922433923207
EK202310184827,180.69025502999745
EK202310131897,165.08332629294114
EK202310152600,162.70916239567188
EK202310184315,167.3082072848702
EK202310106757,143.8967785830763
EK202310145774,141.00748975490134
EK202310134477,146.773612972743
EK202310221434,141.20561861098258
EK202310183603,142.31939755432518
EK202310191157,121.33453824140686
EK202310182657,135.37043856220927
EK202310174889,161.53025098618804
EK202310118138,135.96718338588877
EK202310157349,140.62749758712286
EK202310143539,145.10772782858024
EK202310106752,138.85665667660953
EK202310163158,158.49485874279793
EK202310132302,137.94180856517602
EK202310198764,175.79012654809168
EK202310237390,132.97151256461305
EK202320006875,173.80729233100158
EK202310144420,130.5812618720597
EK202310238324,140.23949979223934
EK202310199756,154.88206202173043
EK202310226741,131.10872331935335
EK202310207205,167.31732701769732
EK202310180418,125.35945048424577
EK202310110312,126.0499509512144
EK202310119768,148.68030217980788
EK202310225430,152.52331145782952
EK202310217204,144.90409708410567
EK202320005824,153.27360300390112
EK202310199269,141.65848756112553
EK202310199501,133.0739960746881
EK202310158676,166.72790128840705
EK202310224293,142.69898382036092
EK202310232892,144.72726459205288
EK202310225252,161.92306215914792
EK202310113567,146.1085575791013
EK202310224840,127.37514036847841
EK202310109292,134.36451996894604
EK202310226200,137.37914055608974
EK202310239680,130.50099762143537
EK202310173548,158.7570856681639
EK202310235032,142.62504548504046
EK202310153501,128.96424594385414
EK202310124943,145.70633724633845
EK202310164539,141.44817476218788
EK202310230792,122.07376426628609
EK202310218099,131.46872478565965
EK202310229998,137.49246190247138
EK202310157394,144.5443678789965
EK202310226677,134.32744972276964
EK202310165785,125.7809989577825
EK202310148800,154.14904859381014
EK202310140528,164.7144597057207
EK202310110007,141.37172881021536
EK202310218212,136.43903482743482
EK202310237319,128.76342920469713
EK202310113425,124.29996713464894
EK202310193343,143.4216658657694
EK202310111647,143.60920444615488
EK202310219959,137.07156098539102
EK202310171010,163.7244374034667
EK202310113418,129.37023963336685
EK202310220109,138.51471389931302
EK202310231986,139.8099630464117
EK202310163423,132.4644164926089
EK202310155174,125.12438873099312
EK202310184525,149.87204699546976
EK202310229347,145.9075689633912
EK202310142923,143.98351711599423
EK202310210269,119.6369719384141
EK202310196636,133.4786432054849
EK202310158355,132.5938537582099
EK202310150025,177.36906319716817
EK202310208520,159.8074445482389
EK202310144006,142.51097632665557
EK202310142308,135.17983470431858
EK202310205760,151.93589949742318
EK202310237299,120.52568979396423
EK202310163552,147.46402766632448
EK202310221189,136.47258098804875
EK202310129583,154.93436901862594
EK202320007854,143.47848726806484
EK202310177946,146.52465216183674
EK202310184968,156.48524186420238
EK202310146300,147.23059079569154
EK202310104019,124.74199362011514
EK202310197813,141.00528169198935
EK202310175869,137.9198141277788
EK202310179266,142.09327547893588
EK202310167362,143.03031336833575
EK202310104210,133.608931682368
EK202310202549,156.3229547056303
EK202310191743,148.02706502194007
EK202310166413,140.20552345070217
EK202310203749,132.54911675015242
EK202310165306,145.50419497446387
EK202310216846,142.62714559629683
EK202310198888,135.21863901901702
EK202310229697,128.88783252059588
EK202310105578,150.47630501177645
EK202310214588,172.10207761028397
EK202310201136,179.85757318036224
EK202310228123,154.43140174529847
EK202310110127,141.76019382564675
EK202310247206,157.11647191258012
EK202310121901,145.2750205788687
EK202310166880,159.76818205513666
EK202310118097,133.55781502632306
EK202310142606,145.40128732464996
EK202310181131,138.87803067914672
EK202310211240,130.04954206735312
EK202310240803,152.44009904559542
EK202310188331,144.5759167607578
EK202310190398,140.8397679236862
EK202310192965,148.04123783087667
EK202310238010,144.551760834736
EK202310184509,163.49823041242576
EK202310156014,132.0972268249918
EK202310175583,164.62857450989802
EK202310155000,134.9093711894473
EK202310243443,150.48654277313943
EK202310218044,137.15151897071985
EK202310170653,161.93681646984362
EK202310182360,156.16148807607595
EK202310170068,113.18069687822366
EK202310217301,139.86382195260236
EK202310227388,134.92766327795096
EK202310168221,149.60517634540793
EK202310182297,134.2259797716004
EK202310222399,128.03772968505518
EK202310231989,134.68830966822128
EK202310170400,116.44192611190995
EK202310192873,143.62697991534648
EK202310227069,119.54766062539139
EK202310167053,115.25946000187756
EK202310127994,151.9435181277578
EK202310158796,171.79157676143825
EK202310185789,145.42804070831252
EK202310111478,140.77846876282433
EK202310175233,171.4827657633917
EK202310129973,132.92520756662174
EK202310172495,137.7518007024161
EK202310107866,148.67806006882813
EK202310124298,125.90009756551888
EK202310225001,129.34776776969477
EK202310124145,122.51572592988715
EK202310127463,137.34212279840213
EK202310136106,175.1197227225705
EK202310105453,135.11751048729226
EK202310175015,148.81671312840987
EK202310230922,147.62317790058933
EK202310238898,175.4643195208742
EK202310208522,152.40806207393823
EK202310178681,157.91311094410364
EK202310141116,148.85051861816098
EK202310004001,155.1168098774328
EK202310191798,127.06181409521237
EK202310201918,148.472037215085
EK202310108606,147.31976806165244
EK202310220064,126.03637113111934
EK202310120614,121.76170953588276
EK202310131340,125.74804393709896
EK202310151419,174.95937955668444
EK202310221165,132.720349924581
EK202310192641,143.24394257398234
EK202310191435,139.2099738028205
EK202310232224,138.13975272120047
EK202310224387,117.66490698360774
EK202310145906,140.32392918884796
EK202310230764,141.8200922248992
EK202310236583,138.7541659942839
EK202310157601,121.81584255143673
EK202310166668,155.57107870868526
EK202310244790,147.0062151565132
EK202310127133,146.8644207729074
EK202310004413,170.4346878004418
EK202310238475,133.02035279875065
EK202310136559,126.41212380817558
EK202310152026,146.8880570355739
EK202310180741,123.4545249550768
EK202310221752,144.63543539606417
EK202310228294,127.27771084003865
EK202310231601,134.43309481459255
EK202310238106,138.73107058961102
EK202310175909,150.81214932112232
EK202310165153,127.61950663155316
EK202310105565,144.55552915210973
EK202310185347,161.51446685317268
EK202310184004,179.34054126090024
EK202310183138,137.70019184459878
EK202310113152,135.39437903679982
EK202310199569,158.62985356947343
EK202310151037,146.46934543973958
EK202310106219,126.5116472080889
EK202310106185,137.01430720205855
EK202310164530,150.82239979521387
EK202310166239,148.66027866443852
EK202310108760,155.11254569528796
EK202310108861,142.37397176681753
EK202310177413,172.31298433164653
EK202310211129,125.22270585144729
EK202310229184,144.84319827201656
EK202310209428,151.7739502924183
EK202310228583,142.41867206433636
EK202310120692,163.5244857299454
EK202310137642,134.28669713634713
EK202310245435,145.171187276325
EK202310159599,142.9050102296472
EK202310148010,154.97930176426277
EK202310129728,149.59392689072706
EK202310114201,158.161585329969
EK202310207474,169.02141607043404
EK202310158602,175.07498402397658
EK202310197691,155.79575283384077
EK202310235040,156.1001425071631
EK202310129119,147.44026690798148
EK202310142174,143.03152869669984
EK202310191253,134.01512023884754
EK202310241141,147.75291883172994
EK202310144017,139.97205207566898
EK202310182852,145.31778370895594
EK202310243301,141.36319642369273
EK202310176307,158.88430199945302
EK202310209283,141.08366102980102
EK202310216003,134.12962506902312
EK202310246200,143.33141398321328
EK202310173196,128.63265270934264
EK202310122833,132.54000930630983
EK202310118540,138.30509053208888
EK202310168622,169.10253324170083
EK202310174271,137.34783258646516
EK202310201560,157.48513381141805
EK202310113325,114.3497436494512
EK202310172664,132.678450015345
EK202310192162,164.91495969509174
EK202310134544,132.8484792066057
EK202310222337,150.82551989998012
EK202310199226,139.98477773305794
EK202310214101,166.2808548340066
EK202310188611,156.242651695617
EK202310220799,129.798302460616
EK202310184861,140.76812295271412
EK202310106782,140.6007707418775
EK202310232084,138.3885512471307
EK202310178435,152.36156433614937
EK202310165952,149.40480380551537
EK202310141382,144.5345129392774
EK202310163439,158.43843637578868
EK202310205428,130.4528512897886
EK202310178086,134.72175101684994
EK202310004022,165.25115877129963
EK202310114303,143.41770660526214
EK202310104436,136.00829458978026
EK202310240015,156.83152134118953
EK202310202741,162.31145340339972
EK202310226747,140.48502182905568
EK202310148639,146.81065251548813
EK202310117683,134.53953365535588
EK202310232945,119.74096283870917
EK202310220108,157.54980933023813
EK202310172683,150.61121667103592
EK202310104609,113.94087248471074
EK202310182165,135.48755839981865
EK202310112029,135.09264199881366
EK202310157969,154.2721079406523
EK202310120703,120.38150528527504
EK202310191410,124.39574341023344
EK202310156166,136.300705050513
EK202310248074,148.80299736036983
EK202310175176,121.59139035790932
EK202310194239,139.05638617704818
EK202310162582,142.09553317702802
EK202310218787,127.17453426038341
EK202310228638,122.68112881306175
EK202310139489,170.9438443070385
EK202310210571,132.41474476773237
EK202310143902,126.35340178928472
EK202310198163,152.28031898627842
EK202310166041,170.2236089202571
EK202310242789,151.5059542873879
EK202310202040,161.11055972107158
EK202310194102,149.22017233753093
EK202310210845,138.5043728899247
EK202310193409,171.40917419827616
EK202310241561,151.2956774856871
EK202310129327,140.34279131293198
EK202310145599,167.17157343249207
EK202310155246,153.5947808887967
EK202310204706,131.07754785270475
EK202310218784,153.789276115988
EK202310243990,160.2264144831746
EK202310137899,131.92306234267437
EK202310175650,117.83736413401977
EK202310234991,138.06660877628906
EK202310221501,130.67083190353637
EK202310117760,125.29237035670569
EK202310209924,130.68536860493583
EK202310158508,132.66041034575608
EK202310188607,146.0558706371184
EK202310176707,154.74552881000068
EK202310241804,162.48094594682564
EK202310130229,149.1925021415353
EK202310196748,142.46906790167847
EK202310226961,116.2316188460916
EK202310126275,128.78315796250305
EK202310182346,172.55026386021274
EK202310215287,147.72223309925874
EK202310186469,189.86165798401902
EK202310147351,146.4305755612655
EK202310227063,147.0278382355565
EK202310239630,131.59416053781447
EK202310202315,135.96328758230985
EK202310151573,141.09764657560362
EK202310229182,132.2454979531557
EK202310197801,145.19465641615105
EK202310247336,170.2982677130093
EK202310183064,132.80946866020855
EK202310200957,158.83076670773167
EK202310112953,140.41100159364444
EK202310185221,152.67682465523956
EK202310176129,160.57866947079043
EK202310171777,135.9263401706677
EK202310186071,135.07517285207751
EK202310206123,135.3534266309697
EK202310217431,152.70139449886216
EK202310171470,94.72461156998791
EK202310246028,141.6851454563183
EK202310145970,145.84008035180037
EK202310234938,125.8958765170839
EK202310156116,131.94475596995574
EK202310116714,143.47378462183892
EK202310212797,143.7972837194254
EK202310138938,151.07329555512348
EK202310148128,138.10229667895237
EK202310175673,131.52334442346222
EK202310238664,147.90368529003186
EK202310190836,149.97833717777718
EK202310196156,142.55995561526746
EK202310132459,137.37622076527506
EK202310159062,135.80194800445858
EK202310147832,145.65801264496858
EK202310116029,132.9093321257273
EK202310203822,142.2832973362767
EK202310223388,143.88928713689705
EK202310208656,138.46432510024275
EK202310003650,118.03428092003065
EK202310163159,136.0520289537681
EK202310188703,151.18120676840792
EK202310144864,137.5122740963234
EK202310156884,148.32550618015728
EK202310216506,143.18781605416092
EK202310220197,128.60671366720968
EK202310234667,136.66473490762007
EK202310203255,146.91683750751778
EK202310105960,130.39630931201194
EK202310115804,135.05160628126
EK202310246112,144.20292029136257
EK202310168025,149.86874078757154
EK202310178472,137.2309974021027
EK202310181975,131.40414296427608
EK202310132905,145.2504344563496
EK202310113841,135.53485979330654
EK202320007828,170.70704021980671
EK202310192867,138.6065026497819
EK202310109054,131.55869594814993
EK202310236216,151.65966173167308
EK202310170777,138.58962973109703
EK202310166144,132.59834288204775
EK202310201844,122.81559318249464
EK202310123470,119.12100056948921
EK202310224526,124.15832354941347
EK202310151158,133.5047924250204
EK202310184295,159.5288723847675
EK202310124272,139.0476208951024
EK202310162944,157.60356136251238
EK202310224817,129.63108795680938
EK202310172859,149.81381492283646
EK202310137191,117.90026683808144
EK202310140281,164.5297475380768
EK202310114907,146.2854576941201
EK202310122165,135.831720775846
EK202310215454,142.9163267128878
EK202310243142,126.22389929745925
EK202310164187,140.90242925550652
EK202310225253,132.34294087270197
EK202310174458,169.58274109658868
EK202310176969,158.77044409081424
EK202310219479,121.75974897021621
EK202310119494,128.3580418232825
EK202310123405,145.81342941731543
EK202310231534,110.33704918614167
EK202310222489,138.77810409515405
EK202310111149,162.0074633905044
EK202310184714,134.55813431605614
EK202310196844,151.29988942226782
EK202310232521,131.74736144932135
EK202310184622,185.1621281455917
EK202310118852,135.97406799895327
EK202310168516,158.19314395408185
EK202310178071,143.9673083407617
EK202310149839,143.64243742229667
EK202310184305,172.6308160025228
EK202310222961,132.0595622379707
EK202310197108,137.1411170964766
EK202310244680,130.79473152523784
EK202310164685,159.76901479889864
EK202310153568,153.6052473008651
EK202310204533,149.26186908483766
EK202310243304,143.96637306965684
EK202310122606,146.57415162978572
EK202310107843,139.65192619342452
EK202310195481,133.60470581945626
EK202310195622,133.11429684958867
EK202310185200,141.4918216787127
EK202310127597,140.60124505672178
EK202310145627,128.64846206253344
EK202310157400,134.2565402478461
EK202310226857,147.76204831468118
EK202310127964,139.42614334766284
EK202310179573,154.49102828575383
EK202310212013,139.66632542398634
EK202310226545,139.79259415512436
EK202310166825,119.84483056270327
EK202310163867,178.21694484085782
EK202310196745,139.31367145730908
EK202310109208,141.2478263943685
EK202310205143,144.7189595882969
EK202310136525,147.88455449254278
EK202310159137,140.0369291599323
EK202310238980,143.90141577942046
EK202310121185,148.3433410822258
EK202310142061,168.87293781590532
EK202310198507,145.73620903623944
EK202310184870,142.74871484712332
EK202310155208,140.2397987780906
EK202310124725,121.3248104561928
EK202310103880,156.48445056241482
EK202310246880,156.06110203263302
EK202310190191,130.34963354302468
EK202310241383,132.6779636367956
EK202310109761,138.84018227934487
EK202310218045,158.66556602232714
EK202310208985,140.15497451749553
EK202310126092,130.4037032219782
EK202310247678,177.93361212648324
EK202310137747,143.41690005944625
EK202310201825,133.10124160035963
EK202310130845,139.85492446411604
EK202310239295,141.00359769287806
EK202310166294,150.27045103990335
EK202310211671,141.01093662341606
EK202310248376,132.1213605216219
EK202310188903,148.6307567950121
EK202320006661,181.5964835540409
EK202310157204,157.65342299013417
EK202310222542,126.75521858145147
EK202310182598,141.0878516985682
EK202310128634,161.24888007733
EK202310137926,141.55060022098434
EK202310197018,135.6909615371862
EK202310184643,181.3522117608676
EK202310217014,148.39745548286058
EK202310200280,134.85665677194748
EK202310183028,143.37299759644952
EK202310106142,122.18434452977301
EK202310103822,154.62365264467644
EK202310157052,139.28927574052443
EK202310122614,144.07653567764444
EK202310155664,147.56221194654336
EK202310165913,131.74608233815383
EK202310191203,133.1897655386563
EK202310119226,125.54113826101965
EK202310234080,151.12535250766857
EK202310196735,117.87076414923678
EK202310149314,137.1752124049948
EK202310155188,127.624780709774
EK202310114860,148.71928514015167
EK202310118865,165.10332719394245
EK202310160832,150.43227927871231
EK202320006619,164.43986695764377
EK202310127739,136.16581929607315
EK202310115501,137.54687233160917
EK202310166491,179.48430929916734
EK202310197828,157.19248793130177
EK202310242137,140.0651916583741
EK202310235787,134.8994388654169
EK202310220464,144.79422700637588
EK202310112649,150.79361775627257
EK202310110214,126.88231036389357
EK202310164835,145.49678478218485
EK202310204462,128.2819809433905
EK202310187862,153.20813381988157
EK202310131273,136.28166021360198
EK202310128020,145.40263861620025
EK202310204211,155.48122193684048
EK202310208246,133.76380109076538
EK202310166450,134.56893795754658
EK202310171141,139.168591313781
EK202310159355,141.83902595440253
EK202310194303,159.12316778336452
EK202310214928,139.67637987830494
EK202310122215,144.45902049375525
EK202310175732,137.3482826257957
EK202310195150,148.55557111513858
EK202310160826,149.1622717352284
EK202310159966,160.28814916245506
EK202310158608,147.81602356207182
EK202310243112,158.11254684024928
EK202310109607,145.36829914168504
EK202310149652,149.1748965503825
EK202310110860,147.77104494958712
EK202310232156,143.01848731751184
EK202310178087,133.8523238944545
EK202310196125,155.487483425425
EK202310178589,152.3526335814638
EK202310146655,134.4983815700155
EK202310176638,145.50690559483277
EK202310183451,137.1731054688313
EK202310238783,127.61235360809317
EK202310180591,136.58036451510256
EK202310180161,149.60630818634638
EK202310160060,145.42668668942025
EK202310234699,129.323439495221
EK202310113916,160.1133503470911
EK202310227268,142.27158556947418
EK202310237635,145.82648448042957
EK202310182258,141.91340435187442
EK202310193859,167.83837480592814
EK202310153659,161.37410556159261
EK202310203955,140.1162977185047
EK202310236094,158.02879028505987
EK202310187734,156.24809422176037
EK202310216149,138.36037541910667
EK202310168413,162.2970128809091
EK202310116401,125.77127594224747
EK202310201191,180.94826673316348
EK202310190480,134.79696779336226
EK202310161074,176.7237397445574
EK202310140353,138.60804393195335
EK202310173633,134.31325241108092
EK202310158068,137.20066203339292
EK202310154103,142.89668306973627
EK202310113546,153.42547663103713
EK202310204238,126.66348204418973
EK202310104944,126.52853581541714
EK202310234535,136.60900017925894
EK202310126859,159.54797042517595
EK202310117542,141.0232981623551
EK202310210903,133.92473262484384
EK202310157130,145.93818565847815
EK202310145116,143.72729834914702
EK202310208124,141.02194569107834
EK202310245982,161.53916150989318
EK202310133043,156.09927228333325
EK202310149054,153.62651152607017
EK202310190190,141.37929444691042
EK202320006047,153.7458269167524
EK202310134850,134.51313196173473
EK202310202384,121.02058831759553
EK202310154117,143.63330883401014
EK202310133365,138.1867343831618
EK202310108193,149.29162498974196
EK202310203056,151.71949812395485
EK202310149046,156.33213963873047
EK202310165578,168.96880543233488
EK202310186659,148.1094828072333
EK202310196955,169.56867812646277
EK202310197552,175.17862679746872
EK202310212202,132.2533452064764
EK202310224513,128.16869289768303
EK202310004468,158.9890508234983
EK202310216094,135.54466297834952
EK202310230966,120.17317558386992
EK202310118412,129.4764502658303
EK202310247101,139.25415118642297
EK202310178117,141.8726265326842
EK202310219876,140.5237849061896
EK202310215307,166.93872927745664
EK202310218134,154.08541331196136
EK202310221530,136.78330696260434
EK202310154982,147.03840823285117
EK202310182970,128.43844011624904
EK202310214235,169.34613596055786
EK202310220158,134.55304421828342
EK202310104394,142.1340496934635
EK202310111159,113.88771112555857
EK202310158577,131.997117027083
EK202310110382,128.98279872825665
EK202310133639,132.81573859809734
EK202310246509,151.0506602076015
EK202310149660,169.6018750223615
EK202310168884,142.42609442208382
EK202310243940,142.34932409868048
EK202310191906,148.23783528811714
EK202310127477,132.53317508013816
EK202310225432,144.74459244993707
EK202310233319,150.75625048236176
EK202310162668,167.31390059071566
EK202310148695,155.7034254654762
EK202310178807,158.54436177566504
EK202310106771,137.61718476617523
EK202310155396,145.72679608139674
EK202310189899,162.5649148358416
EK202310106717,160.59857190804124
EK202310232588,137.4308092746902
EK202310226348,150.39598860603445
EK202310109931,124.73134401571316
EK202310226884,153.5368298711073
EK202310213466,140.9207455919779
EK202310121691,118.68397653110351
EK202310198701,176.91997751635634
EK202310131737,144.72259945755277
EK202310166136,166.01699391444865
EK202310116855,149.29501148919988
EK202310138351,141.54546777219014
EK202310191381,143.68355467015405
EK202310003663,120.13254482341758
EK202310172884,162.4045833886036
EK202310185550,146.84554749503747
EK202310148380,152.4166317021715
EK202310149387,185.80529993196978
EK202310236333,126.5707154389334
EK202310199352,164.17804904172127
EK202310137894,146.5910101454253
EK202310133727,152.387090028884
EK202310178526,151.55103700292128
EK202310189610,150.97386159318907
EK202310109350,150.6734416603091
EK202310218617,129.70619417714434
EK202310109125,192.7836834846825
EK202310163826,130.15786659204315
EK202310130248,166.36534426664286
EK202310221541,139.34070136041316
EK202320006518,157.49420880295474
EK202310229391,137.1830862262879
EK202310211450,140.82328389071623
EK202310193482,148.27758557983776
EK202310198828,148.32939748106966
EK202310183006,124.68257282790178
EK202310003501,138.78456051650312
EK202310121041,138.21916954890932
EK202310211350,123.0060326665249
EK202310246075,148.39102740699786
EK202310127204,160.39518185586655
EK202310234563,137.5108674221296
EK202310139042,122.4181393257398
EK202310171256,149.88144706575466
EK202310139647,151.73379013774152
EK202310122462,135.82597649894475
EK202310144293,138.77168771375318
EK202310168436,132.81995146444476
EK202310120536,151.4425817089005
EK202310166379,148.14486187033208
EK202310180256,124.02041586731455
EK202310246761,145.7404047114882
EK202310219864,140.89985434540418
EK202310190068,174.9452369091513
EK202310181556,142.1684649380984
EK202310230597,124.61401585771151
EK202310130866,158.75734617344582
EK202310205037,149.34482914652102
EK202310209585,157.53318527543792
EK202310185564,152.42504281609763
EK202310176944,141.3482025988066
EK202310176381,131.2470046909069
EK202310141448,145.4433350546807
EK202310148056,160.7593647293153
EK202310182965,135.94192396865841
EK202310135422,149.03171349850197
EK202310122191,143.5469217960043
EK202310145667,152.30369291323927
EK202310202035,150.69098404243096
EK202310136887,122.97564294965284
EK202310200020,135.57230189958182
EK202310184127,157.69683006062942
EK202310107122,126.84604430376457
EK202310134379,135.48147018587863
EK202310211319,133.09430378290617
EK202310212855,152.53208698569912
EK202310242461,157.20412856683882
EK202310200853,135.99981061938496
EK202310200401,158.79046074244468
EK202310189295,181.36313346230548
EK202310105500,141.7251751127707
EK202310128584,138.01671212606348
EK202310209825,139.81766887367485
EK202310204586,143.3626481754278
EK202310179426,161.83778430624108
EK202310180912,139.4800391981543
EK202310173571,148.57354144556112
EK202310112070,137.25527636775826
EK202310199038,160.23973504994197
EK202310126021,132.33371404768647
EK202310155509,129.44804614475908
EK202310197401,131.80642515903548
EK202310107626,159.13416159110815
EK202310105142,140.97639396813435
EK202310243059,139.66852028635267
EK202310174039,144.19699165446804
EK202310201047,162.36323482271752
EK202310204579,145.02051497058642
EK202310187739,150.02759717222654
EK202310181773,129.2933597793015
EK202310128097,154.35379221998954
EK202310222975,160.5374636644092
EK202310132503,156.61855389245835
EK202310188182,164.05519146725015
EK202310133046,149.59776490512235
EK202310176947,163.2580084361507
EK202310167628,137.87565018959236
EK202310134899,130.1731972726552
EK202310115714,124.77531818394867
EK202310225258,139.6279955313442
EK202310181522,156.5031493075951
EK202310190839,159.73309248601424
EK202310217264,139.5552392530714
EK202310123146,144.8937229848758
EK202310142906,154.9334003642373
EK202310165063,142.93340694701794
EK202310004149,155.56740887153438
EK202310222025,118.57202472757237
EK202310201396,142.76159347533084
EK202310140521,163.65492449225496
EK202310190410,143.94326359572187
EK202310237623,134.62560604219794
EK202310207648,128.94567341841324
EK202310150068,153.3467174814614
EK202310199516,152.61070266463094
EK202310214499,165.77508343656132
EK202310193968,148.9329458182284
EK202310199178,121.50441948338563
EK202310226312,134.16968938819406
EK202310171202,147.18197185665397
EK202310136385,169.95119548466272
EK202310240675,147.0277696876418
EK202310131075,129.13915194201715
EK202310213481,125.39502056424435
EK202310212831,163.7999006969041
EK202310163142,149.73790226180512
EK202310107446,132.080263184307
EK202310157890,143.2916053322829
EK202310214663,144.71357783711227
EK202310163666,132.16216887152086
EK202310117353,137.63751829347925
EK202310209794,123.50749121662568
EK202310123734,136.19295248037332
EK202310224602,140.28146706661494
EK202310218073,159.31099581817904
EK202310247816,176.41252348585567
EK202310234711,133.7854571095449
EK202310145443,140.8410395275415
EK202310246298,166.7936519697606
EK202310110010,141.68211298751822
EK202310159895,169.12764901594068
EK202310111143,141.30101443019706
EK202310209834,139.43635121172613
EK202310209444,146.03817438892415
EK202310192938,146.47935518977368
EK202310132559,127.99655319912507
EK202310152101,160.84948917904643
EK202310180196,126.13728673952473
EK202310194423,120.72741488643223
EK202310200390,158.79829589710465
EK202310180474,137.14098304411638
EK202310116603,148.31828330467067
EK202310171924,133.4471318425091
EK202310212746,155.17535267054274
EK202310146529,140.52502593434687
EK202310215859,157.8543996653306
EK202310141533,137.92447599178934
EK202310233067,142.41716997866686
EK202310214675,161.03177702113533
EK202310148386,151.53205463640143
EK202310168758,146.3556807103461
EK202310222971,136.86093047302293
EK202310109333,154.05092003469733
EK202310243241,146.87908562793965
EK202310146985,148.51921532179577
EK202310232878,174.814755683471
EK202310234120,136.32072900090162
EK202310162882,154.4974415120739
EK202310190206,137.53531015493007
EK202310159348,173.16722478802333
EK202310201231,140.8358115176111
EK202310178530,165.72854248805453
EK202310189794,149.9952170663673
EK202310236784,138.7525886386351
EK202310175553,130.74091204437408
EK202310241797,141.1651763149591
EK202310114344,144.99589739431303
EK202310239590,160.04153634161327
EK202310227224,163.67406614318594
EK202310121744,141.3867903632972
EK202310003715,151.97230709505118
EK202310116073,133.34730664729963
EK202310197067,142.25661639946395
EK202310115532,149.04668137566173
EK202310217365,173.08645955614145
EK202310148754,144.19849711661521
EK202310109024,142.82901109280556
EK202310004073,142.0245531999823
EK202310198767,144.82905595942395
EK202310125904,153.92583904038878
EK202310189747,108.02313214400995
EK202310121824,145.04260529771878
EK202310183939,165.7654253936811
EK202310207963,138.61382413993013
EK202310004477,112.29028920152494
EK202310184855,140.54230673605656
EK202310121710,128.2901791311076
EK202310155103,126.86133084363259
EK202310127606,153.78457321835288
EK202310237460,121.99787952447969
EK202310189005,124.02834424958273
EK202310163144,174.90041634065943
EK202310195358,181.06064355126648
EK202310114203,108.70370161782319
EK202310200907,163.80185734531526
EK202310149290,152.53848805924778
EK202310186674,151.71811601344473
EK202310219434,137.57132209474122
EK202310113939,148.99383879315582
EK202310144604,134.85698600281967
EK202310202520,146.69677247082345
EK202310199251,151.07951679339442
EK202310171909,148.41321163253036
EK202310197493,153.1626982197268
EK202310200738,162.72010802343436
EK202310242193,157.45143662514377
EK202310166469,146.7595550816931
EK202310179577,158.053970467872
EK202310199333,145.58849715661887
EK202310208438,139.04582910907956
EK202310243666,140.8515569440685
EK202310113305,127.7653795286897
EK202310189666,165.57034873770638
EK202310233041,132.68310361978664
EK202310127498,166.6996866090343
EK202310208207,124.58120712368918
EK202310161596,141.350579560937
EK202310175979,146.3074442621454
EK202310222437,133.92718242373306
EK202310139352,148.56751528562205
EK202310120360,139.48033443892487
EK202310183484,148.27383822270252
EK202310206451,138.13496411241758
EK202310163448,161.85617851770917
EK202310113067,147.94396241983463
EK202310217739,111.12382103421396
EK202310120891,126.2677109663266
EK202310144456,130.075181182395
EK202310243976,142.14996602670217
EK202310126697,140.68353494989037
EK202310221562,142.06779595545254
EK202310245501,136.4823861076145
EK202310227085,137.78820388668447
EK202310124539,148.38996522383238
EK202310113359,141.87462804999063
EK202310127238,151.52029047863368
EK202310186281,165.5695670062624
EK202310231780,130.4365536482622
EK202310218693,133.48878408240404
EK202310166062,141.45236268782864
EK202310194807,182.22995791217178
EK202310145164,145.46429411321506
EK202310139520,134.7302765340628
EK202310202232,166.37986142864372
EK202310106234,128.97254338375024
EK202310150099,127.75900665302241
EK202310148854,137.01630285596372
EK202310207751,151.01589752456192
EK202310119385,158.83615582351632
EK202310247407,125.18760525204047
EK202310187815,157.49693394719924
EK202310180649,125.64071697902749
EK202310169614,124.94248542216586
EK202320007494,151.12780314898788
EK202310123604,137.35934749113767
EK202310115115,144.55354864044034
EK202310247203,127.45921846787024
EK202310128939,130.62616511611827
EK202310151766,169.0377242288395
EK202310154684,142.56322182231182
EK202310147564,146.78539703813323
EK202310217040,144.94573564938906
EK202310219269,122.72501071319431
EK202310177587,143.87899014057032
EK202310172628,126.56042945763767
EK202310193264,177.08374669212589
EK202310204129,141.75269537426584
EK202310227714,134.62009709660725
EK202310174368,158.98051920661433
EK202310115514,132.29478521260037
EK202310114314,117.54860732704844
EK202320007053,150.51572837769885
EK202310196358,156.07444685863027
EK202310223590,132.17428189760452
EK202310186191,144.96128796407342
EK202310169460,158.19070196675858
EK202310206652,164.51972920484215
EK202310176776,168.17846301592104
EK202310112945,130.80391299396769
EK202310243798,137.11847284135655
EK202310173522,125.68636999479345
EK202310147691,150.05614950901895
EK202310221131,127.9683247896614
EK202310193542,135.74534486943924
EK202310110806,145.50707856527006
EK202310140872,143.96841420865601
EK202310115723,121.5751539379081
EK202310227673,144.2619526528311
EK202310104188,152.7100726940558
EK202310176128,143.85173989464994
EK202310179757,154.61059932573
EK202310217690,110.19988239692641
EK202310114918,148.76925337903415
EK202310160022,154.05451489598204
EK202310117222,142.8921953028842
EK202310181651,153.02210961277436
EK202310202302,146.99370911426487
EK202310141935,141.16410729596834
EK202310166006,142.76234687918614
EK202310141835,163.83575319595312
EK202310113039,141.43568771887743
EK202310171526,138.45776033576038
EK202310231390,150.0864940002614
EK202310111326,127.54198995621982
EK202310104950,135.73118847290468
EK202310234139,140.38463772331946
EK202310207302,146.02046010946978
EK202310202018,124.80804200539639
EK202310205260,153.01274312405627
EK202310221441,156.80979765032225
EK202310174816,124.79717138314689
EK202310138649,147.15021181127864
EK202310208013,155.82897178904744
EK202310181493,144.86647050489339
EK202310243648,120.50877510614069
EK202310113262,150.81528365641782
EK202310171352,152.5396750135376
EK202310189555,127.29210098912469
EK202310154506,151.90223314314417
EK202310227922,139.70367959867218
EK202310243180,151.29916895908434
EK202310145403,115.89097173197428
EK202310229261,137.06690453627618
EK202310125086,136.44802417792013
EK202310188059,129.53640844843454
EK202310175935,154.44671723667736
EK202310104930,139.93508812293177
EK202310207696,145.58240781512242
EK202310176769,126.78896464329831
EK202310241580,134.65385849600997
EK202310128189,121.76728279044848
EK202310116358,125.76377162768851
EK202310203206,137.56501619062647
EK202310224617,121.84336285198438
EK202310216139,115.66694297281316
EK202310175157,133.95219642625116
EK202310148792,141.61997683370308
EK202310127748,134.35762399552317
EK202310183427,164.10880810560042
EK202310151784,136.28440006077074
EK202310202141,152.62618082584981
EK202310211204,151.53706070876012
EK202310230323,121.38359459834302
EK202310109892,140.10348355170782
EK202310187574,137.77118318499092
EK202310174395,135.62002266408805
EK202310205384,156.72996768596212
EK202310139355,141.56090098055597
EK202310161479,162.18547498368926
EK202310135561,125.6747594103975
EK202310165218,154.59961563019633
EK202310183022,160.49724537246516
EK202310125772,112.56963728053492
EK202310105325,132.91024824426864
EK202310205291,161.63154243273945
EK202310183115,132.27804543079915
EK202310142673,140.46643369341768
EK202310144959,135.88977923634235
EK202310156704,126.1250274572618
EK202310132122,121.87093547822342
EK202310174428,154.02081169193644
EK202310238510,143.57587029970634
EK202310004299,149.55084630846144
EK202310225687,152.89193944398954
EK202310152553,145.1874913712545
EK202310180231,147.46017298977102
EK202310189895,163.66394573333525
EK202310115789,125.21595575324167
EK202310107016,152.18966892486912
EK202310174702,124.61587846479796
EK202310184083,137.0146946978742
EK202310193580,148.318145080225
EK202310217608,169.63394064832804
EK202310143791,143.99083663762974
EK202310171379,149.5121492975118
EK202310151018,152.54089431467042
EK202310167547,138.79200178708126
EK202310113875,146.72922447448602
EK202310242027,130.62975731937325
EK202310236948,144.91107838927078
EK202310241638,119.01649937865686
EK202320006399,129.76013677927975
EK202310155475,145.23029475607305
EK202310183498,143.47743965865786
EK202310175183,128.30170232475766
EK202310212112,139.78653243868663
EK202310219895,144.21410938268727
EK202310136160,173.0476711847285
EK202310237484,130.72970479190795
EK202310165481,136.01046429395123
EK202310240928,132.20165994264698
EK202310103807,129.1054791190322
EK202310138400,134.1452078324086
EK202310206371,128.1080418753508
EK202310194193,160.41815758885323
EK202310148048,156.69308525534422
EK202310215728,142.31848626253262
EK202310131760,152.29757964826786
EK202310123574,139.69490278163266
EK202310141515,139.4832841640496
EK202310237561,153.07333239797924
EK202310217955,137.13800280688977
EK202310208062,144.10336229832248
EK202310163578,139.96899930526058
EK202310116460,132.19404893903734
EK202310181932,175.33431428660307
EK202310190411,151.31963851956283
EK202310229861,148.63374231337212
EK202310246656,140.49510827779656
EK202310118260,136.41339251329305
EK202310115843,132.9788667079065
EK202310170542,157.38125234321123
EK202310189836,154.65776106551857
EK202310176951,147.52338582562237
EK202310116213,152.96734837347566
EK202310128876,125.77927711300612
EK202310210854,133.4988907217698
EK202310217897,147.16333994903493
EK202310213279,154.62987282636976
EK202310203346,142.87256221896968
EK202310111168,136.20674758399443
EK202310205607,147.4330980533225
EK202310181632,168.41427323810152
EK202310163875,147.932072917323
EK202310106796,144.99136484255564
EK202310172056,174.7394458154901
EK202310195599,134.34121396161538
EK202310140727,152.8401169646006
EK202310208341,148.26110608277986
EK202310129380,135.01785027772618
EK202310140408,154.7441511902304
EK202310196671,176.51656639346345
EK202310164630,152.56392026039399
EK202310147505,143.34480319756787
EK202310110408,114.73176370427028
EK202310189343,172.82810966048424
EK202310232277,138.87131577409437
EK202310113134,132.21596582056944
EK202310154457,143.8354246774596
EK202310192875,139.08267411457388
EK202310116376,133.78463328313632
EK202310198131,137.94893573591963
EK202310200171,141.55519174589756
EK202310200642,157.8922430042615
EK202310123172,154.53487486877643
EK202310182386,148.9413510366411
EK202310148751,147.04781819178942
EK202310109301,133.01748846591943
EK202320007005,159.41977717701235
EK202310118442,141.89297597029028
EK202310132586,135.87305191725008
EK202310137853,133.0712450214798
EK202310175957,142.64819711997586
EK202310137878,144.22785571944843
EK202310141392,150.1703962582511
EK202310150895,133.99992936493868
EK202310234943,114.34113491597843
EK202310180019,150.74824407321205
EK202310118936,137.3090566984472
EK202310140493,135.16301178018193
EK202310175748,136.89891273740326
EK202310139140,135.97439201599687
EK202310194407,134.71420014191057
EK202310174235,133.52907916032973
EK202310171740,130.12099667999814
EK202310135496,156.62944988766378
EK202310219315,129.83538406282122
EK202310209481,158.7113050008568
EK202310142378,154.86011830130244
EK202310213131,143.18655365247372
EK202310126847,158.56082863656303
EK202310139757,149.53505154327743
EK202310166582,158.55351246177005
EK202310177776,148.6056841270974
EK202310179499,151.4085486590815
EK202310243445,121.77053576189869
EK202310176421,128.793834451333
EK202310219058,126.52887380286838
EK202310108023,123.86054722008437
EK202310140417,168.0869407350753
EK202310130436,145.54441939873564
EK202320006321,164.46909261071264
EK202310220044,140.91156808597609
EK202310131037,119.27150186289816
EK202310248111,129.00303190379037
EK202310106861,135.46229622100046
EK202310110253,145.57647147525222
EK202310201245,147.06524023776353
EK202310138402,128.03958915439233
EK202310233866,182.65592301416135
EK202310003560,132.60326063088564
EK202310120345,123.56402690333564
EK202310201242,112.47677847227237
EK202310190427,155.26009774520935
EK202310148725,122.88076013786547
EK202320006763,155.06722233658942
EK202310196906,164.67929138985335
EK202310241763,132.49270016608494
EK202310204305,153.2178270466627
EK202310190705,147.32075595218288
EK202310107647,138.48256929744497
EK202310178205,153.56488549766522
EK202310226329,145.9619290325822
EK202310155075,146.837034912703
EK202310161375,150.68589740589582
EK202310184194,155.2196393091529
EK202310146287,137.5272869193754
EK202310151428,176.2726746229609
EK202310169581,124.33306200076912
EK202310159986,132.5240112413312
EK202310235054,145.15845677805095
EK202310232794,156.21891629008311
EK202310237245,126.75104550889017
EK202310159951,175.26921167843045
EK202310137689,146.51982248778904
EK202310104122,115.09022297859165
EK202310237215,133.99104214816737
EK202310224167,158.5084666029681
EK202310165353,135.93899030585567
EK202310003464,133.3241442995897
EK202310146423,143.8418826953798
EK202310175125,131.07578765782978
EK202310229556,158.20234104708908
EK202310227408,138.22307250439505
EK202310243062,135.52786424110326
EK202310213464,134.5164474539165
EK202310111472,139.08371506394997
EK202310108233,139.74477395191224
EK202310223065,123.47284430005627
EK202310230558,142.59502321467576
EK202320006897,156.20381979791614
EK202310200032,140.4770659321583
EK202310187191,140.63504438832683
EK202310161900,162.35391820220377
EK202310121241,139.17639761048582
EK202310225448,140.91476585317145
EK202310227739,140.67319293016013
EK202310216508,146.55985486779747
EK202310233619,142.24134619790172
EK202310233918,143.61859845178094
EK202310202411,126.48953786865226
EK202310186765,152.17284873473034
EK202310241519,130.6692417635332
EK202310203547,140.67689356606067
EK202310186570,190.67236068240953
EK202310146153,116.23286235117742
EK202310226412,141.60554765150385
EK202310214773,152.80311796733142
EK202310141684,158.18920949988714
EK202310149333,140.75786073660205
EK202310144706,135.02854375127612
EK202310104027,143.07149548101282
EK202310109413,138.63696122188452
EK202310193755,140.12463917697377
EK202310166019,155.24952277466474
EK202310203410,169.5069661706387
EK202310211531,135.94783736529857
EK202310196157,149.59023672147316
EK202310244349,172.90604233866534
EK202310145494,127.44358425164707
EK202310212588,144.48866483469587
EK202310139780,136.9808326933433
EK202310240088,164.93321639553403
EK202310111166,142.2896346750949
EK202310188435,138.95179487640644
EK202310177633,143.542098675211
EK202310112926,144.07226143443197
EK202310234867,132.4328657155465
EK202310185802,136.46856402939142
EK202310162594,168.42324557499185
EK202310180089,160.86070504178826
EK202310217336,128.5436877409448
EK202310192546,145.7120370928506
EK202310214169,130.94578349529755
EK202310140770,165.3976487751735
EK202310133498,139.94851887808156
EK202310118801,150.32678769410444
EK202310142404,150.26598812072388
EK202310147891,149.22449432143952
EK202310210538,133.11941034019603
EK202320007456,133.30311305533388
EK202310144587,119.2807475206686
EK202310124235,129.47136103118947
EK202310158438,130.14892614409584
EK202310215490,136.62695091271976
EK202310174451,151.0082890799619
EK202310212066,126.63914342984721
EK202310222526,134.18724742508138
EK202310188934,125.14168554737854
EK202310227893,135.95438121451605
EK202310181260,145.9157974574985
EK202310202577,138.3190938688894
EK202310120212,159.53287511582243
EK202310149119,163.35620398732547
EK202310154393,172.05640867159642
EK202310152225,126.3146159286144
EK202310105646,133.48161914811587
EK202310119351,116.86669673993423
EK202310148657,145.66653762701353
EK202310196509,150.24728776937786
EK202310194902,141.25143837581066
EK202310148288,141.81122050587152
EK202310215542,154.93314516211075
EK202310167939,144.63674054709017
EK202310167455,158.32816684934807
EK202310117792,126.14365611744813
EK202310173362,152.2847286759546
EK202310124739,173.0457619041639
EK202310175587,148.74780604907963
EK202310213185,138.78075471392006
EK202310152468,142.5354894102376
EK202310131120,151.43314742960686
EK202310124976,144.29130010401647
EK202310112499,140.8041312529771
EK202310195528,127.41207818927343
EK202310239210,134.43625153773277
EK202310142674,149.1001178226715
EK202310243104,141.65676303573795
EK202310237267,144.86255828366072
EK202310169374,138.6815690438827
EK202310234090,126.19226469802642
EK202310233816,134.62965845247066
EK202310196376,175.8248008108388
EK202310148225,145.11382351550608
EK202310228837,130.87741179260632
EK202310181830,134.05467187245145
EK202310191899,142.44713690482465
EK202310229263,139.56521370175506
EK202310141990,137.2819351706051
EK202310169654,169.75234120195248
EK202310123584,150.83722054281534
EK202310109674,142.8965033412736
EK202310106658,137.81093491089433
EK202310237324,128.2057742084175
EK202310133847,172.50707313038976
EK202310177544,125.3337137210741
EK202310123823,133.65575491277284
EK202310240866,119.20703050929174
EK202310200799,145.68237908501317
EK202310004956,127.6286042105381
EK202310109116,162.85954696132595
EK202310181159,152.15498988413566
EK202310128546,157.37017837764853
EK202310206764,147.78645869674602
EK202310203787,126.098671696097
EK202310193227,137.19221084791243
EK202310157337,170.5140643044956
EK202310190691,156.93832340289146
EK202310126193,148.23967106699342
EK202310223219,135.28069668312605
EK202310161546,152.55874867375974
EK202310220676,147.99247820823388
EK202310142344,133.8175953951175
EK202310182666,126.28102809426575
EK202310217828,130.24015520536582
EK202310240257,135.66674199894845
EK202310125068,131.91798635422492
EK202310166358,153.14619181879348
EK202310177216,178.5005478085427
EK202310146952,130.79117684275127
EK202310199886,164.70783098166052
EK202310147741,143.041513301861
EK202310143091,157.8983242850358
EK202310199575,145.5533157866296
EK202310187305,166.32947302118873
EK202310222496,153.4771797136502
EK202310216424,141.26776255039243
EK202310104377,140.0820297006
EK202310227219,124.84302956861312
EK202310140922,138.12827277679222
EK202310165008,171.56759716606803
EK202310135583,143.36709076252913
EK202310171535,130.79026498285506
EK202310219272,141.1576986880276
EK202310120647,150.64020668236589
EK202310140490,138.14464798284067
EK202310173840,140.6300692182794
EK202310208109,133.77375033800888
EK202310175605,138.0816721977148
EK202310194297,136.19979083730874
EK202310116012,122.93025653395041
EK202310133738,124.37863249087589
EK202310003422,140.97506768664232
EK202310186980,164.1998619038032
EK202310157421,140.32164968194408
EK202310145922,120.4522490570714
EK202310203349,151.05728289851206
EK202310230457,168.54504510213002
EK202310230009,133.9271016358811
EK202310144393,176.16882375941142
EK202310155684,139.51165048842446
EK202310243499,142.8966500944875
EK202310148155,136.39636664764186
EK202310162141,144.04630651606146
EK202310202043,140.48434694391418
EK202310165608,147.13267682866018
EK202310193544,123.94469796431144
EK202310164222,134.97168638201802
EK202310154530,160.67709185934382
EK202310185022,126.71467281786458
EK202310167516,164.8457705827247
EK202310165006,140.66480955722628
EK202310138314,162.53788567664034
EK202310213702,131.76179299271854
EK202310223111,176.43582560957844
EK202310183009,109.93611143772682
EK202310175427,129.3479649039664
EK202310198303,116.3647750120944
EK202310142355,176.87848398136504
EK202310190847,156.1180285648482
EK202310165750,178.9579635977753
EK202310163376,147.38394303212738
EK202310146237,135.54814663304123
EK202310228171,139.20400683528766
EK202310222340,159.52132030042787
EK202310119317,129.40929034864536
EK202310209759,149.8581983945678
EK202310188992,143.1250005622651
EK202310236787,139.51258953142076
EK202310235111,145.13568909113286
EK202310192259,132.40715321343458
EK202320005738,162.45032300539793
EK202310143173,172.65823087742973
EK202310188740,147.70049763942606
EK202310106354,144.82691258677025
EK202310235348,161.35866884051023
EK202310234038,159.0914117708937
EK202310172622,164.63889049122415
EK202310172486,144.5610804274745
EK202310121194,121.8482042332865
EK202310221290,143.07112157589987
EK202310207879,139.80500946853076
EK202310114510,135.27291678864873
EK202310179068,149.88113497906733
EK202310163368,142.8139580836829
EK202310232807,139.45674043562522
EK202310120523,126.14849716629806
EK202310103969,140.27662974250774
EK202310004188,149.26847487694752
EK202310170648,165.5920349980162
EK202310139767,126.59987986839143
EK202310138473,158.4490630920642
EK202310235505,138.54635552179403
EK202310178729,130.2754181263754
EK202310246801,143.53959649591678
EK202310120603,131.13583790635312
EK202310114895,152.06074239043156
EK202310223798,132.9715967524154
EK202310128963,132.97782611451086
EK202310133013,130.42835092889587
EK202310180731,191.57727494136938
EK202310113860,120.01628538991582
EK202310201583,104.85857439464186
EK202310137449,146.87888742920924
EK202310149678,166.2759608019726
EK202310199061,164.43881952127145
EK202310206139,125.75569670934547
EK202310178048,148.5666097647307
EK202310206902,144.80612605428178
EK202310135879,151.06055944657606
EK202310118974,136.65241271797635
EK202310240661,156.62656734780214
EK202310247702,114.41630474854983
EK202310108959,149.0316464229244
EK202310139148,138.1764698065255
EK202310213608,129.23094480806427
EK202310200833,142.7526063146314
EK202310205491,152.38621892555255
EK202310151833,159.99516007905282
EK202310170507,129.8338656269577
EK202310204695,160.43836159586277
EK202310190993,155.5228262782577
EK202310181846,149.54548051212444
EK202310191614,160.58175228106057
EK202310146281,141.63612981838222
EK202310239715,148.0878974056156
EK202310224583,122.70836090670247
EK202310225752,137.70619702454005
EK202310004050,151.4123722612716
EK202310112334,121.16583890234293
EK202310178782,127.87827059929675
EK202310162090,144.06997411927685
EK202310221447,153.48703741587246
EK202310219812,150.36296352832406
EK202310161855,148.99884305684668
EK202310127861,146.73352474075614
EK202310114282,152.91770640448635
EK202310105617,137.4266122249845
EK202310209302,135.01460153957328
EK202310115118,161.42187824513553
EK202310003916,136.05495736249526
EK202310153698,149.75981366414288
EK202310229027,139.96192363748685
EK202310125705,147.9640462890087
EK202310123526,129.69147296492213
EK202310226530,146.07854026960666
EK202310136267,116.39719229682431
EK202310126875,152.294119190415
EK202310219223,119.45777718059051
EK202310169669,138.43198138300787
EK202310136907,119.78993477672319
EK202310167168,120.02078459664213
EK202310225793,133.35543090131432
EK202310178640,150.5157119067477
EK202310130165,137.9597888945409
EK202310154261,140.21558218113367
EK202310220444,159.76083380832682
EK202310237028,152.66281737171636
EK202310165818,125.61357109194111
EK202310122598,145.38258945981303
EK202310220372,147.09518253405597
EK202310137417,131.2318765922134
EK202310143378,176.47190354690096
EK202310175009,151.52527584452142
EK202310211432,130.3309441434349
EK202310207842,143.3091798583567
EK202310180149,136.68279228041405
EK202310190554,141.11099257795428
EK202310223988,134.03385894820264
EK202310130954,136.5947583373756
EK202310116904,149.8410506088526
EK202310161528,154.3900189626654
EK202310148911,131.90575397936138
EK202310153873,140.31146461159045
EK202310144622,142.25086582488427
EK202320007179,160.25269138513056
EK202310213291,134.18305983352127
EK202310248459,142.7437652971961
EK202310129665,121.9876549683944
EK202310105584,124.47627047681094
EK202310223037,104.92893483037533
EK202310173189,135.93249901124798
EK202310174998,159.81232001772904
EK202310128550,123.17195352982026
EK202310192354,128.21831095714955
EK202310118760,113.6428105865464
EK202310131373,125.64134610709681
EK202310168865,138.74913266192834
EK202310105103,147.99908398507546
EK202310242757,124.90857284655401
EK202310164146,171.82456193004086
EK202310165707,171.0238013137851
EK202310157341,160.65093842054006
EK202310161673,180.51767838915922
EK202310203730,125.6192825896463
EK202310165334,138.3918102695289
EK202310149964,154.70945313098326
EK202310109435,136.57821956512853
EK202310105784,138.58831685184853
EK202310004512,121.98559495147497
EK202310129345,148.0709619712673
EK202310168741,133.96342205858195
EK202310225441,151.6715187416317
EK202310189863,127.16468558684711
EK202310181790,152.40536479064667
EK202310223107,144.64450651239883
EK202310117337,139.52041937049714
EK202310247125,149.6700009094461
EK202310146172,130.12627678470318
EK202310229871,139.80829863786755
EK202310167352,153.44460665281233
EK202310197659,175.7315183423193
EK202310237148,141.4958476797513
EK202310204685,143.38515795129132
EK202310241003,133.60722048345946
EK202310148969,141.12239592231325
EK202310217817,160.9218543524445
EK202310154285,151.41983412767217
EK202310241422,146.6982586110243
EK202310238083,144.80230899836926
EK202310177368,176.5223863353614
EK202310161506,150.72605993897454
EK202310159694,140.5768022337007
EK202310233873,139.75289273157165
EK202310159627,127.84758997276178
EK202310204809,143.92931359997593
EK202310221148,148.1029733483855
EK202310203840,137.1129529468304
EK202310175485,144.2422679191029
EK202310157943,158.30733336611436
EK202310166246,147.38326359203944
EK202310104784,125.70679189928941
EK202310123376,150.24220277910075
EK202310204029,158.77257168675226
EK202310185358,158.25837998458437
EK202310108669,143.97382862748563
EK202310236018,151.68649727340448
EK202310238742,138.31985445617485
EK202310111453,143.0160060136647
EK202310113005,136.5441773422969
EK202310234668,141.57067578516717
EK202310231883,138.19746205377683
EK202310170221,164.0358883018213
EK202310004896,125.15806088815651
EK202310161173,138.1838520378065
EK202310145172,129.08738594552722
EK202310173181,131.91516515190224
EK202310188825,133.81896397967517
EK202310179888,151.436657487455
EK202310232212,129.0589925123378
EK202310162487,141.60612622708726
EK202310136794,150.4578982659581
EK202310169969,146.1367131817654
EK202310165477,139.57354552601433
EK202310177712,132.8311347723731
EK202310129186,132.92074973194607
EK202310127134,153.80117842209086
EK202310228641,134.1690170199553
EK202310195004,143.46973837418759
EK202310196656,130.4041604355583
EK202310129468,154.3118103709504
EK202320007200,151.74096724974655
EK202310153589,146.14479891865906
EK202310212764,167.55606935287383
EK202310205885,170.03916678870297
EK202310198505,110.79592924393344
EK202310222811,139.93496858174083
EK202310168127,146.63475084600705
EK202310143599,131.3654634812974
EK202310227359,136.98838341385297
EK202310135358,131.3139702689724
EK202310171217,163.638468940442
EK202310191424,148.06470160422498
EK202310149689,164.5040596910588
EK202310195376,152.32452360357883
EK202310178299,153.80883121240177
EK202310210228,142.5342405063738
EK202310107326,118.94170363263233
EK202310152535,150.1905123357057
EK202310154473,139.44588451401245
EK202310174554,145.52175511896218
EK202310163286,128.89825906654147
EK202310111638,141.7567679944748
EK202310196108,155.37074810452117
EK202310212686,139.57012118339205
EK202310231718,138.89965643125785
EK202310137776,146.07145588909248
EK202310178405,161.4817080231872
EK202310117455,120.77626869702928
EK202310118568,137.34793728605686
EK202310222315,144.42758086575006
EK202310160822,152.38171928599198
EK202310118020,125.66565203128152
EK202310194677,165.42413523964643
EK202320006977,151.48803242065566
EK202310214502,172.53061464676463
EK202310146297,131.34136373004912
EK202320005953,165.79179646575864
EK202310200023,135.46275584944942
EK202310147399,157.06731193787581
EK202310110181,110.97518084675777
EK202310225409,166.11889287575409
EK202310107374,135.502994881061
EK202310235775,135.14626803797907
EK202310154935,137.56812321286827
EK202310160129,141.8696318070472
EK202310136819,153.8828404359856
EK202310212339,134.4953160997089
EK202310186377,154.2533682347891
EK202310149686,156.5516071926976
EK202310137146,155.08380172309913
EK202310219413,118.50286088217676
EK202310224119,137.57004544980856
EK202310124397,128.39878431343928
EK202310118844,151.3771703660455
EK202310178888,125.5291669008805
EK202310203695,132.74822287800362
EK202310215102,136.1433413434754
EK202310116309,138.15760945850417
EK202310177340,171.56249587457597
EK202310155692,141.92819299938708
EK202310209761,123.23309805516423
EK202310192459,159.04408164739965
EK202310166094,132.86086608394143
EK202310106639,137.2240209251125
EK202310122597,137.98151311450516
EK202310176641,151.03626154262264
EK202310128106,147.11852492443694
EK202310164373,148.34068324514652
EK202310172650,145.73460249936483
EK202310161760,140.30022889773585
EK202310175173,130.48661674755067
EK202310220355,135.84504256344863
EK202310134340,131.58877056972534
EK202310200856,162.29050738397862
EK202310198775,174.12728800796356
EK202310237814,157.08532969526482
EK202310144745,137.817915707901
EK202310116937,145.07163590683527
EK202310180183,144.88552798025316
EK202310123116,129.6146220604258
EK202310111360,140.8761394083528
EK202310218124,143.66166868715138
EK202310146929,148.3194017694006
EK202310144079,174.60462287529862
EK202310212540,158.71595927704968
EK202310206504,157.63986275118555
EK202310126991,128.94302819977992
EK202310159652,130.67718250153106
EK202310132965,143.77306558894827
EK202310203675,132.6567258210333
EK202310003467,138.86925168405656
EK202310178560,119.54077133098185
EK202310115094,133.13472451004313
EK202310127215,144.49353093142525
EK202310116379,137.2002340573297
EK202310121118,137.67275751005275
EK202310196670,131.88416453655086
EK202310159655,124.82405132826602
EK202310201991,118.479644586652
EK202310173068,149.03504376522804
EK202310117260,147.89037234087718
EK202310130209,150.99423096400147
EK202310183122,126.867047625215
EK202310216257,136.64034433287463
EK202310176511,152.7621834576084
EK202310187962,154.47425581654403
EK202310245277,149.79458359934344
EK202310181710,120.52384611392867
EK202310227487,136.19403570654598
EK202310210107,162.98956147694955
EK202310175757,139.1250704796253
EK202310229135,140.42535843601917
EK202310150766,128.2080089010788
EK202310164086,145.53395061634043
EK202310121488,142.36515467633131
EK202310122656,134.98984492269588
EK202310176310,152.05281146216757
EK202310207786,135.47998305579858
EK202310116196,141.78234179417916
EK202310166658,121.4733792751036
EK202320007269,175.9666007776581
EK202310240222,147.70285556200065
EK202310233074,129.68395594188766
EK202310003785,141.8378230540686
EK202310218333,138.3448852707695
EK202310199829,143.07891954990913
EK202310141201,133.7673005331632
EK202310152509,153.66473985763872
EK202310213008,137.9906112890029
EK202310234244,145.11576748450278
EK202310185496,148.15342262111815
EK202310123939,138.2140936422282
EK202310245118,141.62625360701384
EK202310126945,145.14670471702027
EK202310192940,150.9622216204592
EK202310154479,128.96096205281893
EK202310238968,135.44153177276883
EK202310220804,142.86877818372952
EK202310121547,122.59352283310953
EK202310156977,142.3412050924981
EK202310220913,118.17557235551412
EK202310153791,151.0739486482682
EK202310231371,134.96739837058075
EK202310155012,146.221207857891
EK202310106729,116.3325220304299
EK202310121458,120.53195718238996
EK202310129298,147.17779757361535
EK202310185168,162.75185529235029
EK202310171342,178.6430242970077
EK202310182043,148.58854538277888
EK202310159692,154.52010576059394
EK202310198219,135.7040388842433
EK202310186486,155.21087692715298
EK202310194185,132.18277946341453
EK202310135060,171.20029742889716
EK202310151875,149.4088391797141
EK202310148212,130.67233030965286
EK202310158337,143.31797348161007
EK202310160093,162.76794682909326
EK202310176986,162.25201529061172
EK202310142751,167.0574288660023
EK202310186987,139.4167962250979
EK202310213398,132.48016177897892
EK202310227507,160.17407970536124
EK202310230539,137.55743837576838
EK202310233022,135.98621317994466
EK202310112067,143.25657210236213
EK202310191571,161.1345188655726
EK202310128575,143.1176503534827
EK202310116429,162.15607886531666
EK202310222260,137.31592816506893
EK202310167112,140.62081206582667
EK202310197671,141.31485960021297
EK202310133983,145.71186568212687
EK202310125081,140.97900669134515
EK202310165303,130.17688767630997
EK202310245022,135.92502282534656
EK202310168737,138.9921835219278
EK202310224066,139.5232819594096
EK202310112653,137.61351799071852
EK202310163794,126.94146712321442
EK202310177672,152.29217456434006
EK202310113138,146.34993179960364
EK202310198082,131.20858758776663
EK202310186324,157.69824177734117
EK202310245063,131.68712109242378
EK202310162008,145.6236771594639
EK202310187033,138.58078127825735
EK202310165002,149.3437184073225
EK202310179112,139.74312162771767
EK202310136261,149.9641295083928
EK202310107886,138.48896230791112
EK202310178081,156.85861171414558
EK202310107978,146.9011867661797
EK202310186291,174.49780146098897
EK202320006194,156.6930631428312
EK202310162147,130.43568612607166
EK202310145820,144.91418034251313
EK202310208270,142.78327763359727
EK202310244610,138.16472201403081
EK202310115965,128.33995824500337
EK202310173325,136.78403025422475
EK202310200487,143.95061014985075
EK202310151600,158.04198370264572
EK202310174873,125.59580921825145
EK202310154656,138.77258475673943
EK202310186158,163.69478960392993
EK202310159695,146.45961487318812
EK202310153171,154.29512172980304
EK202310116138,151.2263493061359
EK202310241920,108.96893053332678
EK202310172803,142.58020257128172
EK202310003408,130.21620900945567
EK202310113293,133.25950860875102
EK202310199063,155.97077407284235
EK202310151401,174.1073200337265
EK202310154601,131.77152590640253
EK202310111616,158.30636244641843
EK202310135809,126.18217475600133
EK202310123689,132.1668236521173
EK202310125344,127.21135668967123
EK202310204834,141.14723083296627
EK202310154600,141.68089937416693
EK202310171105,137.97868283204176
EK202310192374,155.2338853910707
EK202310137424,139.02568299307546
EK202310004414,122.06797444286606
EK202310157406,132.6830707151959
EK202310194870,157.0342853485608
EK202310184853,144.6889387823964
EK202310176587,146.03962062353577
EK202310211243,125.01177883715147
EK202310116843,146.57794167925272
EK202310167978,123.3645025805608
EK202310199028,153.02473154476036
EK202310178842,137.7783920568267
EK202310003563,163.17386858101156
EK202310113491,132.82912594441507
EK202310202425,139.54821104884974
EK202310156026,155.58569068468756
EK202310235868,125.53374034177739
EK202310129923,115.43757114853011
EK202310115347,125.04766965474207
EK202310136092,171.1039654660641
EK202310212411,132.87082618606738
EK202310198783,178.53078012541707
EK202310154295,128.32929581264392
EK202310132080,143.06724276397995
EK202310115510,138.25377895462242
EK202310186713,135.544386622748
EK202310246486,131.55072402467795
EK202310220909,139.35520923420555
EK202310133930,144.8071950723486
EK202310230327,162.04657357619124
EK202310227578,150.7632824350837
EK202310147328,174.3542290268985
EK202310174500,133.84617526979576
EK202310121141,132.2355967614615
EK202310218136,152.26872139254078
EK202310187497,168.40522487741632
EK202310219497,136.8005510434628
EK202310158430,163.22645194252934
EK202310232072,152.4185187062442
EK202310161910,152.785252220011
EK202310232257,140.35303866122865
EK202310109324,144.4620555180694
EK202310117586,129.94310902090794
EK202310145201,149.94889465767545
EK202310191458,156.77292761532885
EK202310163905,143.13177610401738
EK202310200681,147.85051730429248
EK202310190561,144.67359702397894
EK202310144363,137.1782723363764
EK202310196397,134.94072077205786
EK202310168831,133.93149954824332
EK202320007357,168.510107060375
EK202310125955,139.9275951187241
EK202310210692,137.3348468393651
EK202310202677,137.06600665411779
EK202310212296,148.01891930978553
EK202310228282,125.75446406244988
EK202310198392,145.94282537536765
EK202310189017,151.49816569391052
EK202310184070,157.92996211436042
EK202320006398,155.20534293037457
EK202310221409,156.0507964436558
EK202310229971,133.86099626949294
EK202310202941,155.70349705547363
EK202310131905,132.78066739391494
EK202310112775,138.24236717030954
EK202310209245,156.91177741627325
EK202310185710,153.6616029526749
EK202310155827,130.73540122957357
EK202310158156,174.2988917242693
EK202310143080,139.51638688329456
EK202310217821,128.9419543350247
EK202310205060,132.4260789910675
EK202310152230,159.70275721588288
EK202310215647,136.18903112766776
EK202310216568,129.33022512832912
EK202310173496,133.98801180594765
EK202310132220,130.5407442551542
EK202310229606,135.91813601508852
EK202310197847,123.48601703937418
EK202310114444,137.11331072740472
EK202310212587,142.27851022714492
EK202310128678,128.9839711918817
EK202310129009,156.41132255929162
EK202310135868,135.98147139618143
EK202310004655,138.44022299467585
EK202310004666,120.10050409642125
EK202310172312,127.98008444209123
EK202310212324,136.613099189897
EK202310234071,139.6581802048628
EK202310237714,139.2598384177997
EK202310227143,124.63521899263931
EK202310106080,143.17457687125759
EK202310115972,153.9515784864447
EK202310223416,141.38590105095196
EK202310185745,132.96531556093265
EK202310108584,153.62823877546376
EK202310244398,134.41166180103323
EK202310104476,151.83554591821147
EK202310243111,148.42464831278437
EK202310182118,157.63819185163908
EK202310231776,132.67640382439004
EK202310114793,130.48829541030423
EK202310107506,129.5267706446841
EK202310203271,138.56634718449126
EK202310206441,140.37979751277925
EK202310197006,130.87862997544633
EK202310213977,143.83468163663557
EK202310174608,156.94571601166274
EK202310126126,141.53327409297356
EK202310230545,142.71082031850258
EK202310103903,147.48222270513816
EK202310234105,157.20256367813
EK202310165010,140.61187909307966
EK202310181940,131.71386436159298
EK202310118673,133.24433049893298
EK202310188868,172.46493632994367
EK202310170989,162.13186157786907
EK202310213961,155.60574787799544
EK202310236748,139.62432149947003
EK202310128144,156.32667385475935
EK202310131032,117.0475540624085
EK202310199927,131.3343880111031
EK202310228569,131.44805861049838
EK202310137099,153.429477977812
EK202310216503,148.51248104945105
EK202310225348,134.92921902087002
EK202310188082,132.40645429150942
EK202310107466,157.67972234403564
EK202310119468,165.84590086012028
EK202310177435,118.64167455487855
EK202310226065,164.77910644935127
EK202310238474,139.0934503376998
EK202310178935,129.11959987768773
EK202310111288,142.37840213150056
EK202310231278,139.4211316751471
EK202310195743,165.2537409114947
EK202310177642,148.5488773180594
EK202310159731,152.82163751333567
EK202310233199,145.37419207731674
EK202310164963,137.75694109493878
EK202310108728,134.9539355772959
EK202310241516,135.89015819225727
EK202310114502,140.9924412046512
EK202310163597,143.38958836476397
EK202310194099,140.08852033162108
EK202310191390,148.8476811551053
EK202310136653,142.48278231116495
EK202310132780,144.80937997892536
EK202310192296,128.47784345025497
EK202310210820,128.18995003153185
EK202310157545,147.94461657907695
EK202310117978,138.84192249040174
EK202310128805,126.72232309492284
EK202310239206,138.97102500890827
EK202310184728,129.37628329139204
EK202310188346,145.69755628619734
EK202310115220,128.88081684030598
EK202310136091,175.26348231172034
EK202310187000,153.37552807388715
EK202310004481,139.40518468972476
EK202310142481,123.55627361244355
EK202310241665,127.0388382583149
EK202310172530,125.75186589901291
EK202310242247,143.2614938046504
EK202310201108,127.57293419773596
EK202310157151,141.64013874688123
EK202310248777,158.60922206048662
EK202310234150,138.75782061829963
EK202310245991,134.60199059912748
EK202310196183,147.64670385133894
EK202310112151,145.37358823672952
EK202310240040,159.7935363358208
EK202310122111,128.63664325742238
EK202310237646,141.83726281964243
EK202310236751,142.03921445180538
EK202310110678,116.23089360377145
EK202310175472,137.58862613779786
EK202310104032,153.30853444868842
EK202310130367,131.91416275741247
EK202310218178,169.66702958327588
EK202310190059,182.13179590067426
EK202310154040,141.45218096240708
EK202310104704,132.037911076397
EK202310234675,138.87435085016963
EK202320007076,146.30448858199173
EK202310117416,159.7122985657924
EK202310106592,145.77532525372212
EK202310218855,148.5220612759378
EK202310112951,129.64022443042342
EK202310198510,155.12031000031908
EK202310170591,133.12436928435505
EK202310171607,145.00636101164085
EK202310188047,152.66176731170992
EK202310106176,125.05341396396005
EK202310139729,160.52229342367932
EK202310188177,167.26197612486268
EK202310216551,133.05036704694115
EK202310190746,151.93370021368452
EK202310198445,166.17279965874118
EK202310167557,136.77725767882202
EK202310232345,135.42332405335728
EK202310205089,152.1358701019097
EK202310200704,152.47029632177754
EK202310168328,163.98912120143103
EK202310117660,130.29673327491307
EK202310241204,169.01498895064879
EK202310219555,137.1557234440363
EK202310108822,143.26118642607884
EK202310178261,152.36612021655012
EK202310170803,140.86382741868164
EK202310180578,133.9350761029492
EK202310183233,162.8142868967532
EK202310214067,178.87707747789483
EK202310177910,146.1467774568237
EK202310184628,181.0501508987353
EK202310236640,131.0572701215714
EK202310189443,174.48894443940512
EK202310219770,128.37064576270933
EK202310188035,156.63896736630284
EK202310110194,156.56550493280054
EK202310244334,135.3658040647751
EK202310196346,153.21344120600196
EK202310239240,141.62600808480155
EK202310190697,150.2329045187539
EK202310183845,165.97666682940684
EK202310173568,161.33621106067807
EK202310122648,140.22549554897665
EK202310138573,148.6707622524955
EK202310107238,141.67457667201353
EK202310123716,131.455049358503
EK202310222719,138.086381035751
EK202310119574,138.10352265575395
EK202310106379,138.0234333450256
EK202310179487,163.64693649637874
EK202310204316,149.21288803495187
EK202310112072,142.34139648492138
EK202310103891,156.98308560250535
EK202310121527,142.24023553383404
EK202310147901,157.8273726293628
EK202310129747,150.45730836832178
EK202310216313,129.0220668280862
EK202310138904,155.10292045297282
EK202310148441,145.58527763455135
EK202310153870,130.99029984987558
EK202310108732,139.67555464765206
EK202310180949,139.4808391828414
EK202310108710,134.50888268659034
EK202310198670,123.40013851051955
EK202310150197,164.8565458529152
EK202310213492,133.6154099836909
EK202310136448,132.5162267782639
EK202310131230,155.57308785257254
EK202310231399,144.2804107443045
EK202310121599,164.23662640235483
EK202310179738,162.31457764099244
EK202310167476,170.36901362051668
EK202310131623,144.86791405634662
EK202310140730,159.82234495788327
EK202310144389,170.33385387190037
EK202310245102,126.82196179364037
EK202310132691,118.42663530056026
EK202310106449,137.75462554593742
EK202310167353,121.8106119562555
EK202310236989,128.53966097259817
EK202310111119,139.61086892145906
EK202310186689,176.66275163283197
EK202310209031,164.46530946902996
EK202310139037,156.10928476572815
EK202310158574,141.11897889218864
EK202310235776,135.99641168685065
EK202310149594,151.58981959277975
EK202310106989,149.96956058288163
EK202310207828,152.3265019431528
EK202310129283,145.75032920901123
EK202310103761,142.51875990118242
EK202310117820,123.11780196843175
EK202310170386,141.87511804628295
EK202310200918,150.67304400527837
EK202310104618,128.056857874298
EK202310211311,135.9623197795787
EK202310217151,158.27562313592557
EK202310197688,160.82174734968052
EK202310141161,126.12738257557739
EK202310200723,140.31592281501992
EK202310192613,130.60009263180265
EK202310231385,146.0588260163288
EK202310161421,126.35871816879401
EK202310185090,152.1348380429356
EK202310118323,135.48589464503823
EK202310179435,141.40449402338777
EK202310246748,167.4218785597027
EK202310203308,127.84045517841287
EK202310166549,147.67114543380953
EK202310231043,136.38100643767598
EK202310144171,130.8634271189769
EK202310171076,157.3125116066504
EK202310234671,137.45347656634584
EK202310178258,149.68166183208857
EK202310123111,127.48010222492996
EK202310105273,154.96846683099167
EK202310232779,112.55340989014272
EK202310245923,127.97800328280577
EK202310232934,126.24724856836961
EK202310206444,140.92048987200752
EK202310199292,160.07732366926308
EK202310172407,150.7678797616914
EK202310110982,131.06653409625065
EK202310136670,151.6175636822244
EK202310196416,158.88543248870778
EK202310147370,144.89813134317126
EK202310203187,139.71480309732394
EK202310127574,144.03444986406743
EK202310223109,124.39210895177939
EK202310210815,131.8943592071297
EK202310132728,156.33502519565675
EK202310195728,158.4359262244118
EK202310162562,160.3793022435706
EK202310122166,132.83145106244504
EK202310133502,147.58744403376147
EK202310176748,134.8669007601786
EK202310149681,150.40923593913672
EK202310133367,145.00451083559403
EK202310233308,150.92016235493972
EK202310111956,145.12303066848665
EK202310213087,121.68715354724206
EK202310163861,140.37674653581018
EK202310183017,115.67071613774849
EK202310148049,155.46376009065006
EK202310159587,142.43637120974455
EK202310120104,154.01711351398382
EK202310173791,135.3780415684425
EK202310120609,118.04549601250403
EK202310120220,147.13172664518572
EK202310164643,149.44849976152074
EK202310242480,138.98553437924664
EK202310237393,128.76693764341408
EK202310110258,131.22791553002943
EK202310203310,144.07255839947803
EK202310244388,134.19013417103716
EK202310142420,153.8085420918759
EK202310127247,156.947580700989
EK202310245410,142.46276520127682
EK202310198231,154.17391045133735
EK202310224714,125.18312414475375
EK202310112152,140.92080825956316
EK202310219634,153.13209463836347
EK202310120507,149.713541086711
EK202310121024,140.9633443466348
EK202310162609,154.51433085106882
EK202310198139,139.55095780080808
EK202310115733,140.60471510140553
EK202310197648,179.872910554423
EK202310152061,164.07321561097388
EK202310246184,134.69980353857235
EK202310175646,149.33317851706983
EK202310195357,177.72539466374772
EK202310180995,151.3405698424202
EK202320007602,157.23012229313537
EK202310125780,119.72230565187283
EK202310141209,131.2732811685724
EK202310241145,145.9445184858847
EK202310214473,160.65438225103298
EK202310104412,135.72818469057077
EK202310145300,158.44992032725276
EK202310178546,107.93479826748771
EK202310222192,137.6637262550626
EK202310003791,121.50171262051497
EK202310164084,137.77637598701546
EK202310247625,125.39613420467192
EK202310179777,143.57484188940987
EK202310204086,122.43982233623483
EK202310199051,167.23952796635496
EK202310199503,132.68643443922562
EK202310124201,134.68266806450066
EK202310111462,134.97653482009758
EK202310149507,153.92693420938062
EK202310149626,146.77115408264132
EK202310196221,143.94331337748997
EK202310241259,161.33709595600786
EK202310110599,133.53252304019642
EK202310234816,146.84466537028703
EK202310179926,147.93484853228887
EK202310158821,152.5719859171646
EK202310203000,147.611396778163
EK202310162317,129.568479400417
EK202310125499,132.3055431929217
EK202310171521,141.20340339677443
EK202310155121,139.0102037278163
EK202310246662,141.84911819852243
EK202310222404,121.10261227551145
EK202310119271,145.83592569764423
EK202310179293,123.20908458393683
EK202310162370,144.77062271430538
EK202310185317,150.39536995465122
EK202310192836,179.90231794224934
EK202310197187,164.78359294985395
EK202310119438,148.20137367259903
EK202310154800,148.46069965806572
EK202310162887,144.94001700611415
EK202310114407,158.65018781964955
EK202310107541,165.21688309725252
EK202310165391,132.70280705239767
EK202310114222,141.23519509016026
EK202310108463,147.83288880470636
EK202310160505,156.51790207283958
EK202310175819,121.22143576565
EK202310224211,141.19553915235417
EK202310181094,161.4671244027067
EK202310209683,149.53116892216278
EK202310144068,171.12359692240298
EK202310185016,162.41993083901636
EK202310242866,122.44894618853488
EK202310136700,118.82744047214683
EK202310129667,144.2794369109825
EK202310185490,157.61317751494073
EK202310180615,137.91432805085603
EK202310106120,129.99858469348595
EK202310139529,127.7216242427809
EK202310208712,150.9533856871247
EK202310202493,149.69349893953057
EK202310127493,159.69454717566185
EK202310185646,150.65056196123456
EK202310236048,118.93920164128224
EK202310215422,135.95988613034308
EK202310154768,149.6730002567539
EK202310156660,145.7933881272803
EK202310215522,127.92825965326713
EK202310191431,148.98813940527438
EK202310219661,135.08520812313324
EK202310111217,114.20253303824354
EK202310142283,145.82720460854944
EK202310152451,178.71417296083536
EK202310131900,147.4041461933227
EK202310118813,147.88230203770314
EK202310158474,136.14044837429952
EK202310206038,184.91272810068295
EK202310140824,138.27607553556635
EK202310193053,133.02332454651898
EK202310239738,139.7129968448273
EK202310183514,181.46484873025764
EK202310228473,143.9175062005889
EK202310187727,140.5921699957762
EK202310208678,144.7229792379671
EK202310151445,145.63402503916075
EK202310129744,132.3922869192304
EK202310242221,152.07459598655356
EK202310140908,140.55903182327955
EK202310213034,137.59534766599037
EK202310162066,145.4478993394314
EK202310166091,139.62027138485092
EK202310168349,131.88928345194836
EK202310204830,144.84931373459222
EK202310119237,130.43169230882654
EK202310177687,140.6364055155119
EK202310194046,134.90611496806082
EK202310120099,122.79788256853156
EK202310139982,181.6091476871972
EK202310172126,132.01031173945222
EK202310225892,130.82286247111352
EK202310204605,145.17158164475305
EK202310166382,150.22312757647188
EK202310164816,159.587960195834
EK202310118373,124.98232067313471
EK202310141696,151.8341914335787
EK202310229964,150.20506618257312
EK202310127949,143.67428044989515
EK202310239375,188.70025797103042
EK202310173625,150.83791167520374
EK202310141849,168.0729392775109
EK202310115485,132.23565320235812
EK202310129234,158.00516567694658
EK202310105793,132.291535656516
EK202310158046,137.15468966911845
EK202310192078,150.87809803977262
EK202310211785,131.59522626188934
EK202310194018,167.26000385747838
EK202310223067,128.7665735852932
EK202310131851,158.374481918745
EK202310146819,132.13907642577578
EK202310240643,153.10178353981544
EK202310156305,148.71819521652526
EK202310207011,129.9551427041191
EK202310225288,142.22167591469145
EK202310246090,153.13704348770216
EK202310159743,144.05132118557697
EK202310160951,172.8794383367709
EK202310164394,148.03675649539548
EK202310172687,134.9427326775229
EK202310157664,128.52458867962767
EK202310186799,143.0654370619522
EK202310177813,172.43938050361254
EK202310135564,149.80266891301426
EK202310109869,133.83623437753064
EK202310232529,139.28305682037467
EK202310190796,137.1794221126913
EK202310157371,139.4350984491124
EK202310248440,134.77069613651443
EK202310236433,135.84907479622356
EK202310155362,148.76380815085713
EK202310178291,150.49856051635294
EK202310236912,155.7249820226968
EK202310104076,132.2029973006762
EK202310192380,130.62769233109077
EK202310138804,147.7953208043908
EK202310151241,144.9004388577444
EK202310199540,134.61519614942466
EK202310173988,123.48244180694437
EK202310173002,145.44933038548578
EK202310243625,152.0593491167297
EK202310193531,131.63423073268928
EK202310114242,147.90166641491334
EK202310138736,145.60112624234569
EK202310190347,137.62264415333757
EK202310236408,135.1092005950213
EK202310120734,160.29584761822105
EK202310199091,164.60194227282867
EK202310163422,133.07552182736737
EK202310204728,150.740657068177
EK202310130979,151.69775529884626
EK202310183928,155.8371213788203
EK202310149172,153.73326666297518
EK202310112222,144.9944550229425
EK202310135593,170.0221116651076
EK202310116248,135.53621820055992
EK202310139060,151.91628701747862
EK202310119677,164.5355922614278
EK202310158107,141.94073333842127
EK202310132346,172.4906446883312
EK202310134894,152.0297104514917
EK202310136486,130.02312999377006
EK202310129929,160.6018342291635
EK202310105561,136.6019719468262
EK202310154663,135.04250642150438
EK202310170691,159.9653460967132
EK202310129385,148.755729334224
EK202310201900,159.06853849914214
EK202310167771,136.1253479771044
EK202310157806,141.397244012868
EK202310149813,185.06323371473894
EK202310176321,146.38492712156835
EK202310114996,147.8812625909026
EK202310190897,152.65389809846755
EK202310166461,134.21144667998982
EK202310137821,136.12151925668553
EK202310112150,145.6366943228477
EK202310192173,125.62319176791787
EK202310173654,144.5053918471233
EK202310220329,149.87575294479217
EK202310202774,161.22617138603505
EK202310150939,136.3830748823323
EK202310155941,133.07502656655265
EK202310185382,144.30093449605423
EK202310237219,139.64688673127594
EK202310244185,124.5722303612655
EK202310221987,124.50800131789515
EK202310193216,135.2730616225021
EK202310145019,140.47016627892958
EK202310193312,153.17384730002584
EK202310121038,130.28171855496532
EK202310210609,143.05268381088732
EK202310198874,146.94085846949315
EK202310144516,148.2727565447239
EK202310110453,129.09934245788446
EK202310135805,139.67460194511594
EK202310128896,119.36645749492675
EK202310183544,146.1959900179385
EK202310181264,143.65865333513491
EK202310204958,140.62420349502577
EK202310168271,133.03118305298955
EK202310219179,122.10466364993302
EK202310224962,150.73030342895777
EK202310210604,142.2548638661677
EK202310159739,160.16419718519248
EK202310132707,148.12096315683533
EK202310105567,154.46654392523465
EK202310226814,142.90876801142016
EK202310217907,129.78509510019927
EK202310199396,143.4758304658933
EK202310105066,146.5847177595004
EK202310200675,146.9397823384772
EK202310237294,148.3793230761943
EK202310157377,133.51790239011876
EK202310229136,132.19262643881768
EK202310186430,112.46396834878166
EK202310163802,118.92378178873763
EK202310142202,165.61331370427806
EK202310195256,145.21495200497003
EK202310004248,156.27084748935727
EK202310195944,129.1556911115732
EK202310152129,139.56653861300336
EK202310235567,143.54854301899303
EK202310239108,157.42414870627545
EK202320007089,143.84242544478215
EK202310188372,154.06594491303497
EK202310177026,151.55791390253574
EK202310130893,146.29693791536337
EK202310145973,157.60857454472352
EK202310168876,120.91889041401377
EK202320005981,171.1240654766554
EK202310158643,145.2217852172755
EK202310186188,161.70462003080218
EK202310134495,121.88505625289244
EK202310247686,146.143526801471
EK202310150624,154.18550770846423
EK202310205684,126.29078646773466
EK202310130971,142.55763377032508
EK202310109938,155.8399467587421
EK202310157726,128.96244016223542
EK202310217250,141.15076070995136
EK202310232228,133.0889891581853
EK202310212931,146.48371052970018
EK202310224251,140.81785535884103
EK202310177088,129.54985874142133
EK202310178114,127.2380172470673
EK202310133902,145.41674667232007
EK202310243447,130.94272817809883
EK202310203833,147.3250828662559
EK202310205106,158.97391415472438
EK202310244839,155.32739769380132
EK202310153612,161.72593334268282
EK202310168129,133.05919992596114
EK202310210315,126.2781719049973
EK202310221450,129.9973177169132
EK202310229011,138.89028181583302
EK202310109445,136.7529871255456
EK202310172449,135.3435513653867
EK202310173624,131.31601526513984
EK202320007778,144.7935525201303
EK202310191821,126.69851758232316
EK202310163402,158.146873380883
EK202310198726,174.80995392124674
EK202310235035,134.67411727230305
EK202310190400,133.75609537757657
EK202310223143,134.28837654623905
EK202310134393,167.19337334265617
EK202310190107,153.12237089507454
EK202310199104,158.66263947464842
EK202310198171,124.59215139984731
EK202310126236,138.0629967086849
EK202310110975,130.85515061521727
EK202310163529,136.84364354751628
EK202310208517,128.08043956840305
EK202310229161,117.2273175882247
EK202310224145,139.46580951961514
EK202310245526,135.16765130346434
EK202310105925,130.4353916407653
EK202310241775,125.45843320327214
EK202310131256,131.21114016818262
EK202310167720,142.2659472528585
EK202310128585,140.07759060098806
EK202310171250,147.27930433373788
EK202310136309,152.09386206177348
EK202310159794,139.3902472506594
EK202310147802,161.0499039296918
EK202310217371,141.00604030487526
EK202310142272,132.6686691223558
EK202310192020,145.69941280220183
EK202310121935,148.61263361478882
EK202320007881,168.58224362966178
EK202310144741,133.81647402281365
EK202310237080,156.6704978469468
EK202310121787,128.8507616704273
EK202310157606,129.18555772508844
EK202310171437,160.5976919648126
EK202310108122,139.40172320947903
EK202310151362,126.64961947226314
EK202310115777,124.89390641104669
EK202310239193,146.21095930884113
EK202310233042,128.09339254967102
EK202310202833,175.58745912095674
EK202310113174,147.435677311493
EK202310167499,137.01690767995234
EK202310126289,131.90709721165015
EK202310129491,134.94806784149594
EK202320005784,162.48061610486562
EK202310170372,128.4853859026533
EK202310213906,142.1979260623503
EK202310199476,130.85697177191352
EK202310247011,158.24923094437378
EK202310195117,130.93442468691123
EK202310120294,150.99499862179866
EK202320007259,149.36028280959945
EK202310188597,146.13094566715668
EK202310165978,138.53281553446044
EK202310115867,133.57105373877653
EK202310193317,182.4748277695516
EK202310203873,130.30589160254465
EK202310205284,125.52368467992046
EK202310111575,119.00848878268907
EK202310225817,133.35801694595966
EK202310231254,120.50468327021136
EK202310183664,170.60203442977144
EK202310104179,123.7067247321825
EK202310230497,140.22223030640782
EK202310193284,142.86830768392332
EK202310147738,156.67958881482747
EK202310241264,161.91130256084182
EK202310199094,165.88164205712454
EK202310128153,159.22551333990373
EK202310177426,155.91661285205856
EK202310106407,127.90006032232358
EK202310224168,170.11847352427841
EK202310182894,142.90929643175483
EK202310196624,152.40671670369863
EK202310174799,146.75912232623483
EK202310244287,154.64453008142405
EK202310158225,148.29399364532804
EK202310158700,190.45307758688622
EK202310194647,129.27130077222074
EK202310176945,138.20356587099883
EK202310242585,138.68542765195525
EK202310168424,159.3232152311994
EK202310155163,151.0543999379529
EK202310124200,124.72593216089744
EK202310167074,157.99515601908192
EK202310227610,164.95897756535177
EK202310172440,173.1894705973851
EK202310224828,118.70117821485692
EK202310125087,138.60852974570827
EK202310172624,137.97626645313738
EK202310212981,131.71080760015948
EK202310212038,118.31292192471936
EK202310181888,141.04014300800605
EK202310151373,146.84386410003648
EK202310151400,179.19524390983386
EK202310129480,146.91420796346335
EK202310105531,145.7552652798194
EK202310168802,151.14911238639027
EK202310143364,140.41979218093488
EK202310124872,119.09931296408548
EK202310204355,137.04428015106149
EK202310151111,165.65015956102823
EK202310208992,126.4641941394079
EK202310214546,156.17796318858862
EK202310149411,128.06712523371598
EK202310142260,126.38057643828276
EK202310164059,140.00868315702525
EK202310109215,131.27991605371267
EK202310199582,134.20314704392482
EK202310127468,130.9294241020635
EK202310142858,140.02947432330953
EK202310203332,143.88299047470193
EK202310158565,155.50498311118645
EK202310172619,140.37243872859543
EK202310107206,112.89764831326106
EK202310211213,130.29305422832434
EK202310172337,129.87333685363043
EK202310220668,130.8508512314278
EK202310153800,138.88897460308073
EK202310211090,122.76223566987163
EK202310189907,138.22255953371436
EK202310187277,107.10527278996675
EK202310196375,132.25071186662723
EK202310133091,134.04362533072072
EK202310126566,131.710902332287
EK202310157696,125.59533548461187
EK202310170462,125.66082233490793
EK202310187255,151.9256984779962
EK202310123459,128.7902571780705
EK202310145959,133.99124585289354
EK202310220363,145.3853219925573
EK202310139815,122.97367552294912
EK202310181913,131.93850458269532
EK202310109098,135.69859605604478
EK202310132727,159.099493513581
EK202310122252,144.35920088502866
EK202310167093,167.30157599828735
EK202310139661,148.355148395724
EK202310174818,163.66965148589625
EK202310166691,133.0088479967707
EK202310003691,160.9271427548067
EK202310237525,131.3965559113318
EK202310117373,136.80174036276466
EK202310179546,142.75608393016796
EK202310126077,127.69495472324313
EK202310184499,171.15520643113948
EK202310186109,156.37034220086724
EK202310106103,148.07514481452122
EK202310112500,133.9636912297062
EK202310133741,139.0392769536435
EK202310109783,134.11454413997856
EK202310117249,134.0060789206666
EK202310203878,137.3959395560838
EK202310196452,134.53446982789396
EK202310181760,157.00334043747029
EK202310112276,153.8956511237237
EK202310190428,147.3781195044658
EK202310217583,168.0008912272474
EK202320005844,151.56793130807634
EK202310206265,149.33362249220107
EK202310221855,131.2765274560735
EK202310152502,141.70029149551678
EK202310119997,124.93246432931545
EK202310234516,126.76722310772624
EK202310109706,181.98732900027832
EK202310148105,141.45000351151174
EK202310154560,123.72141167179896
EK202310236829,128.87668032228515
EK202310167010,141.05909047423415
EK202310240372,149.86084835742653
EK202310129679,158.936101883285
EK202310213367,135.93422545422152
EK202310198361,151.96967538510876
EK202310154494,126.3417921285556
EK202310247393,163.84263669865106
EK202310233217,132.31873323379
EK202310147827,155.59380517875027
EK202310115117,160.37782201455292
EK202310148420,148.02158543773095
EK202310190832,157.47186244261985
EK202310134924,128.45545697466514
EK202310188986,159.54936903232618
EK202310129065,158.44547801950256
EK202310191867,136.5476980326775
EK202310134983,142.0370453330787
EK202310113731,149.59035084744679
EK202310201726,141.49908357154206
EK202310230201,163.78718387864038
EK202310168525,151.96036619012852
EK202310244486,142.79156143957317
EK202310189155,169.25292192738092
EK202310140440,136.47802039182665
EK202310106749,129.83660044959055
EK202310179762,145.4143041886038
EK202310129836,147.6593249819299
EK202310220701,138.54582994494857
EK202310186360,141.00027726643856
EK202310109349,160.40230610722972
EK202310201338,147.36333373087166
EK202310212253,132.686464150179
EK202310155921,134.87922559379183
EK202310205532,172.0657151002782
EK202310128471,161.84374434774313
EK202310201094,146.11205387656992
EK202310190383,142.63809884775745
EK202310110189,106.48148916828382
EK202310147602,149.084169707402
EK202310198097,128.11308562531062
EK202310216064,127.28872383647814
EK202310211013,147.80296771693935
EK202310160719,163.44522809127773
EK202310176494,132.57232637297554
EK202310145249,136.26110800782448
EK202310235596,140.95143867693204
EK202310110412,138.8795257254016
EK202310200832,132.01056346777486
EK202310204509,148.66916197136555
EK202310149049,169.06166341797166
EK202310183661,150.64210044126295
EK202310216447,146.90473126741708
EK202310200320,137.1895353636858
EK202310161067,124.58749891929565
EK202310207130,135.43466205283735
EK202310145591,161.17719226249903
EK202310127977,147.85262628046146
EK202310161518,175.58448578999966
EK202310138156,121.36003324243362
EK202310244709,140.07098403001999
EK202310142566,142.38748153780358
EK202310124071,124.81337546506548
EK202310152858,169.1387934837313
EK202310190782,124.60324656503383
EK202310167544,141.90881530874591
EK202310192845,135.6372240201927
EK202310160817,140.28469805086704
EK202310196420,155.86616801026375
EK202310004827,145.87449371154378
EK202310227825,143.07305443006462
EK202310194467,150.6849507855454
EK202310113608,155.3382476502162
EK202310103781,133.6435680660436
EK202310221275,148.703068212137
EK202310169673,128.28493989761392
EK202310190005,150.07051944218003
EK202310188898,146.44418779859404
EK202310183079,158.59074526937087
EK202310166912,157.94215386276636
EK202310142437,163.04751095420096
EK202310212298,142.65586254190487
EK202310109551,139.60192903468942
EK202310222094,132.07368789912906
EK202310202049,141.8756086140384
EK202310212471,138.05239404077443
EK202310187583,157.11386564621455
EK202310188837,135.80441414047883
EK202310220895,121.41239021476099
EK202310108270,140.23034391517334
EK202310186872,157.16201618091404
EK202310156937,145.76895212748042
EK202310242846,142.51650085879527
EK202310186481,127.30669024426432
EK202310221455,142.45587891373225
EK202310180574,136.2599657455459
EK202310168049,147.48109560915407
EK202310133898,158.31399931026354
EK202310168746,130.97606590699039
EK202310212474,134.24878844036448
EK202310161742,146.1846336668337
EK202310181202,158.2661579865065
EK202310200036,120.18415756150975
EK202310184172,158.31184153500692
EK202310239220,138.98100787256834
EK202310165958,135.5478611229873
EK202310212102,143.37060737118617
EK202310218823,157.2327783642297
EK202310151307,128.03817369859388
EK202310204250,154.13952961878238
EK202310183865,149.1857386292508
EK202310149510,148.7432400789154
EK202320006769,154.23368382117403
EK202310227796,143.71761165441512
EK202310248710,143.57691417541048
EK202310198205,130.96907082135098
EK202310135989,138.38057913379168
EK202310124456,128.96860552685683
EK202310221007,130.45680648122186
EK202310126207,150.50145248346635
EK202310181795,158.78813331933475
EK202310168767,146.52991137442277
EK202310119332,117.31910734826168
EK202310135427,136.81612795408907
EK202310206685,140.43620318889037
EK202310241653,122.85357618903339
EK202310196379,131.32597285807253
EK202310120248,158.42654367494214
EK202310172212,133.82701549199638
EK202310181585,148.55562550434132
EK202320006780,176.63895936977795
EK202310133161,126.23427170272558
EK202310109841,135.25818210011207
EK202310152371,173.9318586685914
EK202310125316,133.23286400839788
EK202310127854,135.7845799149475
EK202310208551,139.41195913898463
EK202310172019,115.91886864251671
EK202320005655,168.65643937642395
EK202310117833,122.76038199123995
EK202310110950,131.16388394422515
EK202310244018,132.4097617446335
EK202310234592,141.48027399723372
EK202310136966,133.77258355901876
EK202310185914,150.57659892983006
EK202310236175,130.53379869556304
EK202310187917,150.26881096791877
EK202310004461,150.68443411212286
EK202310131974,142.47854685669208
EK202310184967,151.87622760865315
EK202310185067,149.2004465973552
EK202310236069,127.29690598293081
EK202310186869,142.00650705455817
EK202310149914,141.2214339880597
EK202310154439,130.58086857538453
EK202310117130,149.39596650372866
EK202310192819,148.1872885340379
EK202310158666,168.5926705154164
EK202310197005,134.85823760446397
EK202310203581,133.77831116613814
EK202310178102,133.40614273722846
EK202310224457,137.81625108383437
EK202310118618,131.82656782591374
EK202310185500,159.99941754428204
EK202310213431,132.67966090623167
EK202310201151,171.09810581864735
EK202310228224,143.5175531347032
EK202310148041,159.06882367299724
EK202310178742,166.13281650034708
EK202310227550,135.2275357567407
EK202310119869,153.3640798262293
EK202310146474,145.0879570623421
EK202310123299,128.45632376301407
EK202310187842,142.04699820887342
EK202310155425,130.70335528100364
EK202310210739,139.82706685558827
EK202310177302,157.69549819913402
EK202310202123,167.5095586425137
EK202310104749,143.70469854930482
EK202310185079,132.13356932730483
EK202310132781,128.2968024771715
EK202310193932,143.6620067363647
EK202310189612,115.76024360971368
EK202310201902,160.56257457289854
EK202310208534,159.4325410539491
EK202310189130,141.51126130443697
EK202310215684,133.78655103196826
EK202310160446,145.44421600638526
EK202310133958,165.82461950107614
EK202310176688,151.2567001084185
EK202310211793,122.7006295412432
EK202310210111,130.4473534618215
EK202310232666,120.95992668865883
EK202310128743,159.84127184484487
EK202310130719,123.39531508103693
EK202310004334,144.81584209317433
EK202310126855,148.31607704234239
EK202310152426,141.7412386157149
EK202310188746,134.59734234683967
EK202310236429,142.01953520036182
EK202310170500,139.87004289678848
EK202310124582,137.2696412188397
EK202310181729,169.52205270361821
EK202310224787,124.77109409273541
EK202310108930,141.76571687745462
EK202310104434,130.80092636539138
EK202310115530,125.13078591799501
EK202310184629,181.21147210619063
EK202310217615,125.52328725517174
EK202310228010,118.5237095689031
EK202310199351,148.01733036667943
EK202310231067,133.84903017106302
EK202310215633,141.29156618299055
EK202310142323,175.06734431503617
EK202310244740,135.65897697546953
EK202310173913,156.41388370979632
EK202310218786,127.58348982166618
EK202310215448,136.57436306771305
EK202310114357,147.899596119402
EK202310197601,138.03090850519592
EK202310247322,157.36128564492662
EK202310231270,138.000515007105
EK202310142374,127.11485563448369
EK202310117138,145.5723605913116
EK202310176849,131.95654999615803
EK202310109114,143.69767174422145
EK202310182696,155.93893991761354
EK202310135900,138.8790050969853
EK202310123905,159.7969133887828
EK202310130761,127.62757463879346
EK202310122276,141.45814312532224
EK202310121513,163.04652968229607
EK202310168032,159.17159549173743
EK202310213827,140.35996766395087
EK202310115189,130.9886746113947
EK202310138716,159.1380151652692
EK202310246376,146.52575942414995
EK202310227795,122.82464946204593
EK202310138696,144.68195034439503
EK202310194234,133.24074787523594
EK202310184761,156.52216895372777
EK202310162543,163.68570542869082
EK202310236480,129.45689559219693
EK202310209507,137.1169765837156
EK202310136499,139.49906144917495
EK202310204660,130.31090277163736
EK202310111522,146.6702325966444
EK202310105606,128.90524693138457
EK202320007453,152.61552614234125
EK202310232384,129.02560247114295
EK202310206748,129.45654485345273
EK202310241912,164.8643427205194
EK202310124064,138.9559458262577
EK202310122759,122.53662268269834
EK202310190369,188.19473321784795
EK202310186879,164.8561962168807
EK202310149694,125.47221012326301
EK202310223534,140.24985852858055
EK202310159550,144.83696375229897
EK202310221243,128.0798849428385
EK202310244635,145.41596359812053
EK202310198162,123.57009636805667
EK202310125552,131.68370379195318
EK202310132850,114.48144326008378
EK202320005964,154.8689241363657
EK202310126781,160.82997331969153
EK202310147128,150.0708756450497
EK202310226818,138.11920370857663
EK202310124338,145.7964869196287
EK202310225790,128.9032620846123
EK202310144382,162.39016343652878
EK202310160141,141.41298010708007
EK202310177663,149.67330794287693
EK202310231419,130.02131737438634
EK202310141307,141.57146413267
EK202310119017,151.72828597782288
EK202310219691,130.02159927366898
EK202310114034,131.83784964328535
EK202310207177,167.40518760894702
EK202310120353,143.53835946565812
EK202310003709,130.7674669214979
EK202310208102,148.48227847879514
EK202310117194,152.58985937995155
EK202310160414,152.8643696921594
EK202310128750,133.6476205514418
EK202310236926,154.29984219743835
EK202310230067,148.44648327924781
EK202310209445,146.69338057243098
EK202310237314,142.77433519609883
EK202310232234,126.10244937775683
EK202310150354,153.42026918257127
EK202310196951,173.57152022230656
EK202310194465,142.0752101007927
EK202310193016,151.10732321782763
EK202310151083,127.77078894311353
EK202310184367,149.96214988804408
EK202310112469,152.74135344807704
EK202310192489,137.49860225014294
EK202310224546,132.59020102647114
EK202310247421,153.5480648742627
EK202310194417,149.15088856206174
EK202310121339,124.68597914745358
EK202310190360,133.6164967972053
EK202310226836,159.59845796175233
EK202310168945,134.24049426532383
EK202310227078,139.90514045482223
EK202310232895,124.30872540396494
EK202310230495,140.53771542815738
EK202310246097,142.98699562626376
EK202310202842,127.33111906118569
EK202310220262,131.65039454801277
EK202310134200,127.84690526646783
EK202310203601,143.9106505715096
EK202310190558,136.71805289568155
EK202310232949,126.38169758306871
EK202310195423,149.67580623225223
EK202310164136,153.16111944476256
EK202310111473,155.70968811126758
EK202310194752,145.57848324720985
EK202310139201,152.11764830697783
EK202310215712,139.94980486552748
EK202310126580,143.5772839972699
EK202310143206,155.93527962737306
EK202310222539,133.56738010720787
EK202310239797,130.3533254997447
EK202310157767,137.17099293568185
EK202310237925,146.80155685712367
EK202310227346,145.8508888930066
EK202310222227,138.13181111466577
EK202310231460,137.30452463336204
EK202310105762,152.80637532054988
EK202310149701,141.72796731700447
EK202310231185,118.01200264873489
EK202310187011,150.76950025168708
EK202310188048,134.13989066454673
EK202310147979,159.3631540580359
EK202310136963,158.93439899905368
EK202310223233,141.07353213332263
EK202310147717,134.44809582576542
EK202310235875,138.5052670857203
EK202310146872,137.68231380137382
EK202310114622,146.61773226058463
EK202310127235,154.6945876793376
EK202310170129,124.31005767959046
EK202310174462,155.54400566440546
EK202310239145,137.96014640607962
EK202310103947,159.36815603751526
EK202310118725,147.20149775328596
EK202310181241,153.88045582026027
EK202310215016,158.0500972651964
EK202310197863,141.63754238626433
EK202310162387,132.18632286703212
EK202310108126,140.34551666491097
EK202310207445,157.47875922017377
EK202310003781,140.68424498388538
EK202310153594,145.6351771527088
EK202310234731,147.97531617066457
EK202310112047,132.69395096401126
EK202310246932,147.3353989260358
EK202310218014,126.4461160200543
EK202310159032,144.42910815817288
EK202310108938,142.17704620168118
EK202310126068,143.62636596634462
EK202310146294,137.79953323259832
EK202310197490,152.00618064339412
EK202310235805,162.81678319654696
EK202310244213,132.76681067410541
EK202310169974,150.18837389058078
EK202310180762,147.37671244655292
EK202310117588,136.7592694065855
EK202310146489,142.09379501295064
EK202310242008,142.03829176191678
EK202310175256,149.28347423653346
EK202310183438,150.68837002662656
EK202310216482,160.0275235861973
EK202310150432,136.06608328926225
EK202310224664,141.35764987734322
EK202310182573,150.63163119810736
EK202310227828,142.41709382534273
EK202310183759,156.75230803690772
EK202310168521,146.89238507054407
EK202310183715,146.3151609693029
EK202310142868,130.00281859239817
EK202310202199,146.20836939395454
EK202310167759,141.8830789272668
EK202310229275,132.3724540656715
EK202310229628,133.9379780309739
EK202310190352,142.51348475880002
EK202310234142,135.96332331862502
EK202310141693,132.10787738723837
EK202310133997,135.51440592470925
EK202310180676,138.73660469200675
EK202310127990,153.9760273383783
EK202310194053,172.30929214363547
EK202310240865,135.22367455350383
EK202310238191,134.7856337834116
EK202310218152,140.88617940163664
EK202310192642,129.09352044366622
EK202310113518,141.67885450547794
EK202310177048,155.9627009367583
EK202310003870,115.95062169063658
EK202310184101,137.83127353009922
EK202310123625,147.23462111416495
EK202310105534,134.34646364907226
EK202310130598,139.48306687097204
EK202310183150,168.63699935803587
EK202310223939,138.0909905666384
EK202310151237,142.35948363235448
EK202310150186,136.63072907583964
EK202310119286,157.36100982402166
EK202310147962,154.66743072990784
EK202310195618,124.57527094115328
EK202310146717,139.798585999619
EK202310226225,113.40771800026826
EK202310108305,149.50509038157352
EK202310132381,122.4246554865389
EK202310130474,131.2766208298794
EK202310123530,131.73077932764224
EK202310207610,163.29032582750443
EK202310142942,158.17838012340394
EK202310181486,141.4747934281702
EK202310227391,138.95816908821953
EK202310219674,150.18352015438455
EK202310231118,136.10048436112118
EK202310156122,136.71087749568417
EK202310168356,147.8022623793517
EK202310152965,145.6414786520415
EK202310240478,155.02200862074525
EK202310220260,130.96623029732896
EK202310166323,148.79792318586166
EK202310130108,159.00933756669144
EK202310139786,139.40800977358705
EK202310163761,137.15824398686095
EK202310221197,145.2769388738775
EK202310194216,168.75194826143704
EK202310209659,133.024640700162
EK202310214603,171.26123796518067
EK202310108794,166.70633439216596
EK202310152434,152.50611400391847
EK202310134754,135.58269331510076
EK202310236812,141.6155063808231
EK202310167567,147.5047556001578
EK202310203493,150.7544391784591
EK202310175040,131.64257703139697
EK202310205734,153.79868867140334
EK202310104881,143.48197890599644
EK202310188034,151.9496703541873
EK202320007581,145.20993682110634
EK202310004300,128.5018623040826
EK202310126491,126.43327340067603
EK202310236882,136.81781267542584
EK202310151164,143.22606330072102
EK202310106280,151.68434380252816
EK202310163693,143.12423109900877
EK202310168683,125.73033288706308
EK202310189719,176.52006968609402
EK202310233687,148.44917747836615
EK202310201579,143.23474899365976
EK202310202351,142.53428642121656
EK202310180846,147.97644003871025
EK202310170131,139.62353390472484
EK202310113992,134.96704190685207
EK202310225909,142.90671316306864
EK202310118201,134.775276647836
EK202310184100,153.14400650307408
EK202310169994,141.86843919091731
EK202310186322,141.2592879021887
EK202310187689,134.39944431298915
EK202310241609,112.95030823256488
EK202310112492,130.777927780612
EK202310216335,143.65121094577881
EK202310207022,160.38985888460002
EK202310125948,138.2905142793014
EK202310127865,150.8331967295913
EK202310174681,153.00537958829867
EK202310233071,145.33644365133688
EK202310193133,156.17323501560224
EK202310132000,132.2410843545926
EK202310103983,150.06533844378094
EK202310191233,145.15408053498095
EK202310231154,122.67900784278419
EK202310116716,138.64730752815885
EK202310179545,143.71262252472516
EK202310206643,136.30447726788879
EK202310134367,168.07425815313792
EK202310176122,160.76782951619737
EK202310214013,147.39853116717123
EK202310134741,143.0855591617283
EK202310174213,139.0243182116917
EK202310141096,169.04951230147168
EK202310206920,161.28173385912828
EK202310194809,178.45831485762278
EK202310202514,133.94657338922235
EK202310110026,143.37711508687326
EK202310104374,137.36118749049297
EK202310120332,121.09548903445695
EK202310157554,137.22129072142891
EK202310204383,125.20911800286657
EK202310208398,127.52372760896313
EK202310118265,126.067263835651
EK202310231010,115.29332358333131
EK202310213437,125.69105991338735
EK202310146583,137.54350014120138
EK202310195386,142.76330809913628
EK202310228443,149.90099180772899
EK202310123135,149.1708542119787
EK202310142556,156.18955926336122
EK202310245462,130.97362542075052
EK202310234824,134.42297672532445
EK202310197141,154.01540833933277
EK202310229145,145.0868186296596
EK202310209147,156.19539153076346
EK202310214152,166.3140686746309
EK202310164947,136.50357085261447
EK202310222842,132.3238942735149
EK202310211770,130.988804730539
EK202310004960,130.52808649518914
EK202310239260,140.24086874121636
EK202310115431,149.65345639842545
EK202310202893,133.18801133970962
EK202310205187,137.31860271683533
EK202310202065,149.016136998435
EK202310127001,132.3553538193674
EK202310181721,172.93918744834588
EK202310161325,140.1653809593527
EK202310140540,157.76376690980035
EK202310167097,146.0163355611844
EK202310140718,132.4038088314359
EK202310149480,124.45041239806943
EK202310183531,142.8811223924578
EK202310148864,159.36516270344674
EK202310003701,138.56629039570535
EK202310144900,115.29668174881678
EK202310144750,157.68924831471344
EK202310162709,144.40212049543214
EK202310186895,140.71827420133366
EK202310226408,136.0556861317361
EK202320007110,172.6094779014653
EK202310162496,157.0784042897212
EK202310212196,139.86317328647243
EK202310239361,134.40977479809246
EK202310125997,128.53373952001283
EK202310246168,138.3728799012586
EK202310193381,162.25571653235943
EK202310190604,138.38042400398743
EK202310111954,139.2837958754389
EK202310176791,141.66798822871132
EK202310141476,134.8293630117869
EK202310221421,158.505810504529
EK202310129409,147.44207468184214
EK202310122129,142.75924349087646
EK202310149924,170.00584460517416
EK202310179998,137.70674179975106
EK202310195558,158.11800756223536
EK202310112050,138.77368483868236
EK202310136298,149.14436483164147
EK202310146636,136.39474542491516
EK202310239762,154.44442518362604
EK202310200996,135.16493522587868
EK202310223066,131.36890953715087
EK202310167187,145.00840539539524
EK202310124533,155.68755026365395
EK202310143956,170.41378941724346
EK202310178323,145.72059361919656
EK202310224950,172.66734103772328
EK202310179276,123.64539262311959
EK202310246017,146.12489942368535
EK202320006428,181.30132139618948
EK202310241114,128.18114628845768
EK202310217472,138.75847376660894
EK202310162260,148.17121644959246
EK202310240436,147.09670475834224
EK202310198123,136.39903413148818
EK202310156200,140.53671624160648
EK202310141977,167.95511190513108
EK202310223019,126.89722339740975
EK202310193508,154.73557190363618
EK202310222293,138.7365879582323
EK202310156492,167.7025517919644
EK202310180531,119.62899654048243
EK202310225433,125.1488258754591
EK202310127891,134.77099405426486
EK202310228056,134.21157934615215
EK202310106710,135.5852713715491
EK202310183113,127.2862342142321
EK202310180843,141.67180138132582
EK202310204705,139.41178912624122
EK202310140212,162.2625214881209
EK202310179669,125.77501235398871
EK202310212869,135.43997282883507
EK202310203115,148.5522105736549
EK202310131490,148.39582406294187
EK202310109872,141.74544593137063
EK202310150034,182.00320680471938
EK202310174047,142.7499782704089
EK202310247649,137.14307521826018
EK202310217502,171.15155225881063
EK202310133755,132.85915075519154
EK202310169961,151.96442680455354
EK202310188670,148.9445291481695
EK202310238912,156.71844055139283
EK202310113770,151.39412739201512
EK202310146729,121.05700893014657
EK202310185503,156.70128889957093
EK202310245764,139.83682156210327
EK202310242449,138.7917129200166
EK202310206998,131.9495058567833
EK202310215872,134.7649861101461
EK202310130322,160.12230918995053
EK202310107786,181.5007909765554
EK202310201622,145.78586453181111
EK202310125291,142.08986612809008
EK202320007483,162.94889560458142
EK202310232956,144.9242936512079
EK202310134707,158.82802978229512
EK202320007480,166.74945484437666
EK202310203884,143.66668918448113
EK202310209390,152.68406128363273
EK202310105328,136.4371279290075
EK202310144128,130.9004506009827
EK202310115260,151.77858318168882
EK202310136404,130.64594740871001
EK202310200686,156.86389609983286
EK202310149205,127.1096641311432
EK202310224673,124.56299026339245
EK202310233927,142.14317518485473
EK202310231452,125.04991721436328
EK202310147484,155.1180860445091
EK202310227688,142.9239221745124
EK202310119870,158.09967765819775
EK202310230862,138.90744135095116
EK202310124325,139.91386456987618
EK202310174689,131.5012218563648
EK202310241097,130.6002496797979
EK202310201197,169.34729843027418
EK202310133296,147.8395160955148
EK202310233451,168.15985121695172
EK202310135940,125.52111860354542
EK202310107985,148.97240101716568
EK202310157602,142.11455609368585
EK202310139763,135.25696545281437
EK202310238145,158.4844446995117
EK202310168639,169.72421239349163
EK202310219394,155.64776803773094
EK202310216358,122.23395140566454
EK202310127032,142.6207113872786
EK202310148206,144.05747160544087
EK202310227757,162.2450421754972
EK202310112688,144.66206766712494
EK202310214245,151.2275945736676
EK202310124215,128.90111454354118
EK202310132325,140.69769714308015
EK202310245630,120.41603026410618
EK202310159135,99.8284567669806
EK202310153895,132.79000806250383
EK202310211988,133.32941293625015
EK202310185598,152.83441794620785
EK202310192392,145.34450815417978
EK202310242881,155.5808679910777
EK202310153163,143.69767574164868
EK202310179601,141.58091583196438
EK202310241826,159.07720280316647
EK202310125720,138.74313054875793
EK202310106591,160.6402111356831
EK202310162420,156.66016623519695
EK202310133893,139.84142586143358
EK202310168619,160.16794573925347
EK202310142512,144.65892318119793
EK202310197943,140.5479366004933
EK202310176141,156.55259596797535
EK202310149618,138.9103502749699
EK202310226109,144.9038087301458
EK202310122228,144.83381158477573
EK202310176047,167.3971841964472
EK202310198997,166.9710952248878
EK202310232656,139.20675453818947
EK202310182446,126.63795723509723
EK202310139943,149.20365119793976
EK202310165615,128.0676506278996
EK202310142885,119.35446399204181
EK202310193296,153.88021416515264
EK202310121667,119.60558168190889
EK202310223883,141.22539329231412
EK202310143204,137.1025346945281
EK202310205226,134.49468022202248
EK202310119065,141.00185049837367
EK202310213461,143.54007848713658
EK202310120362,149.16474960782452
EK202310194154,159.12029285912828
EK202310107601,159.70793423478796
EK202310204833,146.49129927083533
EK202310176205,146.36312960798375
EK202310154960,136.76050837702883
EK202310130425,159.87196911574998
EK202310126003,130.97364947148503
EK202310192656,148.44663428856362
EK202310213037,153.33888537645205
EK202310243222,148.63244106524357
EK202310132202,111.67192687226121
EK202310235252,136.91696619605148
EK202310160890,136.57489888484537
EK202310198189,139.07816211455616
EK202310119695,142.5513847179745
EK202310172550,152.4406555314892
EK202310229494,153.31802337439126
EK202310004450,119.53664855957668
EK202310146462,140.4151551619939
EK202310113248,155.37403225437808
EK202310221078,127.64776072303422
EK202310124198,138.79115965871196
EK202310212260,125.66458442312253
EK202310134794,141.04285235303965
EK202310221523,137.4030361673522
EK202310219960,131.41761001827734
EK202310121234,156.46651762224798
EK202310233970,142.40480428448302
EK202310188001,140.4976365321512
EK202310163334,146.03801053257558
EK202310208205,143.38357322147604
EK202310130304,153.1370018693122
EK202310154503,137.04038877531312
EK202310170798,139.77550412232338
EK202310152846,165.5419417280351
EK202310130702,124.93201046000549
EK202310203151,149.27071606117357
EK202310217313,136.28967376854595
EK202310233757,133.56608440137725
EK202310138726,164.1018208927237
EK202310156939,144.37133853772065
EK202310129985,134.73462121200112
EK202310190426,124.09837438405438
EK202310171121,138.8033681754965
EK202310214542,138.0387852860466
EK202310168552,135.7097640922636
EK202310183003,127.58976033485942
EK202310123726,152.18834382159554
EK202310181506,168.6961196295885
EK202310237990,123.32110884158432
EK202310162825,166.46083098322407
EK202310224013,117.89631767024636
EK202310158873,133.29317601648663
EK202310137354,154.59916759685575
EK202310123420,140.51866767687673
EK202310225576,130.90717224473724
EK202310229941,139.40179095477868
EK202310229623,131.5780851033411
EK202310107612,148.5818667266494
EK202310246113,139.28403984074578
EK202310144693,128.7881168169283
EK202310116502,123.91069564974858
EK202310139421,120.83939139789567
EK202310112631,138.88242325646038
EK202310106168,130.97534294259634
EK202310207682,144.25923011368738
EK202310157085,172.93028189789044
EK202310245691,130.12706869959248
EK202310200879,122.74037904113052
EK202310131443,136.53882335027112
EK202310196154,156.48610458050803
EK202310231226,133.4518590407025
EK202310210056,125.46978652167036
EK202310114898,129.51724653416383
EK202310203643,145.4272361440127
EK202310160283,150.0845572266369
EK202320005966,147.9727500706925
EK202310167009,149.96968046391504
EK202310191878,141.80832922669111
EK202310152713,166.39585316433994
EK202310179861,154.14500408391328
EK202310153872,137.71761817994866
EK202310106053,149.91801793341259
EK202310189085,127.30944451379206
EK202310212320,134.74370096181886
EK202310147327,153.92128329569752
EK202320006343,146.97472936030331
EK202310178068,155.23261114379787
EK202310216051,126.8272601782167
EK202310120390,142.18345481304368
EK202310150611,151.55077012869282
EK202310170657,164.8612659553407
EK202310132614,131.67558198877921
EK202310130044,156.69114364032467
EK202310230130,130.8066495794779
EK202310142200,133.87740094090015
EK202310142024,180.7345134381337
EK202310199015,141.18030208958638
EK202310129011,141.98753194129597
EK202310162645,144.3997138804728
EK202310165075,143.51232916678865
EK202310242200,156.23480168863128
EK202310216319,142.7546413155252
EK202310168191,132.0424759779396
EK202310173505,125.70808047664354
EK202310197116,160.55836759273222
EK202310196993,182.06013365820633
EK202310190097,151.733614564281
EK202310243824,132.22899548128245
EK202310185884,176.85236784007066
EK202310115378,129.19949813565745
EK202310203204,159.37262905887914
EK202310118547,140.75213196088333
EK202310228351,136.18058774775258
EK202310243844,136.4339642171727
EK202310169224,117.45529716915756
EK202310173833,161.05555762382417
EK202310182027,135.78673534033965
EK202310128404,138.94854291596567
EK202310221581,171.22811723285844
EK202310202028,130.53043672249467
EK202310140548,131.05447036838024
EK202310134135,121.60639702404376
EK202310192158,145.78286298748418
EK202310112502,151.62544251325357
EK202310113790,161.7751832768145
EK202310218316,117.28172377055394
EK202310188343,146.10525458546246
EK202310176251,154.2840472329189
EK202310201210,170.54849921181426
EK202310231157,128.45720934666636
EK202310195345,170.0396162171024
EK202310151257,140.71970380359895
EK202310156988,135.01582084300367
EK202310225915,155.8203186722915
EK202310239080,134.5385756180894
EK202310210523,131.52138826304983
EK202310130378,144.85348258795705
EK202310152365,131.67994431835223
EK202320005984,162.3837128920182
EK202310228471,135.02888698207852
EK202310121673,116.03759979358524
EK202310239395,150.97791279646876
EK202310198842,145.39666205766912
EK202310241420,130.84479138818293
EK202310231742,137.90271133679198
EK202310131099,157.23071440887753
EK202310188446,120.69055835885585
EK202310190252,138.596457293095
EK202310236866,141.35460781076432
EK202310207108,148.4909017888188
EK202310184757,161.8027043735664
EK202310104389,142.12307288342052
EK202310217076,130.3666109354301
EK202310106797,139.77513362163867
EK202310216511,141.3816724312427
EK202310209342,159.6985705477352
EK202310183200,160.89454471704366
EK202310145433,156.5108759284551
EK202310140014,141.6982805594805
EK202310125223,128.9199698960023
EK202310140119,155.89655367808598
EK202320005700,159.725883790279
EK202310194061,155.75008211455904
EK202310195873,149.8037797497583
EK202310220232,139.24333598473643
EK202310216119,137.16313633850712
EK202310134968,151.68247653828226
EK202310174540,138.80802472424216
EK202310185424,127.21515657413474
EK202310125685,137.1394569544973
EK202310234710,134.06114769955727
EK202310214117,166.5370666098808
EK202320006910,141.43768698873862
EK202310231049,134.43521892090584
EK202310195331,177.12704409881223
EK202310194304,139.89388270681366
EK202310171159,132.74847974898205
EK202310138049,144.26140260626113
EK202310198003,135.27122847799964
EK202310159099,148.13542674157765
EK202310216629,131.68696014309768
EK202310191293,147.75639091865955
EK202310174065,153.93433359367737
EK202310191081,159.214072659071
EK202310122728,123.0216088233204
EK202310244744,133.50889155698502
EK202310226033,129.84302410545723
EK202310232759,153.27596682180214
EK202310196945,160.9278711974164
EK202310223385,145.61572284153436
EK202310219176,127.23925446402936
EK202310131076,154.27940647962944
EK202310204889,132.73269434828637
EK202310125633,162.5884571629031
EK202310153304,191.7360194667522
EK202310138923,127.8657916588209
EK202310110215,142.58635780007862
EK202310212666,132.9393247853543
EK202310219342,127.30424833388054
EK202310161803,137.614541941565
EK202310120553,126.17399807145742
EK202310230584,140.493647617219
EK202310224579,138.32481011194426
EK202310171422,139.74233158503537
EK202310106867,138.1594466490959
EK202310121769,137.4260340640145
EK202310215792,131.61945151358088
EK202310138205,120.53457012987322
EK202310189070,149.05272219921912
EK202310151230,138.68762967953757
EK202310108779,136.73782554391732
EK202310167488,164.44825560036503
EK202310243336,121.91159323017166
EK202310124223,130.4699370465733
EK202310240547,138.59995209541512
EK202310191562,158.49072970470095
EK202310140508,124.58359014027583
EK202310119457,148.08598515387212
EK202310179610,119.25615741818277
EK202310146453,144.0923568695875
EK202310163261,170.27622649126104
EK202310214487,172.08268539522174
EK202310195013,134.09795068630766
EK202310129643,134.75351943904485
EK202310106761,144.29089254844604
EK202310132636,140.88489710201677
EK202310205792,136.98333429153672
EK202310176096,144.0321237981613
EK202310132675,130.88871506915115
EK202310203792,122.3982932109756
EK202310188904,142.3665192494592
EK202310233751,130.28775038659572
EK202310105923,127.48512865262595
EK202310176082,149.48796241183842
EK202310231901,141.5276690662755
EK202310117263,138.76603547310157
EK202310189853,158.02546290594987
EK202310161443,146.49709136109124
EK202310245106,165.49974159933606
EK202310203080,143.64324741494582
EK202310229771,138.83167320988616
EK202310178345,139.88275783211066
EK202310212555,143.87137501695287
EK202310183797,155.41349686922166
EK202310247956,133.34117693269616
EK202310137158,149.88243528301206
EK202310121175,147.49883720536357
EK202310142530,133.3383300413125
EK202310145622,153.48764085325985
EK202310110044,141.47857657455242
EK202310141565,146.92213170168736
EK202310203553,151.83457454711623
EK202310186294,157.0836992555365
EK202310232455,142.95481152482222
EK202310234707,119.50867685432213
EK202310190127,152.9731283612165
EK202310116984,119.4210609562926
EK202310113225,141.86228340008898
EK202310153087,158.15855445557276
EK202310162145,135.5541008615239
EK202310241242,159.79948461828047
EK202310199480,129.69396159197618
EK202310133097,146.15300990913195
EK202310148951,144.89342404028505
EK202310164526,166.2356655041323
EK202310157028,146.12161907733355
EK202310174361,140.6082380890254
EK202310186033,127.0464243440737
EK202310218703,131.23987251417068
EK202310179140,132.00637424141655
EK202310185393,146.69167361443877
EK202310109267,130.23516870159852
EK202310188479,125.82784920016029
EK202310132207,154.67912056139429
EK202320007399,171.426596741163
EK202310118229,135.20889608582482
EK202310125154,144.97735361966534
EK202310140377,154.91338822758027
EK202310198868,133.68959262516336
EK202310209658,127.33310481645132
EK202310241949,158.1393244615195
EK202310179752,163.88166730552706
EK202310117086,126.99717123172593
EK202310166263,152.12724895098435
EK202310203482,141.36978717587493
EK202310164665,156.4870642453134
EK202310168393,165.4988272557494
EK202310131582,137.25274486165657
EK202310150017,138.12093182314229
EK202310150912,131.13709138549996
EK202310117341,148.52791359294352
EK202310181073,120.87050490619028
EK202310172053,150.48508306334094
EK202310239963,148.65570221654252
EK202310132072,139.35564234518264
EK202310192876,137.13556481736998
EK202310152121,148.75763496017862
EK202310213403,131.80985959925883
EK202310239334,132.13626189890397
EK202310148570,153.80822328545906
EK202310155053,130.57519632254642
EK202310132986,135.02369579556373
EK202310110729,162.23292242658405
EK202310174910,166.70102232009117
EK202310187690,141.41861973239216
EK202310127998,157.73288651806905
EK202310137683,136.9709620994311
EK202310108081,120.42379231425006
EK202310239262,156.3981062927649
EK202310182783,115.93635911523332
EK202310204488,147.92640282263324
EK202310199126,180.9405131241886
EK202310107243,143.49136804810013
EK202310105267,142.5847068996683
EK202310152097,160.40181897867257
EK202310125739,139.35094539864463
EK202310170277,147.04313124808132
EK202310237606,147.74838774266996
EK202310234522,130.071586792266
EK202310161698,127.17597768132494
EK202310165822,126.79068705747764
EK202310248288,152.70609465826888
EK202310136063,177.22699375263048
EK202310117203,149.88663091119093
EK202310154981,137.5509007423172
EK202310232175,137.2541649285641
EK202310144896,105.42899697210822
EK202310142768,143.05642611144128
EK202310160960,128.15170449088478
EK202310163131,129.09127966022803
EK202310239813,127.6078038985028
EK202310144375,147.72647411808106
EK202310175307,162.73108332924215
EK202310227665,147.11019093149474
EK202310132201,144.03625906581954
EK202310143654,158.02066436262663
EK202310197398,121.25921227708176
EK202310247650,119.68400457410587
EK202310218583,142.27422935020496
EK202310185132,136.6467677491947
EK202310166220,149.36424425165345
EK202310183470,131.85954521892336
EK202310193070,157.35098017592267
EK202310127467,132.9863497502606
EK202310208200,134.94374812078908
EK202310230712,132.86292498768495
EK202310137427,147.42636402701268
EK202310140112,137.65048105489848
EK202310223686,124.16008468500571
EK202310176982,160.00296869576104
EK202310118244,130.34316806207113
EK202310151713,128.38825639409623
EK202310212261,136.56403083861719
EK202310134611,129.01294321030312
EK202310120945,144.94480318077734
EK202310151019,152.3283362700028
EK202310141095,145.2894986643743
EK202310137745,135.3424373735079
EK202310225567,149.21554952793974
EK202310216872,156.49518272114358
EK202310212300,143.57584475268067
EK202310225881,153.43085235057896
EK202310151821,127.31355782968603
EK202310129868,142.76026814138928
EK202310156170,153.63153004275193
EK202320006992,143.57873532465567
EK202310173073,150.38695219675128
EK202310240592,140.98227201260934
EK202310128981,126.13775033847266
EK202310225347,165.88904434817303
EK202310107505,148.1923240634107
EK202310004769,124.22852709322768
EK202310192529,142.22697210499135
EK202310205344,151.6784706248038
EK202310241518,125.03967041430252
EK202310188554,166.84077475583643
EK202310185562,171.30076704965495
EK202310154855,141.32101139342993
EK202310175481,158.383728505324
EK202310157901,139.32805062736833
EK202310221152,139.90486111237638
EK202310200465,154.36502434950353
EK202310183211,125.6309402752282
EK202310194651,149.01589854315785
EK202310116691,140.5725126780848
EK202310219488,140.08413606013795
EK202310155631,153.4856328564872
EK202310168504,128.02600668353284
EK202310199253,134.52599633539046
EK202310221668,136.93648334150316
EK202310212285,132.31353877049415
EK202310172945,152.0506859760167
EK202310186658,137.6227412995018
EK202310222256,135.88215488881673
EK202310224152,135.7721273626802
EK202310128793,125.80756104782832
EK202310120896,127.89746500006736
EK202310120399,137.46314367958442
EK202310169743,140.1199364911226
EK202310248477,138.2189251817884
EK202310116273,132.08612679740637
EK202310247694,149.1954498530725
EK202310215708,137.05063078806396
EK202310236946,142.05361773333038
EK202310200762,164.65034552460565
EK202310178415,141.75084606532
EK202310144132,164.2558932246469
EK202310225926,137.12457929491038
EK202310148881,157.37999312863533
EK202310177347,168.12564998142668
EK202310213539,130.28199423839425
EK202310208401,145.2068063299282
EK202310238371,132.9671796371368
EK202310234534,145.80690639709218
EK202310136323,149.66456944805924
EK202310135243,136.3021416433715
EK202310202317,130.46235272334525
EK202310226279,143.96270911651123
EK202310203743,133.32347394788619
EK202310205749,174.86105697647054
EK202310004277,157.21991132869675
EK202310113847,121.41235079906377
EK202310194210,149.8386055853318
EK202310183278,138.53867771831065
EK202310145260,134.10589065736002
EK202310239730,132.36497373565007
EK202310228304,133.95672124206405
EK202310152088,153.3048841216086
EK202310154058,130.38380935668636
EK202310136681,138.89251819911902
EK202310117313,138.07588938457445
EK202310233274,128.7557803421313
EK202310179794,128.23517689043075
EK202310135084,166.98390337448092
EK202310206633,155.64780643344903
EK202310234183,125.02176023405285
EK202310143964,131.32372055242277
EK202310158947,150.99439206022134
EK202310137263,143.4888788310081
EK202310203360,162.826873151496
EK202310004905,153.90934721280962
EK202310140955,158.45593986053146
EK202310214327,168.4283319147491
EK202310222556,128.23647862383507
EK202310128510,170.49800043346406
EK202310119821,150.93149530261346
EK202310120108,135.37167437240117
EK202310212000,126.4680779744477
EK202310105271,153.02275593985848
EK202310229500,129.96446666809447
EK202310110970,129.41156516043097
EK202310105364,150.15521151478845
EK202310108637,139.39284359547776
EK202310164376,177.72671697311503
EK202310230032,150.70720052577244
EK202310236376,131.29375129640928
EK202310181052,113.78452751924408
EK202310203281,142.14343189474215
EK202310181885,142.74901635335647
EK202310138885,133.1204310937801
EK202310121415,138.9475929071562
EK202310186231,146.18196728815806
EK202310212814,144.93318701648917
EK202310233197,136.41648408985583
EK202310184928,146.08714419193447
EK202310109218,144.11357440393945
EK202310189923,156.32884853830734
EK202310212951,142.33525066317267
EK202310166071,180.2468630625654
EK202310151335,120.36146244544308
EK202310106930,127.17246793816949
EK202310146184,162.02083482365452
EK202310178125,140.90496757877347
EK202310167170,126.99161571751685
EK202310144047,173.27957390725294
EK202310161545,153.7186599007507
EK202310110114,134.40003508314615
EK202310197034,133.687087561438
EK202310125522,140.76419422527945
EK202310239777,133.1288482838935
EK202310183013,147.0078287038645
EK202310201498,159.99273310370674
EK202310233357,129.36527660557906
EK202310193361,128.61043868115036
EK202310160811,158.35791826049757
EK202310167037,161.62043210574143
EK202310209597,138.59661557425778
EK202310196969,173.6183040514104
EK202310123103,125.5566234858645
EK202310122187,161.05422374912825
EK202310197780,173.92541258805852
EK202310217861,133.47998776353228
EK202310239177,160.03511051060264
EK202310184410,152.3062801484208
EK202310198476,116.83208274457911
EK202310145712,131.86049703419093
EK202310125391,141.46895010400138
EK202310162973,131.89356448141845
EK202320007481,154.8710397575236
EK202310211032,147.78730568973126
EK202310184725,155.82772856149793
EK202310121942,141.64666669709237
EK202310146503,145.92794590985832
EK202310186497,155.94163011109825
EK202310141946,154.83612144367805
EK202310188222,155.5247370481526
EK202310237766,149.73560118994985
EK202310224087,138.21347801109866
EK202310245643,141.0098012127208
EK202310153868,139.1690289962952
EK202310117630,132.59161430363775
EK202310150168,139.4231398891535
EK202310104804,146.87724321616776
EK202310227586,130.05116730978577
EK202310226962,160.03588220178023
EK202310204684,113.38850513277772
EK202310106991,140.29054802634838
EK202310219834,154.7598029557612
EK202310240450,142.2927015013309
EK202310214713,139.1981231471196
EK202310153479,136.2376485023796
EK202320006589,170.79025734921075
EK202310151125,169.9245597562868
EK202310170205,137.43689657814753
EK202310174684,130.62262076920345
EK202310145286,164.9087832948465
EK202310174584,136.71540388137663
EK202310183058,150.11456136513758
EK202310233099,132.0822602011052
EK202310144550,169.70662350431553
EK202310207112,135.3293341048108
EK202310232978,139.3674505715134
EK202310115348,131.2149928762658
EK202310183741,159.0075330231582
EK202310144742,123.52692670995985
EK202310178484,160.68716913507947
EK202310151424,183.0524676500222
EK202310223346,144.9455737024452
EK202310138234,160.25441505001203
EK202310190044,171.35182692817682
EK202310210164,156.068825886862
EK202310175594,156.86350839390153
EK202310139802,146.60178320825952
EK202310133593,170.07376490934857
EK202310236059,129.3923170618595
EK202310247892,134.4825420059902
EK202310228841,142.19444196092846
EK202310142116,145.71241792488703
EK202310139752,136.57869537269005
EK202310247535,157.08556356210897
EK202310204858,140.10018733811495
EK202310127198,161.30502654144522
EK202310212663,135.32487520707195
EK202310133054,114.47856450369895
EK202310116254,150.72705899421575
EK202310140288,153.08013289967903
EK202310242550,136.59086428688576
EK202310208841,148.00785235350884
EK202310167295,155.8032243164168
EK202310109419,128.96847466728627
EK202310233386,145.315352734506
EK202310214181,146.37124934425123
EK202310180240,156.93878924127395
EK202310181535,152.45539945976603
EK202310191715,161.71779793224727
EK202310157953,170.40524383268672
EK202310234893,132.63537029973386
EK202310160253,162.4981918572735
EK202310141553,137.9239639145585
EK202310207337,166.8286984155279
EK202310131278,126.41389517592917
EK202310178817,165.36854590457483
EK202310106002,134.67843268051348
EK202310166631,128.40483065184912
EK202310107493,130.15498221337336
EK202310194394,152.07395105822607
EK202310222252,155.94484030897982
EK202310247371,133.55116265706658
EK202310160792,134.02951411760563
EK202310225122,170.47630266232784
EK202310214184,159.7567199850414
EK202310191751,136.87888727387167
EK202310237163,141.35291905594767
EK202310225188,141.37383553406698
EK202310202616,164.36825341471265
EK202310143696,160.03222618734966
EK202310132352,156.09350543079105
EK202310214086,138.72645437200043
EK202310137011,180.82450957666515
EK202310248717,137.0706077788087
EK202310200235,136.93139258359116
EK202310144103,147.5014511925346
EK202310111910,140.57513651592996
EK202310225339,139.4824591954931
EK202310246108,143.1873197399359
EK202310180876,145.1141704029502
EK202310237122,128.09901307165626
EK202310112441,120.55513309366906
EK202310179395,133.7104036863243
EK202310157137,137.9999003601788
EK202310136914,176.50798895014708
EK202310127925,119.73536196839672
EK202310210485,139.84090515915068
EK202310215065,137.5765587292923
EK202310113641,153.1554396545015
EK202310204283,131.16757122726295
EK202310150194,139.8502994180217
EK202310118749,121.7698222244196
EK202310186678,152.27933479821908
EK202310110316,133.04642046395506
EK202310190151,122.1124596607354
EK202310119041,132.93988403149828
EK202310140703,157.60597053603544
EK202310236754,128.8059728110533
EK202310200936,138.74886846244368
EK202310200923,161.11130255589887
EK202320005983,155.6067034800818
EK202310173120,155.61000520697976
EK202310131266,130.2799481145322
EK202310182913,141.7545755873694
EK202310126468,134.2426529935511
EK202310240681,143.82934041497532
EK202310163541,149.44936191119345
EK202310133063,143.18823507604668
EK202310187205,136.62095456030838
EK202310176435,150.72349080512225
EK202310113625,152.01949116706604
EK202310153932,108.98148901734707
EK202310216429,147.81133175531966
EK202310124022,143.8154127859384
EK202310187335,180.22447294001972
EK202310227041,164.77758907370708
EK202310173817,140.77696954069725
EK202310131798,168.3438123980068
EK202310225142,141.40109899085874
EK202310180166,130.74293428641502
EK202310119416,140.0775929818188
EK202310200200,127.08918762639732
EK202310150439,144.28692047357987
EK202310130027,165.44165168800777
EK202310179043,152.71330977264532
EK202310183695,147.41821057247523
EK202310175077,147.60541648687865
EK202310112086,150.59006738100842
EK202310225730,148.426748789395
EK202310215244,159.17001136173914
EK202310191753,151.8180711106834
EK202310174965,138.37576005067706
EK202310157557,167.5683668537719
EK202310159970,160.9863061427524
EK202310129081,160.13797876852482
EK202310107248,133.05585843158113
EK202310180853,149.3661771486634
EK202310181698,164.33858321985883
EK202310222641,137.35570763922368
EK202310189633,163.921926234742
EK202310105178,145.28696691775397
EK202310109844,120.63775530109358
EK202310239039,149.27067785903373
EK202310114472,131.7912342107492
EK202310179622,135.48148492659868
EK202310115407,148.9378204783654
EK202310106728,138.64639061513955
EK202310206467,121.85778320077245
EK202310169318,132.18375048605157
EK202310113553,157.12109148951146
EK202310148432,155.65107944011135
EK202310224899,151.01811289089855
EK202310218411,118.6032086400535
EK202310108919,139.47383292759577
EK202310175334,116.42150757363194
EK202310225062,142.35696043084295
EK202310158879,174.7218591428489
EK202310226440,134.7652848623943
EK202310224115,116.16570157634523
EK202310148638,148.964914321528
EK202310233064,158.55628949225036
EK202310158419,150.7724462804179
EK202310241484,135.99076126953742
EK202310163712,147.57812649062643
EK202310186217,164.1436235327373
EK202310142453,157.45686904564704
EK202310137405,130.21990872851063
EK202310185670,142.44389784731786
EK202310150583,128.7431170484532
EK202310227556,128.3564332406168
EK202310234889,141.68383391745675
EK202310111783,138.65232533792846
EK202310127384,142.80583096087423
EK202310113072,152.44785376465126
EK202310160328,140.49833380623193
EK202310188693,177.86330899751556
EK202310104466,148.1849308567051
EK202310143296,158.93157797431286
EK202310212529,156.68281432205856
EK202310207081,156.99330977442276
EK202310239036,157.24969636766417
EK202310114317,128.5191383974741
EK202310004599,159.4540672037122
EK202310165205,132.72368846633046
EK202310162068,181.42427991564654
EK202310109742,150.29731459745886
EK202310151519,177.00995709299067
EK202310164727,117.25852892629294
EK202310193975,161.84008867406018
EK202310176843,132.41831572478688
EK202310238118,146.01072964172414
EK202310231683,130.6545263903941
EK202310170288,147.94618272684446
EK202310233487,122.42712903381661
EK202310144532,121.069248008718
EK202310118690,128.62518822710987
EK202310236135,159.6550962884615
EK202310220057,149.17670629429728
EK202310136020,168.8990618857555
EK202310120718,137.41097029177868
EK202310205363,143.31728405707847
EK202310110765,139.4931534389655
EK202310130164,162.37076536699385
EK202310170195,138.40032020587728
EK202310131195,148.07545127658483
EK202310197794,168.56308996958145
EK202310189698,165.3657494278005
EK202310180559,125.26236606768899
EK202310193333,188.6875622685646
EK202310164974,149.1709124000846
EK202310126083,141.71440079537172
EK202310189770,138.12013318571377
EK202310123085,157.23400114371992
EK202310130001,139.08941149727298
EK202310141464,141.01086539351866
EK202310116699,144.9085264948544
EK202310126001,124.02209288507107
EK202310153591,143.22470516034622
EK202310110843,146.26263483248073
EK202310234696,135.64509791472005
EK202310218654,131.1039718893089
EK202310160361,136.0272189122356
EK202310232799,149.72787398676817
EK202310172223,127.41470573513705
EK202310107432,137.6467272260921
EK202310115124,156.56352651660444
EK202310240700,146.35938804437328
EK202310166544,136.34463241587392
EK202310116517,144.43090111976335
EK202310209466,132.80080939141067
EK202310115034,140.79001125957805
EK202320007112,156.0807674459665
EK202310155572,133.60515335826986
EK202310184647,187.378043518679
EK202310237715,129.61497420178344
EK202310140880,140.00910589946207
EK202310171935,148.6824671418904
EK202310110649,149.48107845243328
EK202310235243,150.44971103728244
EK202310222984,164.30465138070429
EK202310103848,124.2243138006054
EK202310200981,130.82567990045268
EK202310138670,144.8603823725615
EK202310116342,135.7727365423135
EK202310148866,144.5031760113985
EK202310136555,125.72411244235445
EK202310155446,167.359387724387
EK202310147661,167.0781312780131
EK202310168674,135.61935431262867
EK202310142524,160.28580375577067
EK202310248385,138.63880774992802
EK202310165956,120.35454072536355
EK202310120604,126.50162812073636
EK202310158534,147.47241331371595
EK202310138524,158.37602832374947
EK202310231297,138.2294986829166
EK202310231319,130.41865116045338
EK202310133278,135.33752627307038
EK202310142657,156.37927365752734
EK202310114071,131.59465060168694
EK202310116075,120.57005063378669
EK202310139321,141.70076893228955
EK202310232658,136.47914896323317
EK202310185531,151.33856238107376
EK202310231623,134.22354892276644
EK202310183491,150.28977035183223
EK202310171783,158.23983671819764
EK202310116076,125.49551162538737
EK202310200347,149.4446569426574
EK202310189649,153.43873630564104
EK202310135957,125.94150782947159
EK202310245361,139.12057258910303
EK202310138713,143.63931189695876
EK202310169366,184.21496628604032
EK202310246917,158.7483591765506
EK202310183943,166.82345590882107
EK202310110540,133.7517428184419
EK202310170711,119.81938996080271
EK202310246548,167.10470128262068
EK202310174376,139.36808620269798
EK202310180261,128.58576901891786
EK202310232346,120.85316423185618
EK202310237154,148.62413580136018
EK202310171359,157.08932914284233
EK202310136595,141.10538308575016
EK202310144015,135.67064016837983
EK202310209121,154.87325667886984
EK202310222216,130.91127992709966
EK202310107905,123.91307482992765
EK202310188461,107.27740427792875
EK202310222800,136.05526834132763
EK202310217737,136.58611698780462
EK202310218371,141.51850350656787
EK202310208739,117.55438519601887
EK202310219741,155.00435208002716
EK202310211457,134.18130972367015
EK202310182740,155.56845307710347
EK202310163470,129.34412488032163
EK202310245687,143.16882845018182
EK202310168480,121.59602592407366
EK202310185027,175.51846274842617
EK202310194951,135.52418567455635
EK202310190588,137.56625276391912
EK202310177991,120.67770670244448
EK202310162069,143.9621618917841
EK202310125865,125.52434620473453
EK202310220126,130.31536116147905
EK202310158441,147.62404332815575
EK202310145659,123.10881214161971
EK202310129542,130.98754129812303
EK202310151845,140.03196832914188
EK202310230263,130.23003659702684
EK202310111108,144.9709085880037
EK202310171363,164.4105231029731
EK202310127866,155.0093110545702
EK202310129063,139.87530004726173
EK202310144099,136.45648689038825
EK202310140594,148.31769592786168
EK202310154125,181.13536400198586
EK202310131342,123.86153627280535
EK202310203912,136.54324075264987
EK202310118762,123.01200142596896
EK202310131877,170.0174128930856
EK202310106187,137.77063898766897
EK202310120319,133.3648197564843
EK202310209664,133.6774682762491
EK202320007072,159.01010111123617
EK202310121959,134.78024593047041
EK202310153089,146.21480897621288
EK202310151971,156.2330537948485
EK202310151896,146.27429655768378
EK202310135751,133.19533109389442
EK202320005711,185.76639040848244
EK202310134604,162.07198338643025
EK202310130128,155.26112492126737
EK202310241667,155.67471565564784
EK202310140220,159.6643166104295
EK202310190478,153.41271767188013
EK202310162552,158.5146979492288
EK202310169398,127.4403241836989
EK202310110027,134.9871643620557
EK202310242977,132.74956677663027
EK202310182314,123.98126170779915
EK202310147967,161.7855048386784
EK202310107549,167.7507963493201
EK202310209315,155.4815210801624
EK202310216226,145.14805602273884
EK202310172171,162.78002212969125
EK202310198531,151.85420262476757
EK202310108550,124.82174053387978
EK202310201297,166.39781390739256
EK202310168808,160.5985276506509
EK202310212662,134.62969839476264
EK202310244470,140.725586643902
EK202310111112,149.87266035937643
EK202310212061,147.91644870629975
EK202310131027,122.09019951105012
EK202310168347,146.7472972113108
EK202310138779,173.24023140534806
EK202310228854,112.66247206072939
EK202310156047,153.92425421801371
EK202310209290,107.29712165567155
EK202310121347,129.56473316543395
EK202310171158,141.46329998475008
EK202310233104,156.24459803955898
EK202310155615,137.19037174185456
EK202310179680,127.20282407017086
EK202310125362,138.2538270110155
EK202310107378,129.80690067049596
EK202310206995,158.42436059045704
EK202310205548,132.17071277687535
EK202310181487,152.57017448939735
EK202310165214,146.90060828341208
EK202310243818,130.1940038643907
EK202310139297,126.31650924258999
EK202310176765,153.0926512967007
EK202320006044,157.49254154755093
EK202310226154,134.62478047643972
EK202310246712,156.69489857697968
EK202310190930,140.6307535542811
EK202310216412,146.9662271548525
EK202310123615,131.2092593046408
EK202310155164,131.6258302528732
EK202310193422,186.06094925214165
EK202310183961,129.32533960381977
EK202310181902,139.53061785961702
EK202310123760,148.49781372096663
EK202310147302,132.3173361910089
EK202310210787,148.06045372063522
EK202310132847,122.47542340362664
EK202310126696,138.94958457754717
EK202310232230,136.09838319446507
EK202310223850,145.1518596665539
EK202310237551,138.166032780006
EK202310188279,129.35298675633675
EK202310152561,144.52388571719564
EK202310197741,131.06913897286992
EK202310241557,150.82683874367882
EK202320005587,150.6365939500069
EK202310173993,134.45533292756153
EK202310139298,153.33395128225982
EK202310226418,136.18924145957314
EK202310120554,162.1905462713588
EK202310210326,128.557253478083
EK202310124646,116.02979307827023
EK202310243187,132.56524797365068
EK202310111546,146.1925021673427
EK202310225889,131.71092433134442
EK202310239244,118.90399437233236
EK202310226952,128.21181107598505
EK202310154546,122.74726160561764
EK202310209747,128.37581779835452
EK202310208437,137.09225814900316
EK202310217996,134.84389579896802
EK202310154333,144.82245655330502
EK202310199044,166.74617535771822
EK202310193652,156.48773582518047
EK202310199108,160.5665692805996
EK202310138541,135.45260892909934
EK202310109275,160.7481854675747
EK202310241877,161.07575798495276
EK202310247060,138.69898791804263
EK202310233675,144.6692757507486
EK202310127980,153.57812768600186
EK202310216345,128.3634336253836
EK202310124692,124.4355068494473
EK202310214703,158.5702788175912
EK202310125176,156.7179750628943
EK202310230402,136.2253183645347
EK202310204376,129.7891552506905
EK202310003738,142.6664667857245
EK202310177361,170.87012175972941
EK202310142175,137.49410967323686
EK202310121737,117.71901523917788
EK202310231332,138.19015442805352
EK202310126428,132.06366745178394
EK202310208151,155.4960187265519
EK202310160932,165.94612774101824
EK202310201461,146.44456832638005
EK202310190429,134.17875147175573
EK202310180683,151.36942082123105
EK202310216976,163.5029635311596
EK202310125226,134.3241117846788
EK202310201559,142.3970234006863
EK202310201026,148.24953649173708
EK202310241612,122.43170328063907
EK202310159055,148.9060179714038
EK202310128633,161.63142289356765
EK202310241584,132.60523553124412
EK202310124066,131.12887224847685
EK202310143999,130.07713545580262
EK202310127055,143.5184715769642
EK202310109477,130.6269323461646
EK202310142422,129.4374233710979
EK202310170493,150.5162897246883
EK202310245660,134.6614375822515
EK202310174604,137.1074941962026
EK202310145956,134.1399312676099
EK202310170744,139.52092143843373
EK202310137459,150.85372689947835
EK202310205343,139.55874787395726
EK202310113624,159.54233715042338
EK202310230917,135.82942480977408
EK202310131938,125.71294211653375
EK202310192653,150.53992287000133
EK202310233709,144.21477888545053
EK202310125722,150.80464844322307
EK202310167315,144.62995885899304
EK202310155548,141.05045388741902
EK202310143279,143.57338606593166
EK202310150075,146.06323975399863
EK202310122318,136.31970221596995
EK202310126189,150.88261113165737
EK202310226757,141.28238361131565
EK202310243030,142.93143206863206
EK202310130445,170.32778199609058
EK202310243191,141.5063067358154
EK202310203273,146.9382717191315
EK202310188485,135.34429677799088
EK202310230409,133.53257002165972
EK202310183553,120.91967840004085
EK202310220994,127.92141813767057
EK202310207037,131.0982360827797
EK202310165758,127.17545173715587
EK202310106826,137.4300390347987
EK202310120683,158.53497586056307
EK202310134934,153.99413304464514
EK202310165051,138.5762424751801
EK202310189221,134.01509801659142
EK202310157513,153.41666937849737
EK202310190280,157.90671776504587
EK202310123034,124.94442759448835
EK202310206344,181.22472123688885
EK202310135546,159.7230309552186
EK202310246417,118.86754621945065
EK202310220955,125.5187914551762
EK202310109848,124.08639797307937
EK202310154849,152.1103289423325
EK202310110348,156.5454561770423
EK202310167034,153.67510141471658
EK202310113223,134.47747824725838
EK202310165666,132.40762819901548
EK202310235856,156.50902392237793
EK202320005842,138.32165663036656
EK202310154000,144.11161430654636
EK202310142071,167.5040305634546
EK202310209033,165.28162323263876
EK202310196340,132.73204627810614
EK202310216529,163.5818535894931
EK202310164553,147.22352746969443
EK202310104021,143.17557982648566
EK202310239632,136.23934610623562
EK202310225277,170.7533068593625
EK202310175861,135.78024713589633
EK202310129169,151.08214208352254
EK202310122145,139.49652105523992
EK202310227448,127.8976578969988
EK202310177969,144.32290778245283
EK202310193062,156.29130955205352
EK202310182763,148.30689810225368
EK202310235087,146.9074270301072
EK202310121651,136.23078211974052
EK202310212604,133.38417250911124
EK202310226694,120.06714115203849
EK202310004579,154.95308099455326
EK202310159373,132.62742219198972
EK202310177799,133.3132167396714
EK202310119324,117.17602095298405
EK202310129405,150.12230472112307
EK202310237885,147.47652361535344
EK202310135421,138.1272874703558
EK202310175226,147.8393888655293
EK202310173605,163.21338033048335
EK202310111658,128.73544096304593
EK202310185671,171.85552449677863
EK202310196715,127.17860443413115
EK202310196589,137.8244389629217
EK202310199584,153.58571349538417
EK202310143146,128.66615619613196
EK202310121051,146.73878933432263
EK202310231042,123.20632298188445
EK202310194606,137.67035458469334
EK202310212236,129.3023425224752
EK202310153083,146.15923266042904
EK202310141649,135.78535097070593
EK202310192808,134.95275704628511
EK202310169365,171.6534052089207
EK202310189768,153.79051005839267
EK202310233720,134.20956071763075
EK202310247878,164.3095139475178
EK202310178488,141.47453392914247
EK202310151955,157.97864812424325
EK202310104506,128.24514334645335
EK202310205228,150.6351605307491
EK202310116841,139.67579265629053
EK202310105208,163.2392484742417
EK202310168242,142.0352393778155
EK202310172150,162.9110547628998
EK202310199656,166.26600095448305
EK202310202819,141.3429176357987
EK202310118069,124.78174028664057
EK202310226761,141.28197899312178
EK202310158901,128.35668974923396
EK202310221031,145.0499749844498
EK202310204076,138.65930610459304
EK202310146995,145.98604933709123
EK202310126768,138.83118126991485
EK202310167991,127.5422955548511
EK202310142215,129.40289862024528
EK202310128249,137.37422900193798
EK202310168392,164.90054372109557
EK202310241392,130.47651761639358
EK202310167654,141.3614661184216
EK202310124170,131.28043685544893
EK202310211894,129.73430064706773
EK202310213128,153.33175211095283
EK202310223813,142.07521977441732
EK202310106169,162.22916869488233
EK202310110167,161.59459367016
EK202310237365,155.97192327448764
EK202310153054,151.18808269113725
EK202310138889,149.69277832170434
EK202310136676,127.43643048533266
EK202310177777,143.9390374665408
EK202310183311,175.71257347743187
EK202310192034,143.4070663624148
EK202310161294,145.79584829320657
EK202310215386,124.60596846603849
EK202310237862,143.88178993488242
EK202310124110,129.59428719690374
EK202310105757,139.43748473396056
EK202310131681,135.10602733375308
EK202310122852,129.6520107730692
EK202310106485,127.82171767658417
EK202310182695,132.76654435810877
EK202310238540,125.89452471566415
EK202310104101,148.41566973010623
EK202310121381,140.84928837891573
EK202310200186,139.3782406358794
EK202310190609,129.24767157498053
EK202310230288,140.3135367755696
EK202310166620,152.56648831892787
EK202310147442,142.23469219103416
EK202310137943,137.12161097206913
EK202310208851,138.63827505636536
EK202310128623,110.87573137874345
EK202310179932,126.8791355844589
EK202310191123,118.46628807088031
EK202310222467,151.3885723144475
EK202310120128,137.11146105132303
EK202310143211,111.17776861673448
EK202310158431,152.7026910734699
EK202310200191,143.56514960646217
EK202310121797,118.74888023189618
EK202310246836,130.58800149338538
EK202310122588,135.74987900780496
EK202310212376,133.8902032310664
EK202310202020,126.678555115981
EK202310003990,151.46342038059225
EK202310195950,161.55388402886138
EK202310215709,160.44925394262458
EK202310140933,126.68551575406576
EK202310135948,133.99926376711278
EK202310156397,170.74624950394488
EK202310160468,133.162298084502
EK202310181061,169.56018143651207
EK202310165217,150.64311344374022
EK202310221056,120.82982127363341
EK202310168493,122.02956760827843
EK202310136547,124.78128363954097
EK202310247972,131.57980961715074
EK202310167486,145.13232628618917
EK202310240744,140.15062211630027
EK202310148632,152.06505759739474
EK202310199792,146.4359471324451
EK202310200958,155.6064335124639
EK202310171502,138.01375917593313
EK202310164924,147.15051584974086
EK202310175724,126.79715723878735
EK202310139433,139.19582204501177
EK202310217068,167.20320112768746
EK202310110561,136.15207026038718
EK202310248008,158.76359481432044
EK202310157048,157.0699539721463
EK202310141117,140.60015583402262
EK202310195935,149.7500465117047
EK202310168643,121.13159515808415
EK202310004252,125.67430882486032
EK202310151231,148.46270484775744
EK202310221120,125.71619388952419
EK202310115802,134.95974861199818
EK202310217669,131.8662935907749
EK202310179308,154.38705316258208
EK202310190511,147.08049532662855
EK202310189661,138.6625280701051
EK202310218561,129.86904100234437
EK202310216544,162.78706522237022
EK202310130093,140.46775880283352
EK202310227470,158.79030724636095
EK202310149720,139.54234362711495
EK202310123936,142.53509761884203
EK202310185139,146.11300611307848
EK202310164969,133.40105394134193
EK202310159566,154.21285027252947
EK202310153493,131.62467912117174
EK202320007009,172.9723359713382
EK202310149916,152.8874656166651
EK202310195613,127.18915604940514
EK202310234039,142.15464376318326
EK202310109288,119.64594293183885
EK202310212808,133.26106966122612
EK202310234197,123.31179643387294
EK202310157802,134.22535403423777
EK202310207417,134.58317315236027
EK202310245686,140.10824435011588
EK202310159054,153.21943627556286
EK202310183850,121.2397209254481
EK202310118502,162.00397579695195
EK202310128627,164.2530620202162
EK202310220287,133.50203824835393
EK202310199273,144.69941980912455
EK202310142033,159.9116908447549
EK202310229082,136.5697990189244
EK202310143807,136.4795440768255
EK202310206645,140.16445670972365
EK202310211819,139.89062457687578
EK202310197690,157.0371238879023
EK202310197678,134.07040546741695
EK202310234454,114.06128470486601
EK202310120882,150.21579647579662
EK202310169899,175.23061789634966
EK202310202826,144.8212661941861
EK202310161402,176.14975710507056
EK202310121220,116.72505832588396
EK202310125862,125.52582396949285
EK202310197968,121.46968555094072
EK202310237174,130.789738614888
EK202310134475,156.8950817777063
EK202310247308,163.03439495720102
EK202320007435,149.64681113333066
EK202310164160,127.88812843972704
EK202310122449,157.2675424711194
EK202310139591,138.13949860754116
EK202310141624,136.75151593764326
EK202310138255,147.7666192204661
EK202310193958,152.09636205998527
EK202310222645,127.35987611624137
EK202310105689,144.6339985657844
EK202310219882,152.30010263040856
EK202310178757,162.22154808406412
EK202310241650,129.19510540620038
EK202310246447,123.74367497919386
EK202310217078,158.58730134247844
EK202310139978,147.0794972134979
EK202310241716,141.92402415563745
EK202310133093,140.05719739440875
EK202310243929,143.29959783416223
EK202310140929,162.56965655429528
EK202310191115,148.46636635263332
EK202310207003,126.94769662488427
EK202310145248,145.8843933255823
EK202310239401,154.6284421081425
EK202310155225,158.40736775874095
EK202310151560,128.87895320744198
EK202310177641,145.22549239656055
EK202310222696,130.44102731521804
EK202310150293,154.85224289647292
EK202310195144,129.24348881916933
EK202310243924,131.49129760694134
EK202310178439,151.77823570288572
EK202310195750,149.6103402667578
EK202310166551,126.08596580411505
EK202310217145,167.34014545889735
EK202310240066,150.27390787684328
EK202310199715,163.58793938963044
EK202310132904,134.35638920038662
EK202310154841,157.6604888389911
EK202310234469,125.3198136528663
EK202310114515,134.26063980098644
EK202310117966,139.19372690791977
EK202310137867,133.30382631384214
EK202310205349,148.9451494968044
EK202310112816,142.35824109998933
EK202310168065,155.83895944727735
EK202310169737,145.8081064919299
EK202310148917,144.9740006260434
EK202310196463,121.00447500132108
EK202310231207,117.40703011971254
EK202310128533,128.65251109203285
EK202310197226,130.17636000285756
EK202310154933,146.3480507094434
EK202310117103,150.8909801514295
EK202310165309,140.89924497959277
EK202310104246,146.29822886114243
EK202310105130,136.90327844050285
EK202310216979,139.0877597482487
EK202310193989,129.49073520798862
EK202310147207,146.37968434573068
EK202310135301,155.83848987103352
EK202310180058,145.31881946370189
EK202310150495,159.7877775541843
EK202310184503,159.03543782971423
EK202310107823,137.0722904649288
EK202310241936,143.39012002360772
EK202310186182,138.23376289533832
EK202310003976,136.6215194969285
EK202310156046,130.3964711482535
EK202310129628,165.87054837102892
EK202310142854,135.268415043659
EK202310241326,167.8177817570289
EK202310160722,161.81692303513177
EK202310143237,123.34200570822718
EK202310107245,156.24695750859811
EK202310114305,147.6289291607308
EK202310134035,160.48467786494305
EK202310199912,138.45819541631224
EK202310140410,132.23903757211724
EK202310183615,157.4021135294978
EK202310147371,158.5348481626952
EK202310111631,130.93591820858347
EK202310139777,135.34742527758863
EK202310176357,143.40202881095962
EK202310105349,144.1787469351141
EK202310238051,130.92886428843462
EK202310123087,132.87217939393963
EK202310199824,136.6409958306444
EK202310225713,133.56260659657764
EK202310156653,142.61052289063306
EK202310238527,145.42093942765297
EK202310148824,168.59679696595123
EK202310186203,156.05954996304152
EK202310105194,139.23972007353512
EK202310141266,142.29214059121307
EK202310126789,168.32844262804343
EK202310135067,171.252711146356
EK202310222780,123.14750849092343
EK202310191104,149.72129214781643
EK202310244171,176.79539056365613
EK202310166225,155.56408752365107
EK202310217237,144.88152240912189
EK202310225459,139.28528872747847
EK202310109489,139.65754380462602
EK202310167581,153.91764855157282
EK202310127053,133.81600914228898
EK202310158488,132.06878857114026
EK202310134328,135.29721427977603
EK202310155326,138.17107214743038
EK202310181981,137.92458672716555
EK202310237066,132.73593059697242
EK202310123955,138.1355569322675
EK202310228593,135.68190904563644
EK202310190125,162.92570093403413
EK202310115548,145.5545015780575
EK202310111782,145.9775099355403
EK202310243482,160.04661130152212
EK202310163452,147.7121270248768
EK202310123894,144.82435198916926
EK202310154308,129.69424708130686
EK202310125766,120.81509061895808
EK202310176942,134.2493825993004
EK202310127476,150.23388422840654
EK202310158246,155.4792504388258
EK202310194016,159.67042727220309
EK202310227342,140.02449054646297
EK202310134667,149.5462879601031
EK202310123740,143.2678418743216
EK202310105769,153.3499430350882
EK202310228947,144.81373580736266
EK202310169454,163.001220827893
EK202310104666,125.10553492143616
EK202310151168,136.3953536231467
EK202310233283,134.9744967161433
EK202310172969,144.4473825494285
EK202310209511,141.5636729150289
EK202310185148,156.73270053298032
EK202310181055,148.26655306568446
EK202310153153,149.41865912762393
EK202310187550,165.00935501972697
EK202310107176,146.98055229803498
EK202310144598,120.984833859626
EK202310139318,125.44280075514708
EK202310160272,177.5618368977767
EK202310195091,145.91163400230724
EK202310186267,135.96734923730762
EK202310204034,147.06986310587754
EK202310128110,135.4228083428119
EK202310119313,134.30178555306352
EK202310157152,135.8989216020117
EK202310189194,167.0064880910185
EK202310115332,144.27110232204228
EK202310213972,136.30939867495314
EK202310174634,154.61768119105287
EK202310141976,143.3317500826399
EK202310217725,130.4718770128797
EK202310240779,139.92407993171628
EK202310133212,159.68752357850627
EK202310198208,137.41367516259484
EK202310185889,158.02919223890547
EK202310189206,148.64326984120203
EK202310177011,143.9581188369991
EK202310179732,149.27904099115216
EK202310224354,133.91946470293095
EK202310163111,141.35263352449323
EK202310194747,124.53083406328705
EK202310166854,143.57473097998877
EK202310242694,140.61849993992075
EK202310141362,130.54980915459237
EK202310183977,154.90335779977212
EK202310179207,122.85379857169204
EK202310247546,150.04120798406183
EK202310140989,142.74606527254195
EK202310196104,142.4927145965231
EK202310004793,157.93833125029775
EK202310185123,152.82247579394007
EK202310160604,147.4658918114141
EK202320005906,182.89367917433336
EK202310216868,132.0182119080573
EK202310164383,158.78697015883273
EK202310135531,149.19213214406244
EK202310225232,125.51636520439331
EK202310152968,136.6898264235993
EK202310193329,186.06207882068827
EK202310208494,129.54319682860103
EK202310120865,124.24718317239515
EK202310160731,134.13692871734034
EK202310143803,166.92244029869374
EK202310216607,139.24608982716234
EK202310183415,155.809527644892
EK202310200013,133.10513575432327
EK202310104115,159.0320326159718
EK202310133379,140.4466587459744
EK202310131060,165.29881737161276
EK202310149753,146.41704095214357
EK202310148087,141.11546167647816
EK202310172156,158.9818611823164
EK202310118569,121.82234866795999
EK202310204670,131.77420982243237
EK202310234858,141.06460077755867
EK202310203722,131.9610449282478
EK202310232168,154.49964136044306
EK202310213536,136.82220201487644
EK202310113341,152.41105593162956
EK202310134517,145.52297170460878
EK202310175096,156.5921376559379
EK202310118503,130.09451179030833
EK202310206791,146.87509520730973
EK202310133225,134.28505245453056
EK202310139427,128.56588553287193
EK202310242973,135.53354012638536
EK202310230311,138.4893852599904
EK202310192098,148.8834892517683
EK202310139654,155.03038640911063
EK202310104039,145.21417886894938
EK202310218808,142.7367263157603
EK202310112932,150.71229320283047
EK202310139942,151.73040496160675
EK202310155659,141.74797218852507
EK202310225247,166.79855065231908
EK202310126309,137.45927036342823
EK202310132111,154.92365221531713
EK202310242286,164.9202759478583
EK202310123840,132.64921260320872
EK202310210407,133.58245416772428
EK202310144692,159.3752706978657
EK202310132665,155.10243674114918
EK202310142951,153.19816533604524
EK202310239672,149.55686560006
EK202310228540,131.5723096417373
EK202310134450,132.40704581897486
EK202310202201,154.34160158909648
EK202310237145,135.22345053584124
EK202310248506,133.76723603072705
EK202310181213,147.2092179599842
EK202310197495,152.3682249439779
EK202320006060,178.36022792473625
EK202310240535,158.95811857159873
EK202310238367,150.6481371293739
EK202310105848,115.47830054620015
EK202310153010,124.92286621376255
EK202310245093,132.32056748349405
EK202310133381,129.73372405307708
EK202310132940,141.52920773691434
EK202320007659,165.51286098362868
EK202310125644,137.70863825983966
EK202310141453,135.5419668469101
EK202310217985,117.53917329258033
EK202310105477,133.94083095673162
EK202320005870,160.9357903043662
EK202310148401,143.8965807770856
EK202310218056,145.91105091528038
EK202310104777,144.47994707838376
EK202310136506,123.16399708777232
EK202310243986,135.54945279750922
EK202310217742,144.87576762995357
EK202310149440,149.99696055386852
EK202310176195,124.19136169844276
EK202310147405,142.33920041496535
EK202310210916,132.89538356426232
EK202310136871,149.8710191236576
EK202310204028,133.63450460300757
EK202310236173,139.8901470535361
EK202310144792,119.45868542163763
EK202310199783,142.20302044929957
EK202310115630,125.33804272846314
EK202310171734,141.01039349665191
EK202310219359,134.49106238473414
EK202310136081,173.99275271478055
EK202310238195,140.02901569950694
EK202310168013,163.11009294846903
EK202310171083,155.78093764029651
EK202310211010,137.8113686718939
EK202310212579,144.45773509130396
EK202310129157,162.17198506751504
EK202310123465,130.857811927317
EK202310192944,155.09329593356063
EK202310104057,143.3561794984503
EK202310140551,154.73958743831074
EK202310243448,135.60799848310737
EK202310238701,138.39231987042172
EK202310243934,129.24923956458295
EK202310225403,146.51756190689574
EK202310194134,149.67520669909186
EK202310223407,140.87355195271223
EK202310164382,147.96629051064548
EK202310136103,175.65065220314312
EK202310208188,141.18572194048824
EK202310145816,141.52306657986037
EK202310214812,141.64193869975227
EK202310202835,150.18098722211107
EK202310125645,149.88631282319582
EK202310121206,132.19198836981704
EK202320006076,133.62951279481015
EK202310184640,177.6492113960741
EK202310141217,138.55086231695006
EK202310150527,131.2013581138631
EK202310125769,117.51583284295839
EK202310197697,158.02176178195577
EK202310206446,157.03199338656637
EK202310151327,131.58258929757517
EK202310175105,152.095746648417
EK202310139134,176.29778116381786
EK202310119006,144.0423152579255
EK202310109789,153.8359360763224
EK202310205096,133.67163648170586
EK202310118587,140.37526764337707
EK202310171349,161.24949833136347
EK202310212106,130.27945917527893
EK202310191242,132.96752836180005
EK202310200352,143.85211035124073
EK202310128949,129.2008256737518
EK202310122161,140.42806358573944
EK202310201553,147.10863186179927
EK202310139788,146.46894117785396
EK202310244144,134.93727633690304
EK202310003717,170.0601981056414
EK202310130693,126.58539082755892
EK202310183999,174.03792575007847
EK202310172800,142.50648238294823
EK202310161242,172.67610348263938
EK202310146441,142.11456722132283
EK202310117631,122.22189900372094
EK202310212373,138.83823567368205
EK202310113819,137.3620142959355
EK202310210848,121.55702484257924
EK202310158047,136.40088166632148
EK202310144950,151.0227270562508
EK202310229677,139.3251971891281
EK202310128529,136.90530480978606
EK202310224957,168.23998894216396
EK202310111880,143.30073971248848
EK202310104750,134.06920055600366
EK202310230949,125.50770509034439
EK202310123557,157.5390147583367
EK202310235606,133.67339983861356
EK202310198394,139.54449221678303
EK202310161777,143.13704647411834
EK202310134912,153.58284180118477
EK202310118238,128.84567152119024
EK202310154314,141.4988621742752
EK202310195062,136.6870294526759
EK202310144785,141.30911221436722
EK202310225938,130.64512099491043
EK202310145864,125.3035937109743
EK202310219409,137.16367405259797
EK202310140726,162.69939244003797
EK202310132055,132.23925572602593
EK202310176826,136.44738638690995
EK202310136603,142.4599994125009
EK202310131597,155.7693927949611
EK202310246396,162.0857755043244
EK202310238453,149.40512077795577
EK202310210356,161.26658208617215
EK202310238874,170.1310698441976
EK202310243980,165.62679943394718
EK202310130204,156.6268142989891
EK202310232972,152.72014079288317
EK202310132480,153.02844744969804
EK202310123064,158.3908151851269
EK202310116125,131.08830623133258
EK202310216605,137.04267093884278
EK202310135031,168.25193358015483
EK202310119678,159.52667849145917
EK202310156982,173.48983058779294
EK202310181434,158.57374180988006
EK202310160699,161.03529669057696
EK202310206737,136.29737086717924
EK202310179993,143.33141334323048
EK202310141387,148.64513855986286
EK202310210766,137.2872732669093
EK202310109069,143.63931717517247
EK202310183082,148.81721299055673
EK202310184893,150.06276234914017
EK202310246516,134.78628418797524
EK202310229143,139.4526281242658
EK202310131062,167.05150927477985
EK202310185681,166.87138220328126
EK202310185540,145.46219647119437
EK202310114449,155.37520189420536
EK202310165928,166.6973575946053
EK202310107191,154.23793831786
EK202310228437,131.28455895625686
EK202310143843,152.58248025929905
EK202310180377,156.9871714442454
EK202310241530,133.76791855037922
EK202310162708,162.90685652657993
EK202310138305,144.84669960508995
EK202310103875,134.3786853987326
EK202310125471,121.1396036675828
EK202310152377,122.70349784105132
EK202310113683,162.00205453967567
EK202310181927,152.70182960503212
EK202310176699,146.59149511086204
EK202310179246,117.8178366418409
EK202310218837,144.0766253486352
EK202310156548,161.17466860616767
EK202310169871,135.98904982583863
EK202310183587,183.3867757093305
EK202310223255,137.0072053635969
EK202310174418,143.9066077491225
EK202320007116,157.42677423983162
EK202310224284,150.35165154089813
EK202310174549,143.28878853654828
EK202310161579,153.85175175930095
EK202310147194,149.89326261782415
EK202310112625,118.90203674324161
EK202310142795,139.14253820876775
EK202310187355,127.98862419923705
EK202310166085,174.3145903002412
EK202310173662,156.60919259693216
EK202310179128,144.89309549835082
EK202310178324,147.59505833651434
EK202310141982,120.24481827632628
EK202310200610,168.589082544081
EK202310116989,148.1495575353497
EK202310148385,168.88896038335275
EK202310003411,131.64882223427833
EK202310247578,122.88724792418603
EK202310244685,171.1768826996231
EK202310129901,161.644488058073
EK202310200914,137.3315122112849
EK202310129257,141.8606243236775
EK202310240699,138.4339290274259
EK202310216215,132.17791852326846
EK202310156174,140.73432196418315
EK202310221194,139.88220888466557
EK202310103999,146.08634796364694
EK202310192191,126.46555543643998
EK202310140596,140.4543975526098
EK202310143276,145.17050257019014
EK202310234844,144.22865990474355
EK202310187581,147.20552146237543
EK202310140028,181.72705779676937
EK202310246026,137.87154006099834
EK202310227430,160.31707685171546
EK202310132042,145.3161095434946
EK202310177593,149.74990557778824
EK202310141118,139.48743302023587
EK202310247138,143.4853214282947
EK202310130201,150.83622657090137
EK202310131399,140.02761480367502
EK202310175507,135.79358908225802
EK202310216063,147.51937499625404
EK202310247001,137.56374406591004
EK202310003515,135.9912458844353
EK202310174264,132.19363236471568
EK202310169815,146.01131399205144
EK202310110931,137.05845156415705
EK202310116115,144.57965495036143
EK202310124245,135.35254531036233
EK202310201777,145.52698333135936
EK202310166287,154.4116161773373
EK202310212681,149.87901285848835
EK202320006340,151.123640574348
EK202310155270,132.61368785731995
EK202310115765,123.04795313971533
EK202310179416,121.2661326186716
EK202310115011,132.077595813827
EK202310159851,162.39497991623642
EK202310185875,154.61320240803343
EK202310195751,150.65938611681085
EK202310212496,134.2961806940911
EK202310134077,125.38105254644626
EK202310125764,119.97988699178508
EK202310219281,133.1025121178611
EK202310138192,122.24417601125327
EK202310227717,129.8619375547127
EK202310178143,136.46447224490765
EK202310137761,149.43699454270867
EK202310239906,132.86221201327365
EK202310190459,152.52025674115336
EK202310115727,130.0907191730449
EK202310244833,137.79232340647764
EK202310107229,105.69146046546547
EK202310224274,162.5482638589741
EK202310194396,155.51323684583468
EK202310134831,134.28069997254138
EK202320007479,150.6136955841066
EK202310170018,149.9698792335729
EK202310177337,172.199900331664
EK202310119476,142.178794759607
EK202310213475,138.67950344156998
EK202310206650,142.89480318532776
EK202310231785,131.2850035688884
EK202310222833,154.60278622052166
EK202310187301,143.24385724982616
EK202310111784,133.89195515894363
EK202310227788,137.5611155605642
EK202310150141,147.30904589305877
EK202310161536,144.82720375766033
EK202310137661,142.5786001277939
EK202310226163,118.9445681746909
EK202310223040,132.04202758154574
EK202310111512,146.40978604692395
EK202310211220,142.43557426756877
EK202310122194,156.2434024733676
EK202310182104,144.05917741116244
EK202310179334,175.50948762374802
EK202310179331,173.29294547202787
EK202310145350,122.32747711371101
EK202310201986,120.71272003270363
EK202310196946,137.31725819846582
EK202310217855,119.50593717519047
EK202310236350,124.36486476099275
EK202310229165,128.84948233892675
EK202310171617,133.39660159366562
EK202310115459,128.1615147488971
EK202310196848,144.01858454520493
EK202310127398,138.09765592818937
EK202310205390,154.13277109336929
EK202310142325,162.84517057398438
EK202310196201,154.94058960541548
EK202310238646,148.20454678977097
EK202310230272,163.02756664294293
EK202310241132,149.82966313904618
EK202310212259,138.97813786220985
EK202310228514,138.703870942483
EK202310238485,146.24070027753936
EK202310158861,140.08073010070257
EK202310227360,129.56377235524795
EK202310136436,134.64800603382304
EK202310231528,119.67715431775379
EK202310221158,139.53473943577438
EK202310211507,147.65277607990217
EK202310190845,149.99114766335816
EK202310157714,151.39434227912537
EK202310135990,134.5128574907514
EK202310164365,142.4478381751032
EK202310153926,165.73085699065302
EK202310150008,147.54919481935204
EK202310141032,147.35813531944936
EK202310193812,177.79661664320884
EK202310137931,149.8883064582269
EK202310156495,169.8319079878261
EK202310122480,140.164655445729
EK202310216486,151.56807355771025
EK202310222820,157.328046896632
EK202310111196,145.0911319110705
EK202310150248,134.87158797458423
EK202310136916,142.51624656083345
EK202310107139,107.16187025992363
EK202310181412,158.70763444874837
EK202310206211,138.95133280439634
EK202310109768,146.0093908010557
EK202310206447,168.2545416560622
EK202310211977,133.3282421837457
EK202310235013,130.24449304855577
EK202320007348,146.92846384138875
EK202310128131,149.69593823978133
EK202310107501,154.09021657658568
EK202310247682,135.94562852727935
EK202310227429,160.24422037998792
EK202310204611,145.77390327720587
EK202310133183,134.9722527584499
EK202310218119,124.14337147227567
EK202310183206,134.47532057428572
EK202310232942,125.35396738201149
EK202310205411,144.230954906525
EK202310166033,165.9235779255581
EK202310134596,172.1076528037204
EK202310136873,175.94547819162167
EK202310203514,136.8766769222666
EK202310126038,131.63456113462013
EK202310191150,152.83585440994523
EK202310129389,152.6869432446842
EK202310222819,156.51843761758926
EK202310152891,166.5725199317164
EK202310157272,152.13903629462965
EK202310135873,150.58294429619102
EK202310197559,171.16355866482846
EK202310169845,156.00905437540445
EK202310165585,152.73578945340012
EK202310159036,142.42128280404668
EK202320007295,167.08177252524249
EK202310133662,143.4066996115588
EK202310189827,150.80742750543646
EK202310148841,164.88745017963606
EK202310146896,141.6170208382656
EK202310235090,141.74477976970115
EK202310119567,137.82652577313615
EK202310172433,175.47988568821916
EK202310247849,183.16687090912995
EK202310207306,128.63023775385676
EK202310183094,129.18435683380886
EK202310216955,151.40764363021364
EK202310192760,168.70950999134902
EK202310164280,129.0524365375592
EK202310203989,158.19585366400707
EK202310239786,131.0742887316774
EK202310105979,158.69483350802665
EK202310003640,155.5988652684761
EK202310240750,144.2848984763788
EK202310179109,138.96006838808842
EK202310150944,142.7202834522629
EK202310201413,147.11627883519594
EK202320007436,151.31169814482087
EK202310113726,156.51817254645186
EK202310122262,117.09790815722967
EK202310224480,130.80900687376476
EK202310194020,129.95051331043638
EK202310183018,155.81043170770545
EK202310181414,157.62306656150182
EK202310113303,126.52575172051176
EK202310108976,144.87591487813057
EK202310160184,140.98370081411358
EK202310210774,126.96918903619522
EK202310161905,165.4491765831287
EK202310142271,139.08648690353914
EK202310172860,150.99931379719632
EK202310145464,128.98035439337357
EK202310004728,147.6294211674948
EK202310166310,155.30890089675543
EK202310105822,131.08378365156213
EK202310147953,152.45262746914108
EK202310108291,150.49784837811086
EK202310240186,158.07245686205607
EK202310136365,138.52352928567564
EK202310221390,146.8995851354405
EK202310229925,106.66482878609834
EK202310141278,126.28280212486587
EK202310246624,167.6510526423782
EK202310220360,123.22154872633575
EK202310224653,140.30494436970915
EK202310160368,135.03988227409792
EK202310126911,141.88171278423346
EK202310222925,154.28720768264571
EK202310200594,139.83201659934383
EK202310150819,135.31562138854576
EK202310129913,155.50691030830134
EK202310187155,164.98235156752062
EK202310221177,140.35532483461907
EK202310117855,144.24244584919572
EK202310114109,142.7191393054897
EK202310212056,132.05667520119522
EK202310235416,131.4469095617846
EK202310119909,154.3353216386605
EK202310234670,135.95452232250946
EK202310191663,154.31529958160561
EK202310157791,130.30605494205966
EK202310232045,133.9192762389956
EK202310177127,137.77806915438924
EK202310175989,133.84797574491287
EK202310127307,151.7531520005022
EK202310105741,159.38214130228272
EK202310174633,130.46060900192865
EK202310114332,133.93189572937288
EK202310176623,144.3610127907968
EK202310157384,131.84579677835484
EK202310230266,141.94790393953443
EK202310178822,159.54837118097822
EK202310174964,137.50519601170657
EK202310149670,142.73975239720264
EK202310189731,134.47642237601534
EK202310134729,172.09993885170934
EK202310198042,134.28715865920117
EK202310231499,114.54469318579213
EK202310155095,148.9010401756307
EK202310180485,136.24967163475455
EK202310198871,107.14008450605591
EK202310004386,144.7320910986925
EK202310165308,127.8772392361407
EK202310131429,125.52410671947935
EK202310141545,158.11517046923126
EK202310184517,143.44894039330862
EK202310199293,120.06699931747043
EK202310152428,155.8912285402184
EK202310148889,181.48159319762956
EK202310187273,146.22483535777022
EK202310179239,166.6847003251477
EK202310235514,146.94403439964833
EK202310169287,144.65821995940365
EK202310240454,177.36830667079022
EK202310206328,166.62743126524856
EK202310108495,143.9379830169333
EK202310213966,133.06434663914425
EK202310196327,136.18873223100704
EK202310167665,163.51810541818952
EK202310171391,149.37684580839831
EK202310183683,123.56848918020252
EK202310157793,134.16606231331016
EK202310156197,151.31054676546412
EK202310198098,146.0096248781761
EK202310146704,130.2830155702966
EK202310218935,136.10634272149304
EK202320007401,161.09501432964038
EK202310137190,140.82678730641092
EK202310154815,142.94079614111732
EK202310126612,130.1428186032275
EK202310120357,155.69142896211136
EK202310165826,148.88507756631554
EK202310214388,151.36800236402408
EK202310204549,154.43101867927663
EK202310209491,151.65658109178227
EK202310208295,143.30789714089784
EK202310196248,137.21705032986233
EK202310242787,158.69133644736795
EK202310225423,155.28541201746097
EK202310110863,121.33350814215409
EK202310117182,155.2424260497073
EK202310217191,148.39459786516807
EK202310193055,139.35052866852735
EK202310212058,139.57909066589906
EK202310103911,141.6235643952338
EK202310213355,117.83602642883153
EK202310175342,169.4134743047878
EK202310237346,135.4461897306952
EK202310186492,153.5728059677599
EK202310147951,151.2102424614566
EK202310191447,144.14020191136015
EK202310215972,151.43555581843216
EK202310199031,145.96555529267732
EK202310152507,143.82543272490912
EK202310143892,118.7206157401508
EK202310129112,155.73443386048902
EK202310152184,120.97857013912255
EK202310227166,128.8569034202053
EK202310182576,141.83938099025562
EK202310004383,145.58249998514822
EK202320005865,182.16654149144074
EK202310199455,148.34857430497817
EK202310230815,133.58378851375997
EK202310209305,146.48716517873976
EK202310138624,146.67475020717492
EK202310126039,129.1915347803479
EK202310131814,135.3206856819361
EK202310184163,151.5034138491845
EK202310118608,118.36309718911964
EK202310227117,133.7697135776485
EK202310152007,144.95624347152233
EK202310229187,141.07183542619654
EK202310139035,170.04493441301864
EK202310175328,158.8854082385194
EK202310159155,143.146961778128
EK202310239122,119.42255917436323
EK202310167140,137.15741437985912
EK202310186155,147.33550667888358
EK202310193982,137.96070633337513
EK202310138270,154.94853541971244
EK202310117049,137.788137460845
EK202310142284,138.22276444979076
EK202310164426,141.375720299478
EK202310176396,151.28023604571794
EK202310201189,176.88243464555148
EK202310004591,135.5850260210069
EK202320005991,155.1374405683116
EK202310231608,123.49742297209745
EK202310136139,148.8254190801305
EK202310113238,148.1216064794915
EK202310158141,179.00846703918506
EK202310126316,127.63452033540167
EK202310123281,155.3561865880045
EK202310167569,155.20058156102755
EK202310174151,160.27408019499956
EK202310116527,128.49257601633744
EK202310193916,143.41686273557198
EK202310227923,145.40397183270585
EK202310240783,140.78086795430264
EK202310143752,131.54037856198974
EK202310106162,135.69610264970558
EK202310107199,143.84397925426774
EK202310213671,123.62714822156414
EK202310208384,136.42145791952686
EK202310196006,163.50064089855223
EK202310134465,167.18190163847152
EK202310151047,136.6533636452375
EK202310124565,135.33459966561935
EK202310183135,145.39398051092815
EK202310213685,140.4877481944746
EK202310143407,156.59073499018282
EK202310210115,168.7796436590614
EK202310110851,171.07756500707654
EK202310229392,145.35657272195996
EK202310204386,139.34990428914975
EK202310235968,158.79780036688354
EK202310199913,144.89772380138845
EK202310138545,129.1054757154756
EK202310116537,146.11432646931573
EK202310134658,151.8401616304457
EK202310224022,152.79330844410956
EK202310234186,121.01262543329868
EK202310163888,150.68597144346893
EK202310212249,139.156054587175
EK202310140225,164.47228891574952
EK202310140896,159.88103506503535
EK202310186538,134.09024989761545
EK202310136216,157.4724360318067
EK202310108888,157.64538444475852
EK202310182062,153.8619169532152
EK202310163277,153.75921457127404
EK202310107567,131.01429933371466
EK202310120960,164.36897535018414
EK202310180719,132.546143095301
EK202310131600,156.4830537489031
EK202310177372,170.40330887022884
EK202310126121,157.98011463924354
EK202310162878,144.83263651446305
EK202310201167,177.01438638819258
EK202310160968,145.9429999653297
EK202310197271,131.5135253291388
EK202310181868,143.57823146744096
EK202310151314,144.28322194939278
EK202310164572,155.98397884275718
EK202310205777,146.8270657394786
EK202310138104,136.7971275315232
EK202310167840,129.568367534843
EK202310226831,149.35367864036184
EK202310147830,152.11509650418552
EK202310197709,130.59117138518283
EK202310213022,153.10932746286852
EK202310193283,146.7206484476281
EK202310205081,138.81535208709795
EK202310122178,145.76858053190077
EK202320006555,170.08585877731122
EK202310237774,138.37998382909242
EK202310124965,148.4262961512646
EK202310186156,134.0988926591483
EK202310117980,141.11450206439898
EK202310125951,144.1056700648455
EK202310151873,144.03436686578215
EK202310207092,131.6367489052035
EK202310117489,162.42243565884542
EK202310216348,159.14560888896358
EK202310220010,142.1031662620279
EK202310214618,164.78838649370329
EK202310206863,134.89679651462512
EK202310109000,154.6146631762293
EK202310188574,182.52664244272387
EK202310165717,173.41868627461585
EK202310128017,147.8153223619209
EK202310165060,143.90489525038697
EK202310200674,154.5485981314667
EK202310221350,140.88076576706243
EK202310235065,150.81437185440683
EK202310163335,171.00317771465242
EK202310120881,137.15511844400467
EK202310137678,132.27120148350417
EK202310128015,136.4910551524499
EK202310234830,131.4133705553209
EK202310167377,139.65029492538474
EK202310164502,165.69141388883762
EK202310127391,147.43927215877244
EK202310179523,157.71886770360996
EK202310223246,139.9424118390149
EK202310108837,155.34979398171944
EK202310200232,137.07938686063005
EK202310204659,151.27205083651268
EK202310189046,160.51482181856642
EK202310137247,143.2638868054452
EK202310132734,130.24214413334
EK202310136878,144.62343350462453
EK202310236360,136.6822086797411
EK202310228358,134.71059410915342
EK202310134060,149.85071109570376
EK202310165565,124.97951352997961
EK202310226873,150.45914655413418
EK202310189864,128.6844490922114
EK202310119822,156.52944726983895
EK202310139438,138.8050632513948
EK202310190768,145.13952092497476
EK202310165094,149.98490814917608
EK202310138047,139.573748646484
EK202310166258,153.1705519960555
EK202310229510,149.60857579032842
EK202310226767,138.59779020546853
EK202310141133,144.5082575833182
EK202310109811,134.3421093485448
EK202310150474,182.1487905239588
EK202310179190,132.76749043895816
EK202310196236,120.80462004896795
EK202310209246,156.40909791158901
EK202310197990,153.30006433498795
EK202310207124,134.48671567980023
EK202310212257,140.47723849317936
EK202310108488,145.1385333321142
EK202310103709,116.72590651851229
EK202310232504,135.92985712370222
EK202310134238,152.51658515179017
EK202310123117,126.82437396423774
EK202310121605,155.27098061869953
EK202310173315,152.23390267073472
EK202310121739,129.4200637877693
EK202310208354,146.97608788295054
EK202310161392,156.46349509193402
EK202310234724,128.39798445607988
EK202310111484,136.90120467189413
EK202310187014,150.75048555895728
EK202310104426,132.31834920933466
EK202310145898,130.94082687388914
EK202320006067,176.3317314122944
EK202310188463,159.5603638465596
EK202310140762,158.92822442706697
EK202310218714,154.7822562136971
EK202310243661,139.2441300026448
EK202310177326,146.5634728363559
EK202310234236,134.6986710741889
EK202310227958,135.04657843204652
EK202310118900,142.02206952592863
EK202310165267,152.45569951219164
EK202310230827,150.27355118439806
EK202310171222,146.30143260720934
EK202310162860,147.24588273928788
EK202310235544,158.29899202245525
EK202310161220,162.3991489143635
EK202310121708,173.76144589082944
EK202310179835,141.53399200115783
EK202310239604,134.02504028091997
EK202310219818,133.3663015023218
EK202310161568,147.68191220920468
EK202310160061,162.42861931844007
EK202310110380,141.8186021196344
EK202310246413,130.36678369441097
EK202310235850,142.8788326087756
EK202310165684,134.25149987219112
EK202310104090,125.49855897037003
EK202310243966,127.6693287966012
EK202310228270,140.3464425198937
EK202310110387,155.5709091117139
EK202310152984,140.53698479600692
EK202310223888,132.10591443031652
EK202310204934,149.16989679543974
EK202310162381,157.73524461565273
EK202310197868,144.22750092280404
EK202310107186,102.99530601760621
EK202310163263,124.5565172467381
EK202310198200,141.39784347125774
EK202310211345,140.40450025788112
EK202310226051,147.44507497737675
EK202310123297,155.4403048788282
EK202310140795,124.56302741156085
EK202310207289,137.3154797897636
EK202310225168,143.85880240473426
EK202310183349,114.64673806275252
EK202310105114,136.99427052785998
EK202310176080,152.20392450237705
EK202310179405,148.9460132688244
EK202310190274,157.7843460993651
EK202310132186,138.67254942473932
EK202310146444,147.8579061152084
EK202310225702,153.9615152136999
EK202310218239,139.03370039419156
EK202310147577,125.85245329368921
EK202310183811,167.15931921072965
EK202310162937,146.97658111704123
EK202310157881,161.57908132020032
EK202310207952,135.48094718043563
EK202310141225,140.70103786136485
EK202310193030,156.68062175763853
EK202310122847,130.8230787346551
EK202310165669,128.44240343486115
EK202310114924,163.1491127049145
EK202310218309,151.0530798677927
EK202310208489,156.59235471060953
EK202310179997,141.05579099661912
EK202310147027,151.02856570747613
EK202310004319,112.25389859332637
EK202310175632,125.02775471606954
EK202310189340,173.21231781518298
EK202310177526,162.26292587796178
EK202310207611,161.65878172241892
EK202310194660,145.90363093620658
EK202310229979,147.97703000181667
EK202310240147,163.76610626356603
EK202310211637,136.15812753145747
EK202310149224,136.66669714538233
EK202310177662,142.2927502897926
EK202310179984,150.8367734091542
EK202310228864,165.2826834640481
EK202310180524,167.93311949936214
EK202310229356,174.1079774676789
EK202310149225,126.9239993628705
EK202310188850,150.3181605359287
EK202310237876,146.82576366130382
EK202310219004,137.1817938535196
EK202310125299,125.84722600872179
EK202310156188,139.2403551523527
EK202310238230,141.6789167096407
EK202310187694,144.97437499659296
EK202310158043,153.90474428495548
EK202310214647,152.095258204192
EK202310221207,129.04535184904447
EK202310173575,166.39476018014668
EK202310113008,147.51512238504486
EK202310239053,135.19123041935137
EK202310104640,130.11422950482077
EK202310241514,123.49957888203097
EK202310004700,158.2329708694101
EK202310162482,144.7006568801634
EK202310119906,146.63291657457185
EK202310153205,148.9204413032906
EK202310114919,134.6961132663098
EK202310235152,137.02127056815632
EK202310203791,129.36202869833488
EK202310123842,147.48951157183095
EK202310141447,147.3229978981161
EK202310192629,150.15956189427163
EK202310244491,163.20262183044105
EK202310216050,121.72956513596202
EK202320007061,146.68795591586087
EK202310217253,143.39858466877
EK202310187351,174.5105760602071
EK202310247064,134.66079175869365
EK202310215396,138.07413613401513
EK202310109791,161.0549058348234
EK202310238972,152.23595413949582
EK202310210241,137.5049779810329
EK202310138585,159.25309986202626
EK202310215255,129.48688000443508
EK202310181801,168.70979053166036
EK202310124314,128.68192474656257
EK202310175289,154.4762662579552
EK202310198498,128.3149535358843
EK202310154216,170.74588439850194
EK202310226242,147.06911704182747
EK202310127354,156.95113195060722
EK202310179264,150.1260587181638
EK202310139507,168.56495030412944
EK202310129883,154.2097070227147
EK202310232951,145.7218235086972
EK202310233288,123.42674687191816
EK202310121403,141.44633784604946
EK202310158908,143.13282564224727
EK202310147431,134.02015488288447
EK202310138917,156.08716483122157
EK202310149611,139.44963477182029
EK202310221612,161.84819385923865
EK202310143554,129.25615220285778
EK202310172722,128.02720072505892
EK202310199773,144.76790292598216
EK202310127375,140.05031664443098
EK202310225978,132.22346469046713
EK202310227248,146.64263135674864
EK202310116384,156.6666854932966
EK202310180690,164.86518465070202
EK202310122858,124.02840225326868
EK202310226310,128.94133455096036
EK202310195569,160.4081836158326
EK202310198823,149.09670669837828
EK202310121439,149.0459906725367
EK202310161947,149.80367703718142
EK202310232604,132.84120450750768
EK202310149617,141.53724990163224
EK202310146783,127.82535640572397
EK202310176164,155.66193956179814
EK202310135912,124.01382984214511
EK202310229257,162.5291677379029
EK202310235094,124.48553863880167
EK202310118246,156.68137089213295
EK202310185828,158.0882413745007
EK202310106494,138.5927946620957
EK202310146544,141.40467193906085
EK202310227579,133.06440752809849
EK202310248311,137.29040016689663
EK202310204884,140.88668816059618
EK202310117059,144.35043672630965
EK202310231772,132.19267537516208
EK202310139447,108.82374089684468
EK202310189968,160.5434779052482
EK202310185749,147.33260590494356
EK202310110703,120.1711404489188
EK202310237233,131.4357604345751
EK202310240881,134.45993883666512
EK202310125013,162.78292176768167
EK202310128536,122.78486917534218
EK202310153537,162.5025133578239
EK202310190471,151.44770967770134
EK202310151841,144.6135256169173
EK202310202685,128.52025793185098
EK202310105765,136.7988943841152
EK202310136470,124.12127876809798
EK202310202012,132.36871079333935
EK202310125711,143.87053845914932
EK202310157673,123.63213172746356
EK202310164027,153.97462604133975
EK202310151517,173.30285583503348
EK202310180147,134.41520948000445
EK202310198373,158.265491997702
EK202310204349,151.88813284453641
EK202310219251,135.45042374768315
EK202310172594,145.90118643692125
EK202310179118,134.72947759795431
EK202310150133,149.27742844949637
EK202310165331,143.9512921828782
EK202310163772,124.24679979183657
EK202310126377,135.09928158800022
EK202310145984,147.99121463791428
EK202310246976,136.59755544685413
EK202310113703,152.60432257334577
EK202310232392,143.81076610681416
EK202310236403,122.457974701649
EK202310139475,146.95715152191997
EK202310192609,148.4204104604452
EK202310224294,159.74697481321442
EK202310152213,144.61543185211994
EK202310108540,152.9138018182841
EK202310210085,161.23375034078416
EK202310226804,140.20433076838637
EK202310137397,146.85857286206976
EK202310117951,130.6340345018678
EK202310193300,160.23275566643363
EK202310106304,134.4239193468905
EK202310129954,160.25904960472846
EK202310215057,166.248223947165
EK202310139115,143.6036005590618
EK202310212736,160.3961016473137
EK202310135023,150.42688537159725
EK202310139581,161.56683560162404
EK202310199274,143.7820193710002
EK202310211965,120.00397741270115
EK202310246061,135.1223176046658
EK202310203442,145.54295930432136
EK202310181526,149.99336836193837
EK202310193412,144.33899377395545
EK202310139031,121.35374688404269
EK202310221231,137.067919066767
EK202310134998,170.42054648553386
EK202310141687,167.75381661027745
EK202310197304,143.1085970604281
EK202310201782,148.36287988412803
EK202310135431,167.55234647334163
EK202310208259,129.54296700094946
EK202310161380,115.94827724352322
EK202310186230,162.73298890327231
EK202310152403,140.23933709440945
EK202310116913,140.3409041882767
EK202310244061,129.35899783547822
EK202310135475,153.0590929745486
EK202310165270,136.97003439088797
EK202310138939,132.5868938541533
EK202310141892,146.0258856112535
EK202310124993,142.69203802986826
EK202310170388,136.0955943550283
EK202310157255,130.80745271462422
EK202310133503,148.74619213524588
EK202310175284,126.0128119164654
EK202310241462,141.70522366596634
EK202310154232,122.74988538250112
EK202310163615,162.51037086173514
EK202310197907,150.01728196171035
EK202310186389,130.36563394462635
EK202310245749,138.19564905472177
EK202310219676,147.46607872122263
EK202310190121,153.09412269398615
EK202310209264,132.62796408314009
EK202310210983,132.0010374480116
EK202310187936,146.860687995648
EK202310133895,131.32340136217968
EK202310186472,162.80962082160045
EK202310206380,143.14589897642992
EK202310193643,150.72507118438295
EK202310225084,166.7325106388364
EK202310220518,155.1116287154855
EK202310169406,136.1533500065321
EK202310237549,133.5575114346618
EK202310109909,175.10680789125414
EK202310212592,134.31381796759203
EK202310179751,122.85585582367437
EK202310112820,135.94619057443185
EK202310195293,128.24920487022382
EK202310236702,130.48587274373003
EK202310145993,146.25004043439472
EK202310222902,140.76984230942767
EK202310189301,172.262818879387
EK202310205807,147.14467752677052
EK202310163101,148.52345665980414
EK202310203688,143.67776538307706
EK202310174439,164.60425269487618
EK202310156353,166.1461442474986
EK202310162723,146.8997187385962
EK202310212065,126.76131806148244
EK202310004255,132.88061906322085
EK202310222006,135.504191741574
EK202310194790,146.23660590619482
EK202310106043,133.05569126094036
EK202310242730,146.31636231426359
EK202310242586,143.0894892278014
EK202310176604,155.0687259714972
EK202310109635,146.08087855038215
EK202310216117,126.69445565196658
EK202310116981,159.58910528969585
EK202310221657,137.58562240714443
EK202310144341,133.186369812008
EK202310228428,129.26422122040898
EK202310146265,138.15906142790124
EK202310209443,142.08273697151475
EK202310218588,137.5936551692449
EK202310108618,138.78364189824825
EK202310121760,127.97073088371148
EK202310107369,135.33604803423077
EK202310115437,148.45239388196376
EK202310187394,155.4357545412804
EK202310165757,129.04039355810107
EK202310195111,158.13647434784264
EK202310188262,180.944687829259
EK202310124663,122.06469837188655
EK202310143110,126.35802089831401
EK202310211384,148.85415404487935
EK202310118553,145.7653433153566
EK202310149358,157.95603602044775
EK202310164859,155.94008921964866
EK202310207799,130.90698083992174
EK202310172115,138.59126591190733
EK202310215359,147.71250282282728
EK202310161036,148.3618357723196
EK202310223447,131.41837751264234
EK202310181639,124.01047445844615
EK202310204435,146.68619324994347
EK202310104184,144.56080090655243
EK202310160295,158.3432274926488
EK202310192033,142.34939800406448
EK202310168110,143.3826284856486
EK202310189097,131.1800631992905
EK202310167385,135.04795157950775
EK202310109968,157.6685035474041
EK202310198949,151.92003652918913
EK202310197617,172.0297796726669
EK202310108360,136.75221644478148
EK202310159270,157.02731068359103
EK202310145269,155.55537307484258
EK202310188812,131.79982950545943
EK202310125988,131.75441518904051
EK202310112939,136.7781822178618
EK202310247895,139.92501343205748
EK202310131311,123.15060196471495
EK202310183854,149.99026946013504
EK202310219712,152.16230072264298
EK202310160911,167.23109936691807
EK202310231162,135.399642884382
EK202310135041,166.43088272128435
EK202310212037,132.27161004227742
EK202310226698,140.18686783287868
EK202310134750,129.50978819763745
EK202310148234,138.10864791732715
EK202310174532,156.43865892031846
EK202310109167,128.59946388905647
EK202310197750,160.9193268095573
EK202310164476,130.8233982605473
EK202310233270,153.14168702036767
EK202310135322,155.34422290216344
EK202310209231,129.3969389944705
EK202310202820,142.05683952701102
EK202310174302,141.23413459781642
EK202310125602,132.8411587698993
EK202310158386,138.53862789261427
EK202310242062,133.67343124821397
EK202310141111,142.13432357065352
EK202310136233,147.2183810203032
EK202310236818,135.90544159960936
EK202310184555,135.1812722059203
EK202310198830,149.23310401454364
EK202310151478,180.009614358803
EK202310231437,120.03251597949055
EK202310150468,141.53391297710357
EK202310241943,149.02040366496684
EK202310231053,130.20947391184274
EK202310154428,154.78056835747614
EK202310192603,159.27992903671623
EK202310161912,164.38025079263687
EK202310130902,135.03085997333068
EK202310183672,164.6439507620609
EK202310227046,169.16096158322938
EK202310166255,140.8280575014495
EK202310137864,117.4710529912919
EK202310116959,150.72750536162755
EK202310238412,134.78105235156997
EK202310171649,151.66575742056483
EK202310193766,136.43527251234588
EK202310123847,168.29221007855233
EK202310146498,126.69904119513522
EK202310239626,138.5179303003075
EK202310195302,134.5952628836349
EK202310212103,137.96785027381162
EK202310192877,136.13832937368596
EK202310111009,134.6419358929368
EK202310136743,141.24722172739067
EK202310195641,137.0673910381522
EK202310227516,157.93633138315448
EK202310115577,142.4966428199286
EK202310215165,136.616398983109
EK202310138284,163.35500697012506
EK202310126665,129.6214152916445
EK202310239150,135.73046827933217
EK202310203149,162.56001549459012
EK202310193960,120.43139350457729
EK202310171451,128.14897421110498
EK202310121337,117.77693431958693
EK202310117375,140.53568328126178
EK202310220920,161.4281708923564
EK202310115368,150.83674465754277
EK202310156865,164.74186419175385
EK202310185189,154.97850896052347
EK202310122055,124.99665003730637
EK202310215356,160.7372669928173
EK202310147958,155.6343847136576
EK202310121750,123.26917076185512
EK202310173060,142.87732096115224
EK202310163776,130.59571915454316
EK202310220192,151.22324093231148
EK202310218549,138.57813617451927
EK202310157001,175.31788679293857
EK202310225119,123.17706766724012
EK202310204051,151.942500082584
EK202310122949,131.4151596647042
EK202310121503,129.59324115017222
EK202310131147,145.6864081413698
EK202310108909,135.81956479132495
EK202310151114,135.75484717173518
EK202310233392,139.029170192862
EK202320007141,155.33149836227727
EK202310164522,148.4425621404175
EK202310177297,152.43742267900805
EK202310210546,151.28751611739088
EK202310184589,153.901358831777
EK202310212117,134.4838551400981
EK202310133272,126.21245514749288
EK202310205158,148.304322795019
EK202310174636,164.37687613121204
EK202310140946,149.2880214791082
EK202310117042,140.2852453385721
EK202310134320,143.0848004361022
EK202310229429,140.62088187689878
EK202310106153,140.74316438916512
EK202310247761,177.4667492538751
EK202310227271,129.22244006108835
EK202310239428,123.57532022875021
EK202310215784,118.2365035736526
EK202310210318,125.31942841990627
EK202310141900,141.43924848615796
EK202310184802,191.14277577769798
EK202310165235,144.36492956706363
EK202310171404,122.88743245386932
EK202310210573,148.3834438563982
EK202310210122,146.34737082251252
EK202310150189,130.21799821857715
EK202310156048,146.60566938488483
EK202310172500,163.18376304045535
EK202310132244,129.7246841298246
EK202310245342,146.06995671932395
EK202310139313,136.9515789232167
EK202310207856,142.1404641974954
EK202310116311,129.6453012585852
EK202310208589,157.3369560364011
EK202310136325,139.98833324783374
EK202310248759,119.27096358941287
EK202310198653,138.8051933724739
EK202310195491,154.96145306383062
EK202310103816,122.4784533500881
EK202310207373,153.9069282876687
EK202310227064,140.60317493265273
EK202310138546,150.3767211977652
EK202310205952,130.60092014900326
EK202310212677,149.1752267368396
EK202310228148,131.52796015734017
EK202310107729,147.23891058084212
EK202310211277,146.3003921172919
EK202310195545,139.3073595239171
EK202310116564,146.97237592426342
EK202310184823,148.9218051215217
EK202310170543,164.59591390389267
EK202310193619,131.89760898262833
EK202310239035,161.30585527133144
EK202310133171,124.20304610008476
EK202310227136,140.74909698607763
EK202310142625,122.02194267455035
EK202310244169,131.5123708715276
EK202310246581,109.75109035859867
EK202310165380,154.46362578071853
EK202310193395,135.83995491032775
EK202310109332,152.78805005425934
EK202310163291,165.72748561963544
EK202310124290,135.4866946438643
EK202310215739,137.21392712097276
EK202310241146,147.83671058420884
EK202310124580,143.11512369754993
EK202310211475,136.10058019920086
EK202310004503,157.14828364055614
EK202310143151,131.24212022856082
EK202310136531,156.83717994926968
EK202310119568,138.55703305409946
EK202310107515,143.6369615782344
EK202310189886,146.5405867784117
EK202310124398,141.95969139802676
EK202310125848,144.02582019717946
EK202310211088,128.5731983414414
EK202310156421,163.44676647299443
EK202310157177,155.62601826270165
EK202310211323,144.6239818477719
EK202310202592,131.42263980986172
EK202310194894,144.77343475436186
EK202310215071,137.601809117129
EK202310202956,151.55182257891056
EK202310234488,144.55456474220279
EK202310187089,125.92457331797806
EK202310227517,153.5390447919632
EK202310170551,161.58626981349082
EK202310189993,149.234877159722
EK202310149202,135.8121891170883
EK202310229780,131.60252985362058
EK202310245465,136.0112130702413
EK202310218891,143.28012248330162
EK202310124812,175.23466579621805
EK202310208935,150.46215388794823
EK202310140658,122.32014298793912
EK202310183874,161.62715319074485
EK202310107413,120.6300848539696
EK202310194042,142.72449546723553
EK202310157446,140.2224956669284
EK202310199004,133.16456418243882
EK202310135601,126.63949986931134
EK202310201970,156.77617257191733
EK202310139356,141.8240313754639
EK202310134175,144.5331041638572
EK202310108539,153.20897699738848
EK202310177643,143.15366999540478
EK202310103821,128.3969270671436
EK202310206740,179.57462374135838
EK202310131433,135.85817117431495
EK202310204350,144.11702500335483
EK202310225071,134.90674670674056
EK202310211718,138.82468244264763
EK202310131849,138.90829755431696
EK202310153172,146.61630509335578
EK202310132642,137.1010999775812
EK202310112845,143.85280799422682
EK202310177008,144.60854578905924
EK202310130444,167.11250347492907
EK202310147078,151.0437731662117
EK202310208564,152.33975839335176
EK202310194298,144.21511173046855
EK202310228548,141.20263704655764
EK202310187217,146.00199603851962
EK202310171794,141.1910555378632
EK202310174423,140.56348316533473
EK202310186521,143.5940693087121
EK202310189274,178.07142906173416
EK202310128594,121.55763496038246
EK202310213657,126.35240840522319
EK202310136140,102.28789479679935
EK202310144986,142.44972306835322
EK202310117312,146.1641844473338
EK202310165610,179.67161369906484
EK202310130595,144.61648078711258
EK202310004575,132.07222437285688
EK202310119145,145.719073807282
EK202310179788,140.09772190140148
EK202310247106,144.72447497259714
EK202310118131,137.2840592179788
EK202310144354,141.17973476456623
EK202310192108,131.8726430764893
EK202310169582,133.06172464284083
EK202310227386,137.4963804784626
EK202310174182,145.91755450526762
EK202310222783,135.06484192407987
EK202310178639,149.61923014440126
EK202310245259,127.18462863587052
EK202310167257,144.2157799405923
EK202310162914,135.1428624506898
EK202310004463,138.19980766406653
EK202310207893,145.1012837939223
EK202310148230,133.82364320630103
EK202310116055,133.9726989861819
EK202310224157,161.93794964869352
EK202310114888,129.65433394236214
EK202310195337,173.7965731334404
EK202310216934,162.21385731341135
EK202310216677,166.38604939827187
EK202310188580,135.67349582280087
EK202310219727,141.7737383463393
EK202310166001,137.25351200494268
EK202310229705,137.76567658974304
EK202310209871,138.85101658484598
EK202310196361,132.7754428497017
EK202310234245,138.10328172898102
EK202310138920,146.9136296143399
EK202310122618,135.021477600317
EK202310175727,142.25769553014237
EK202310155478,146.451876309309
EK202320005560,134.58660350361538
EK202310110719,157.73101571890703
EK202310136240,148.01983560439328
EK202310186251,177.19343188540728
EK202310216248,128.67206606305183
EK202310205301,140.6586287919083
EK202310211409,130.02556394445065
EK202310154889,133.8062833316266
EK202310133167,148.97957400955104
EK202310190742,129.49586904934796
EK202310181049,137.2729012710043
EK202310190345,155.10031976786755
EK202310223134,161.22248826708835
EK202310248510,144.5930018248965
EK202310177287,151.97342665621892
EK202310127550,139.38772054797118
EK202310118313,139.93171977984701
EK202310222760,140.57633569924866
EK202310112189,141.1769633317899
EK202310141089,151.11057468065388
EK202310132200,159.20755985204192
EK202310221040,134.98290157998105
EK202310111716,143.26084953044455
EK202310206062,115.3606842435145
EK202310209855,157.1291217855147
EK202310104428,142.24907423141315
EK202310177723,138.6496421005692
EK202310003367,129.3508582911091
EK202310182125,152.15955547290142
EK202310194084,136.1557562453834
EK202310211789,131.71677589046791
EK202310132488,162.44738161976005
EK202310142803,134.05552668859954
EK202310181723,174.52198751280525
EK202310103735,130.49290052136806
EK202310219083,154.33110295729992
EK202310215988,150.59681652247147
EK202310234414,111.49271322044066
EK202310203900,133.3940682027772
EK202310137717,133.99343828532085
EK202310112769,132.89645086550382
EK202310160354,131.05258952376914
EK202310105028,142.2968247014443
EK202310128626,161.8840989890294
EK202310206626,149.6785403624823
EK202310247911,110.08433392473648
EK202310156966,157.4099454938216
EK202310111774,138.89001889377823
EK202310141388,134.0590297443301
EK202310105367,132.57013174782188
EK202310138470,132.58339558627944
EK202310238177,145.6363737004306
EK202310169946,154.20458169368527
EK202310189158,155.68178704972507
EK202310231981,134.9814130531489
EK202310174508,132.79851041028965
EK202310110650,128.30154829276117
EK202310195172,152.206195840447
EK202310188961,138.52956606477545
EK202310219185,150.00365677451887
EK202310208623,125.97773787614287
EK202310128662,125.8280302897748
EK202310185661,163.80688392510086
EK202310157894,146.19654585033436
EK202310200928,157.7008989417719
EK202310004224,142.081135013292
EK202310150214,134.40897441089217
EK202310111969,138.6407131488926
EK202310129506,139.11135851856585
EK202310127186,167.25268990114984
EK202310173377,119.19792826384104
EK202310163570,147.64554994419808
EK202310196742,128.35431113732898
EK202310167664,157.18245062693063
EK202310148814,146.692330020391
EK202310200567,175.55636085627987
EK202310168414,163.87693816343204
EK202310203613,152.09519732966243
EK202310247919,153.35435440138363
EK202310200083,167.89755350595703
EK202310148844,135.1105100794179
EK202310159721,147.59677108363786
EK202310131910,135.14503118772802
EK202310153522,110.72296779570844
EK202310212250,138.2052179296136
EK202310111147,157.6946578311823
EK202310170237,136.74666213778735
EK202310166954,143.10498799702575
EK202310193804,144.15409368271463
EK202310180730,187.6064446830745
EK202310004363,155.33187731989716
EK202310123533,132.66921810270077
EK202310235018,136.49253376574552
EK202310176008,144.56751960175313
EK202310151334,127.34918765224243
EK202320007865,176.40090613946185
EK202310236423,139.72610015602274
EK202310130270,144.33807536897007
EK202310220333,133.69144366012074
EK202310196344,138.3001364261639
EK202310218805,158.34519700998635
EK202310116838,141.0654264111803
EK202310185359,142.85688033465593
EK202310150318,144.83519439154696
EK202310121733,117.61693927487255
EK202310242000,158.42655560541712
EK202310193114,129.39407763845355
EK202310171559,131.98076286701863
EK202310122635,136.172683777211
EK202310167040,170.3484823370235
EK202310166470,130.6189898404701
EK202310195612,140.9874894261164
EK202310233457,140.16008894290553
EK202310185055,146.3971773199808
EK202310177519,157.9994693895402
EK202310247329,176.80936550402524
EK202310195549,164.89060128735494
EK202310144213,130.23296154896815
EK202310135438,150.5355565234184
EK202310226468,134.35622436373947
EK202310105289,157.23405492261813
EK202310120252,158.80404983835922
EK202310176662,140.0558239646424
EK202310114289,150.72831891766114
EK202310126976,132.6353784388031
EK202310207593,169.09370654532196
EK202310114272,126.33266036837544
EK202310199080,159.47628440741028
EK202310122669,131.95277787165753
EK202310180804,147.1404966225723
EK202310204732,163.32921966834272
EK202310200464,140.70820391396083
EK202310203808,119.4109066724285
EK202310212010,133.1026724121083
EK202310245942,144.93446811555174
EK202310004694,133.76036882461523
EK202310155200,138.88601746897916
EK202310164369,127.4925239130114
EK202310126268,135.51150646373043
EK202310170105,171.37492139668018
EK202310225963,144.37773306563207
EK202310114547,141.7972352233682
EK202310236239,142.20334816096184
EK202310112862,138.72524391787363
EK202310109972,157.05609914184316
EK202310132643,126.93111063156717
EK202310132419,154.1621659802991
EK202310161002,152.06624662813343
EK202310189189,134.75576344609743
EK202310148790,142.928390871497
EK202310169154,164.7779702314372
EK202310196747,164.59859531261532
EK202310122266,149.4953070290692
EK202310115421,117.39706716912866
EK202310180521,155.88802094274706
EK202310167786,140.40811151703673
EK202310167076,158.90170716578672
EK202310168839,138.9965423030564
EK202310110674,125.29504204066374
EK202310236684,132.0929173624549
EK202310128770,132.83536889074932
EK202310244917,159.52111579244223
EK202310128367,157.3729251777379
EK202310129004,134.15876599907878
EK202310231478,116.5798793782351
EK202310178172,142.101762122698
EK202310180564,140.76897858712962
EK202310112326,128.29343870115468
EK202310200330,131.54791212909927
EK202310138725,144.36460772107102
EK202310177009,153.0246127644938
EK202310220598,164.49886950469713
EK202310200436,148.10904980518632
EK202310242674,138.91682044291386
EK202310222668,165.9434973937664
EK202310118184,137.16821537742535
EK202310138203,128.8786272350692
EK202310118829,142.87420123503472
EK202310185969,152.22421677146292
EK202310216351,156.35844639161996
EK202310187284,121.45888619554843
EK202310218216,150.34733455516346
EK202310219259,136.34067851674203
EK202310120929,130.9605062046204
EK202310108093,141.72207879019274
EK202310142267,141.70574682003237
EK202310174980,147.88971148833173
EK202310114009,159.7630479458065
EK202310242966,143.9018247126914
EK202310147064,157.21118936325496
EK202310223815,138.30121042684146
EK202310185149,149.3196044533822
EK202310173756,126.25199502147196
EK202310212549,143.69869986590075
EK202310122123,131.1381028213288
EK202310148593,132.68620735446413
EK202310203858,137.48236726664908
EK202310194323,145.9249608897748
EK202310210067,135.74793685043753
EK202310247362,138.04828712989658
EK202310179728,169.68935245854388
EK202310135263,139.5134672297782
EK202310228041,162.9216532439953
EK202310198439,139.38578564467943
EK202310224121,139.0116617994395
EK202310176263,159.29251488607514
EK202310210520,136.01033344286844
EK202310153558,126.61214384803272
EK202310201528,145.653273105365
EK202310204700,129.0085271626839
EK202310199855,157.6695660813329
EK202310133334,136.2335384387556
EK202310125891,141.17142510567575
EK202310149237,134.18866912680897
EK202310207352,127.51840580299687
EK202310143244,184.99394797429653
EK202310173902,162.90834104129698
EK202310204441,133.31121009506458
EK202310154510,165.64578295387005
EK202310197593,161.82001191989414
EK202310139918,147.0904330216754
EK202310143944,135.54974896936503
EK202310182605,133.26550758906305
EK202310113041,132.9955051380279
EK202310108339,133.9491272082674
EK202310177699,148.12797688132184
EK202310158001,158.43341098023058
EK202310243619,118.64908849385073
EK202310225367,145.3670906790444
EK202310148561,138.29152546487197
EK202310242689,145.50573023542918
EK202310146006,141.8368127488402
EK202310200037,128.08422471963428
EK202310186473,129.8088478516828
EK202310105390,131.6816192243661
EK202310150556,136.0046756344138
EK202310180347,162.14669137359664
EK202310203230,162.7130282039042
EK202310200016,142.196693710648
EK202310154269,148.00552680923835
EK202310128087,175.9222198098237
EK202310122816,142.5885021772899
EK202310134877,135.55369564894352
EK202310195490,131.71131509473895
EK202310209715,134.42602039703823
EK202310236837,138.40631979680842
EK202310196435,129.37900589949916
EK202310139068,153.29858993315102
EK202310171012,159.67136636794996
EK202310150360,152.3508978080531
EK202310222353,168.99363505455494
EK202310197842,153.39975031944977
EK202310188412,175.04880142679866
EK202310153874,141.80907621876509
EK202310213199,142.6566463828121
EK202310127730,164.17290761021786
EK202310215194,140.3526050309815
EK202310126576,125.4250155032409
EK202310248182,150.5719839934926
EK202310198801,172.7296073537449
EK202310198160,139.88122758472346
EK202310198294,154.77098190092772
EK202310167705,116.07415028081094
EK202310217704,150.031466454338
EK202310145831,134.04711146447156
EK202310105308,140.78662469592066
EK202310230902,135.13225700883942
EK202310202412,116.60783784157582
EK202310130126,148.04171141541974
EK202310193563,156.44616242643576
EK202310130811,138.68817418682573
EK202310169126,148.17649393733208
EK202310107052,154.20304337159558
EK202310134315,124.85399496235183
EK202310230590,130.33482304332162
EK202310212377,136.71922222642232
EK202310227080,145.76902840592052
EK202310124256,184.50086855896384
EK202310219252,143.7814870799353
EK202310230033,136.171369100176
EK202310117668,153.01462502783488
EK202310228344,137.04141894383363
EK202310233855,132.19052508070618
EK202310147814,142.04934201684696
EK202310107881,145.67459398647824
EK202310230203,165.37228974978893
EK202310177383,171.77659673118475
EK202310122567,156.84530804246384
EK202310207619,160.64061332680177
EK202310202333,136.98361911608072
EK202310189380,141.67600064236615
EK202310180057,137.6676987207796
EK202310202234,145.04983876676232
EK202310233426,154.509973233366
EK202310175207,132.6744443883647
EK202310204631,145.81357232796836
EK202310194398,128.64109133980787
EK202310139820,140.1859426050549
EK202310116562,146.41182965642918
EK202310229058,130.99095521573415
EK202310247161,131.85646764222565
EK202310189860,126.32653908707839
EK202310104099,147.38953307774563
EK202310244738,149.15612062614787
EK202310247933,145.33201244951252
EK202310149446,149.40105282256064
EK202310161930,143.8861830510428
EK202310116286,145.45550449835554
EK202310109850,126.96441071372669
EK202310204890,123.60603515913058
EK202310124176,114.81502453325734
EK202310231512,123.94368939408788
EK202310157031,167.3629826618758
EK202310219683,140.15688365175487
EK202310105922,131.297263597255
EK202310003444,138.60824113119662
EK202310128205,121.18395214149182
EK202310136781,165.72808355953958
EK202310195373,153.34344072464285
EK202310140338,139.50836425438942
EK202310178676,143.81001710669125
EK202310234329,158.0753850263595
EK202310115125,161.07139777341735
EK202310219503,126.04203602124278
EK202310201769,146.45235384564077
EK202310139458,136.22962857581467
EK202310194338,160.0095232541597
EK202310223572,137.26539050539662
EK202310125065,155.60562180882445
EK202310227016,141.80597118830892
EK202310176702,149.59403446549052
EK202310155243,159.10056740187105
EK202310192723,143.70457981335656
EK202310198191,151.3376219894954
EK202310105422,142.95226516117373
EK202310105777,148.85977940762163
EK202310187970,130.49969786124737
EK202310236294,152.9285648464959
EK202310210632,135.26040196213353
EK202310122661,151.77352725009914
EK202310132816,159.15468985151023
EK202310221993,143.09844438561345
EK202310235308,150.10397083404735
EK202310232426,126.37681995048017
EK202310225207,126.86659635954965
EK202310120329,150.52867640680455
EK202310174955,134.48867383581157
EK202310233002,157.82716103138733
EK202310226820,134.87432137815745
EK202310231561,128.75403778928
EK202310178128,133.2814917967407
EK202310231088,129.5947507729036
EK202310147614,173.2102450077305
EK202310192044,129.60053445256824
EK202310207423,127.98226412625333
EK202310144998,132.48248693732558
EK202310160433,147.957214364274
EK202310182388,147.06941297712896
EK202310004163,146.85813095710205
EK202310178635,133.007712708565
EK202310147316,171.4618887311656
EK202310137625,139.60061170964843
EK202310234674,136.22597716024978
EK202310206395,152.30534149244016
EK202310198108,164.60604092565518
EK202310230135,126.78072658074002
EK202310124667,117.52956342340846
EK202310197608,170.85258310264697
EK202310239140,145.23844544119174
EK202320006708,149.9400790582904
EK202310141682,130.55070149016768
EK202310173078,140.71574799054073
EK202310180684,158.36804013120428
EK202310168825,137.0565134895223
EK202310196603,146.12889296842613
EK202310143301,163.8186512342551
EK202310198024,156.9564123009712
EK202310238866,163.43807621059992
EK202310174309,125.25451060888498
EK202310169127,121.61373595178486
EK202310118888,142.01565511036557
EK202310219211,127.40930624195416
EK202310117888,114.83695474624125
EK202310203714,124.67398003803832
EK202310212227,129.43689872595243
EK202310224375,127.80731895870832
EK202310169753,133.92318580302776
EK202310218369,145.09769673386916
EK202310229422,148.76057896465795
EK202310114027,130.88735725174047
EK202310191499,138.1037603664306
EK202310123832,143.59329068885964
EK202310117550,135.56557616387366
EK202310153034,148.35729291214625
EK202310147526,137.48212759018304
EK202310240029,118.57893658532677
EK202310208321,145.56958996775788
EK202310110615,124.75491014949895
EK202310172001,153.6217555732932
EK202310245514,147.84382176077693
EK202310113405,135.6460162327937
EK202310133712,164.41655329624348
EK202310220573,140.0551672616196
EK202310127361,143.90527687344135
EK202310203296,119.52917186183265
EK202310205467,132.11032533944757
EK202310182859,152.39020465627954
EK202310116644,146.47247938036946
EK202310143055,140.90911446317804
EK202310137541,150.748278422304
EK202310240346,152.1438345429403
EK202310231920,142.00034252443572
EK202310003793,129.57786496913747
EK202310179099,141.7206408068003
EK202310182101,138.39167574892966
EK202310180654,137.57571307546857
EK202310203568,146.6652541722795
EK202310201589,158.2688932417049
EK202310185227,148.36200301990857
EK202310204045,145.37961949722438
EK202310231962,141.93775382923465
EK202310206237,134.42049753864976
EK202310129023,154.81655744390264
EK202320005658,140.76292336620887
EK202310155013,158.55782825640375
EK202310207955,134.7529958223939
EK202310175039,124.8950241762401
EK202310189095,153.95047949408905
EK202310222588,141.0935010037471
EK202310194826,133.61012022887098
EK202310116127,135.8404868559172
EK202310186036,132.70897514021604
EK202310228425,120.31855217710805
EK202310142709,122.80098285650318
EK202310212132,124.14195765461747
EK202310106890,125.06863221761617
EK202310244866,132.2071369236816
EK202310185150,147.62874749787622
EK202310137324,135.75529975446182
EK202310171191,116.02203306074844
EK202310113505,118.38919649469595
EK202320007023,161.44381729212762
EK202310119257,160.69870103156626
EK202310149918,164.06523288151982
EK202310223014,131.6399966332275
EK202310201000,151.3033134264344
EK202310172203,137.11147692351665
EK202310203943,152.7645961906929
EK202310120010,118.13105097565983
EK202310108002,148.12073763159373
EK202310241637,142.3979133865564
EK202310174800,140.5167567026678
EK202310127377,159.97557208744996
EK202310122799,154.05908676796503
EK202310229843,109.2914617889366
EK202310226129,142.5158048435771
EK202310140081,180.2978149174751
EK202310229999,121.39190583659911
EK202310203546,150.8080521795692
EK202310209757,144.44804161341048
EK202310116016,129.98774673337147
EK202310165012,176.21496393102097
EK202310122837,138.3544559188963
EK202310146822,161.12411280455262
EK202310112044,134.0935612507189
EK202310166309,154.4964335568385
EK202310172353,139.015811132071
EK202310111013,157.41439426349515
EK202310134532,134.04445893043487
EK202310201623,145.33854673732043
EK202310207833,131.47956751126787
EK202310153627,152.16534288595665
EK202310173741,157.9738052859517
EK202310233377,153.29232670529254
EK202310108336,132.6950037429574
EK202310144097,129.0975806965563
EK202310242026,147.40279372732073
EK202310123987,175.94851836620958
EK202310201556,153.1394794887006
EK202310141802,147.88688979337667
EK202310160116,152.4584794438623
EK202310208420,134.99262617890813
EK202310201286,142.32638764983187
EK202310242784,142.22443537408327
EK202310207678,127.66772464740714
EK202310235367,148.3572088034942
EK202310138835,149.6873335202864
EK202310126496,142.12323589995793
EK202310210203,141.3585368978773
EK202310160698,159.5290420715956
EK202310131627,139.92128828155964
EK202310192509,122.34724585585322
EK202310237182,155.27770645749806
EK202310195225,141.97318824034866
EK202310209548,142.21178187456152
EK202310170414,126.72520242711961
EK202310178511,137.86337038512988
EK202310169436,150.20850191926158
EK202310163299,149.83121067988583
EK202310197411,132.52229561196594
EK202310208679,133.55633020626095
EK202310178121,130.58565464495823
EK202310126051,128.31746217666927
EK202310158375,139.5606427584321
EK202310190778,132.46403634947484
EK202310154851,114.61870091517353
EK202310179709,134.6339955209039
EK202310114702,134.99770413697212
EK202310167850,127.6794979174478
EK202310004729,139.48708306000543
EK202310183539,148.35357997766118
EK202310196615,155.21978031663852
EK202310162856,134.82779705507858
EK202310133076,148.88680325328255
EK202310230396,155.86293823860117
EK202310158633,159.06689586399887
EK202310161117,180.87388753614263
EK202310004351,155.90117129330636
EK202310174767,152.95558317703896
EK202310183707,151.2489618056748
EK202310201085,155.830149631351
EK202310117365,134.38458957854644
EK202310211525,137.9732573106455
EK202310174033,152.03450960394048
EK202310133029,161.5199326240409
EK202310109257,126.36495264686356
EK202310208465,144.26377548771626
EK202310003437,130.73668780342118
EK202310147849,146.21335978824138
EK202310172875,151.51011285049165
EK202310195261,142.04327906356198
EK202310124700,133.13871930496916
EK202310209462,141.3735689019589
EK202310190370,182.3758621706316
EK202310166689,130.1203952413003
EK202310125440,134.33314370473002
EK202310242447,164.87090389020437
EK202310208224,140.37412385340537
EK202310164938,137.68260409350503
EK202310171017,146.6607692996567
EK202310221295,133.64816259070935
EK202310116789,135.82946948157743
EK202310245230,141.51598655583814
EK202310196239,146.81702731989887
EK202310217020,159.02089945019162
EK202310149091,129.60937865729656
EK202310188633,141.34927810783216
EK202310145175,138.67790718587
EK202310184944,141.36116991913389
EK202310116881,152.30615178621116
EK202310133865,127.62866104002079
EK202310170575,147.8857368487837
EK202310217837,120.62443370907053
EK202310142127,134.32831016470556
EK202310220280,132.45427947434513
EK202310220011,150.76011657593472
EK202310136446,135.31074842885093
EK202310167400,148.17359725478474
EK202310136757,145.2779874769753
EK202310219947,129.37527204475273
EK202310215446,165.8894943061691
EK202310113390,160.19456531269395
EK202310231430,131.73755701493593
EK202310190750,129.72083199795327
EK202310218203,141.14267433252712
EK202310232673,162.47699252219346
EK202310172719,133.7863014032176
EK202310238088,149.94883957191496
EK202310122490,122.11501289984643
EK202310141767,130.65929510959242
EK202310164189,143.67680948475044
EK202310131789,166.63304922611337
EK202310131787,125.9737651387465
EK202310111463,142.43348751449096
EK202310189888,134.3440671954874
EK202310123502,144.1060760106268
EK202310248489,142.3245591976338
EK202310104974,130.1334039545154
EK202310133434,141.87186576933814
EK202310122152,134.67266964131633
EK202310223645,145.09436615349745
EK202310218467,136.53703900483322
EK202310200984,122.74361228089494
EK202310246962,154.24754739901823
EK202310138658,142.62342470846463
EK202310135971,130.81266641386424
EK202310145071,135.80693102890035
EK202310236227,161.8035036622303
EK202310161820,136.2909268286223
EK202310116560,149.0384984666003
EK202310147855,140.64196002770277
EK202310198848,131.71101854227027
EK202310126318,133.4048167517974
EK202310168761,146.45213405074963
EK202310236060,143.53956730831183
EK202310194911,146.3969180084377
EK202310232213,136.5647416813644
EK202310123619,123.95913708749933
EK202310129238,159.020849999801
EK202310239622,134.9562059129669
EK202310130274,163.44166196458752
EK202310136862,121.17172567938124
EK202310144925,150.78472536308897
EK202310117994,129.00445197763517
EK202310145721,172.57433990898934
EK202310166110,128.03431622377082
EK202310153689,134.78257203003182
EK202310167524,115.2307526363808
EK202310171110,149.2863517669891
EK202310194242,127.29222484032111
EK202310128824,145.5149272527045
EK202310217802,146.0315689131183
EK202310174759,139.72742732211174
EK202310163258,142.30211488443481
EK202320007136,132.55022787720836
EK202310223074,135.94860564935624
EK202310127999,132.25588564960862
EK202310210697,142.91061501182836
EK202310187479,145.05536232799142
EK202310229648,151.3987814092427
EK202310223615,160.2862827938826
EK202310205259,154.04817322770103
EK202310207915,137.3844351090915
EK202310161035,159.10597118274336
EK202310211684,137.10235685271797
EK202310217627,128.730827747082
EK202310188184,155.8293889840899
EK202310179703,142.25292994370193
EK202310191167,128.2882029304074
EK202310206412,136.6263176709959
EK202310138851,166.34158509568292
EK202320007328,150.73554936116534
EK202310211346,143.96058003807062
EK202310169209,156.11004395248852
EK202310145302,132.90974261185687
EK202310203140,143.83390657595433
EK202310209732,135.1856571201236
EK202310117958,135.45770696688484
EK202310155922,156.45130736792208
EK202310184930,134.2317456157536
EK202310150832,144.61361509597535
EK202310208806,150.28334132276495
EK202310172410,175.45022336018454
EK202310230235,146.3811820301523
EK202310203566,148.16986261195237
EK202310123801,135.63731297648292
EK202310141762,173.17607626030752
EK202310245120,127.97258869512272
EK202310183959,127.55815631901211
EK202310128037,138.59878210680156
EK202310004669,134.78481674085882
EK202310217022,125.3777588071065
EK202310110060,149.12324830732183
EK202310231754,122.30994502581295
EK202310132866,144.89062340452077
EK202310246978,145.69065962652567
EK202310111800,138.66398961410215
EK202310141316,139.72756729924592
EK202310225078,151.78211327064116
EK202310224113,131.46033454436596
EK202310229156,130.43851305773111
EK202310158924,155.00700309592892
EK202310193952,156.86619356019247
EK202310134851,141.89848541409742
EK202310107778,138.72416472490553
EK202310201914,157.91614356480025
EK202310226477,140.14591989604034
EK202310200818,154.11622259728063
EK202310178725,131.4037616165877
EK202310136843,132.96960086255848
EK202310188878,185.22670949422442
EK202310192998,150.57957134182482
EK202310123605,158.18649180330706
EK202310109206,132.54641000183108
EK202310110309,137.15079227315078
EK202310201669,143.5743439144485
EK202310228267,147.62629564290816
EK202310120920,133.44438548407663
EK202310239638,172.54717143142602
EK202310138789,151.9203139888242
EK202310187947,174.6761784331767
EK202310143793,137.57510642126908
EK202310231992,140.20083805427979
EK202310243082,139.83449623001587
EK202310174903,129.03482367334547
EK202310004153,165.0635938812162
EK202310211574,140.4768510597675
EK202310133648,136.9406945395324
EK202310145095,141.56421689579966
EK202310180354,161.21434652242988
EK202310111206,129.05487678902017
EK202310182140,146.51933203129545
EK202310202202,143.19810807155636
EK202310158892,135.4849238233338
EK202310193967,132.82177248831155
EK202310222297,124.68229412243228
EK202310121931,146.90895618093464
EK202310170526,158.5710981232285
EK202310119454,174.4789519298099
EK202310235204,142.6344846343989
EK202310123917,148.6938893338179
EK202310157703,140.60594981066748
EK202310149315,148.4859379389972
EK202310146815,142.39499705551987
EK202310126049,165.41145643008238
EK202310232396,144.39943149768135
EK202310199056,169.91891877617041
EK202310141228,140.00186429918452
EK202310196032,152.77998731698338
EK202310107291,146.1631695379811
EK202310122690,146.05155775351264
EK202310236528,131.2669106871782
EK202320007677,149.6264079349787
EK202310210488,141.48446036284355
EK202310207172,158.81863521270918
EK202310182902,134.7875958595638
EK202310139806,185.9485005043708
EK202310148583,154.42507762549673
EK202310220644,139.2292987784688
EK202310112733,133.6973113511308
EK202310204401,143.41003451058202
EK202310160356,129.42223472105684
EK202310225435,131.34807751024326
EK202310196076,139.41777006016267
EK202310203598,138.25341039616487
EK202310140544,156.17882418735695
EK202310212327,138.12005657331127
EK202310235705,147.28960542123778
EK202310202376,123.4445050515488
EK202310196089,150.97075870965426
EK202310139122,142.26968855785037
EK202310176023,137.79796897979458
EK202310117387,135.28672570041417
EK202310192216,140.3330607681538
EK202310122067,139.9728771743975
EK202310224886,137.2631050207695
EK202310234937,138.60339035666863
EK202310196488,143.47398283324378
EK202310140986,135.96187317910997
EK202310104819,149.89533915055236
EK202310192016,154.46656298904844
EK202310230705,123.99598009374253
EK202310191079,155.87714660056565
EK202310224030,145.71608761326664
EK202310116108,138.0530447820992
EK202310216944,153.9567613240219
EK202310239270,126.96615703232663
EK202310179674,143.20573374509152
EK202310135614,132.2607285497035
EK202310196625,133.1836238060138
EK202310244109,141.4025086199891
EK202310211711,141.75755045041151
EK202310175336,167.0026173710259
EK202310155402,139.06397724320124
EK202310110776,164.44712820030412
EK202310246416,139.7028760929596
EK202310180852,137.22944463219034
EK202310173163,149.55304886079966
EK202310146639,147.05531266141972
EK202320007618,146.3094591020311
EK202310245395,158.15743777460992
EK202310175505,138.72757354152378
EK202310196444,155.11485915937178
EK202310172044,133.8987608467561
EK202310140972,172.57279813378165
EK202310236512,132.80157791968247
EK202310141653,143.85924549107656
EK202310236235,152.89702417102524
EK202310111947,127.74685352211334
EK202310129970,114.62685642904384
EK202310156921,156.1695699098055
EK202310111882,135.649506239382
EK202310142671,160.67349034776473
EK202310225816,132.03958921453295
EK202310129016,151.6010978518844
EK202310216107,135.62595490167726
EK202310192345,133.25726853671048
EK202310115608,144.64697930283404
EK202310218293,136.5052386247752
EK202310105946,138.55249145855132
EK202310194919,157.7396739406766
EK202310138207,117.6079992312292
EK202310199908,138.10102576374717
EK202320006707,150.49346726397465
EK202310162516,166.865226185771
EK202310121312,124.40930612666537
EK202310240696,146.3601726124479
EK202310124904,151.9879757721132
EK202310238291,138.23569020567354
EK202310127974,141.6405224157327
EK202310136024,170.23670798544927
EK202310187265,144.49817233860966
EK202310108072,120.71509988168765
EK202310240013,147.3118024279492
EK202310212042,142.6868728106351
EK202310237376,129.8983428194119
EK202310220612,135.58902536349063
EK202310194509,149.44912162136774
EK202310209569,145.89389224847628
EK202310114438,138.88618582643045
EK202310132881,152.72964185091138
EK202310175705,136.78138863475556
EK202310004055,145.87252069931444
EK202310175229,140.23414224190773
EK202310174345,156.03552063581103
EK202310212490,115.61941064397702
EK202310136810,116.32580843685632
EK202310157304,147.2801407612882
EK202310169599,115.83282484892807
EK202310107717,148.7270245018447
EK202310105279,153.21987379211237
EK202310110848,142.64165247851972
EK202310178772,164.27210287357696
EK202310245828,121.35473030859396
EK202310219817,152.59283067646618
EK202310200575,150.0094342427933
EK202310105122,139.9669933286663
EK202310162052,124.99804189310406
EK202310150697,156.00429608081754
EK202310158553,140.89998498783999
EK202310210487,131.82780664576154
EK202310219594,133.4468586150524
EK202310234064,167.1091307082919
EK202310147076,156.32366904038417
EK202310168891,154.87935395022132
EK202310230477,167.70361156091724
EK202310151700,141.26605174602994
EK202310105830,162.31628687905237
EK202310150350,152.0400753317763
EK202310221753,142.80259700734013
EK202310117832,129.57935794973574
EK202310192005,133.97964111760237
EK202310236133,143.73841915328975
EK202310128003,137.23152612849785
EK202310192879,146.1305407160132
EK202310127978,142.6688684126443
EK202310145508,138.90614328441825
EK202310112586,140.459983908743
EK202310241863,164.40320706862258
EK202310221932,146.0958647347652
EK202310132949,132.27143377342517
EK202310223688,166.7354314339696
EK202310143982,141.76234899447545
EK202320006378,157.5408322454018
EK202310104123,148.94699395401676
EK202310185565,150.65926905658245
EK202310229086,136.85029062210327
EK202310133226,155.51657269671887
EK202310118081,141.94337925930512
EK202310150049,135.01544762411655
EK202310135400,131.14921980519517
EK202310116088,142.45357202795827
EK202310231696,129.8074893548655
EK202310146749,144.1465759562338
EK202310111238,135.86356343168524
EK202310191666,148.4684695251094
EK202310135953,137.81420013282445
EK202310161122,178.02231644308753
EK202310228253,139.05676634121807
EK202310153608,161.61423642324414
EK202310138495,165.21739142036398
EK202310145050,128.82607803659943
EK202310206747,129.19948148727585
EK202310203488,161.28326473388924
EK202310183419,170.50906918882924
EK202310129584,142.04251754708272
EK202310131950,119.30111165862994
EK202320006497,147.10081892953772
EK202310158313,142.25393852421033
EK202310156450,125.41942390778303
EK202310206931,163.89750189926755
EK202310224192,137.18240461153655
EK202310181248,149.73009847513597
EK202310139477,141.51504920890642
EK202310106863,141.97127127599217
EK202310113902,141.4772580485393
EK202310177431,145.00278719211013
EK202310189561,147.03963553063733
EK202310206223,128.3275790511323
EK202320005580,171.9312634304028
EK202310240584,136.9081033593645
EK202310193474,125.79964037666873
EK202310106515,146.9146066100578
EK202310134230,140.51067885891857
EK202310184191,144.95633419596504
EK202310120682,142.84560570820472
EK202310169684,126.20161016204858
EK202310119557,142.02693980657924
EK202310126983,132.66636084725187
EK202310167903,145.03988720322477
EK202310133442,138.66141779235903
EK202310210959,131.209191632282
EK202310212306,140.48508307939025
EK202310230307,141.71615948160968
EK202310212565,127.00692231377349
EK202310192899,146.65998568651176
EK202310170190,138.1661904297937
EK202310153027,173.85662967205198
EK202310114380,141.31127501981746
EK202310133567,171.33727061369032
EK202310214756,154.62201201549007
EK202310114168,148.0936932489133
EK202310217065,159.47286464983137
EK202310169361,139.31071653235009
EK202310165708,166.75618259650744
EK202310228615,135.11820361906115
EK202310209019,176.97036612069573
EK202310132985,120.9864062212302
EK202310110233,111.33638828285788
EK202310143464,124.0463093453099
EK202310136141,148.2819054212351
EK202310226017,136.32614716110552
EK202310155663,123.58517661683798
EK202310195009,156.60329394879278
EK202310126196,154.6722652811043
EK202310108026,149.58995761907192
EK202310172643,138.88106483897272
EK202310153423,137.00402659784723
EK202310243003,136.69352957303806
EK202310153678,130.2483307643031
EK202310169206,160.57402744834997
EK202310196881,141.17809005723453
EK202310247696,129.53465957214073
EK202310160692,162.5019595274161
EK202310157186,172.2247527858416
EK202310156752,133.8786943434208
EK202310114419,147.70977233805496
EK202310117232,142.83268613008715
EK202310221881,137.47874551956812
EK202310202289,126.44958960098269
EK202310221155,135.65361230640568
EK202310197000,148.11590184706415
EK202310183680,130.40856592177943
EK202310166065,134.4282905710964
EK202310224104,132.82912711490974
EK202310198490,115.99156335466883
EK202310185320,152.8674709423236
EK202310112969,142.081499668996
EK202310122531,142.203128084319
EK202310223294,143.52712410147572
EK202310243257,150.43864770184751
EK202310227369,157.64609226790847
EK202310132379,123.36938778877112
EK202310207889,140.61967808159974
EK202310155220,123.72390315135962
EK202310149989,147.42531049893665
EK202310116304,129.7024966763621
EK202310207654,169.88594399629193
EK202310233148,133.92450812716646
EK202310133990,162.90480860965073
EK202310131881,147.44845837416432
EK202310147674,159.43601238389027
EK202310161848,161.03233632760183
EK202310113742,149.70178668491326
EK202310107292,141.7596972503808
EK202310157457,136.00768284789936
EK202310159983,136.14725435134642
EK202310222436,131.92816365185334
EK202310116722,139.03933050080948
EK202310228029,134.2377974470623
EK202310226778,150.17925980179476
EK202310223904,132.37727629046086
EK202310205019,146.63857377361205
EK202310119364,136.73383064595896
EK202310003651,126.38816700717
EK202310212861,152.2585794226807
EK202310110710,144.8556796490474
EK202310131651,157.88924303840145
EK202310144906,109.73419032732798
EK202310188544,144.75754147556475
EK202310133839,147.9447080688573
EK202310118694,140.9865102179072
EK202310110720,118.82151961403225
EK202310128544,130.3704636110442
EK202310193628,141.1029138173255
EK202310148648,153.10170801778227
EK202310153778,145.01511057033264
EK202310188918,129.86143997593953
EK202310126546,130.38032725423815
EK202310214084,163.04871554112572
EK202310191915,163.22990655379223
EK202310230973,136.73592742371218
EK202310220076,131.81028273208
EK202310198281,122.10770029504016
EK202310210973,132.13981542447425
EK202310116202,140.59228554091592
EK202320007382,163.53052898381935
EK202310140017,132.66411090975916
EK202310235458,129.45840848314418
EK202310224553,123.65009421169714
EK202310131411,134.18069924001264
EK202310172944,146.89232024888196
EK202310187715,138.5978354924169
EK202310117160,153.12714454426705
EK202310223783,134.85232293438122
EK202310208505,121.90594958364593
EK202310177144,136.4212180073278
EK202310141554,122.49273894808618
EK202310153806,148.49231537230403
EK202310178651,127.91955037882607
EK202310207053,151.43102633903484
EK202310121285,141.37685604420105
EK202310129917,132.2711628116741
EK202310178974,129.32231144797728
EK202310139959,152.87816714480076
EK202310240930,140.72859462749875
EK202310184143,156.82142079759618
EK202310141627,136.19476215205884
EK202310248495,140.99513826136405
EK202310210251,139.09736049613588
EK202310181393,144.69451787657823
EK202310203408,162.11497874978363
EK202310210221,138.43212464865326
EK202310153228,139.64160026060955
EK202310181161,144.50482262279496
EK202310122291,144.9439945780598
EK202310219649,147.2708444775375
EK202310108802,145.43851100649516
EK202310147915,156.62031353164735
EK202310219111,135.6978724552658
EK202310004516,131.7382132337644
EK202310187796,142.31618669307255
EK202310152632,163.22351147264362
EK202310234189,114.57558385499514
EK202310248401,133.23240470762818
EK202310198077,134.9762754584263
EK202310182281,173.80986531356996
EK202310173305,141.41875265906026
EK202310191194,147.20436561950316
EK202320006641,179.74233327928826
EK202310187839,165.73801329696818
EK202310166786,172.82486994750323
EK202310104248,151.4895941927238
EK202310140808,149.61431396373737
EK202310154881,128.013088301344
EK202310158734,147.42128372286172
EK202310198034,143.1177936360985
EK202310210288,134.44223052980777
EK202310115555,147.4131472734675
EK202310122253,148.24623748992954
EK202310208001,140.67621520731313
EK202310247301,163.963615180291
EK202310158412,131.06064634469712
EK202310133516,117.44404133967018
EK202310199724,158.8047865800157
EK202310203434,134.69114292653126
EK202310149601,147.93446690125566
EK202310207662,127.08148833277039
EK202310155823,162.1513346084566
EK202310155070,134.46086542643184
EK202310003692,165.85050316996973
EK202310112220,141.51687305261996
EK202310210474,129.90176891384266
EK202310174563,159.79893566443016
EK202310178481,156.04219629828984
EK202310161746,158.9137313129705
EK202310184759,141.43761580253022
EK202310214382,159.20010203927043
EK202310220383,128.81696782472628
EK202310181896,142.96560033733638
EK202310109101,148.01076766911896
EK202310111874,148.08842086648002
EK202310239939,141.53181002999227
EK202310146648,115.53405371321341
EK202310147888,153.1526214764922
EK202310228585,126.23325901298745
EK202320006300,164.46988833772917
EK202310157823,128.47018234863896
EK202310175416,139.16323992387535
EK202310191246,144.66897234353303
EK202310241025,138.37596092103263
EK202310175713,128.03585538177154
EK202310165199,144.77535422511755
EK202310229611,135.60217133698026
EK202310167463,167.2926193983476
EK202310125411,136.33506207394984
EK202310247310,142.29961783902132
EK202310131556,146.25642724717304
EK202320007526,160.9991989885795
EK202310109396,144.81542039875615
EK202310243612,150.36788050274765
EK202320006821,161.2786382172708
EK202310191818,161.8663631583512
EK202310206573,134.86857066188395
EK202310176203,152.385518098038
EK202310113063,146.20625540192475
EK202310152411,151.26741440418564
EK202310186297,174.0098151627555
EK202320006177,163.41775262970236
EK202310184504,168.52337610979885
EK202310118343,139.72772473800754
EK202310166342,163.87415063014294
EK202310238948,163.50441798621046
EK202310226471,141.58942712586398
EK202310153486,127.52495323828474
EK202310146780,135.71281477340563
EK202310129676,129.69540918225695
EK202310230251,124.07819677717042
EK202310227178,158.42209975874195
EK202310148962,152.91997055779638
EK202310235140,170.32979839417698
EK202310158736,169.0813485869018
EK202310208299,150.27148640589846
EK202310205311,156.76321013655362
EK202310140268,131.82495213719216
EK202310158411,136.34524925348438
EK202310120168,135.99425244155583
EK202310120164,134.62462784663177
EK202310191318,139.81661818739983
EK202310124551,151.2232140490952
EK202310133393,115.5310301297482
EK202310244048,131.54740896216992
EK202310209487,148.61105420494275
EK202310130550,118.32737186718181
EK202310134976,164.03866578040078
EK202310113614,123.51599096008016
EK202310237767,154.90805293462807
EK202310120386,134.93074613588195
EK202310190693,154.36781303024807
EK202310158340,129.65123923992002
EK202310185631,165.92748831405402
EK202310193894,128.74396507429844
EK202310232391,133.4129803326639
EK202310129047,146.92631526518787
EK202310187052,136.927405314303
EK202310174623,140.15458193380724
EK202310149978,138.93395340357236
EK202310238712,137.6988065935308
EK202310172389,171.2982168993323
EK202310187833,132.56833463321226
EK202310238335,169.8951832434117
EK202310232031,138.14986166163223
EK202310224185,136.83994933326733
EK202310166575,131.57565533928178
EK202310119974,126.72729684086106
EK202310195917,120.76054996822799
EK202310174762,145.39976880456015
EK202310237282,129.07968620297362
EK202310112142,151.97333804601703
EK202310107661,146.16800609640865
EK202310197179,154.3859199556192
EK202310154174,158.19696963359607
EK202310241892,123.79150388076413
EK202310178171,138.28725972101336
EK202310134220,143.71845270762796
EK202310200711,144.2288611235717
EK202310190031,167.36249128143584
EK202310215938,156.4110989721682
EK202310125861,141.68129466191198
EK202310143873,147.4585176622184
EK202310165035,145.25186962018284
EK202310157391,137.39170991907883
EK202310216624,135.81003913032956
EK202310136516,126.90235944537456
EK202310175267,163.16204678994825
EK202310139527,134.82090304531573
EK202310145890,133.65972492207945
EK202310207934,138.27804848368123
EK202310216534,146.7068970228326
EK202310243402,139.05449778562794
EK202310125822,137.57915708526156
EK202310210671,141.592150351615
EK202310118842,135.66658772226813
EK202310242780,124.57854583682045
EK202310183963,131.7293054090483
EK202310192132,137.20409473965984
EK202310158172,170.11298086700452
EK202310107920,156.39965117038517
EK202310116588,145.61414756869596
EK202310157004,165.11241271669593
EK202310203397,157.30586902067404
EK202310145727,177.94066587288063
EK202310134294,138.83795582762022
EK202310161573,154.81381025033699
EK202310163914,141.82217380069022
EK202320005749,167.1273694683085
EK202310004457,154.76466590669918
EK202310198895,121.53248003837851
EK202310200079,142.78433771950972
EK202310236220,159.27810136200276
EK202310167195,144.90138128761268
EK202310190621,147.39723227127368
EK202310126857,148.88892541128325
EK202310221597,148.57171657320646
EK202310139743,168.50137641058691
EK202310173860,148.82873820617954
EK202310212130,142.4454875860541
EK202310238113,147.96965680235934
EK202310232782,158.54110718254074
EK202310231990,148.5833613777453
EK202310154189,134.58258796528492
EK202310111012,144.34772864085085
EK202310208334,134.1817352975382
EK202310222126,140.51087748133207
EK202310206217,131.2002305143424
EK202310185801,127.0317569304688
EK202310207901,116.81304882823535
EK202310121054,140.00341579804544
EK202310188410,164.72919112480633
EK202310203904,140.2142151618923
EK202310230514,128.6617282861772
EK202320007184,164.58509152345084
EK202310196925,161.7886205409051
EK202310201983,130.11537197876717
EK202310242071,141.00860783760382
EK202310242487,141.19425991809248
EK202310174134,171.84140063893386
EK202310221304,135.49762378516186
EK202310146366,136.06185698845488
EK202310242718,133.6162724095664
EK202310158582,148.07363378206642
EK202310182050,148.9543871448526
EK202310110321,134.16713295222914
EK202310126720,138.99413773152625
EK202310145134,161.4783880119288
EK202310134228,144.96933723346632
EK202310151176,128.74092416192175
EK202310159471,119.83113045656064
EK202310197298,144.5525253533064
EK202310114442,145.3149142875838
EK202310216170,128.5719654609046
EK202310126914,143.05421642601095
EK202310160897,182.14646217564345
EK202310241296,159.90370957409505
EK202310145492,133.0154550226516
EK202310142012,164.42587861103408
EK202310141538,143.95688066579464
EK202310154638,147.94975761776283
EK202310238848,168.6356967900303
EK202310139821,130.03902384675854
EK202310108173,138.05737825120394
EK202310119610,125.20422217265886
EK202310242565,153.12454682751329
EK202310186446,154.95421807027265
EK202310144153,132.71094338601145
EK202310234883,138.83414660899678
EK202310124017,178.0764968808186
EK202310163758,146.522235201784
EK202310203597,148.4946763974402
EK202310104417,134.658309450258
EK202310202155,154.78459348994392
EK202310245823,117.03820562985737
EK202310203079,124.29222938585592
EK202310161636,164.62739546146892
EK202310144165,133.09467885677384
EK202310204775,147.4820128392479
EK202310167770,166.22631672617766
EK202310215963,152.69728793082731
EK202310133633,142.22741312626502
EK202310214866,127.72365005845667
EK202310180646,136.65690746269777
EK202310167541,137.8601125177903
EK202310136641,149.3707568705906
EK202310148939,145.73869771707834
EK202310103722,167.76810472365187
EK202310179303,155.970307964116
EK202310200620,155.6205678888929
EK202310125714,135.52393898252467
EK202310204522,148.12559214344293
EK202310150835,153.91127421928113
EK202310130780,127.74637116859647
EK202310105814,140.87610003289
EK202310172033,145.96880406752413
EK202310201852,151.91379247760887
EK202310148715,153.2595542498506
EK202310221644,122.89586595665794
EK202310114274,150.11034467274885
EK202310178264,156.2566524220766
EK202310164025,152.6661143737894
EK202310204651,152.98225718314467
EK202310141344,145.04421498782207
EK202310185886,158.13507600799124
EK202310203443,144.07418800939763
EK202320007693,137.29312052074872
EK202310236673,143.65493572305107
EK202310205537,173.5843773866831
EK202310215661,132.40518636712488
EK202310116840,127.05099227916887
EK202310179840,152.28875131865664
EK202310178802,158.2753283355708
EK202310124043,133.6211884763809
EK202310160029,146.21095999905555
EK202310166756,149.4619591445938
EK202310234362,131.6106075871438
EK202310130046,133.02334496880454
EK202310175285,137.96043965173632
EK202310155324,137.25487906214556
EK202310110760,136.5811291596834
EK202310167871,137.14290972365828
EK202310111911,140.30051345343628
EK202310105964,144.12852741871083
EK202310187240,140.31515536092414
EK202310228002,141.35096116611447
EK202310202448,161.9059456391019
EK202310144304,146.23104754518334
EK202310132248,149.6761231638616
EK202310200767,136.94337265240338
EK202310246600,137.18608108984392
EK202310156024,139.0704219903883
EK202310124951,137.50216258122262
EK202310127803,122.48001235317255
EK202310212512,152.08285818955363
EK202310237901,131.1686184949589
EK202310123799,142.49355964494993
EK202310122255,146.2455705493188
EK202310140607,132.40236282265295
EK202310214168,159.19512770312687
EK202310205290,147.67047048919596
EK202310201590,148.61522044796283
EK202310246716,151.1925060073197
EK202310211043,134.50404293456432
EK202310245155,141.4608740314727
EK202310146684,146.59116639330423
EK202310224856,169.93588206771233
EK202310149244,130.63977561128735
EK202310130714,120.80092458958097
EK202310185702,146.81434505286396
EK202310105075,126.22182788474214
EK202310103937,149.37564172667498
EK202310219458,130.74085414435987
EK202310220878,134.63583909967588
EK202310114846,141.6656740608391
EK202310165810,122.50592272012373
EK202310188784,155.46172585477905
EK202310119305,121.66023223494157
EK202310142173,130.8690825054894
EK202310218752,141.02388381529775
EK202310191456,158.53444763832417
EK202310110108,125.42947520238823
EK202310159818,161.74513812920208
EK202310151468,178.1655251150657
EK202310107315,105.95124109438011
EK202310200556,162.456378882139
EK202310217485,137.1501214652811
EK202310206013,129.59951296302387
EK202310004134,148.25832777124447
EK202310124207,133.03681986555586
EK202310216869,152.30005803399436
EK202310112622,149.26796520427033
EK202310239660,134.48145902700202
EK202310236964,139.5264208213558
EK202310182396,144.65162847273436
EK202310213788,162.79185198880873
EK202310193031,156.09562667110845
EK202310181134,133.70024606352064
EK202310232914,135.98518915363746
EK202310229534,136.21384162311705
EK202310187612,165.25666184932888
EK202310186706,155.02451591617717
EK202310146528,144.2080051982659
EK202310201671,133.59735729310168
EK202310155878,145.50353815503678
EK202310186935,136.59324702760242
EK202310165048,144.35736755809415
EK202310214244,138.68167976442936
EK202310003448,127.28957225657538
EK202310237813,138.2378719183659
EK202310229380,119.62160278564873
EK202310136410,118.4383521005407
EK202310181792,136.03845323779382
EK202310174073,165.34010629864378
EK202310230921,140.50434570383615
EK202310131346,126.1278768178357
EK202310167144,163.02146616306868
EK202310198792,132.33523242683893
EK202310230863,145.54136897000262
EK202310116803,145.73601792833094
EK202310161651,171.71733760389606
EK202310140098,131.63079286112222
EK202310147311,177.85829059073708
EK202310228798,123.17151249896243
EK202310166857,177.22469036090723
EK202310204207,147.10127394919843
EK202310181214,147.6628269077688
EK202310163102,146.31685976493156
EK202310132529,147.88642869331025
EK202310194194,166.65178553113225
EK202310185194,144.99706347031807
EK202310139315,139.8628209169501
EK202310133963,168.12604043100137
EK202310107375,127.78804080988344
EK202310183190,140.67282893673618
EK202310150967,125.0274411485059
EK202310235477,125.75558536465323
EK202310231329,137.7055547774553
EK202310151218,147.81920626864664
EK202310117961,135.64273621638324
EK202310115637,124.37164847134596
EK202310148316,133.821977573172
EK202310189439,181.4090245389566
EK202310183291,180.5750216251299
EK202310180341,162.35932740657526
EK202310195359,144.02827994637963
EK202310168437,164.20169589085916
EK202310239724,140.64155489278704
EK202310120281,156.08179415791528
EK202310154084,132.9036422576748
EK202310202226,149.21798265712258
EK202310211847,130.34584445520213
EK202310225040,150.03535982177883
EK202310148021,135.4357703260693
EK202310219384,132.34208676470595
EK202310189651,167.24358966946744
EK202310172718,140.5668123080721
EK202310154499,128.7188359682632
EK202310199387,157.94520734539654
EK202310109346,143.70878107107498
EK202310151918,138.21838844526494
EK202310138435,130.71586628237097
EK202310208281,146.44851788251702
EK202310144236,132.03995856105664
EK202310169290,131.3428316508567
EK202310120393,136.59651419151967
EK202310183688,144.3074865418942
EK202310192046,133.4008363593559
EK202310141942,147.65737528039392
EK202310120519,125.35816692472666
EK202310226413,135.3349115444573
EK202310177117,147.8737715756008
EK202310217940,145.94880906118064
EK202310170501,134.14907450923903
EK202310223357,149.02849784973853
EK202310245835,121.2869193367129
EK202310137793,137.95773795438808
EK202310174008,158.57955966713484
EK202310209155,135.84052691962756
EK202310177866,137.12228982305157
EK202310137396,141.67722262873227
EK202320006094,149.5942937319633
EK202310237036,141.69381047512707
EK202310177476,141.82215180074405
EK202310218927,129.48148074567482
EK202320007708,170.5059481385386
EK202310150749,145.42635951101397
EK202310226921,150.72843891939743
EK202310134168,141.8972587691568
EK202310198694,181.07347532182283
EK202310153758,142.69923107451794
EK202310164887,147.73625463334935
EK202310235542,163.69305483209416
EK202310175801,130.78742978879183
EK202310201383,149.4169451642743
EK202310003604,147.95517221794466
EK202310132259,162.55021632993314
EK202310223451,143.415942259865
EK202310232766,159.19573300827372
EK202310162702,120.37729596768317
EK202310191785,149.43531005304317
EK202310222647,128.79043633228395
EK202310120606,125.84096061985116
EK202310196738,151.5701477074297
EK202310167031,159.31722399864842
EK202320006878,168.35074049436054
EK202310128617,172.89386663922426
EK202310156730,136.69848038271238
EK202310154328,113.83451292875486
EK202310199723,162.34535118259964
EK202310204015,168.00189400576073
EK202310165125,137.8640430756223
EK202310128837,154.07078278477954
EK202310109283,146.4516546962643
EK202310140754,157.9796617853996
EK202310133445,135.33978818430606
EK202310215163,140.76533427919213
EK202310152379,157.0959803617321
EK202310222153,125.91846143616287
EK202310168369,128.35072513925357
EK202310146927,141.3538878647081
EK202310233613,141.0409492373839
EK202310194475,140.48284047268547
EK202310176902,147.38737285540128
EK202310109845,127.08714513371142
EK202310143688,141.15233760420284
EK202310223718,142.93885700974397
EK202310114527,133.35481215638583
EK202310120556,157.13994909298694
EK202310228552,134.41385316429626
EK202310149970,154.76386910018334
EK202310199626,128.93163490080002
EK202310214977,156.723752015964
EK202310184953,145.9692753466855
EK202310004437,129.9717072748242
EK202310213912,166.60466208602722
EK202310151119,131.2092252175812
EK202310171466,114.38003448338901
EK202310152063,140.96158287881892
EK202310137186,157.59392799428468
EK202320007104,140.36342434855771
EK202310202185,140.88963663954598
EK202310226204,140.6370722461138
EK202310189423,138.26265192259282
EK202310192491,132.8512406102855
EK202310187212,141.17980716685804
EK202310192179,144.04544126581993
EK202310126111,119.19638282818468
EK202310175586,152.77151725483844
EK202310194758,149.40419128364738
EK202310214384,155.56825854983782
EK202310179433,156.9812777295449
EK202310118937,138.62786186339727
EK202310230656,138.19433550519364
EK202310212922,165.87865621194933
EK202310223591,128.5039376251342
EK202310182731,145.05560036654248
EK202310197092,139.64038982053043
EK202310188601,139.32502659325377
EK202310185962,171.30569096537184
EK202310154873,125.2637491399043
EK202310140333,139.69487401666126
EK202310239540,139.44889307258845
EK202310207256,124.2411717537618
EK202310193996,143.9525211113025
EK202310196769,147.22690522420532
EK202310123958,151.23203540933173
EK202310240085,132.77134211679876
EK202310246484,130.72196660565038
EK202310147689,158.80585304589584
EK202310189701,138.49940143621956
EK202310237575,151.52923985053593
EK202310219357,124.80144485616822
EK202310120804,125.9811551847498
EK202310125732,140.3088088881785
EK202310167873,139.37784989479866
EK202310247821,143.4536438289299
EK202310206331,174.58170655533465
EK202310131746,157.18058692976328
EK202310125465,136.6113358289827
EK202310137591,131.4125214004441
EK202310146755,139.80501789629446
EK202310145331,164.2208683100525
EK202310126909,135.10380568792834
EK202310176521,133.9200709298361
EK202310160650,142.67449858626682
EK202310114819,117.37485619852573
EK202310218236,147.7079851206591
EK202310204841,157.56594898774455
EK202310004910,144.94824184517287
EK202310146653,139.567448626901
EK202310188782,150.11904009176513
EK202310125945,140.4605193879865
EK202310176437,150.24033922458332
EK202310193288,142.57598385573888
EK202310178658,153.16853292224786
EK202310150054,134.47627381024697
EK202310142919,165.25382625691657
EK202310222262,134.97462238475674
EK202310235742,164.0219608576645
EK202310113166,153.5686411139871
EK202310224000,169.49761517296054
EK202310198993,137.6324049169031
EK202310228553,140.069836431872
EK202310190794,132.1025096624602
EK202310201535,156.06910449378302
EK202310165775,144.75581776364982
EK202310173099,145.15929903191318
EK202310152431,162.33773015503255
EK202310232652,150.7559275817895
EK202310182578,129.53142560196335
EK202310176081,150.42983722470692
EK202310168495,117.62492429203637
EK202310243081,143.6965928398492
EK202310214666,150.56478983921528
EK202310173376,112.9366549303406
EK202310185049,135.96465582167613
EK202310151788,139.6434283961271
EK202310142398,136.96016309255828
EK202310191734,154.11443459775376
EK202310185366,154.50502293404136
EK202310110653,119.98117746741947
EK202310197984,133.75045479309026
EK202310212461,131.10862422599743
EK202310220987,127.81556178678997
EK202310114458,120.50978038491311
EK202310167289,137.01323774912984
EK202310178582,145.38566608668677
EK202310135726,147.54454766630437
EK202310208307,138.02882060127817
EK202310186529,143.52012672808632
EK202310163685,147.76759241545943
EK202310204304,157.870868788935
EK202310174269,144.19101883406927
EK202310169002,137.58808730495255
EK202310195183,147.76450298825097
EK202310172158,154.64348693267888
EK202310195251,146.26417287029713
EK202310217760,153.07170765741228
EK202310233545,150.08635308358438
EK202310146187,135.2028475033707
EK202310201834,149.25553411560088
EK202310172626,159.0266389218446
EK202310173313,135.05787360798928
EK202310151898,159.73344890956534
EK202310112427,133.19381889521665
EK202310202848,145.51166154559144
EK202310106441,147.11091506921525
EK202310200903,142.39184399737394
EK202310211769,136.25163187336813
EK202310210065,135.33119705124335
EK202310243416,134.53314563605278
EK202310178697,162.43728104549186
EK202310161358,145.25731151612422
EK202320006190,162.14223309879745
EK202310180462,136.49527671570263
EK202310162539,174.45477962247145
EK202310148977,147.10420270223236
EK202310194237,133.6168584684951
EK202310223514,130.0438831660479
EK202310162269,149.0074968760542
EK202310121844,117.53945918442767
EK202310124866,132.75266765395776
EK202310107700,169.19180353282061
EK202310221161,138.4241221773188
EK202310245562,127.75728754889533
EK202310179235,127.24361684863851
EK202310124532,150.51262155835224
EK202310128389,165.34892841175235
EK202310129800,160.33541140957496
EK202310207578,141.64696000642587
EK202310193457,141.6443231187895
EK202310206549,145.73186816779787
EK202310192075,142.6616295083106
EK202310234817,140.5308195498569
EK202310152042,141.79443140047474
EK202310199732,140.1016147893851
EK202310106385,146.31406753254856
EK202310232034,149.7794473794097
EK202310225160,145.63469796319663
EK202310168514,177.95991960568273
EK202310196347,161.0476113404536
EK202310132598,139.04102326121014
EK202310193609,137.93859314521805
EK202310112508,150.55023856768776
EK202310155472,136.64126026395536
EK202310177321,136.34959271794403
EK202310128022,148.79485544607672
EK202310206990,137.05886195998667
EK202310142239,150.53419144903333
EK202310129832,149.54106715377878
EK202310213810,131.70393330890198
EK202310198404,152.38264875079932
EK202310003754,135.73326069447677
EK202310133307,131.13289513131994
EK202310155718,151.48978329246103
EK202310124975,143.8393140613846
EK202310238569,144.11579764968087
EK202310155626,148.85491665367485
EK202310109451,135.43360289651113
EK202310156701,117.03892095602201
EK202310112702,134.28171430579945
EK202310219593,134.65203893539154
EK202310236091,126.12979974434
EK202310109465,145.49227370165463
EK202310239232,137.2464250784922
EK202310153092,150.01573681802955
EK202310142926,162.11402738616056
EK202310195282,160.64870399513268
EK202310144631,153.0411509629354
EK202310158174,129.264832702697
EK202310130498,149.53808756037853
EK202310152250,145.98790020033874
EK202310154816,141.2596818921236
EK202310187452,148.53896418017348
EK202310130712,126.9438451115043
EK202310225931,133.50922977663453
EK202310212154,138.53680012091587
EK202310180982,162.04983844291192
EK202310187065,134.22027306650824
EK202310231143,117.87856231238027
EK202310244459,127.4643489423157
EK202310117863,134.5038971776213
EK202310104458,138.60555503729037
EK202310228846,130.98996345395304
EK202310129898,155.52094466477428
EK202310160315,157.4905737613164
EK202310146629,137.6606057794545
EK202310166930,168.39031896829562
EK202310242374,152.57353191177316
EK202310210376,151.4485888565961
EK202310197387,144.87270879240353
EK202310136364,132.29026346722452
EK202310204149,148.25721026795605
EK202310107806,156.22145644456708
EK202310233474,132.79256988357662
EK202310228559,147.30056804506532
EK202310138215,129.18581178280306
EK202310143063,145.0908163059453
EK202310157985,148.5566747902466
EK202310190599,127.59188938720612
EK202310114903,144.72793966834
EK202310133276,122.19100194468965
EK202310132588,123.89678476602593
EK202310004157,151.429301695816
EK202310152358,160.78610160980548
EK202310111141,164.2628483395195
EK202310200435,132.20512846540024
EK202310204982,140.08484741859382
EK202310212495,124.12255741968413
EK202310183601,151.3679850663935
EK202310214375,161.08167850674715
EK202310210198,137.44406150874076
EK202310167063,157.77336974310572
EK202310149576,153.1685454054904
EK202310132215,137.9603457749134
EK202310163904,169.99412534427327
EK202310200956,154.4459311462333
EK202310180120,155.24334716436334
EK202310121104,135.1531296582208
EK202310203655,148.61473712858964
EK202310194561,158.81762736696606
EK202310222799,151.8895915170795
EK202320007041,145.11041806571131
EK202310119052,136.9133221185774
EK202310137233,149.31925533379737
EK202310187775,142.45289752080475
EK202310232434,138.2222346714116
EK202310205717,145.09416542838446
EK202310221339,145.53810148786437
EK202310123835,135.7835415692365
EK202310232532,139.83903970504352
EK202310107165,145.3784700898698
EK202310203436,137.61161421357127
EK202310169851,150.48239608640463
EK202310193274,155.83086219911985
EK202310151878,139.49251337064723
EK202310180128,141.50589312528388
EK202310150220,138.16296874228524
EK202310187751,142.28377178526594
EK202310162881,144.20026176515196
EK202310192822,185.39099059423384
EK202310195620,135.35032434174474
EK202310135344,124.38381617868507
EK202310190721,158.0790151864614
EK202310121180,145.5770479482464
EK202310197995,157.9315814347417
EK202310238294,145.7397623783286
EK202310181201,143.19894499009956
EK202320006195,164.10618615474937
EK202310144714,124.51540597305019
EK202310174694,174.69332463731942
EK202310130143,155.5265158807001
EK202310213402,124.5892396222889
EK202310164458,159.15350509493504
EK202310138233,146.23461958823222
EK202310196325,166.64659719351326
EK202310230287,132.31329393237223
EK202320007443,150.93983177501843
EK202310237310,146.82804839349768
EK202310188028,157.377324064317
EK202310221385,137.7040171205624
EK202310201433,142.8131820942003
EK202310210894,140.1110524621415
EK202310144757,122.10709399017631
EK202310230555,120.86328589800847
EK202310127197,166.32986225864647
EK202310210367,143.15256282693517
EK202310107406,132.99348344158423
EK202310201552,137.888274113424
EK202310163315,146.8189978616789
EK202310106204,124.97811256081336
EK202310189865,128.058197962757
EK202310143319,166.6106375584005
EK202310187989,139.53729078139426
EK202310204280,152.9079366228197
EK202310166053,171.1044370474052
EK202310179719,151.20863641543878
EK202310119334,110.84589030194945
EK202310212088,131.00369174487074
EK202310123364,148.03446002429968
EK202310235184,140.23840787849943
EK202310150098,134.33909559862445
EK202310219013,147.73422424622404
EK202320005598,158.12601084550033
EK202310122400,154.85540733097304
EK202320006069,156.7347272500898
EK202310240606,130.78177880075464
EK202310192122,151.82594915371828
EK202310239991,158.90461320053984
EK202310129077,138.80579631605568
EK202310246377,128.54899145236965
EK202310242482,142.13696655456474
EK202310162862,132.23281964572828
EK202310217556,140.05136871910594
EK202310136375,146.63897963169381
EK202310193072,141.1611752535437
EK202310232709,111.99878832125448
EK202310137784,138.61709916334513
EK202310195933,160.2484651662423
EK202310190342,133.14038438049008
EK202310128675,149.92633561891446
EK202310156867,132.3791378852009
EK202310148670,126.56534056741734
EK202310176460,123.53620494314691
EK202310129961,157.84115570440713
EK202310146909,142.17600521416267
EK202310138497,151.2298928781418
EK202320005583,156.71304184891045
EK202310139679,160.454575627583
EK202310138331,130.40019875818598
EK202310183937,169.7636037284019
EK202310180455,144.78667042508852
EK202310197763,141.89841683195337
EK202310196627,148.2012333002955
EK202310219790,138.92773564470122
EK202310185905,177.79670656139152
EK202310004706,131.040612507662
EK202310181268,119.23480957329174
EK202310219922,128.16638505984574
EK202310149625,153.86648969239116
EK202310200086,138.8608221528179
EK202310214446,154.2326804875085
EK202310244555,135.3614975194914
EK202310203678,149.5024338536749
EK202310121725,142.24709399656177
EK202310178580,156.27925447825416
EK202310231258,128.7876430742602
EK202310116413,128.7511311845096
EK202310130519,144.13682230578434
EK202310114605,151.26763043536124
EK202310104328,134.70313819014746
EK202310217095,145.2220938115194
EK202310159014,149.2120743313244
EK202310240255,135.03767370799318
EK202320006678,176.5256498776401
EK202310127358,165.04763027293473
EK202310228371,136.96022435652463
EK202310212880,139.99546174466658
EK202310184252,158.18566117741574
EK202310222457,128.04019728323138
EK202310106525,148.38998732869376
EK202310212900,140.5419756546837
EK202310164200,166.9821688417445
EK202310141506,136.57489646155835
EK202310124179,110.56044409467196
EK202310210747,137.50374018360418
EK202310104325,130.13886585011375
EK202310171837,130.3090633582974
EK202310183388,131.7567890402101
EK202310175474,151.25385967322487
EK202310161361,144.62691070294835
EK202310163883,141.3556628363607
EK202310233128,120.55129809356202
EK202310199650,156.05848893519178
EK202310107707,152.8955432970771
EK202310112036,136.96672727261318
EK202310152162,139.6049914259708
EK202310115154,153.04380696322247
EK202310106295,132.50037266370026
EK202310209811,139.83829804833493
EK202310170779,137.9584331390624
EK202310132319,133.36683734788878
EK202310176117,160.1580078474658
EK202310109117,125.15967414475448
EK202310146050,124.9728337568417
EK202310189377,174.4477798572832
EK202310108901,141.05055589546683
EK202310129280,150.7755071381108
EK202310186201,145.5241697257439
EK202310125879,149.77862532381397
EK202310223489,161.16085330326803
EK202310195362,151.90210574182754
EK202310168199,116.67724264882375
EK202310123430,144.30991076651458
EK202310169481,163.02102686771522
EK202310212350,124.50562047931594
EK202310204165,139.32574069980055
EK202310116597,154.38851637630017
EK202310178940,131.98379687025547
EK202310181172,152.3599745980116
EK202310232407,137.39555293589513
EK202310120201,120.71251079089747
EK202310132088,185.2225353564811
EK202310176583,143.9286469539548
EK202310116485,130.98022144726428
EK202310232488,122.13588817088706
EK202310185248,143.4690710254682
EK202310114195,123.33878721535405
EK202310171527,135.5438354467265
EK202310239847,131.6858532081024
EK202310109025,129.14759433520717
EK202310188543,139.13382063877503
EK202310164772,152.9897008238563
EK202310220946,122.90636036652324
EK202310157893,160.04915067371067
EK202310130096,150.83955851348347
EK202310215475,135.05698033080517
EK202310175525,154.23689688222086
EK202310241739,150.17180747406235
EK202310149577,140.1696479118903
EK202320007764,141.71445275746095
EK202310162677,157.24568751639498
EK202310118455,136.46594807027736
EK202310144170,145.57305066387457
EK202310123446,157.60038237820243
EK202310111614,158.58905434196154
EK202310148681,155.91567581965847
EK202310135706,135.8985291165487
EK202310169610,130.6330703620966
EK202310154626,159.5938756631541
EK202310186396,137.4286073001998
EK202310130384,124.86910580893812
EK202310139999,129.95525967198867
EK202310173443,147.91196658114956
EK202310172753,154.66134456800165
EK202310150539,144.3366786505054
EK202310197972,162.6281058983074
EK202310167038,144.84280441762021
EK202310121549,137.45475012471977
EK202310144749,147.01819696239144
EK202310129763,131.11748467738576
EK202310105138,125.12909014667478
EK202310145803,132.92066974226802
EK202310150239,135.25670831860427
EK202310169489,145.1542345011433
EK202310138665,148.50229845433813
EK202310123078,132.69594962467758
EK202310219135,135.73248535649088
EK202310116443,119.86754793631395
EK202310195859,155.21591809207933
EK202310118292,131.6554869018759
EK202310134982,167.80056888802847
EK202310236579,137.62442373970697
EK202310145251,130.34362316178547
EK202310144320,139.95948025762252
EK202310165413,127.39574378565132
EK202310164223,140.99612277063926
EK202310178660,154.95930535518997
EK202310152292,159.04827320028403
EK202310232276,125.9824546438142
EK202310227732,144.44000003731867
EK202310155773,148.20609519819362
EK202310188232,155.02415981966925
EK202310182770,123.27944842040696
EK202310202719,145.85584597342174
EK202310138556,142.03859157516993
EK202310239172,141.76780400431812
EK202310151877,153.91281251648644
EK202310116662,141.02022952373906
EK202310206983,129.9210473925052
EK202310161922,143.4886149253422
EK202310116370,133.3569051570054
EK202310216242,148.99243965745202
EK202310223914,137.0565933918064
EK202310183638,141.07933815302755
EK202310180955,155.96045406859753
EK202310135432,143.08782514080684
EK202310220264,121.98396480791554
EK202310241824,166.48789195864214
EK202310175340,170.95062373168895
EK202310123572,130.69462709272648
EK202310228745,141.9350643125221
EK202310150402,155.99316739835365
EK202310123048,156.2295693738483
EK202310245625,140.18389636998162
EK202310004596,130.04143025472777
EK202310187568,133.81415910861338
EK202310004796,138.43388383074597
EK202310206482,149.45380656668016
EK202310152723,161.98659118236458
EK202310144324,144.85604574045206
EK202310182703,159.57902304302604
EK202310207031,147.81165194404463
EK202310224829,122.21302131090088
EK202310194916,130.6132793324385
EK202310158171,178.22387326602993
EK202310237739,148.62257858114725
EK202310233535,177.00584546982822
EK202310159582,151.59893409254317
EK202310157407,124.46023941652236
EK202310222554,133.0684738074021
EK202310209992,133.94131346441068
EK202310197773,180.99751486618777
EK202310219559,151.0831788807724
EK202310149590,135.03895730110548
EK202310172229,134.33659656932278
EK202310179759,143.35459341092604
EK202310141351,140.78148447650838
EK202310202674,135.85673899837303
EK202310150237,142.00856353986373
EK202310131854,157.51925431459588
EK202310209299,142.7684725906328
EK202310152323,167.9436061084653
EK202310130424,158.0923053894462
EK202310219110,144.94195626896183
EK202310208971,142.9861191723058
EK202310175417,133.55164573768295
EK202310178979,153.05255080413707
EK202310149330,145.24336884489887
EK202310214732,154.19313315522504
EK202310151284,137.84382900926707
EK202310246323,141.98545152061806
EK202310162754,148.00617130554906
EK202310142435,165.66153478679962
EK202310218666,129.4656926619025
EK202310221049,157.12915949886658
EK202310173708,144.93410395020175
EK202310192941,118.46514404600074
EK202310126047,163.5993612929926
EK202310241369,158.25638426646373
EK202310183820,170.41885679895435
EK202310243559,143.1058670674702
EK202310148350,161.41735188369591
EK202310224931,144.2861822945393
EK202310236248,149.58996290451552
EK202310156811,137.05645367352216
EK202310224565,133.74691047514193
EK202310203958,135.98860116147978
EK202310119312,129.40509996611547
EK202310178028,146.16241096088802
EK202310186588,156.53464935597452
EK202310139697,164.10744421004338
EK202310197136,140.4695741956048
EK202310220806,133.8840603444111
EK202310222987,156.1796776033164
EK202310161970,140.22556834512127
EK202310208174,144.38042202914946
EK202310118068,132.5754397773422
EK202310131022,138.63756349474778
EK202310122159,138.1366267351563
EK202310216067,105.71162335655988
EK202310245924,128.21670036038657
EK202310111788,135.8670735496742
EK202310127853,147.3958078302083
EK202310106238,140.15841004164187
EK202310158124,121.10876361136278
EK202310132835,136.31579583993317
EK202310148914,145.99985294347402
EK202310231691,130.34325292149006
EK202310247000,153.62169489616218
EK202310192115,149.4294136949473
EK202310104130,133.64273615433132
EK202310139212,137.21464881531355
EK202310197454,147.5379989807871
EK202310192429,147.32388311619044
EK202310167625,136.22248868610183
EK202310199497,147.6503822409667
EK202310153618,138.70966109458863
EK202310181484,156.36585128738074
EK202310198186,128.1357553965248
EK202310152220,141.22819888808658
EK202310159039,138.59342326355554
EK202310191546,123.21336953008797
EK202310133158,126.67508905466826
EK202310201688,151.5204237915387
EK202310235017,143.49090919727544
EK202310135857,153.21647916083967
EK202310218208,179.3253090939711
EK202310118595,137.58695210822506
EK202310163828,156.4881302797284
EK202310141421,128.40868837529692
EK202310180807,137.5977992519007
EK202310205637,139.81212970833926
EK202310105788,136.57429217777386
EK202310216219,150.84527554779774
EK202320007125,181.95110955802838
EK202310104911,135.2371980259282
EK202310189159,168.01398017092134
EK202310195473,161.91031381310037
EK202310118604,126.67005020193687
EK202310195319,154.8160031996405
EK202310240500,153.51261509513938
EK202310113748,156.598005345447
EK202310004313,145.450352143439
EK202310143650,134.7705630329355
EK202310165864,159.0233749755626
EK202310197618,148.62637438916838
EK202310147381,140.22144163037635
EK202310204456,137.04774902814356
EK202310168795,128.8383855549722
EK202310162071,157.47422831297948
EK202310155041,125.5103407769694
EK202310116293,141.7707808105202
EK202310111802,139.47084727415555
EK202310143876,143.4003281974737
EK202310170107,167.26501326719992
EK202320006604,168.6572581416334
EK202310181395,154.90322539441047
EK202310128405,137.02734675300488
EK202310172117,138.05003689811514
EK202310173280,150.78666449278893
EK202310114735,142.68816634811816
EK202310124558,134.12495611161359
EK202310122475,134.40962161231536
EK202310137618,144.94812898440202
EK202310105474,133.15937252624263
EK202310209280,121.94337004839707
EK202310142912,143.28434397208102
EK202310246004,124.41220070660114
EK202310186374,132.93492834937013
EK202310139853,140.775565188989
EK202310243432,128.30972186740402
EK202310135700,124.94734179737769
EK202320006074,172.28557814269476
EK202310207199,150.99518228764916
EK202310114736,139.67444576177527
EK202310129145,158.43108765895172
EK202310135339,159.09917102765172
EK202310105627,133.12902475917213
EK202310114046,119.11793274968448
EK202310121749,114.15964960559599
EK202310160579,142.70420747068133
EK202310132059,141.33029279144466
EK202310158407,136.92556134487796
EK202310115805,133.61479494272498
EK202310165675,146.82475673816162
EK202310223393,149.9440779231146
EK202310166586,152.38760767718867
EK202310142763,140.23257504217307
EK202310169174,128.1805812106787
EK202310118007,133.9399101089747
EK202310188453,122.98146789040914
EK202310186603,130.60662680101632
EK202310115518,134.05360062239407
EK202310237777,154.89626316511743
EK202310245509,147.2731339527165
EK202310149571,151.83109714427422
EK202310238699,120.31486844426375
EK202310162044,143.98035285550023
EK202310178900,120.97026710848785
EK202310210189,128.23462615097105
EK202310246044,159.2868193239212
EK202310169510,159.6394883804005
EK202310224019,146.42640961383938
EK202310196916,146.75280710422794
EK202310110545,149.26738641994956
EK202310158475,155.5196362080702
EK202310240666,145.30048615035173
EK202310147702,136.38666057744166
EK202310240541,137.39251253272687
EK202310165419,144.94995032331173
EK202310158944,156.207737529797
EK202310154741,144.6189362572554
EK202310183411,144.47790953967146
EK202310150802,143.97646185575564
EK202310236647,128.48247825315735
EK202310168877,157.63613190943914
EK202310177550,148.64349731399605
EK202310161815,134.80027556537598
EK202310205936,131.28619897575948
EK202310236918,141.73485321020206
EK202310231978,128.6317642967133
EK202310145447,143.99849982899693
EK202310113081,149.9850308409194
EK202310245380,156.65790792473837
EK202310226536,134.3642455366432
EK202310171629,134.07325373506237
EK202310142578,158.5065528501321
EK202310154571,136.10036869927384
EK202310133424,142.49395156707303
EK202310205232,137.65310702085222
EK202310125353,133.1703450141049
EK202310129062,142.69967203068688
EK202310148286,151.70639525651535
EK202310217186,166.72302492245728
EK202310240058,155.78759691903227
EK202310004925,153.94855393077657
EK202310121900,133.36039685899922
EK202310193811,175.62681921595492
EK202310236073,129.37095464946438
EK202310209661,134.80065314155144
EK202310183452,118.74060033342889
EK202310198390,121.80855169298499
EK202310194814,154.4494808954328
EK202310154258,132.35984803993904
EK202310225570,142.6327580333151
EK202310236562,127.33244169108804
EK202310125786,118.57920636458479
EK202310227228,132.97792605869427
EK202310104334,154.642037313626
EK202310247598,162.89988570005045
EK202310163731,158.412379286323
EK202310153854,155.77262643192483
EK202310209072,165.4879007215356
EK202310130417,141.03066358866772
EK202310161714,125.07242871128685
EK202310161726,156.9898557739807
EK202310214070,160.32504537682274
EK202310174019,149.09995564532124
EK202310197029,153.02307811170402
EK202310236341,133.20867135532563
EK202310218675,134.28513865326335
EK202310124319,126.98039220629553
EK202310231778,134.3597358684679
EK202320006401,129.69873846695248
EK202310107779,138.31808008277582
EK202310133015,136.82689446691683
EK202310181550,134.9418321142841
EK202310247332,159.82016393272943
EK202310111163,124.21980274333625
EK202310145310,148.1442831456684
EK202310126094,126.48690511374548
EK202310161397,136.28451153721613
EK202310146374,136.36096058920373
EK202310136414,131.9234494351357
EK202310141425,162.67159384276766
EK202310138405,133.00789598577137
EK202310173668,153.8332489237122
EK202310184285,142.25306031774028
EK202310176095,166.17659637037184
EK202310211570,134.72754959453928
EK202310208829,144.74429059516896
EK202310147190,149.8238502725503
EK202310191735,138.43906388698497
EK202310213951,157.79093953775237
EK202310140049,153.1347121983479
EK202310169326,152.0826871859383
EK202310157230,173.23387414353294
EK202310124090,125.95670091457295
EK202310142146,134.4206096508111
EK202310107242,136.80132448294836
EK202310192993,126.32187725560824
EK202310149787,146.47562880284278
EK202310177888,138.0243808476224
EK202310212815,154.33091704302132
EK202310223609,153.26682050915778
EK202310189733,175.3705004866587
EK202310218104,137.93500071469032
EK202310111896,135.475067542513
EK202310132753,153.59887256869573
EK202310112173,144.20013591041322
EK202310167323,146.3544542937737
EK202310140969,151.9709551500743
EK202310214853,153.09155090827065
EK202310105928,124.35482768271237
EK202310213446,137.78825060874115
EK202310134309,145.14765788236164
EK202310177619,150.51865491872758
EK202310004283,130.6198815190645
EK202310176874,141.04809475904915
EK202310160131,148.4574525896857
EK202310201219,178.85962442981216
EK202310004099,132.81191508684202
EK202310167947,157.18635881472903
EK202310155342,127.8603548345898
EK202310209163,137.25099732856694
EK202310242285,134.53737263270486
EK202310215045,165.20162747052777
EK202310245674,148.58512463512372
EK202310192087,144.8344744107177
EK202310182851,142.29625223330217
EK202310184176,152.24440288627105
EK202310205303,156.2017127199685
EK202310108199,150.87500038579287
EK202310124913,161.13245621511308
EK202310140458,134.60955028297087
EK202310142132,134.52654990375834
EK202310147065,156.61524379671988
EK202310143393,132.13231337504777
EK202310139964,119.71458003354131
EK202310225775,147.25038809073627
EK202310127142,152.45837265184474
EK202310179582,153.26788144833503
EK202310207922,147.78133435399997
EK202310195810,164.67047823718286
EK202310178849,156.2859830785568
EK202310229124,136.81910347263306
EK202310113502,127.08973549854628
EK202310223610,142.11653763142934
EK202310147986,157.53285169701834
EK202310236813,141.3200109792338
EK202310176936,147.70236408941952
EK202310199151,144.18779586170973
EK202310192534,130.22829732904995
EK202310217624,121.82813326809085
EK202310003755,135.66419520080632
EK202310161830,130.3971196036666
EK202310243624,124.3068769772355
EK202310164105,123.98972887897641
EK202310179948,162.55588373992617
EK202310135310,145.32599070756513
EK202310004295,121.69265483021334
EK202310141079,147.8037912243099
EK202310225179,161.4269558370943
EK202310227335,142.5489959572306
EK202310161160,166.6048276144561
EK202310247623,156.18190136317145
EK202310206076,131.62236923645133
EK202310119053,138.22394744784356
EK202310139617,137.300293918882
EK202310143241,121.6465767279294
EK202310115504,142.86387152927998
EK202320007161,146.8535004432107
EK202310183784,158.37916389280252
EK202310187344,181.24096112619384
EK202310185527,138.2919294472535
EK202310238290,164.50302613123054
EK202310140457,138.31028443727894
EK202310150648,146.12302161261528
EK202310223600,137.6743651536067
EK202310167530,144.88984043863348
EK202310224100,127.34612248514499
EK202310152786,148.52057532830116
EK202310135478,144.20844791566302
EK202310193078,125.80990031521233
EK202310155463,166.97075229649784
EK202310105582,148.07053995623355
EK202310135195,132.76925172464868
EK202320005552,166.54078467218383
EK202310228708,130.0871570909665
EK202310141498,128.94798935448742
EK202310193872,156.07153872997355
EK202310141414,166.74045558565024
EK202310151905,134.27956706451678
EK202310127407,152.00736717718598
EK202320006299,153.3688772913015
EK202310212343,138.99572744494498
EK202310168454,122.03824948588655
EK202310171479,131.44467592487484
EK202310110727,166.09097730915366
EK202310109806,132.28533411931687
EK202310229172,135.57595042924459
EK202310221527,125.38360411800471
EK202310136692,118.73638252204277
EK202310225939,131.03771686794127
EK202310128011,130.42180432025532
EK202310119451,141.492683268436
EK202310240016,148.13298651714933
EK202310137412,142.52431399528956
EK202320006473,169.78057697156652
EK202310133714,163.32510906160337
EK202310182002,138.05444734984616
EK202310146885,139.44189634456396
EK202310228765,167.95228245531666
EK202310199335,150.29080176937833
EK202310144286,147.4190193058986
EK202310120179,144.022119721308
EK202310125242,131.83616909913474
EK202310129853,154.19270024782645
EK202310105724,137.66418193773484
EK202310177232,123.11311601911501
EK202310240889,139.89756647734254
EK202310135626,122.44687820400146
EK202310182429,127.63286958889388
EK202310160815,164.46259968593014
EK202310161842,146.25067792638342
EK202310194125,138.28019035888028
EK202310163430,128.02817139565929
EK202310207741,137.57998225126323
EK202310202036,120.71779655408073
EK202310165652,123.5364333746319
EK202310136570,140.88258871066
EK202310139028,158.40568214395017
EK202310163487,143.8666815417031
EK202310177984,149.8013367587997
EK202310239997,144.78669757255778
EK202310176249,165.9072224675783
EK202310152361,171.21613719211865
EK202310151709,132.54506092274949
EK202310135268,129.0430061674435
EK202310171919,154.25451223610196
EK202310122006,156.59738010318165
EK202310127839,160.0716731957488
EK202310219814,150.63892209175896
EK202310187560,164.80102541377136
EK202310113366,135.1424505994303
EK202310134748,121.40912246730454
EK202310208843,146.9037423404486
EK202310175338,136.58653437103126
EK202310124470,127.87480337578587
EK202310121775,133.63849565422984
EK202310237332,137.04036851297968
EK202310141855,153.12195320748353
EK202310154289,145.06383270468564
EK202310120044,131.25533883504164
EK202310192432,160.80708830393758
EK202310160195,159.90095173791173
EK202310105413,143.37148721164473
EK202310004863,153.73254780870687
EK202310138732,144.95929197885042
EK202310225944,122.26113217224238
EK202310239340,115.44956904064625
EK202310155959,158.53471063323417
EK202310177384,167.35932338562932
EK202310114746,123.9776898539247
EK202310156841,148.13381647372765
EK202310213654,132.71482464050422
EK202310210592,139.48944499996952
EK202310110296,138.2314504725748
EK202310240236,144.21419946981962
EK202310242957,142.21886511770433
EK202310163621,144.94169623387003
EK202310202691,159.75845211950764
EK202310127490,138.8631524550921
EK202310199512,162.70353345084578
EK202310155288,135.28895312920224
EK202310237968,148.6635283417049
EK202310118847,145.0361647281014
EK202310144769,122.79597261545749
EK202310212518,131.23950423509768
EK202320007577,140.99044492830706
EK202310244590,173.30666324697793
EK202310003432,130.28437454937904
EK202310242932,142.8594409302529
EK202310184880,166.75261966937535
EK202310208839,154.26234877582132
EK202310225707,151.70438069345602
EK202310196085,165.40285241559152
EK202310111047,140.02581329804303
EK202310149321,141.38676624641198
EK202310214602,147.0365731011191
EK202310190162,146.80485342538682
EK202310203789,130.01438962917598
EK202310165931,140.98930191203988
EK202310143768,148.1739867935189
EK202310226420,157.02361193510708
EK202310206883,136.64882929930866
EK202310230191,153.9832676981767
EK202310223966,151.8783678149124
EK202310118804,134.55699320418455
EK202310224984,131.34372561770522
EK202310221101,131.37104823649946
EK202310241759,132.3710256312627
EK202310219986,144.90544036671258
EK202310247113,131.03931541349863
EK202310136489,144.61288253768203
EK202310189176,162.42876889958382
EK202310201813,147.98078825834205
EK202310167143,147.57706942531004
EK202310245156,138.84315778754916
EK202310149980,153.1463185764153
EK202310238395,151.31421699390614
EK202310223767,144.0101193189678
EK202310118543,134.8867154973205
EK202310137202,109.43030945944585
EK202310245378,148.46142710701844
EK202310202917,160.17955901724775
EK202310120015,122.28969293742287
EK202310242744,144.2229766306417
EK202310170961,154.92282892391137
EK202310170849,134.80189043699806
EK202310108365,136.28844259371064
EK202310225302,138.2497931726174
EK202310141853,130.8995456565259
EK202310152952,144.88571925332502
EK202310118252,132.41465908549742
EK202310150764,136.0915083534795
EK202310188288,134.00901249870083
EK202310236699,155.55871586468191
EK202310228975,149.29919133811444
EK202310176364,142.74520449463412
EK202310148297,149.72186627854023
EK202310234706,129.15553250971388
EK202310202029,130.17406728339608
EK202310218635,120.38275139636819
EK202310187565,158.55107069165697
EK202310238217,128.4261101576471
EK202310144263,128.97545595360776
EK202310216046,104.46241034764994
EK202310240199,144.0261966048445
EK202310118761,139.2672653906344
EK202310118387,129.12476181947775
EK202310228319,128.63969062303633
EK202310188942,152.47871121715494
EK202310171922,144.50279631192052
EK202310205751,158.34664263935503
EK202310181387,150.5764948172457
EK202310194611,130.8661942470372
EK202310123903,135.46543513184176
EK202310201170,181.4875917160038
EK202310124579,137.20594755257528
EK202310225456,139.00642104708606
EK202310224047,139.1820145647971
EK202310168185,140.79108463550315
EK202310149367,142.20437260106848
EK202310222236,159.98281754474635
EK202310191402,148.3093210070163
EK202310216518,139.3440233908162
EK202310116323,129.1395051292955
EK202310229479,131.25949766143873
EK202310242068,142.1473326708168
EK202310172108,125.05982126787065
EK202310148960,144.03859077567768
EK202310203368,155.4585154754571
EK202310248782,129.56634406204532
EK202310130742,162.52944564813453
EK202310127431,143.08776129172512
EK202310166666,156.83265426501094
EK202310142516,132.37496822246518
EK202310171160,171.53947318820462
EK202310131980,140.06067684361904
EK202310230754,138.69140326818476
EK202310205660,128.2643219667121
EK202310195938,159.9142032600074
EK202310223018,133.49304567938614
EK202310189611,167.3358558901298
EK202310114061,132.49434515918165
EK202310168186,148.66449594088846
EK202310123079,145.25702546091117
EK202310142507,120.66110379538836
EK202310192082,136.1225027493143
EK202310116417,133.88168899299836
EK202310152679,121.05262883588881
EK202310186123,151.87752161934458
EK202310187670,141.0663538342676
EK202310199114,152.17182314379895
EK202310144744,136.35816916026715
EK202310171906,158.97447216074312
EK202310222160,134.0642522208846
EK202310202383,141.60895209680686
EK202310133543,150.8965846100928
EK202310240197,156.5110612710506
EK202310224654,155.98374412693843
EK202310159827,159.3080676716716
EK202310129302,160.8996891584798
EK202310220687,136.40637595818222
EK202310137416,144.9281038944619
EK202310195263,157.83140730135523
EK202310226117,138.30188196414986
EK202310177937,148.4859350544408
EK202310224977,136.67620463420178
EK202310104811,156.83298598521375
EK202310202225,154.89960345429307
EK202310198252,136.61947122802036
EK202310169634,170.35824777526054
EK202310141724,156.42358038086144
EK202310132515,127.9304608879338
EK202310222595,132.46092330838377
EK202310245206,169.34906997779746
EK202310206384,153.4201814910916
EK202310131595,157.1190244448146
EK202310114450,137.86150811329668
EK202310193999,130.17012155500592
EK202310153211,113.37207032618329
EK202310168571,162.11612415796958
EK202310117487,131.3923391493884
EK202310147040,157.13981994585112
EK202310164747,150.73580243629897
EK202310185539,155.38926718509944
EK202310180947,157.82863504261667
EK202310209467,139.3181119581026
EK202310197453,135.59236057004108
EK202310241952,139.90333428065927
EK202310171659,136.40842692196546
EK202310121984,140.257466445401
EK202310145988,147.96509538762908
EK202310227472,161.82346612297619
EK202310158925,173.4031282651955
EK202310161059,171.77197946711823
EK202310246350,143.3980866692733
EK202310204768,153.33470527917007
EK202310245196,144.5525868701991
EK202310134281,150.2839444210852
EK202310232567,153.47504744501205
EK202310187864,148.9347678607326
EK202310175599,149.62179757104326
EK202310137474,139.9321272369515
EK202310214594,132.76590197733353
EK202310176570,140.1107063480177
EK202310143525,131.50216376348064
EK202310216731,136.96251811153186
EK202310182951,152.49094154155156
EK202310195606,159.04371642313848
EK202310003354,129.4761490719237
EK202310003704,141.17979499771792
EK202310207753,152.94179457931364
EK202310108512,150.5556380941204
EK202310230571,132.83531743720184
EK202310210082,150.23082604134282
EK202310191492,141.02784137518702
EK202310113969,115.50881795574914
EK202310123941,137.11322580861105
EK202310135080,170.51099516378662
EK202310117802,129.60324360108345
EK202310158376,133.76137227999754
EK202310140051,157.42853972191915
EK202310230366,131.18376032346936
EK202310138959,175.19482532802752
EK202310112243,150.17733019299664
EK202310142973,173.2914297165927
EK202310179563,162.77361777722604
EK202310213686,143.65492365620807
EK202310207985,136.5158092562772
EK202310169142,122.24307375559295
EK202310189846,144.65975940924693
EK202310217981,146.46017080119333
EK202310168427,155.23871014749182
EK202310165111,117.22252722372048
EK202310211489,140.49637860088654
EK202310164721,152.1341789414899
EK202310192084,141.18416012677113
EK202310155310,128.29773539360667
EK202310207807,157.1872604884119
EK202310167274,140.58816267372606
EK202310232098,149.6886495683643
EK202310246400,153.49106971615637
EK202310181247,146.15070532205976
EK202310146677,140.83688799026856
EK202310199983,146.91243064904646
EK202310198892,131.90013836698176
EK202310118490,150.21284403661474
EK202310218556,139.13211990795892
EK202310209766,161.1273473248109
EK202310201549,139.9992751097048
EK202310227205,128.0249051147264
EK202310201879,137.5064707558357
EK202310208984,128.1671947820885
EK202310172280,138.03829322113083
EK202310127074,143.4079668094284
EK202310003431,124.93887769770393
EK202310128481,125.55080042471448
EK202310191056,132.38517922365534
EK202310224670,136.6962817493873
EK202310148699,146.50117867507717
EK202310186655,170.67373492256445
EK202310145129,164.55920640296836
EK202310141368,140.20363627541118
EK202310215091,161.00694870216438
EK202310131768,130.82248050883263
EK202310169680,144.8275364431832
EK202310215558,161.90798402978731
EK202310235372,151.72444024033467
EK202310123185,133.10855091944833
EK202310188811,134.71319984614806
EK202310160442,144.99684748252318
EK202310190513,159.19219828821943
EK202310174071,150.81639208567876
EK202310226475,141.66143200297282
EK202310124362,127.94041418607186
EK202310217706,141.20589299438038
EK202310226498,152.42091300027576
EK202310237132,137.32919181222695
EK202310156490,174.00154743964316
EK202310161525,146.86983280126574
EK202310233261,153.96373599021524
EK202310183188,150.01061153085513
EK202310204179,143.17557634482128
EK202310221970,129.2922376126178
EK202310136055,141.14573995154956
EK202310192784,149.7731981790284
EK202310154098,150.46152978082625
EK202310195221,169.3455237542915
EK202310247669,181.69554431753048
EK202320006739,192.81169247615827
EK202310143079,115.47257140493329
EK202310157780,135.3839465609519
EK202310122685,133.158224410872
EK202310228079,133.27115826036524
EK202310178496,151.11324057148863
EK202310108793,149.0364148784903
EK202310243880,133.8160667348194
EK202310108022,144.02342567338383
EK202310127023,133.56369026313428
EK202310114813,119.46753093538382
EK202310211046,129.33900137147177
EK202310139161,133.73963613708048
EK202310165288,140.94740065273464
EK202310245913,130.70335758971572
EK202310216026,146.00891495377593
EK202310132021,140.99960240814826
EK202310206339,150.24507352624724
EK202310216740,132.37872590142175
EK202310210301,137.70727843224765
EK202310167900,152.4247548353618
EK202310173409,142.07099312367248
EK202310144428,169.8023425199293
EK202310194970,146.34382243620368
EK202310105005,124.5502990423727
EK202310108090,139.80962561450605
EK202310229406,147.88112457690696
EK202310152037,135.3477362699769
EK202310204361,153.4596496439281
EK202310114029,121.11002939663899
EK202310158725,166.3278250182408
EK202310158027,144.80771670193838
EK202310148586,126.24442180936558
EK202310237068,136.94180771288012
EK202310144709,146.9906337308026
EK202310161357,118.57253130638688
EK202310124452,131.2207463056876
EK202310131605,164.96580148208017
EK202310162054,147.01201008316036
EK202310181680,167.06162922276087
EK202310117645,128.9986355308957
EK202310147699,117.0592437675601
EK202310153309,133.51318897336984
EK202310184492,157.50107157456796
EK202310104645,146.67306457674115
EK202310137713,141.24028018848088
EK202310243221,139.34634683724158
EK202310156335,141.84333695665097
EK202310197583,173.42508653398585
EK202310137359,139.03582159569072
EK202310130956,141.1150220181587
EK202310171369,161.5114061483995
EK202310232324,153.03676531938737
EK202310172995,139.33072534108425
EK202310134239,144.14691406918664
EK202310243506,140.53140877098437
EK202310163154,121.7384411992389
EK202310127929,136.3088038898656
EK202310202227,119.23474955670949
EK202310139348,135.98618184184244
EK202310158547,143.66322028419452
EK202310236863,138.40412815300533
EK202310179959,169.2137673531927
EK202310195894,116.31109042742429
EK202310229850,133.72541794418305
EK202310242435,142.40513505262345
EK202310135502,131.82510788240228
EK202310229084,138.36806212793797
EK202310118049,139.18906175269805
EK202310201122,172.1279375094223
EK202310109875,126.68360232253751
EK202310196757,134.30239544794378
EK202310139569,159.93748440309017
EK202310107377,133.23099175652655
EK202310116923,142.07210157251762
EK202310228873,129.97975533027247
EK202310218754,129.73321633766693
EK202310154272,129.78245893013616
EK202310231169,129.547048735482
EK202310217977,169.00410853839773
EK202310222555,146.64606625858693
EK202310162130,164.95661804217607
EK202310112323,147.39726917387014
EK202310159262,143.85476721735662
EK202310151594,149.55740560561992
EK202310163721,128.33213759333816
EK202310149061,156.14825279975673
EK202310147880,149.987577619554
EK202310212050,147.7473824673308
EK202310117729,133.08337735326614
EK202310107629,153.6721898998181
EK202310139317,132.88137001692473
EK202310179272,140.14999606617403
EK202310121894,147.03415115793229
EK202310139188,153.05162999416228
EK202310167435,143.175464847683
EK202310228964,142.0033975563401
EK202310113550,152.54855862979127
EK202310180850,160.7154507513444
EK202310105563,133.20876406260476
EK202310110748,136.9392625079054
EK202310234819,126.9352896747027
EK202310154339,138.03718014130112
EK202310210307,126.35309243825726
EK202310239873,125.4450362636827
EK202310183383,135.40039739260604
EK202310193557,128.74722882997233
EK202310228033,134.03175058295835
EK202310167532,149.5045224651875
EK202310222264,132.17710603336735
EK202310106581,145.14771400939435
EK202310221125,120.20200202924694
EK202310165054,150.8500222733441
EK202310150415,159.12274092340417
EK202310233802,149.49330788992893
EK202310190617,133.4392411958888
EK202310106410,139.0342439801949
EK202310216886,147.9541284742196
EK202310115900,124.77864002549799
EK202310104935,148.46873331218814
EK202310129722,153.502047251172
EK202310120948,139.0810283996179
EK202310164436,137.55469945182392
EK202310122507,143.85519829229705
EK202310160593,159.37789998670496
EK202310210615,137.25914136389815
EK202310132871,128.05150264572617
EK202310237902,133.4211164846197
EK202310231150,128.01689531436372
EK202310165528,146.74662112110772
EK202310244497,127.27490261999529
EK202310107512,141.54082480862394
EK202310120477,157.7038497232665
EK202310229593,129.77558932876582
EK202310126986,139.45059177034997
EK202310175535,149.51910393754784
EK202310148104,141.52126494758008
EK202310201431,152.51028249218055
EK202310148767,146.22674062788224
EK202310113034,126.60088122898749
EK202310209227,153.64985463318231
EK202310114309,130.63373234977598
EK202310174763,149.23457332170065
EK202310236793,133.24324842199897
EK202310177429,136.33534637007153
EK202310167536,128.7856075889703
EK202310141576,156.7031370196986
EK202310213488,133.23478113992107
EK202310162322,161.68322140599025
EK202310130610,124.60462276443567
EK202310152488,145.84266794585028
EK202310151734,163.9256727956738
EK202310155060,131.53339546042002
EK202310226481,134.01935062572028
EK202310119174,137.62041775597365
EK202310180130,135.38023390012134
EK202310104489,155.60666725787587
EK202310195688,146.82968446072937
EK202310132973,150.88457699476746
EK202310135035,169.88725150236127
EK202310167150,121.0454917264505
EK202310195252,130.27243538445157
EK202310127294,157.73651650998312
EK202310140484,141.51848034967756
EK202310119854,142.69076913478992
EK202310248841,137.27635348091414
EK202320007808,151.63696808070097
EK202310199228,139.06405380564772
EK202310184715,141.55008792658325
EK202320007242,142.44097036274948
EK202310147415,147.1818960337988
EK202310171570,140.47190206179442
EK202310110477,108.61077441644628
EK202310113604,154.52608836172496
EK202320006431,169.2199101983987
EK202310121838,118.05311964363881
EK202310148733,165.02598707510867
EK202310148335,142.45007565827544
EK202310113968,130.59035131286612
EK202310231455,140.383185533188
EK202310203454,132.78933798213384
EK202310191708,119.3054501343421
EK202310109582,150.3109176710904
EK202310203719,133.8267292800354
EK202310201332,159.31748241977186
EK202310204835,137.67908157144387
EK202310131213,149.97535340210536
EK202310155687,145.66150211087236
EK202310178634,143.67523658955795
EK202310115110,135.7975081236884
EK202310201445,159.91161092838112
EK202310233989,135.48806275622985
EK202310226621,139.06101633945354
EK202310182124,153.71721697364018
EK202310129960,135.27831289601036
EK202310172024,159.37811493040007
EK202310124587,141.68068109360667
EK202310180490,133.03713787582797
EK202310218866,139.4346501659419
EK202310145486,135.10810335728598
EK202310243783,131.21839894766123
EK202310163544,139.9472236590072
EK202310245299,137.6237135567427
EK202310185466,133.88906758084298
EK202310114372,153.4059480462629
EK202310132954,130.27260368912368
EK202310156324,138.48221258802988
EK202310237016,141.90530250412021
EK202310214641,150.13618052917855
EK202310106858,114.92517003613735
EK202310182500,158.04042712648805
EK202310125749,146.7902312746218
EK202310201978,120.70421847795666
EK202310112112,146.4929149522356
EK202310243292,146.35549567061844
EK202310192897,144.71023702768565
EK202310173512,133.8527314614753
EK202310125634,136.5981108342143
EK202310165797,139.12499039232156
EK202310213138,147.5451862597016
EK202310211642,134.04996491425533
EK202310156317,145.8072320910586
EK202310154649,171.75942913723924
EK202310198938,149.03958192021034
EK202310175465,137.647402141673
EK202310187555,133.48982934375925
EK202310183448,177.24672402376248
EK202310205101,143.64514263853133
EK202310201536,133.30185228016526
EK202310131221,112.87052104397327
EK202310242173,155.18052474207724
EK202310195317,132.61513604046866
EK202310139267,146.03475185709192
EK202310189575,163.25516189630596
EK202310186883,142.546263016052
EK202310184286,171.2822010620894
EK202310194270,141.0969084567373
EK202310003611,138.83075832099712
EK202310189126,151.7997622687891
EK202310179964,160.8020700726898
EK202310118181,125.08945631492956
EK202310220832,135.3603299475891
EK202310203022,138.5117136913857
EK202310205592,161.96353311089297
EK202310128283,129.6268375595086
EK202310214279,138.80549525507513
EK202310175101,141.63642147089254
EK202310116399,140.23421321191333
EK202310132303,126.46938687094946
EK202310147925,151.05927313417646
EK202310219063,156.7393109495435
EK202310197713,155.2268958777741
EK202310165104,136.66959188522426
EK202310198835,151.224009460984
EK202310230554,134.93955850832796
EK202310103890,124.78698185617912
EK202310152894,166.48963887462995
EK202310156771,147.06651622247946
EK202310239166,142.00128143685362
EK202310157043,167.1896368760424
EK202310158767,137.9120327258014
EK202310231819,178.44054370314575
EK202310162990,144.70909529287837
EK202310237033,164.44108361596156
EK202310220279,145.72159852137406
EK202310105088,136.3852583221966
EK202310183088,126.96538510011936
EK202310134719,154.6479638443655
EK202310126509,138.7071199264097
EK202310113028,137.1656216674266
EK202320007641,152.13899245255323
EK202310194771,131.09358204690247
EK202310193624,139.26255196927232
EK202310178811,163.23896841244184
EK202310127140,154.52468619114543
EK202310193675,153.93346314199243
EK202310208947,134.8958273156446
EK202310242072,135.65225064612255
EK202310129762,154.53424827277024
EK202310178638,146.1285135617673
EK202310208504,125.982644127587
EK202310131365,150.44983599804686
EK202310118546,131.25812831697115
EK202310245144,136.09672274406273
EK202310142879,139.8912694068938
EK202310197920,160.20783183411137
EK202310182216,142.10264861979883
EK202310163824,153.49881025414135
EK202310247357,148.63314246683674
EK202310145691,171.84318283389652
EK202310176063,158.3111212120246
EK202320006459,162.1429636351126
EK202310227785,129.74286205444233
EK202310189723,176.06360316630372
EK202310182881,156.20463385135892
EK202310196251,135.87576557729636
EK202310212183,140.3967046928335
EK202310165884,145.216475618163
EK202310162354,156.13168525175166
EK202320006915,163.60294251452189
EK202310152978,155.27870993942298
EK202310186596,169.61104388965518
EK202310184203,137.50218650056095
EK202310115228,133.19458361261897
EK202310187250,151.876968628692
EK202310199882,161.4809744317581
EK202310247733,161.83437664034835
EK202310142093,142.76574149691572
EK202310192250,148.98961086475177
EK202310161127,176.6490373084123
EK202310227929,137.27793139189194
EK202310144416,130.2495228515512
EK202310129300,157.4098049046533
EK202310132887,131.21775696354297
EK202320007268,150.85472809646245
EK202310117763,119.91293398257737
EK202310135610,116.21181156686418
EK202310108226,145.53605114336793
EK202310197484,181.4694224875734
EK202310220905,124.224155213951
EK202310210612,148.5354763158411
EK202310199825,127.628389940585
EK202310167815,119.99409006278
EK202310222270,128.31086722179094
EK202310218829,119.00465915760584
EK202310158524,148.59322001933768
EK202310227353,140.16526109950348
EK202310105993,145.3358241630609
EK202310128862,129.00797501773852
EK202320005603,165.6953814244922
EK202310145543,167.8371933873513
EK202310226964,117.80025575119237
EK202310106404,157.9973558294024
EK202310158792,152.8200335912285
EK202310169557,158.04911002825946
EK202320007615,155.44194144006735
EK202310244340,122.83711203776942
EK202310241009,137.54998754741874
EK202310173004,144.87195639111602
EK202310229814,144.21602869714235
EK202310136774,142.28794379905747
EK202310134670,147.51118472821847
EK202310125653,148.0942533046093
EK202310104378,137.17251901241946
EK202310114092,144.1986954178624
EK202310242755,138.34882837312892
EK202310175831,149.68623880895163
EK202310123102,133.73058265375522
EK202310246196,126.74917311505453
EK202310164308,128.83217624968194
EK202310164001,138.7033225916593
EK202310127733,174.10864237579867
EK202310107896,137.6668409839696
EK202310196209,162.116510896344
EK202310164751,148.6245661311416
EK202310180897,136.4618374516524
EK202310217788,140.05101572519214
EK202310193711,152.31241521197575
EK202310244316,146.76494592205574
EK202310224163,140.92294998960406
EK202310104994,133.69656486371215
EK202310140073,164.00167200082828
EK202310188584,149.03823123238945
EK202310110511,125.58810586283859
EK202310231033,136.73459488246885
EK202310178461,157.99889256726743
EK202310167965,149.51493318940277
EK202310106027,128.13606934131158
EK202310193439,138.31697244642288
EK202310151107,140.13149453284765
EK202310196605,133.61807425229478
EK202310218318,152.6276747226005
EK202310195078,135.61079764310307
EK202310148837,170.64465045458746
EK202310127102,155.67041069259318
EK202310114514,139.44428746353157
EK202310121553,124.89118297036353
EK202310172559,135.80417675701946
EK202310151216,114.28519810722213
EK202310128073,127.37711577712017
EK202310108605,140.22043551322542
EK202310201812,136.30992319238428
EK202310190862,144.30675653965054
EK202310223367,165.16161141284425
EK202310217222,141.35127690640203
EK202310171756,154.97822465832405
EK202320006771,169.20598625806335
EK202310124052,157.0315843047393
EK202310221124,121.85454370625145
EK202310154368,133.70531369503746
EK202310155273,115.55668165593607
EK202310161608,152.82027238431152
EK202310176630,145.56680988118634
EK202310158951,149.2219738825666
EK202310223924,132.93751823386793
EK202310187178,156.42619434523587
EK202310189441,180.16026352616328
EK202310193808,189.01206988434274
EK202310117653,127.36628548481406
EK202320006281,152.3431682696018
EK202310104452,145.94602269709023
EK202310170998,160.98501682327623
EK202310247137,135.01766648038833
EK202310207587,159.9222730572448
EK202310224054,144.27147738728308
EK202310124503,139.07588597184574
EK202310111608,165.65808010949772
EK202310169517,141.66901407109526
EK202310177572,157.91544614467153
EK202320005767,145.6060557042904
EK202310194290,132.91448990035138
EK202310115205,158.34463909324663
EK202310227698,132.75286872889336
EK202310120637,155.0029444153098
EK202310143976,143.68121262697127
EK202310246533,127.11957239873347
EK202310244741,147.43053738392393
EK202310163421,136.74847895105148
EK202310169247,160.13891736306326
EK202310136860,138.86457409631976
EK202310217749,132.7493963035421
EK202310128152,139.98323018099157
EK202310193309,162.2294969631992
EK202310243321,158.41370431048477
EK202310152737,125.05292930396399
EK202310187887,148.2366334652095
EK202310150896,136.3626405937934
EK202310123219,145.69425177442633
EK202310166345,127.75162476920231
EK202310163457,166.58036256999108
EK202310218300,147.82179985059085
EK202310177093,125.87283708101714
EK202310123434,134.5247224896754
EK202310226930,120.5610102847649
EK202310210088,165.88986483515956
EK202310190936,148.66501650408927
EK202310127583,147.75860976848838
EK202310185141,147.99796420235742
EK202310138333,139.29335551975902
EK202310143408,141.1062126378568
EK202310147317,148.62864448667165
EK202310127752,138.43499307719674
EK202310248048,155.09421993246582
EK202310109094,132.53845483237345
EK202310230897,146.82076377315846
EK202310229240,163.04823547314737
EK202310158776,138.9120119948417
EK202310178235,157.747973398154
EK202310153456,121.55859617353771
EK202310125365,135.82756636819747
EK202310228431,137.1182314491388
EK202310177613,167.67572616622365
EK202310230016,148.96737786078342
EK202310124464,129.63037805245753
EK202310160084,159.11924077088514
EK202310230147,143.50246847741028
EK202310154253,140.55091924639638
EK202310180390,135.0253346072423
EK202310126260,135.86519638632322
EK202310110447,132.26165971629072
EK202310225162,143.91787853943106
EK202310127787,132.15414027176365
EK202310127024,132.45041613020322
EK202310123897,145.26162181271272
EK202310191044,154.3696574221001
EK202310107279,142.91123505809256
EK202310222709,152.84120098007958
EK202310158190,134.4937119015254
EK202310226271,133.79329666096476
EK202310227119,145.756745179416
EK202310180033,147.95888804311366
EK202310113831,109.4832325152682
EK202310127200,139.67520916151634
EK202310234951,143.3541378271289
EK202310113479,130.22279759746675
EK202310207326,137.89006266101683
EK202310227319,154.88590405713384
EK202310230874,141.2210374085067
EK202310139589,149.81640230442343
EK202310114753,147.83097044754726
EK202310121349,131.2011152952073
EK202310202957,168.52207329198234
EK202310159641,163.53034650651549
EK202310176020,151.61555280937947
EK202310163367,148.7214170935877
EK202310186524,141.0361424732587
EK202310221903,153.3272152919725
EK202310161048,164.51343955928513
EK202310187444,135.96037883351812
EK202310127440,129.77995079195304
EK202310218146,151.16841642589804
EK202310150639,177.35392716643537
EK202310233888,138.26586673221118
EK202310209197,159.17158038906013
EK202310143716,181.98957206389605
EK202310104198,128.8202779022301
EK202310154483,142.88321668728156
EK202310167981,143.68437772655986
EK202310180723,142.40034568543285
EK202310196829,123.10976356744769
EK202310115909,124.90050190090913
EK202310142747,161.3758011122045
EK202310168568,138.69402663377343
EK202310116790,132.7038008352615
EK202310246722,134.16736423855667
EK202310201508,151.25686229462153
EK202310184072,140.510817425356
EK202310243865,125.17290633351668
EK202310210914,132.69668043804228
EK202310239276,144.4318743735671
EK202310215006,163.4138925865322
EK202310104899,147.81410446373238
EK202310123211,122.65116565110117
EK202310139857,154.3719382433443
EK202310229104,123.0217717833187
EK202310225758,148.87427678504494
EK202310154150,138.0265570796398
EK202310151559,156.44070116890907
EK202310121018,148.9833944669149
EK202310139751,147.42215555911497
EK202310130814,156.90550848905787
EK202310226459,144.1976849575272
EK202310144732,128.4847421552288
EK202310159300,156.77038849361563
EK202310216298,136.96379995876663
EK202310108276,138.17436603711596
EK202310132846,144.17098645502793
EK202310146926,144.05192423176507
EK202310205179,148.93658897894377
EK202310172161,149.47923138226082
EK202310206115,153.03640927117226
EK202310197301,129.98846531754677
EK202310172771,136.7096442265864
EK202310109812,140.60772899880433
EK202310152808,127.05761322627959
EK202310121442,143.63140101379165
EK202310136433,127.53461381246073
EK202310242312,124.37724616280327
EK202310104384,139.8535263806289
EK202310199318,125.83300963577703
EK202310135620,144.897621434253
EK202310153631,142.47466823049302
EK202310133022,124.03056464056696
EK202310112038,135.49523944893815
EK202310200944,155.5362167629849
EK202310209272,146.02348096030852
EK202310221651,130.0441095177635
EK202310147889,159.3412679082976
EK202310004590,125.85264640597607
EK202310196915,163.69404287893212
EK202310186595,153.57565996488194
EK202310104696,146.9375982370838
EK202310144577,164.5693410179016
EK202310169285,128.37822160975222
EK202310184084,146.23433077112503
EK202310132378,140.77939877234382
EK202310246159,173.90319195077024
EK202310202358,128.19773676338139
EK202310159800,141.22080887344103
EK202310209349,158.43223637935984
EK202310200523,113.52922757183106
EK202310231409,146.02506353333538
EK202310125721,144.3780735823877
EK202310150276,154.94253992063295
EK202310197223,136.4905360552803
EK202310160408,149.48289504955525
EK202310213557,135.92578464601755
EK202310218382,151.66634102003917
EK202310209694,162.2062956519815
EK202310211465,149.02049237192472
EK202310227036,141.13356473232636
EK202310168055,133.70353345594415
EK202310173868,140.1924085698856
EK202310235783,143.60835518481196
EK202310182758,152.34831082656703
EK202310202200,132.7402001463738
EK202310114988,141.52057900063602
EK202310176929,142.52883149707765
EK202310121237,145.96592878677424
EK202310152253,150.45775695145585
EK202310226416,148.96606956099208
EK202310140761,153.63776864193244
EK202310200743,148.20178100530302
EK202310165360,140.21248878753727
EK202310235685,165.99013462085773
EK202310238675,147.37870608515883
EK202310191990,142.97041179125728
EK202310149927,150.30232319007743
EK202310196613,139.35269416194336
EK202310138650,144.7735308769878
EK202310135837,140.2806523392739
EK202310004179,142.0341442633065
EK202310202844,138.60334467216205
EK202310156145,133.6645452318302
EK202310137772,125.59631149711689
EK202310139643,174.67823899458435
EK202310190140,163.32490221180544
EK202310182976,131.79005437960103
EK202310140267,150.87011311986532
EK202310149614,144.41669818140738
EK202310188618,143.34538200887454
EK202310153165,136.16769731406586
EK202310239729,146.16986357233614
EK202310104290,136.6198261420377
EK202310237254,158.54196089749246
EK202310127230,155.0468154824038
EK202310133287,146.61829313424929
EK202310196943,139.10490886061797
EK202310154405,146.3815111638919
EK202310235085,136.4299096659103
EK202310144062,134.16700802384975
EK202310185906,144.23767607243175
EK202310133676,156.3792532467785
EK202310196801,149.66181038910713
EK202310223356,145.82023182236696
EK202310174845,155.54430854554943
EK202310131724,126.27996688985479
EK202310227778,127.49728091268096
EK202310139935,115.80191023532967
EK202310109785,154.27010943691343
EK202310162467,136.92222094135428
EK202310190820,148.03062176809138
EK202310111438,138.81722033037946
EK202310202344,156.53686906404306
EK202310128622,160.89512990553797
EK202310239716,130.1722745149227
EK202310206350,175.28877634196144
EK202310137152,134.51109046732802
EK202310186456,158.71695571745386
EK202310247836,131.20081287995805
EK202310239485,152.26262347457254
EK202310192860,137.00507347383393
EK202310130413,148.9043038764864
EK202310193922,151.31234112537425
EK202310181806,135.29351044000538
EK202310121213,130.19825444344687
EK202320006017,175.903091612498
EK202310123080,143.73122531276545
EK202310155988,142.68022639383466
EK202310126966,159.93060289209117
EK202310189745,145.42256449725832
EK202310203961,126.7345190599781
EK202310118179,140.21385477204507
EK202310109004,166.41803397484483
EK202310003506,142.27563367522396
EK202310106808,135.65716018110442
EK202310242146,135.24684739190562
EK202310114687,155.92626732690968
EK202310139155,143.22705057215214
EK202310229903,119.58253698359428
EK202310170375,131.08123188102155
EK202310199839,148.13360670529573
EK202310112897,128.72408947632357
EK202310221448,155.76263429070502
EK202310191215,154.26956675068357
EK202310221051,138.39535700390957
EK202310221033,129.64342454680826
EK202310224111,142.74343724193128
EK202310217504,128.92594499966958
EK202310179120,136.23191818977753
EK202310106293,103.2766608297689
EK202310228948,118.271952377509
EK202310192129,142.28347415678206
EK202310109160,128.69192101828006
EK202310170771,139.8321010906322
EK202310242806,151.37741568544592
EK202310175538,151.4178198299952
EK202310149012,153.64229538327294
EK202310104532,139.6403079221541
EK202310212068,143.0725518224324
EK202310123340,149.23771297441974
EK202310131077,140.76274646190964
EK202310148068,144.27870624080808
EK202310190251,137.3297896783911
EK202310174004,154.96067828393632
EK202310156599,131.95956276307942
EK202310153023,145.38432727240922
EK202310145554,165.304613002642
EK202310160744,177.41562824182614
EK202310185195,146.7517586201936
EK202320006590,158.10198421239107
EK202310129886,149.4409934359735
EK202310124625,148.8536414869614
EK202310188309,146.33409457273171
EK202310142832,155.3793503451607
EK202310183119,136.72459963598848
EK202310105045,151.07467817110904
EK202310170611,125.52335745414649
EK202310155999,151.43263903674915
EK202310230234,135.4756207375427
EK202310103794,147.9689223505458
EK202310241301,164.47746927603242
EK202310202926,154.18540525955268
EK202310247420,145.19587267487853
EK202310165584,174.10965016830062
EK202310179695,136.27606526773064
EK202310164314,153.9609174227729
EK202310155082,147.6940648329247
EK202310145770,141.32338609158109
EK202310247538,156.27015075564606
EK202310214111,161.9158249844605
EK202310181544,148.46352520978738
EK202310151024,135.62307773293415
EK202310229794,130.11181803698366
EK202310125839,138.27136080753303
EK202310128797,137.4760191497289
EK202310147449,132.02181928473823
EK202310211288,117.96942938447178
EK202310165604,141.31865024680064
EK202310140481,150.0990700796463
EK202310154542,155.77859208624895
EK202310213091,116.85531164364339
EK202310248733,130.67471155304798
EK202310152930,171.3217159117231
EK202320006866,154.83732357312687
EK202310216477,125.55123953048181
EK202310181197,153.45582495754581
EK202310244809,147.63481967897042
EK202310111806,138.06406787413937
EK202310106490,167.65574002666597
EK202310145258,127.07015082948968
EK202310205168,130.62085305666915
EK202310157331,150.82133884199754
EK202310163882,118.37626210742457
EK202310129546,124.8558184545088
EK202310148414,128.93456668369163
EK202310224909,123.7720763123358
EK202310165479,138.01021882458096
EK202310170016,145.2918066151562
EK202310182759,146.02015715787883
EK202310111689,139.9125321832671
EK202310202711,154.15243835360843
EK202310201534,132.94721345234888
EK202310113940,139.83492900284605
EK202310114299,149.28898282173515
EK202310203251,159.79808038807226
EK202310143744,176.62342955443432
EK202310149498,160.30297002890333
EK202310217908,136.36107797724245
EK202310211929,114.68004316277147
EK202310149164,152.80577654864837
EK202310164565,137.59872853430574
EK202310210725,135.9682336968952
EK202310121120,152.6459432736826
EK202310216961,140.30096739445116
EK202310172951,146.50484430930206
EK202310230076,137.76909823543315
EK202310214365,163.52780430673914
EK202310120411,132.8519566103962
EK202310233763,140.06135989483982
EK202310189756,137.38020362706905
EK202310180908,145.76549977655907
EK202310163595,140.46224018865365
EK202310117226,143.44093889863694
EK202310133078,150.75773567589476
EK202310214364,139.67214110536696
EK202310216563,141.0708916647624
EK202310233460,134.67356397553655
EK202310145609,156.7137986225311
EK202310224257,133.7452534364711
EK202310192247,125.50541455294912
EK202310205631,140.23236280770405
EK202310231421,137.26691766290247
EK202310226086,122.7891179368628
EK202310237602,140.95496153297458
EK202310136602,122.31098712978648
EK202310122474,138.2781578019209
EK202310188932,159.2416813116685
EK202310138201,111.16372327028036
EK202310194378,159.8455814875937
EK202310214991,167.2874599154919
EK202310225525,140.83965793944157
EK202310134214,146.37469160921898
EK202310195862,144.3043927958612
EK202310159199,144.81324438619677
EK202310155737,146.96046939421177
EK202310170011,131.10785769955808
EK202310201630,136.64712229424
EK202310226552,132.32036581617007
EK202310160002,127.35780744830302
EK202310151703,157.33883505068124
EK202310143816,137.41141743691423
EK202310232638,155.17280364883672
EK202310114002,138.35941247347967
EK202310129927,141.90959854879574
EK202310203267,149.15326572230873
EK202310177954,146.2876172250509
EK202310153060,148.5770143918058
EK202310111529,136.36996948788757
EK202310137725,135.1829721576708
EK202310166343,146.40730717013145
EK202310186809,133.43972127017594
EK202310144953,144.67154057933448
EK202310122463,133.67985764031275
EK202310134204,145.8725302828256
EK202310150378,154.14017066965084
EK202310237288,142.44477113338883
EK202310248480,154.8848644058009
EK202310004124,146.87832383026307
EK202310003566,123.21691216306391
EK202310213203,134.62213949840242
EK202310124344,135.66232756926934
EK202310228408,166.45500014734623
EK202310232131,130.67116892263238
EK202310118742,143.9847041363359
EK202310134004,136.55389152366823
EK202310247397,151.67859857197652
EK202310239190,123.48578607977653
EK202310246475,131.60681446752452
EK202310198578,154.22109949436927
EK202310215084,141.48048218903497
EK202310105260,149.22599282490455
EK202310165433,149.80311268710528
EK202310140038,156.71758742238273
EK202310107453,138.2426996834263
EK202310221064,139.0996600426384
EK202310120243,154.08229730767624
EK202310184845,160.66367998832231
EK202310176066,138.43360433099306
EK202310227077,137.89469949386822
EK202310144370,143.72829682883122
EK202310162124,125.75857440979604
EK202310110699,156.34736210770967
EK202310153084,144.24737645190052
EK202310160786,142.87653389751233
EK202310242308,147.2799024297533
EK202310194163,137.78843718476773
EK202310105869,147.8052076932796
EK202310214672,151.05210125401456
EK202310145840,150.47058672152022
EK202310178975,148.23742517899476
EK202310189351,183.84381537736152
EK202310180495,141.35287903757313
EK202310202435,143.41049526929473
EK202310111129,143.45576642844625
EK202310157646,149.4611985497878
EK202310227821,125.60720749066145
EK202310142018,125.07504358863248
EK202310176861,168.0712942810401
EK202310228822,131.5874322376403
EK202310142217,164.95741538317034
EK202310237859,151.62185286463713
EK202310146830,128.81499185588848
EK202310152183,163.87571859093438
EK202310179889,143.33419054351535
EK202310217535,172.75567444685197
EK202310111073,144.3944859961959
EK202310228103,152.53972121473328
EK202310171811,156.02354426993756
EK202310224290,147.40254965996914
EK202310108057,143.50283764784115
EK202310240225,168.79121524012265
EK202310240301,148.37362964375384
EK202310126961,126.84739993210128
EK202310235847,152.43531818008594
EK202310107011,148.9413798060639
EK202310185554,151.20823648599722
EK202310224213,126.70127254192424
EK202310132189,119.2780059909293
EK202310193327,182.78622493976198
EK202310230501,136.29461868669452
EK202310130145,158.0440889052149
EK202310188675,152.90439050037966
EK202310155036,119.97645701836086
EK202310177355,164.7858398798278
EK202310139948,129.86605647380924
EK202310119442,133.25284636877717
EK202310133620,130.9103300650346
EK202310202179,163.83793588929058
EK202310217546,135.13009112567164
EK202310182683,139.3422821972942
EK202310184843,145.4225494637496
EK202310108718,146.2081710164041
EK202310159849,158.6358456869935
EK202310004889,134.22152487827347
EK202320006575,172.8546641685054
EK202310209060,168.9517971554415
EK202310104959,135.63470457943316
EK202310182681,132.48259409764938
EK202310145101,135.92955732862066
EK202310134497,137.34007948190362
EK202310120585,127.53324736550756
EK202310198684,145.8644098959647
EK202310109466,139.07173629521787
EK202310106981,134.49613107870076
EK202310004230,126.30949137422004
EK202310173364,124.41085417645492
EK202310164220,136.8857926168159
EK202310207890,132.4871244799074
EK202310134470,144.85097042093827
EK202310124056,131.46944282667815
EK202310185859,127.57557166932135
EK202310160054,138.37380766737857
EK202310246219,164.82656158872777
EK202310196525,140.38446938936366
EK202310193933,150.48518508396685
EK202310144345,127.4461676295898
EK202310004466,166.74721606527433
EK202310168682,165.0480481757931
EK202310231230,122.5727796844884
EK202310206143,120.76476780145757
EK202310120180,143.63458936008197
EK202310208027,137.0991540385599
EK202310211315,130.89651342856658
EK202310176576,148.12131721644968
EK202310174969,141.04567321891065
EK202310210179,134.25332018983568
EK202310217528,139.5129785961566
EK202310238600,133.79300844365721
EK202310236054,131.40743181799812
EK202310137936,145.46431575384338
EK202310222493,133.4498787985604
EK202310171713,139.50427187540487
EK202310171703,123.27075781149277
EK202310132101,155.79523650065292
EK202310136177,126.77643752630966
EK202310222204,139.54796195794017
EK202310198438,147.46520189760218
EK202310198847,144.2390351372473
EK202310212204,126.88816763721688
EK202310158611,139.86930472080962
EK202310214429,135.21870437065576
EK202310197505,139.8954348678457
EK202310155317,165.3878253363553
EK202310103873,140.8889193232274
EK202310203439,138.13575858509077
EK202310205578,167.29956900730014
EK202310114493,132.4995228478468
EK202310192330,134.2917271439404
EK202310150257,129.2413110850114
EK202310212345,139.31606310407636
EK202310166764,154.4050877573783
EK202310173381,121.41399678896349
EK202310129246,138.82406484278283
EK202310198977,178.27923432910453
EK202310111435,150.4571194139259
EK202310210569,147.0762068730378
EK202310216496,151.92685729419986
EK202310159176,138.8246458596551
EK202310205779,142.37608180807783
EK202310160097,168.19923797288573
EK202310144776,126.60648621579644
EK202310232327,140.28052912679206
EK202310177826,169.70629667872666
EK202310232783,130.69948851577684
EK202310247658,128.46236494848864
EK202310192257,147.7605759351836
EK202310105522,150.4750378249065
EK202310110676,127.31788141319619
EK202310175277,141.87957814993337
EK202310222480,133.0183700583802
EK202310244692,149.3666381754816
EK202310238299,154.75070572430985
EK202310196847,147.00662035853705
EK202310219030,127.27506688205305
EK202310003531,132.53925849741685
EK202310216422,143.52790904004834
EK202310112977,150.9647539961546
EK202310184951,163.16095282129413
EK202310195157,157.58916336823603
EK202310107454,152.38319934291286
EK202310139967,116.89516045546081
EK202310150754,129.97850984579011
EK202310136822,138.3721301562581
EK202310219114,128.31185948917312
EK202310200603,166.93186969106029
EK202310141838,134.47662038482727
EK202310148763,147.67727146207383
EK202310234275,149.44584617260392
EK202310219816,140.2249324033892
EK202310105056,135.48885377142355
EK202310164743,146.42750493499545
EK202310132814,143.1792965562901
EK202310188510,137.10329959537276
EK202310190625,150.9049782219492
EK202310133363,139.070126747107
EK202310164850,155.4624669830554
EK202310112766,131.2024131932091
EK202310242743,141.13832852039923
EK202310167944,159.60089431196388
EK202310174056,143.2605749631905
EK202310196467,144.19929841598073
EK202310112347,144.6270607639066
EK202310183616,139.1079001467137
EK202310169352,176.76044145460847
EK202310209027,160.2035012521225
EK202310223654,151.1575251412154
EK202310118853,136.55404073929338
EK202310161978,162.86446949123697
EK202310226345,149.7622838895754
EK202310229817,135.6188482157159
EK202310163424,116.76878789138092
EK202310230830,146.3694878518928
EK202310181485,150.06787245148638
EK202310173117,148.804701670764
EK202310191342,143.59704976518185
EK202310205302,158.33178229259414
EK202310122843,130.97196244187492
EK202310201365,139.09928109229787
EK202310164039,141.04551136576157
EK202310176835,142.27974304643615
EK202310240788,120.76960879204208
EK202310112640,135.8856413107011
EK202310181638,131.7587689800558
EK202310233877,127.00034814275814
EK202310107169,138.8461140654712
EK202310178789,160.22816150176368
EK202310152645,139.6384018233864
EK202310139143,153.27705685556558
EK202310185606,130.5512443347144
EK202310236253,127.52878460014954
EK202310188369,136.70582258835964
EK202310138500,159.66137734188402
EK202310231971,140.77121144817744
EK202310194339,118.60963922537817
EK202310175771,158.0164902520909
EK202310109100,170.0994947734075
EK202310196714,142.0839587121106
EK202310135780,134.74466200149496
EK202310177286,152.13981671400353
EK202310162248,153.87392906717332
EK202310113556,148.7487896551377
EK202310225632,149.30115903368863
EK202310247856,136.12913551924157
EK202310178852,136.73337117419644
EK202310163577,138.53501545315953
EK202310151357,128.32783168037113
EK202310111121,141.89251129349364
EK202310181600,155.80335507613083
EK202310194358,147.6805623446602
EK202310202153,179.94706742559535
EK202310105466,113.76570684296178
EK202310216384,131.45672515318793
EK202310153150,150.97897778154424
EK202310230780,145.7171672412474
EK202310248548,121.54906952975611
EK202310121252,142.95133092422245
EK202310201045,141.1966938957358
EK202310208942,157.4706055561956
EK202310173243,151.40068075939615
EK202310183907,156.02458112829063
EK202310152258,140.18309540947976
EK202310151886,131.60621058905494
EK202310124883,139.2742278384184
EK202310206942,163.53858352069366
EK202310186343,136.6814407652671
EK202310199252,145.06146113846245
EK202310153785,140.45776389181336
EK202310119274,141.0972028188247
EK202310229019,130.8087024546578
EK202310003459,148.09084067659472
EK202310215837,133.6990020187926
EK202310104012,157.30892271098375
EK202310226825,167.6766113038342
EK202310112000,131.4253027838123
EK202310228139,123.36762654186693
EK202310195964,151.57696096664029
EK202310196447,142.93801690517859
EK202310133431,142.10680972692282
EK202310148207,140.61775717109242
EK202310208262,150.59594881918505
EK202310234548,130.4100614031318
EK202310110644,181.13534884496863
EK202310112284,153.1612707214023
EK202310185528,156.80990926028977
EK202310120181,130.65881337751625
EK202310155062,127.2857451416671
EK202310141339,136.85589827375478
EK202320007364,143.4504633525927
EK202310153420,123.34740118039815
EK202310168023,149.13430064768238
EK202310136980,172.05667395746883
EK202310109577,146.1034845262012
EK202310242836,147.70698534284156
EK202310245264,150.20982685854105
EK202310156259,142.5668551468347
EK202310190170,134.07252975636038
EK202310248085,130.15508688802697
EK202310236610,129.8736411015579
EK202310127984,114.97403069318
EK202310151526,175.14175217951285
EK202310183833,126.98248859801879
EK202310181035,121.2621735282221
EK202310209277,128.6776169724573
EK202310208187,145.13237155386042
EK202310113331,132.51997275372736
EK202310130050,158.7399659106923
EK202310210098,166.17936830997422
EK202310131769,150.79333839236074
EK202310182943,161.9461702522506
EK202310245900,136.05372356074545
EK202310112562,155.93279165818976
EK202310112368,139.36855831723636
EK202310153158,143.7266017132385
EK202310246187,155.34286850586844
EK202310158259,192.23355974997386
EK202310191908,169.0961324356264
EK202310229177,114.1417390412021
EK202310173976,124.54323264511352
EK202310235029,135.8002576980358
EK202310160651,146.83088942446108
EK202310104176,141.61667191262163
EK202310163031,153.37348544290128
EK202310189284,173.59184041747932
EK202310203767,127.26371391488198
EK202310153903,127.57270496009482
EK202310163959,132.61890950100326
EK202310175696,146.01706636943376
EK202310196551,144.68027759608376
EK202310130357,127.41570705312611
EK202310227070,166.32064753589648
EK202310223980,152.3822519386125
EK202320005716,156.96960421038858
EK202310191016,146.20186628987952
EK202310159308,162.2532500144663
EK202310157506,131.49463723182382
EK202310205339,137.53057778080304
EK202310173591,159.86579304121955
EK202310212415,132.84831681015433
EK202310152400,119.37814610487322
EK202310116809,141.26387480469012
EK202310223921,169.73297230911032
EK202310136881,129.28923709490928
EK202310197683,162.40570498864997
EK202310119242,145.07469714521392
EK202310156431,139.6286133270146
EK202310142993,153.967913042356
EK202310190357,127.7457912162977
EK202310138818,145.33549571465403
EK202310180708,124.86676128948861
EK202310171205,158.48153520104492
EK202310205536,144.8098474793182
EK202310178501,146.16068749311276
EK202310114516,152.36763925152366
EK202310217959,124.87242272210189
EK202310197130,131.52782817018186
EK202310175335,162.04583215290796
EK202310106557,155.7983854504086
EK202310228468,136.69107473933397
EK202310107166,139.42756275593
EK202310187850,161.03851941137614
EK202310231655,130.3731762096319
EK202320005951,152.01439024414054
EK202310110395,103.94414671546058
EK202310229554,164.01225534273945
EK202310129150,139.39725524237002
EK202310245507,143.237140103132
EK202310165967,146.52889846774883
EK202310139144,128.7193815221282
EK202310205378,147.28977936606935
EK202310118211,131.32148092328447
EK202310117975,136.15377504331914
EK202310246423,125.15797216947816
EK202310224264,139.76128532803372
EK202310157523,135.03831783769678
EK202310136806,149.94948986754122
EK202310209414,144.51301521166656
EK202310105657,142.40232353381387
EK202310227287,138.23705450119178
EK202310143495,154.9970415466625
EK202310104202,128.99622824855018
EK202310132179,143.39327356054105
EK202310192107,148.48814725443447
EK202310201701,147.22541908032207
EK202310204228,130.26060537693743
EK202310204465,163.66039449418847
EK202310220504,156.19851556138582
EK202310190283,141.54394678378813
EK202310220919,152.52292155704757
EK202310136224,141.63335238122178
EK202310229439,125.4565395773171
EK202310201973,138.0179765300959
EK202310233266,150.687896727639
EK202310120402,153.74419181227313
EK202310203268,138.66565102755123
EK202310103759,132.98811661363268
EK202310206364,152.41025457072217
EK202310239486,138.2237332707539
EK202310167126,148.22588658314362
EK202310172738,114.60944845425826
EK202310225872,151.45272896614233
EK202310124187,132.33267628540602
EK202310230657,141.42193074624547
EK202310219193,115.5089863041329
EK202310169804,161.87226904603284
EK202310214791,151.01418266285089
EK202310130499,147.23483572149325
EK202310125258,140.55286317508953
EK202310217221,128.24675312286593
EK202310244345,152.01252248242417
EK202310130692,124.29725930089923
EK202310225290,169.65175342762996
EK202310202584,155.7677534289911
EK202310165777,131.97615335772022
EK202310173066,153.07369425601885
EK202310142994,161.52852893317964
EK202310146665,140.1570166995533
EK202310213439,130.1851414433959
EK202310239350,148.22977701119805
EK202310187146,156.94705366413928
EK202310141831,157.50837930349383
EK202310181405,155.45325825957804
EK202310218983,142.4857071182194
EK202310224271,156.8802211023246
EK202310141723,145.41692014575648
EK202310191900,147.47367826573725
EK202310179485,153.88515637157363
EK202310162868,142.51983405195136
EK202310182366,126.56686458510075
EK202310148108,135.54886821677735
EK202310160133,164.9247037053908
EK202310166838,161.33105677346907
EK202310209189,129.45164985155725
EK202310135477,156.93445283869312
EK202310136211,130.72076725985954
EK202310211907,154.07083275323055
EK202310204224,137.3006971981352
EK202310003420,117.6791617271045
EK202310111245,147.03545717453463
EK202310155528,120.53858615246872
EK202310116420,164.47828701009448
EK202310163647,121.6474591434898
EK202310004316,136.48023981177877
EK202310136565,138.69766226683058
EK202310242785,135.89988172749858
EK202310142669,137.8510139143222
EK202310113336,124.41250172726494
EK202310147196,145.0586145373183
EK202310198324,171.92725109738544
EK202310143104,166.53504147525612
EK202310112994,143.37654282513577
EK202310175359,161.36632943358507
EK202310185406,158.87306078694394
EK202310179778,146.2310899390872
EK202310112667,139.7478214412494
EK202310194252,126.65269857610465
EK202310147035,134.76317345629428
EK202310111219,167.01498258196781
EK202310214524,143.80821405748853
EK202310232716,146.45179138892655
EK202310105019,133.92194074457439
EK202310234559,139.42106977973083
EK202310173427,163.70217181269015
EK202310195378,142.5947977590862
EK202310134112,130.31276519692545
EK202310181301,133.40466818518323
EK202310214980,150.62552641490865
EK202310238261,138.27337553875637
EK202310130718,129.87783364576157
EK202310147373,131.8220567566054
EK202310168667,149.79696633000242
EK202310225226,160.09763653161642
EK202310118349,140.14109587350612
EK202310157718,145.24387010605489
EK202310187448,163.16696499056272
EK202310181860,140.46344073094753
EK202310236193,159.69819225794998
EK202310152103,158.40800957017518
EK202310136089,166.25834997676802
EK202310238835,149.69855441033815
EK202310142264,141.00726300445106
EK202310198539,156.21052394670505
EK202310190468,146.87601198148275
EK202320006389,142.91999538378744
EK202310148444,142.95504531916515
EK202310149959,158.22898630890046
EK202310228555,132.54036080201806
EK202310105501,135.657774925711
EK202310119203,145.014246872513
EK202310232306,142.25981805584476
EK202310182557,140.59665042385026
EK202310213342,134.131513118853
EK202310167646,175.9338809899844
EK202310195462,149.05925326886148
EK202310171718,143.6486798683092
EK202310150737,130.22096217213968
EK202310207739,155.62044221189964
EK202310121660,125.76167641152082
EK202310205678,145.3381779604494
EK202310242815,105.8458650937338
EK202310193926,128.03839377746152
EK202310169215,150.4240780452302
EK202310121914,129.7744220324608
EK202310146443,137.23260324663931
EK202310186043,160.0533789616772
EK202310242764,143.46321918840158
EK202310125734,118.68179816925237
EK202310188093,121.05201097880665
EK202310247744,167.49482476249773
EK202310183732,166.97301542469305
EK202310120950,133.61383722065537
EK202310160943,160.80249925573182
EK202310223077,135.87503918779123
EK202310113322,136.84757548019684
EK202310171016,170.15513750746408
EK202310118992,155.2723872440955
EK202310210813,123.57469260017776
EK202310119393,142.83650562729534
EK202310165072,142.70995221285344
EK202310130476,153.04805199017295
EK202310176158,138.93069419923478
EK202310235070,147.86296351023424
EK202310108800,129.68836132649608
EK202310213698,122.67745850274436
EK202310211960,119.87048857989963
EK202310115107,132.9873805854748
EK202310154887,149.5825586721541
EK202310125964,146.2744653852592
EK202310197631,157.82274210791135
EK202310152495,152.04311519529952
EK202310138965,144.43562947049946
EK202310229751,127.63208584022514
EK202310243042,144.41581148602017
EK202310104932,142.85875157347616
EK202310196593,166.44049006739732
EK202310166871,135.7387963187356
EK202310148398,143.29387888629444
EK202310209486,133.2773036235502
EK202310136632,128.97692751522897
EK202310189646,157.17223108687472
EK202310225870,152.71948649938437
EK202310161755,136.66087278375045
EK202310228917,138.6593653598536
EK202310148074,147.93591169999394
EK202310127137,158.23176004724718
EK202310189248,134.24419687556855
EK202310125103,138.78614064857584
EK202310191210,120.56525499560985
EK202310218240,144.69076143441936
EK202310237275,116.10917168940288
EK202310162417,165.31963288633014
EK202320007302,148.8879888092015
EK202310198514,124.66118336581677
EK202310156654,168.04903583765662
EK202310171571,168.86830620501075
EK202310177305,150.23963536919229
EK202310246747,150.8469943180845
EK202310202758,175.3560984001561
EK202310106134,124.08505355344964
EK202310004263,155.10938619772872
EK202310167253,138.3448109158575
EK202310154950,137.0012662974153
EK202310104343,151.91927104003176
EK202310162981,156.24165660507512
EK202310170399,133.72592531181803
EK202310157462,138.37313042232074
EK202310222137,152.1933753371987
EK202320007745,160.51932077943144
EK202310220891,130.3743113041441
EK202310197465,149.09637062551093
EK202310169484,141.2078716490739
EK202310206857,135.26422361367915
EK202310246430,122.42479192713496
EK202310116674,135.96955083280776
EK202310143852,146.41529827169472
EK202310181630,143.19980928854878
EK202310208946,153.8882320185654
EK202310108868,150.3341931740987
EK202310175588,143.7832314547163
EK202310159547,125.66022701248495
EK202310188294,139.30775798644743
EK202310180437,161.55637318050898
EK202310212936,145.40783824390047
EK202310130231,159.874568209796
EK202310127231,148.4878226319799
EK202310189985,150.5100688674304
EK202310116510,143.92291366064111
EK202310207462,157.39949908101377
EK202310218692,137.04802543338076
EK202310227138,132.65621199934563
EK202310209607,146.06831683454368
EK202310119774,131.25910650967023
EK202310244607,148.84173465130922
EK202310113466,150.22380179382947
EK202310117710,123.9820064404669
EK202310175467,157.23149279703145
EK202310137952,149.1431905449422
EK202310235796,149.0877736062503
EK202310248336,147.61285099555792
EK202310185289,157.024086584926
EK202310149146,139.46449321960802
EK202310129791,177.29859434800906
EK202310122547,147.81735018769032
EK202310131673,144.28104088281592
EK202310218477,169.28598969570533
EK202310158788,173.53634622869808
EK202310243244,153.20616337229157
EK202310137064,147.31904297906848
EK202310178386,151.19761932769222
EK202310159003,140.17950919655186
EK202310127413,154.40986084933672
EK202310194146,158.32610378344117
EK202310232087,152.73073726744644
EK202310143601,146.9736651594285
EK202310127915,138.5042178672666
EK202310148535,131.0847842743814
EK202310127692,146.64340363346682
EK202310134785,139.1463716170656
EK202310196646,143.22866217550364
EK202310003600,127.75681639388397
EK202310246935,164.4485202957843
EK202310239761,148.22560602843328
EK202310216852,123.94177194122172
EK202310220984,137.79973435292302
EK202310144095,132.98537736016047
EK202310152597,164.6510775177748
EK202310168343,143.40163491206945
EK202310137883,137.80840479946568
EK202310193368,125.74462637603814
EK202310127993,154.21377726650474
EK202310141466,146.70816154994105
EK202310124906,151.39018741432724
EK202310121318,136.56116965498467
EK202310214552,166.55766155967842
EK202310242972,144.30233521662302
EK202310169356,187.62803435012074
EK202310141331,142.10818595495508
EK202310148511,180.56261472398614
EK202320006765,176.81956143660693
EK202310131274,127.18227999608706
EK202310126970,133.0869371909982
EK202310167321,141.53997920122612
EK202310215589,136.4917167175593
EK202320006107,152.09363255555468
EK202310147086,155.61041284204975
EK202310233859,152.69678397917198
EK202310141954,146.19102672304444
EK202310234852,132.92202468718693
EK202310136328,137.4013029831158
EK202310133047,132.2061443154334
EK202310136399,137.29458181145316
EK202310207760,135.9483623010166
EK202310139278,147.2081020155324
EK202310125356,128.21834269410164
EK202310146350,142.04923500310417
EK202310177090,138.57424568865315
EK202310138005,136.3561054345204
EK202310137985,145.1494459184364
EK202320005567,154.79824395300324
EK202310197087,137.20302178830602
EK202310157990,153.09655397878348
EK202310176214,153.1067447710904
EK202310128811,127.84661451821752
EK202310120029,130.1486480690966
EK202310144471,122.47548240010643
EK202310188230,141.1024646721587
EK202310154178,135.62823909305035
EK202310157814,134.81586650965014
EK202310130684,132.02491891789208
EK202310140639,121.37008289699244
EK202310233784,137.1048133293268
EK202310177044,151.27692054017018
EK202310204770,151.2981078364926
EK202310143193,138.43129015337414
EK202310229063,152.73382135527768
EK202310142428,144.2446294560181
EK202310142101,154.54007266438742
EK202310199185,135.38977845836624
EK202310122048,129.64234963486123
EK202310189594,155.86017740033483
EK202310105475,136.9413199780334
EK202310181985,139.4727257801309
EK202310111833,136.8328677472795
EK202310164318,115.95497522317194
EK202310170916,139.6116997131378
EK202310158358,175.81954178720002
EK202310106802,127.33255422274601
EK202310158510,138.34868739633654
EK202310212527,135.8796936850546
EK202310109926,154.43397338371625
EK202310114932,168.67419048127053
EK202310223038,133.58764065211034
EK202310193126,154.29339895275842
EK202310246777,143.86851973039595
EK202310189632,160.61958515674112
EK202310240945,140.47141693650784
EK202310239693,147.07566223414312
EK202310216494,151.46363338639452
EK202310183749,161.4409567272396
EK202310141275,134.67777313805726
EK202310131036,126.04583083613556
EK202310113828,166.90066421164656
EK202310207144,119.28105023126105
EK202310190451,123.46818237742012
EK202310229761,123.43270476609436
EK202320006392,154.2874739731847
EK202310227082,145.35469482093714
EK202310211827,135.85056287353183
EK202310235192,142.1738990594762
EK202310198132,152.54867887955612
EK202310189905,165.83753798496113
EK202310193570,146.9701718675791
EK202310137822,134.32639772133172
EK202310206557,136.39572699901024
EK202310127272,153.00209909359756
EK202310195399,136.94637062108802
EK202310116174,165.21450008984218
EK202310112198,146.53738535209789
EK202310163418,143.4242248114588
EK202310003339,151.05025358166938
EK202310145884,133.08262721324593
EK202310210819,130.13024312474295
EK202310188596,136.5565359445339
EK202310227740,121.72201320274475
EK202310171332,162.39299063386943
EK202310107268,142.02256457120743
EK202310232122,132.38229065767646
EK202310145739,172.70486573626948
EK202310240638,123.70928363630244
EK202310174884,158.8647840638806
EK202310213193,133.80009074668652
EK202310218429,135.3282771560474
EK202310225216,122.76463490484268
EK202310235813,138.96595887548943
EK202310223825,147.4511218492454
EK202310165260,148.99581208476604
EK202310136218,150.88342630049448
EK202310138301,140.5641691078938
EK202310217412,148.28010479623293
EK202310224143,146.14075434997505
EK202310155730,147.9980349409856
EK202310246010,126.3491305156332
EK202310111437,165.43927778059285
EK202310162583,156.98540060077858
EK202310126440,130.56271639762238
EK202310104619,133.46169637980384
EK202310172843,147.67772516235925
EK202310147555,176.1702917704855
EK202310161054,166.99627821730775
EK202310209188,155.1301627640525
EK202310144583,131.732554369608
EK202310113571,157.6481141511236
EK202310236906,130.20514382329682
EK202310236614,140.85498391460362
EK202310153224,154.90750538937593
EK202310139052,156.22448831199404
EK202310238192,132.45860811745717
EK202310233466,126.70505343615577
EK202310215038,152.74811450456323
EK202310179617,147.65940065205322
EK202310159717,128.15643372647583
EK202310152017,149.66248029104167
EK202310190439,138.2951417681572
EK202310193413,159.05410850236592
EK202310160170,170.1780624954495
EK202310123300,122.5681623070463
EK202310204445,141.70925751906105
EK202310214835,135.42634815525145
EK202310220520,149.43316928708353
EK202310003433,140.91688952405485
EK202310159797,136.4884885057328
EK202310139535,171.01665630607522
EK202310118986,149.7469190231877
EK202310131290,129.6024879649051
EK202310145211,130.94067355406287
EK202310124121,133.45170695125557
EK202310164013,136.4446761643946
EK202310158539,170.4840729045909
EK202310157029,139.56750204808893
EK202310205071,163.29124609269454
EK202310237265,168.1678454300674
EK202310121334,166.82827358686558
EK202310169722,155.64861733677498
EK202310227972,144.45530131434643
EK202310148017,165.27978767690206
EK202310201744,147.24712958241088
EK202310178777,157.51947216560546
EK202310158599,161.20791999176703
EK202310223823,150.3869060731239
EK202310244269,146.50105398021464
EK202310145223,147.55049643062569
EK202310183001,133.34967335673196
EK202310144652,131.12056846274075
EK202310149925,149.60909427877866
EK202310232433,136.5689173684514
EK202310170505,144.6435274197717
EK202310213173,137.4356773280849
EK202310140978,147.42969879522664
EK202310003838,167.7050050510295
EK202310197038,142.81688632482036
EK202310144172,152.36246514788036
EK202310107554,158.981708725854
EK202310145215,139.41269849301702
EK202310178423,134.58836443704337
EK202310135509,154.00702357814703
EK202310114244,137.29497957619404
EK202310143184,135.8961924907627
EK202310141247,130.5156394905415
EK202310202303,141.88373805897143
EK202310111325,139.45464778914254
EK202310167906,157.27646757608824
EK202310105431,138.1866572488908
EK202320005905,183.14115957536262
EK202310127826,157.18489657770883
EK202310104035,141.53600409741227
EK202310213387,124.45624988512147
EK202310109955,126.55507498958937
EK202310218233,142.0274165928419
EK202310115271,124.85936833567055
EK202310206248,141.4327740793958
EK202310158573,154.6350302856284
EK202310183224,156.49060764031748
EK202310231210,119.15322659585914
EK202310118684,135.40401326157158
EK202310242985,136.24306509330825
EK202310136035,145.817441167724
EK202310231734,139.85630301096325
EK202310145163,132.66462555316204
EK202310211871,121.97348570119104
EK202310151737,138.14326642665537
EK202310165550,184.15854212395743
EK202310214955,130.74136139684728
EK202310112312,138.87577928896712
EK202310122742,149.9192268964374
EK202310202487,128.1243898224374
EK202310233089,140.749514827226
EK202310166257,152.9307091011982
EK202310180021,147.0098512848944
EK202310149123,130.29530372251148
EK202310139242,155.57536884515974
EK202310140791,128.61797680734495
EK202310230828,142.65505016323107
EK202310242667,144.97003593652977
EK202310188077,151.67202763990687
EK202310184134,155.51625692696862
EK202310227767,163.85231486569137
EK202310206257,143.36437987399188
EK202310112535,141.57257086788687
EK202310142903,140.80035421073586
EK202310109645,149.02416841987986
EK202310153020,144.56766785776583
EK202310106726,137.14983733370536
EK202310223842,145.43659273548968
EK202310194598,160.64974731269635
EK202310148450,117.13424555056812
EK202310120806,127.28370737177647
EK202310209691,132.9388952971033
EK202310114213,150.52127102326625
EK202310152335,148.96036198038456
EK202310232377,137.09577304886287
EK202310150359,152.03902568328678
EK202310172745,123.4835127223027
EK202310201411,158.23341976621154
EK202310152893,163.5515809181177
EK202310155212,153.6600516039675
EK202310182742,146.6487835725503
EK202310183087,127.6932566747648
EK202310200379,146.28302526117542
EK202310173094,125.57174503827645
EK202310227985,153.6631293134672
EK202310238336,170.25709484125622
EK202310184224,148.2965399553093
EK202310232915,150.48387752874484
EK202310219151,135.0230008518488
EK202310213370,121.37607092984861
EK202310219745,143.158781524481
EK202310138780,147.00947781876442
EK202310203481,152.75075763881284
EK202310174922,149.4120952967062
EK202310233758,136.69416090268035
EK202310153471,133.99150867431862
EK202310151891,160.60068662859157
EK202320005592,145.38986599640984
EK202310105631,135.58147521206183
EK202310176003,153.5854118086234
EK202310181211,142.50889330453316
EK202310144399,143.5292474856783
EK202310240649,124.2352833571575
EK202310145192,150.9667673482808
EK202310206829,146.60140805111655
EK202310110211,134.0661821700683
EK202310234760,136.26552069492314
EK202310114319,145.33218464073465
EK202310135966,132.8685256388445
EK202310183214,154.1939354795496
EK202310163942,168.91934082424254
EK202310219060,126.69968187463864
EK202310192350,136.38825540783557
EK202310130531,141.7513019611487
EK202310163172,128.70090637565846
EK202310240348,136.0467024230094
EK202310198945,151.07555124432213
EK202310004178,117.91158534085665
EK202310199537,153.34106794458555
EK202310152430,145.89383212619953
EK202310200143,144.3662689789728
EK202310190524,153.12482704590474
EK202310116645,138.53545304090719
EK202310193204,156.581565420894
EK202310148808,163.07366049000802
EK202310231781,135.20498420978893
EK202310129095,133.47381028615254
EK202310114613,153.59959510068015
EK202310190518,143.29898545922217
EK202310180509,141.9067676053616
EK202310220514,135.8409084237513
EK202310225336,121.2917057581192
EK202310237750,148.61782666623958
EK202310182363,155.90276411945854
EK202310196291,163.90264077214567
EK202310161270,132.0042313983732
EK202310132154,115.52240489384027
EK202310181652,131.46528250489814
EK202310238306,142.30768029610303
EK202310187861,126.45566408617775
EK202310196524,160.06588062262296
EK202310218151,148.929150385627
EK202310176813,129.83931555147737
EK202310115338,138.45055402330587
EK202320007107,163.14910997270945
EK202310190744,148.16811256417628
EK202310242292,157.92985642669254
EK202310133848,146.3451190994338
EK202310173165,144.41642103112812
EK202310201969,110.99585235827954
EK202310194094,170.6090580609291
EK202310192787,145.09940849962396
EK202310107065,131.49831382932302
EK202310247670,177.38576931089725
EK202310200824,157.5584621855741
EK202310157197,131.56330603830867
EK202310192671,131.8294034519817
EK202310189959,171.55405075063922
EK202310242747,142.82539722128766
EK202310221418,121.04130940422694
EK202310178956,130.94492078853466
EK202310162978,150.18860269528184
EK202320006792,136.23335230266107
EK202310119199,137.32053120775734
EK202310229640,137.81526542395284
EK202310136912,132.1579813516886
EK202310193691,157.7220054563369
EK202310141736,126.67779559423042
EK202310159077,158.92322727321385
EK202310199320,137.8597056881671
EK202310205972,129.50593620647695
EK202310155578,140.69588187085952
EK202310115031,146.84993615106623
EK202310143815,140.30788388783384
EK202310133150,157.76773465243744
EK202310133982,136.92257078259775
EK202310216455,155.26172360704155
EK202310206390,158.27958178428295
EK202310204338,154.92038388712842
EK202310115162,135.52993068458088
EK202310117837,124.03853037479857
EK202310211582,137.73859381902642
EK202310119713,146.38875689077085
EK202310136154,148.33770272426543
EK202310222178,125.40011390129065
EK202310143261,140.71722210767282
EK202310122388,146.7483494957378
EK202310125099,138.6678493584659
EK202310172723,126.13554832156653
EK202310226850,135.0210073314035
EK202310111054,143.8881186317837
EK202310187762,149.51804970237035
EK202310213222,138.21546030521515
EK202310105201,158.79470479988697
EK202310173124,156.59318856661193
EK202310180253,132.73674438439346
EK202310248026,177.55441246874466
EK202310177052,139.34375629261774
EK202310171106,163.85743686663744
EK202310136327,140.91608061827588
EK202310208120,133.21911333907303
EK202310004784,139.87790741676952
EK202310164690,145.93561136071187
EK202310214669,155.11081546485124
EK202310131706,151.25667689457114
EK202310104529,131.94713538160548
EK202310118248,143.18481013639536
EK202310137915,139.2598760277661
EK202310247207,162.24721990108878
EK202310185211,152.29879960030178
EK202310121850,120.86493916160927
EK202310128165,149.22538252198638
EK202310123063,130.38127730293556
EK202310219511,122.75439839463812
EK202310242037,149.61414034633725
EK202310180079,140.72697050417887
EK202310193224,165.90385567129402
EK202310191500,126.70612850513753
EK202310116444,125.54660155782975
EK202310130285,144.98313398426077
EK202310108568,127.77942828133013
EK202310136319,132.05696015285102
EK202310224242,146.07477979152915
EK202310227382,131.9785658549527
EK202310202780,140.62056953526937
EK202310137223,153.74152431684513
EK202310230312,128.43248255813722
EK202310234557,139.78147785246165
EK202310189352,180.83931719717282
EK202310226383,130.84834148227932
EK202310141535,144.73373635527886
EK202310184208,134.507700980146
EK202310230152,164.20121267402973
EK202310160390,155.17747627864807
EK202310122632,132.60041960141922
EK202310165838,139.005686675629
EK202310144483,170.24676533376658
EK202310108194,143.37491163529316
EK202310106793,133.50178242055406
EK202310120779,132.8713493561942
EK202310113163,141.1516308328225
EK202310115686,130.68988299940463
EK202310153049,148.28563066206232
EK202310177121,157.50603308549015
EK202310151267,149.73487104947026
EK202310214589,143.17040380302666
EK202310208963,160.27238849388704
EK202310154044,145.47050466676984
EK202310198051,139.6127132142995
EK202310105305,151.76849685606396
EK202310135168,144.60748602821945
EK202310200887,115.3696077559828
EK202310202015,131.79472452852048
EK202310211458,145.01347457762796
EK202310135559,149.94908470628147
EK202310135685,158.76071416549325
EK202310164450,139.11943832983965
EK202310195626,164.70600030050986
EK202310238957,134.74386337043828
EK202310131647,152.7111093298721
EK202310150387,143.6972701622561
EK202310121479,133.05042525032258
EK202310236900,123.1787278105927
EK202310159488,154.10212974912815
EK202310191125,141.34258737488872
EK202310132284,144.73585237043224
EK202310205918,139.06667643034402
EK202310192730,142.37204019173464
EK202310123751,138.80908296199217
EK202310157723,150.6315511522358
EK202310166159,170.2572159663918
EK202310217657,130.03826548649823
EK202310139130,179.3063300048725
EK202310176465,125.24643297336144
EK202310135907,141.42230226137326
EK202310142364,135.81877698855186
EK202310106377,142.55725516157997
EK202310246049,132.37781479115247
EK202310213693,130.6156174267016
EK202310164186,157.47647872431972
EK202310160898,168.8159270188836
EK202310217495,182.93684551511294
EK202310170927,132.53524013037645
EK202310164087,132.1285095156103
EK202310202710,135.95331248747988
EK202310161660,154.29165930908854
EK202310118714,141.10661245290447
EK202310208776,149.61701900129617
EK202310192073,141.06706747032234
EK202310149834,128.41766318625957
EK202310115300,148.84590022645835
EK202310137234,135.69499268340485
EK202310167336,145.35430808940168
EK202310130940,126.6139950905231
EK202310108363,135.55768463946535
EK202310240062,157.51448485732135
EK202310143711,151.2677402278236
EK202310126099,129.62442618911157
EK202310111701,144.87188789874585
EK202310109430,132.4859427418709
EK202310229241,134.98527959873184
EK202310224916,139.79403508877684
EK202310198104,137.499938085458
EK202310146821,137.70879989895676
EK202310149423,155.2455076134935
EK202310189461,174.956858476475
EK202310113093,142.9043483703027
EK202310203899,158.11853947433173
EK202310222972,128.3175799944689
EK202310122045,131.98717237296327
EK202310197655,181.88691629500752
EK202310207370,154.42311490532722
EK202310126718,139.6998752420057
EK202310239768,134.72625367619008
EK202310154953,137.23088362931406
EK202310104866,138.70258940353895
EK202310213299,137.5546642391701
EK202310152880,171.64662905033305
EK202310210510,131.40136092741315
EK202310003355,131.91511696875492
EK202310138578,130.7427294301712
EK202310221979,136.89975636611206
EK202310136372,154.0720072709828
EK202310240726,137.6897069943751
EK202310199316,153.49312134132057
EK202310180477,142.65672946337958
EK202310222146,117.13725955200465
EK202310195135,132.08943651759768
EK202310225124,126.89121580737097
EK202310197588,175.34740623528887
EK202310164715,161.95503037781572
EK202310224547,151.56295837858337
EK202310195634,160.99586086590514
EK202310233272,129.02145873832913
EK202310133354,139.20190916802167
EK202310155274,131.44871134529473
EK202310187381,153.2115530017977
EK202310181622,145.09183649444117
EK202310180891,144.27355049178692
EK202310208781,156.11439257212288
EK202310138532,129.54761532210975
EK202310158039,158.0550667165735
EK202310234759,139.10081839006205
EK202310172371,137.632292471032
EK202310004492,139.62625160111537
EK202310167403,153.58383801556175
EK202310224663,133.36259723675502
EK202310125319,135.48495528160672
EK202310148708,161.66777254669273
EK202310199777,156.76199188406383
EK202310121002,148.40438432805183
EK202310223457,116.5832024187953
EK202310241156,155.05181139372837
EK202310242414,147.5841916579604
EK202310233868,153.40062298303656
EK202310218542,138.4721124798937
EK202310181849,172.63700219625844
EK202310199972,127.57270389944375
EK202310219891,109.17897001342547
EK202310198598,153.70579390957067
EK202310192601,126.29344913440777
EK202310192902,148.3389827215343
EK202310186540,130.19745293524767
EK202310135637,137.49940020321614
EK202310224182,163.48723860830873
EK202310245468,156.72224206898898
EK202310187476,133.89518822345318
EK202310004176,139.4923359897223
EK202310173306,137.99822851873148
EK202310174815,124.62845905898799
EK202310003528,132.11279640550592
EK202310106869,150.6178834396408
EK202310114334,128.1161541061355
EK202310128865,127.29408617379075
EK202310162698,145.2419838919364
EK202310246100,144.97719424235237
EK202310183029,133.10397077329984
EK202310138016,124.90004357332151
EK202310003652,123.10593725813672
EK202310206206,133.57729578234432
EK202310152370,151.8989875849087
EK202310168292,150.64648037753514
EK202310198068,133.9249738786907
EK202310138206,127.69965267830794
EK202310199965,138.29157187890402
EK202310108649,168.042629780041
EK202310120575,119.6299114950748
EK202310124777,122.71215998852605
EK202310165021,134.32115119999105
EK202310183112,148.37256604602504
EK202310105459,132.26961897431408
EK202310134757,135.95726975306692
EK202310103956,124.18485231407723
EK202310222980,158.31283291917688
EK202310199522,162.10089118732662
EK202310224732,134.96242480953114
EK202310192783,140.67914190796202
EK202310194812,183.12765525966662
EK202310236020,137.84225098092844
EK202310108411,152.19800852162012
EK202310106942,139.78616993353927
EK202310110399,143.51195513312643
EK202310203809,125.57177811710348
EK202310126385,132.8382084046671
EK202310130826,136.45212461477072
EK202310143699,180.430640248027
EK202310115466,137.40095798679866
EK202310201041,144.72160576166132
EK202310210566,151.51645222124932
EK202310142263,140.31358117569434
EK202310226772,144.72766744048107
EK202310174000,135.91284291618544
EK202310134341,169.56029901390093
EK202310213426,128.0119743205391
EK202310135863,147.77014827290287
EK202310135242,153.5722593225342
EK202310146997,144.38122275750044
EK202310243667,176.64243978816484
EK202310229674,144.12848396985433
EK202310130805,129.44815159738621
EK202310220574,117.80971656998395
EK202310164649,151.1206511635972
EK202310134408,127.22880124898457
EK202310003474,127.32373608390216
EK202310118263,138.37012113803715
EK202310161867,162.99761198547347
EK202310181365,125.53863615365078
EK202310154801,154.52051799865168
EK202310219520,144.45059299495966
EK202310200310,142.0412276954696
EK202310207883,155.19549865202188
EK202310146716,137.607150055618
EK202310123679,131.60011597420257
EK202310240065,162.64514954289376
EK202310185668,144.30409549345768
EK202310182482,164.12256122684312
EK202310112781,134.01385418770437
EK202310105135,146.0727041681126
EK202310164531,142.35260828824627
EK202310150078,157.8145287122465
EK202310223094,172.84387246822115
EK202310247424,181.46776812155358
EK202310186061,125.473391760197
EK202310173560,134.04010965061224
EK202310190249,150.53345396844918
EK202310160821,146.5762317789026
EK202310188946,139.55694969465299
EK202310149161,139.27592518173483
EK202310122403,129.0239773336402
EK202310195995,158.50569624424952
EK202310176442,127.41521891794983
EK202310146105,148.04752607639705
EK202310212801,155.2214464864334
EK202310227700,142.06661779060832
EK202310180756,136.19750411518746
EK202310140861,132.65770823245145
EK202310207186,153.1987258187875
EK202310225979,135.88916103377255
EK202310171463,143.754146506726
EK202310123630,128.8194172285485
EK202310184360,147.14311679805212
EK202310176661,141.40601329220812
EK202310118436,139.21793101935205
EK202310106839,132.14698197161152
EK202310205589,146.6005228896396
EK202310224665,121.36268380056426
EK202310191707,139.70200852774823
EK202310108998,144.4312309013677
EK202310168084,145.5542224138301
EK202310222339,161.87513287163293
EK202310129697,131.9020992828016
EK202310170459,131.04975629080562
EK202310170867,139.9300088443232
EK202310004814,147.4347663478883
EK202310139330,133.17760937904478
EK202310243947,130.34277224467394
EK202310158812,146.05630386509375
EK202310246467,130.54924167748925
EK202310139605,141.0239581322435
EK202310204546,155.1078140813402
EK202310247739,166.5693743105333
EK202310163645,144.82854016320843
EK202310213374,137.17004609521948
EK202320006854,167.00099416733582
EK202310003821,102.10592101794352
EK202310154988,137.48576067271648
EK202310141484,141.7212858699598
EK202310166793,130.03580790846945
EK202310216066,128.18676781143333
EK202310209262,140.56715248012364
EK202310216292,150.62254138892743
EK202310134069,118.9068235277723
EK202310177735,152.70126142049395
EK202310213634,147.90358835244348
EK202310162478,158.65210707984667
EK202310232091,138.63194609651163
EK202310138848,155.00545881506056
EK202310233671,143.71870836780712
EK202310142473,152.41357538438223
EK202310159684,159.22489096761336
EK202310180111,170.1086964441109
EK202310229192,157.91284895050975
EK202310119588,141.07165294308746
EK202310238495,142.8954915036874
EK202310209893,129.05368490829426
EK202310234545,141.71169611008827
EK202310174703,126.21585705475204
EK202310171373,142.16085672219705
EK202310150301,141.84624511249908
EK202310198468,136.95826242404112
EK202310142834,132.34955208637757
EK202310123180,151.33692854364878
EK202310205955,133.73491018091642
EK202310227181,140.13904747230768
EK202310147163,142.9312989899929
EK202310196863,166.39318350197416
EK202310107077,96.45508308609986
EK202310224123,130.3177292557838
EK202310178723,126.06297813612103
EK202310188726,151.2090371131075
EK202310145842,142.69349624585342
EK202310126848,151.07100208699515
EK202310149653,157.93712887867144
EK202310210321,129.0798628505574
EK202310138754,160.50312821720198
EK202310190404,153.38813004501944
EK202310142661,119.92898021836392
EK202310163611,158.30035788157548
EK202310192118,153.5925599954454
EK202310209339,149.16381281692537
EK202310211087,138.86860486548665
EK202310200565,167.20699937461765
EK202310162171,129.76425559587335
EK202310239766,129.13277505501708
EK202310242115,137.1373866320212
EK202310206840,144.91673308498218
EK202310186840,131.81969625631766
EK202310122626,148.1258569936077
EK202310247532,141.2636582344209
EK202310248321,132.29108957809726
EK202310137335,139.90379826234386
EK202310164720,128.1175821249313
EK202310164776,152.69740485456828
EK202310172694,137.33436816593704
EK202310115208,119.30035597326088
EK202310140400,143.77681222595174
EK202310217155,161.55983415538472
EK202310220114,161.92951551398636
EK202310145630,136.349697766701
EK202310246549,135.37819282723635
EK202310204696,142.74628055717994
EK202310225296,134.71145080767684
EK202310195107,155.11339873460616
EK202320006795,181.1208545316108
EK202310108157,141.56221092981883
EK202310121697,130.24134218812605
EK202310106708,144.41874364808803
EK202310181363,135.05852447559835
EK202310106364,136.22637275775836
EK202310180893,149.72717523247732
EK202310183016,134.89389700398527
EK202310004166,128.29824456502968
EK202310199838,149.84131056878252
EK202310148423,146.75779506523284
EK202310181024,138.75754443285453
EK202310114930,135.34722802214856
EK202310128476,172.2377705158982
EK202310169523,119.2279324999242
EK202310168371,180.9299909233165
EK202310195418,159.36672898333057
EK202310176857,125.47042268378596
EK202310111775,139.98916564766796
EK202310153448,136.58706840089775
EK202310141648,148.34663017072134
EK202320005982,156.90611850681137
EK202310003582,154.5010514344238
EK202310222503,138.64338589495364
EK202310202091,143.91773054422407
EK202310115161,159.79962020931532
EK202320007144,148.97650660694507
EK202310120067,147.76527017833791
EK202310156517,141.4073198530732
EK202310248466,135.12304920863863
EK202310183536,148.17652285110353
EK202310237952,148.22791901529175
EK202310205472,164.49942632081462
EK202310170132,147.5346355756599
EK202310132623,122.13353380786837
EK202310227130,131.65790577817663
EK202310131693,163.4822056480941
EK202310212847,166.0489532156596
EK202310192454,143.88196721196772
EK202310151379,180.77714193644678
EK202310166887,138.7159223092551
EK202310151838,135.25675590026702
EK202310218637,133.66790345549177
EK202320006368,152.48149019275144
EK202310110191,135.79870869656952
EK202310123397,151.30838357380387
EK202310183798,161.15953449014341
EK202310142570,156.97116990498353
EK202310123542,135.63968513393627
EK202310189606,164.34790643498366
EK202310239154,167.53227690486324
EK202310218250,134.20826783863973
EK202310222212,168.70023055100913
EK202310213689,128.68049698984203
EK202310108905,147.59985014314591
EK202310201539,139.14918785044867
EK202310241773,133.19148554786875
EK202310136938,143.73620815943477
EK202310223539,139.79335683698127
EK202310175290,137.26666434953876
EK202310167269,136.97027430765374
EK202310136276,159.11236602959806
EK202310241802,127.63282743559236
EK202310159213,151.15267566857113
EK202310163058,149.79114173597847
EK202310204661,163.4431013523386
EK202310165933,149.17823376084166
EK202310123794,145.09538049862505
EK202310191803,123.37191541585607
EK202310158551,164.8993039543402
EK202310146637,136.58867539790612
EK202310214984,141.45738867237165
EK202310191267,130.7795570204232
EK202320005702,163.5770047676471
EK202310112412,136.12356102625722
EK202310246169,151.84792369840204
EK202310173215,157.70541986971045
EK202310233468,136.06746281241624
EK202310197783,187.131884661803
EK202310151122,134.8034634739057
EK202310248270,137.13474123856759
EK202310238332,140.31396119011217
EK202310194686,137.59794747154228
EK202310205802,129.14287446397887
EK202310205367,145.86895536516167
EK202310119704,143.19038484978472
EK202310149724,150.84374019264925
EK202320007846,159.63005256348492
EK202310108803,145.04974521511718
EK202310004799,142.83030922862017
EK202310198015,172.86077487903353
EK202310179913,133.809318198559
EK202310180275,129.54435293310493
EK202310201100,166.3756117686575
EK202310203139,153.10803508410808
EK202310175999,143.96650940445096
EK202310205556,150.8876963590326
EK202310215029,160.93961950954605
EK202310246170,152.23930934749467
EK202310169135,139.1658347887045
EK202310132991,131.15454964194961
EK202310122441,157.11619122911029
EK202310004600,152.3017683164932
EK202310158154,175.0044146133248
EK202320006789,151.1389801050616
EK202310235205,143.50650461553602
EK202310241817,160.01540505765013
EK202310108496,147.94411863461602
EK202310159875,128.89162847733803
EK202310214914,145.85652339503366
EK202310145239,147.3980620497192
EK202310133595,163.59365767939082
EK202310144564,132.1594493362851
EK202310003645,153.58374980440857
EK202310152554,145.7984035169517
EK202310234203,127.73115172784108
EK202310119736,148.05641226773798
EK202310111683,133.28099921366646
EK202310171365,158.050729228902
EK202310145469,136.63380275388704
EK202310104013,149.880363925851
EK202310162563,171.21555704404267
EK202310234855,117.47721927126034
EK202310165574,177.66485875831705
EK202310128252,122.5965393291256
EK202310230398,137.48037295822712
EK202310197359,168.96365634933798
EK202310184700,155.9577486559346
EK202310139238,143.39754451270784
EK202310189435,178.57336086392613
EK202310229589,124.11982072080586
EK202310238308,139.3542245381235
EK202310119072,142.91963733551867
EK202310106928,125.78684010487382
EK202310248344,151.59957243310325
EK202310171179,163.32472126957416
EK202310247349,147.3190915821529
EK202310246070,137.76295108782676
EK202310003686,137.02597423759622
EK202310113178,139.77024970957658
EK202310228096,154.37868149557073
EK202310186013,120.39253803878171
EK202310106951,141.23604849588565
EK202310177362,171.97565785843946
EK202310158884,125.71255394357715
EK202310138608,160.5583475903908
EK202310143128,175.37451995486697
EK202310247561,139.93059608053414
EK202310204978,129.30131459049568
EK202310105695,127.26601827802557
EK202310108077,130.4530090296051
EK202310222072,123.50150315335955
EK202310140241,128.88665333926974
EK202310175319,158.39791321270025
EK202310122035,140.63763985019733
EK202310106538,149.0780642543786
EK202310178197,147.10021107105857
EK202310169222,141.74300841809955
EK202310216866,141.72039308316005
EK202310189689,155.0589155995846
EK202310228733,124.35120454742078
EK202310201271,150.36061510856288
EK202310119633,137.23706168757548
EK202310138720,132.04800633477174
EK202310108018,134.1302156806041
EK202310222345,131.38008018017075
EK202310210971,136.44374760407064
EK202310239519,140.2853717751616
EK202310111361,138.22832732941475
EK202310115072,151.8833410970999
EK202310152934,172.51999309129866
EK202310201912,158.37054008373858
EK202310213140,142.00661232692585
EK202310123466,129.64440317932105
EK202310212463,139.6839691108181
EK202310237675,165.19223341343624
EK202310161926,146.1357428125727
EK202310145150,126.06882937198458
EK202310185746,127.59237062969048
EK202310177566,149.8382873856118
EK202310244477,148.48102898638174
EK202310206745,163.54045343299936
EK202310174696,149.88425802444615
EK202310218448,133.4108534873558
EK202310131105,151.47269225216263
EK202310202457,122.63809997253051
EK202310107914,152.97046038175455
EK202310177630,140.1779267199845
EK202310167548,144.99750521862595
EK202310153531,127.40274191954256
EK202310119481,147.4544512388737
EK202310233113,131.95015777765255
EK202310200729,144.72928257972987
EK202310107842,152.7418566374582
EK202310145572,160.50234656156485
EK202310141270,138.40991366752695
EK202310180294,146.20885734798492
EK202310211781,127.06428719814208
EK202310130166,152.07498804829655
EK202310168426,142.1911372346558
EK202310238553,139.82090135697246
EK202310216542,155.63162679585247
EK202310188002,156.31424195589844
EK202310210328,139.63258828887666
EK202310125237,131.7999616090646
EK202310248501,113.67616887823513
EK202310178221,150.13027781583577
EK202310108029,154.56366499726144
EK202310111887,139.8954508550648
EK202310185328,156.6894778982501
EK202310104024,154.22915954890237
EK202310136271,137.2749675990632
EK202310204759,175.31220781943736
EK202310223434,129.25718366147856
EK202310195383,149.8093985526433
EK202310140709,124.94685849407719
EK202310195890,166.36578227355346
EK202310208311,154.53022867915143
EK202310154808,110.87809638302511
EK202310125908,129.42966762678597
EK202310128381,138.14236047452033
EK202310126417,137.4795973341204
EK202310155257,143.60029335534895
EK202310180115,168.4143338713008
EK202310134943,150.22638988381766
EK202310146571,137.3635710614555
EK202310151982,161.1200690588149
EK202310185006,137.3677784036451
EK202310141525,139.27042784673426
EK202310122362,153.0640488998187
EK202310131463,128.00378962719026
EK202310112675,135.88540773916947
EK202310214395,153.11522714458732
EK202310117362,130.96870067448117
EK202310195147,149.46087838025778
EK202310221205,136.1149906017585
EK202310108309,139.76442951976566
EK202310117176,153.11448810183285
EK202310197367,170.83902768053667
EK202310167645,146.01412477250727
EK202310216871,167.08501058843999
EK202310246466,127.30631941557508
EK202310174197,135.04995239077198
EK202310133708,161.82877024076805
EK202310214726,153.77077628786634
EK202310235715,140.26091959566935
EK202310144146,134.33904510455437
EK202310232336,133.77711395480782
EK202310126787,127.34454500431332
EK202310147504,141.43295668948292
EK202310205381,132.04973073640016
EK202310121997,152.86844324564228
EK202310212329,138.9027286126261
EK202310112068,160.99689253900482
EK202310136784,128.1985678148843
EK202310120002,122.6533679408092
EK202310226231,135.63067316956597
EK202310167029,146.82044260039925
EK202310232991,135.39138718595586
EK202310141646,160.78478271184855
EK202310217163,154.0426069160322
EK202310147198,140.39644524693767
EK202310228365,127.0243074761277
EK202310194716,138.31199577847815
EK202310199844,136.19841716251022
EK202310168777,135.44035253596363
EK202310192183,139.77102972769816
EK202310109241,149.8661303946664
EK202310222596,139.99020736139423
EK202310126978,137.89856317303298
EK202310152604,133.03632542778064
EK202310122324,134.29588057919074
EK202310112196,142.42183308868084
EK202310145565,159.81015730737118
EK202310207537,145.15284269847368
EK202310198691,177.47923142881515
EK202310193152,176.40904222557995
EK202310131752,154.81228684355813
EK202310201904,169.36396326102437
EK202310244465,127.96507132236965
EK202310233714,143.33012457924218
EK202310153449,138.82914969564612
EK202310217520,129.9360743214061
EK202310113415,132.57872401400013
EK202310172532,155.4938459220611
EK202310211969,141.56199119850288
EK202310199232,144.44901138253928
EK202310218608,132.56871916321816
EK202310122448,121.75507389283251
EK202310184841,142.86562383514269
EK202310130240,155.4153274363422
EK202310210575,131.73705375015086
EK202310175143,137.94625764292027
EK202310121434,136.40836812756856
EK202310172273,134.72818172048716
EK202310175483,148.7499652416102
EK202310197679,150.38054103247998
EK202310155037,116.8552703354583
EK202310171911,165.33208593889532
EK202310191161,120.62509101894662
EK202310244157,154.39598517085568
EK202310189824,148.71652452329496
EK202310149560,140.04384411820897
EK202310179284,115.76265716025485
EK202310203064,149.49799266763452
EK202310185974,145.93252848719263
EK202310225562,159.40326874437724
EK202310153740,133.605904409843
EK202310225206,141.98677564006607
EK202310193780,127.35517836984197
EK202310198553,150.19879375335162
EK202310174477,169.00641125157844
EK202310200421,134.48236637260348
EK202310119138,146.65030771001997
EK202320005816,157.5150199496566
EK202310175740,139.12697110612788
EK202310116505,117.25202158628494
EK202310198911,141.33657379873998
EK202310127697,142.55105626468227
EK202310212650,149.98003933036225
EK202310150100,118.26288480755582
EK202310167937,153.1063176986915
EK202310221941,128.90007951857592
EK202310117495,130.8504251135785
EK202310143529,156.92324518425227
EK202310166968,130.86555104271224
EK202310129968,144.0444871093551
EK202310194131,152.59445763235345
EK202310186960,153.7731700731435
EK202310128028,146.1698360930825
EK202310105027,159.21406501457125
EK202310222774,126.57563482589347
EK202310244918,125.12116964453647
EK202310210086,158.93544160925214
EK202310179813,136.80793488744888
EK202310187059,158.23221831955166
EK202310195516,138.5488747458419
EK202310132170,128.02220575577934
EK202310183880,160.95100348955634
EK202310248278,127.97736472216393
EK202310221792,130.93972381813063
EK202310166778,145.20696004133868
EK202310148365,140.80498584731674
EK202310205442,121.76341114552763
EK202310201815,160.7019496882042
EK202310201915,164.64590487572548
EK202310183293,178.41558121824534
EK202310104337,148.66552075601544
EK202310120714,130.38804452238813
EK202310132745,146.2038083019413
EK202310241556,143.18372441727826
EK202310145559,165.70231969259166
EK202310140527,135.37801449419405
EK202310105180,133.1218487645516
EK202310115505,130.6680368708815
EK202310232969,161.19054495151934
EK202310168606,128.468450256356
EK202310117990,140.7185108594611
EK202310143898,138.37731625903905
EK202310111999,138.76902383451062
EK202310133045,140.25868519331567
EK202310142041,144.88606679398185
EK202310216099,142.80771119228845
EK202310138895,140.94976957031304
EK202310147820,146.06830888005857
EK202310113918,136.20866854672792
EK202310226640,136.1761987180808
EK202310169991,166.3934550594978
EK202310195941,156.80583857225682
EK202310213195,133.3294234031124
EK202310161969,155.92660472077344
EK202310208345,158.3376826633281
EK202310180754,155.6814214670846
EK202310110267,133.29055380779064
EK202310194583,176.66433268307472
EK202320007655,157.0826427335862
EK202310142157,133.12134068189184
EK202310112664,130.09991637904565
EK202310136957,178.0403398008167
EK202310215766,125.2742295135022
EK202310167175,147.32076703298497
EK202310004831,140.7457334286633
EK202310159889,157.00346884222557
EK202310125472,139.74905958929773
EK202310166020,142.777594504233
EK202310240418,141.60957640448459
EK202310156003,149.89640945366548
EK202310188199,143.13594493971743
EK202310213973,154.73801587622046
EK202310233649,137.76163632574116
EK202310124811,130.6453280354659
EK202310216543,136.50230509060654
EK202310121207,130.124233175582
EK202310132104,144.9425293330176
EK202310138805,151.02152075470892
EK202310234030,141.94607298452982
EK202310172808,132.1451662918984
EK202310122536,143.78803663925524
EK202310189381,130.05716970415733
EK202310242706,161.20563820714398
EK202310239058,127.61872598526608
EK202310192990,147.50574499367642
EK202310202471,161.25230923883382
EK202310222312,160.59493623779215
EK202310202945,157.8154793626544
EK202310199092,163.97015813134698
EK202310128375,139.9300362213584
EK202310107473,141.4146727846512
EK202310170279,142.43503461388664
EK202310149133,131.64363949175268
EK202310199648,162.3404939647385
EK202320006719,148.21817050710013
EK202310234669,139.9629773167016
EK202310149973,157.816181665661
EK202310154407,129.23783757335164
EK202310192562,158.57259991211725
EK202310158354,145.79168602383425
EK202310202377,123.58285865729162
EK202310225193,137.46316260725288
EK202310117896,151.15884732169704
EK202310122973,146.4022266907289
EK202310163485,151.37991452405177
EK202310146561,126.33298597249355
EK202310248571,142.5639254013809
EK202310145328,165.14306070634916
EK202310229897,144.52278700592313
EK202310225899,140.41561955571115
EK202310154673,151.85310155312732
EK202310242080,137.03548458637906
EK202310234618,137.55846112176127
EK202310229514,109.66956179864468
EK202310199205,147.91262648854556
EK202310189908,167.43124880933826
EK202310227654,133.92252509319786
EK202310108175,122.06560806926419
EK202310165456,120.19074985110315
EK202310204739,146.96404262866116
EK202310124368,128.58699905854832
EK202310221567,139.37253105873071
EK202310111364,121.81907506257984
EK202310166449,144.73350181358924
EK202310104016,143.23202876955213
EK202310109663,150.22756988950843
EK202310233976,146.73336279740647
EK202310116602,149.83816072891258
EK202310206707,178.0769526687312
EK202310125360,133.14971756297732
EK202310141090,156.10551264629822
EK202310187733,142.92647491370394
EK202310146874,135.57342492170892
EK202310199999,136.49823361237344
EK202310133984,165.5261255070734
EK202310239052,143.15833286338284
EK202310116872,133.15159627811397
EK202310170227,162.03951041410986
EK202320007825,155.22017321884377
EK202310247712,142.88536363028058
EK202310133557,145.3117631379115
EK202310122565,150.89953638295958
EK202310164010,132.05780983462688
EK202310176533,153.93200805254352
EK202310222265,136.51549099860694
EK202310164867,146.01908180963548
EK202310163156,134.28721801783982
EK202310183272,155.93384399173132
EK202310127914,124.78538849457438
EK202310245446,124.1209349810878
EK202310207443,147.32446072823717
EK202310197727,172.5252039584389
EK202310172576,146.59093055168256
EK202310004885,122.25782230637424
EK202310233895,141.29086976815682
EK202310210570,165.35660731234398
EK202310199572,152.20435397911123
EK202310168376,164.92357496915687
EK202310196031,138.4620724416772
EK202310208454,143.59494977209215
EK202310218454,139.33149960592183
EK202310194926,114.37672421914114
EK202310150716,160.15010703527332
EK202310169424,157.3658029513366
EK202310141489,169.3668717312181
EK202310198731,177.5374020046838
EK202310224708,153.67271316816596
EK202310220317,151.1731571985087
EK202310158723,176.2417948575706
EK202310226439,145.9735454174931
EK202310155952,139.98311226779748
EK202310235925,149.25269974945692
EK202310149483,152.11746015550574
EK202310182940,154.88872134148198
EK202310233127,165.77379040892924
EK202310198223,166.67404785793732
EK202310206595,131.8543583218834
EK202310162953,154.94465985545187
EK202310124622,143.52121338287415
EK202310199000,137.46236554521738
EK202310225515,139.89824149595972
EK202310200414,152.01079579531478
EK202310163151,143.99087560211697
EK202310147583,136.2181336326138
EK202310175959,139.5737464417904
EK202310156571,161.2706783995546
EK202310159464,143.669745447141
EK202310133803,144.26816692773141
EK202310143242,164.86025875542262
EK202320007862,137.95161856687838
EK202310137674,136.68709089121467
EK202310158748,150.69477292212144
EK202310134807,141.13211820076617
EK202310232180,127.08758495373549
EK202310115545,144.33678876976566
EK202310106800,135.83789758278758
EK202310164487,141.02683563233748
EK202310189669,165.97441049360478
EK202310183633,137.24430533373715
EK202310160528,146.06239700187385
EK202310157424,142.64304042012168
EK202310175169,148.84211584226676
EK202310230775,132.846587809448
EK202310176300,148.0983604228436
EK202310154141,131.03787474900773
EK202310121636,129.5380167498668
EK202310117991,131.10007879663044
EK202310114748,139.77396527315125
EK202310182305,158.53713927269968
EK202310183422,161.7437815599972
EK202310196576,164.62951127334978
EK202310212365,141.9129747899364
EK202310157851,145.74359213186338
EK202310143833,148.15822400814113
EK202310162493,151.46804346591313
EK202310200657,152.66723159806614
EK202310164870,138.68893982774307
EK202310139418,158.57301459849512
EK202310114290,153.3619293319104
EK202310206834,136.44857990225756
EK202310235641,152.62004578792687
EK202310179682,151.20375158004546
EK202310209582,134.39976839411668
EK202310225738,126.50864550268129
EK202310108381,139.63173047654755
EK202310125569,135.66336672810962
EK202310218417,140.96618117861198
EK202310228389,173.57266224212012
EK202310145963,143.01051797190712
EK202310109134,132.0720286889936
EK202310177470,139.88856488275775
EK202310162374,135.4457749041049
EK202310195949,130.6570526552972
EK202310122797,150.21837540848907
EK202310140758,135.5036842939049
EK202310232602,140.2570683010736
EK202310200151,134.0825053274051
EK202310166863,125.66814944275126
EK202310237243,132.02380197030953
EK202310120027,157.15732807715528
EK202310132524,154.11245852896366
EK202310204016,142.59548254949738
EK202310189020,131.10300295799465
EK202310202009,126.96102979553157
EK202310139108,156.67446603199426
EK202310181804,142.48635550637678
EK202310205040,155.2357859880479
EK202310141451,136.17772776202716
EK202310164866,149.71230094551538
EK202310245490,136.45400126986624
EK202310181489,132.46862685058557
EK202310147345,138.8622325481924
EK202310148300,138.32484192922828
EK202320006124,165.41463244680057
EK202310196622,130.8138586035969
EK202310182658,156.9527387888756
EK202310227451,159.01463761015998
EK202310209633,137.91732472185586
EK202310180045,139.35736461153905
EK202310240543,112.33059469079753
EK202310115142,148.24120099243234
EK202310247768,136.56932199407404
EK202320005662,162.26861647949423
EK202310182225,173.4760390536606
EK202310187393,142.67715942119392
EK202310111676,130.4182990513562
EK202310234672,142.19428057117526
EK202310217174,162.52227710650592
EK202310169712,160.80387195534638
EK202310141144,134.81696298772727
EK202310204110,140.23148573581122
EK202310217308,132.38792726776785
EK202310117170,142.60116268591122
EK202310129087,160.61565278063526
EK202310221591,137.50965134493111
EK202310209271,133.92782388238098
EK202310219363,146.06739076711722
EK202310004090,145.48002116461558
EK202310211544,120.07300456289289
EK202310224956,150.8547051516113
EK202310141398,129.01280401008665
EK202310148915,150.86448285397603
EK202310170219,130.92251315971728
EK202310191982,150.79916901413128
EK202310223575,138.95998118497573
EK202310104511,121.7084180150878
EK202310152387,139.45782403179024
EK202310218082,157.50307327247197
EK202310217177,152.19258791019854
EK202310248357,133.744755773221
EK202310129896,141.33244700269685
EK202310152480,130.49955343151996
EK202310239767,133.03041295075053
EK202310160883,148.44802729481694
EK202310140193,147.47659562204134
EK202310207625,152.23200172334165
EK202310165482,143.19540869818965
EK202310158005,128.4241808492927
EK202310185420,129.73078101809227
EK202310187990,154.9033729442008
EK202310138441,155.3981314791449
EK202310147390,144.289684077128
EK202310158825,128.55747390710303
EK202310183745,165.9165026932501
EK202310148680,151.5961724168976
EK202310129708,155.05236226175916
EK202310190440,131.26481159146613
EK202310157144,185.76928913886414
EK202310113257,131.07910164022613
EK202310141541,142.05829410688725
EK202310190438,139.11732109073463
EK202310243356,144.6046981572717
EK202310183196,160.36365711108562
EK202310196369,147.0353637973281
EK202310144897,110.53266863680777
EK202310144635,145.53287132277265
EK202310237276,130.5686494230348
EK202310196220,147.92586446763286
EK202310202228,147.0332281350105
EK202310123488,114.0778513135588
EK202310105805,153.93029253236227
EK202310142565,153.51901218704148
EK202310218967,123.79211177715993
EK202310120796,138.29721374700762
EK202310231531,117.43007286284073
EK202310199801,129.9064731484649
EK202310134790,135.4675502477503
EK202310203666,151.1289459885805
EK202310226666,139.09000417501477
EK202310232447,129.16956371446614
EK202310135897,142.93623592738103
EK202310168701,141.30969991015112
EK202310237343,138.09727032530694
EK202310154466,167.38385506098447
EK202310136457,130.4498120052515
EK202310121974,147.4368486622447
EK202310134631,150.30604207321682
EK202310213018,142.30591190827917
EK202310194001,135.00631430546892
EK202310136650,155.9981791395145
EK202310111505,140.76419024257092
EK202310209080,164.93617177472188
EK202310152444,147.9265646773865
EK202310121350,124.80133352585653
EK202310240365,148.85255613812242
EK202310159007,176.5641247659307
EK202310127159,145.76596571486346
EK202310226609,125.80813391204133
EK202310161102,180.1682433338821
EK202310103730,134.98608861863005
EK202310111243,133.90766235930235
EK202310156130,141.62372089370686
EK202310178873,135.04787322700898
EK202310176169,138.3613973102035
EK202320005724,180.7329344960553
EK202310150195,142.87582865315522
EK202320005792,159.5919186320645
EK202310117762,129.8029756551467
EK202310234499,134.55866840741413
EK202310176172,160.01530621537955
EK202320007254,147.2700109108475
EK202310128419,162.33110710476186
EK202310117754,142.7647935211736
EK202310222410,141.0632674850239
EK202310132750,129.10124412436002
EK202310195145,153.18493779880433
EK202310221266,132.5206281640285
EK202310156961,150.04908794422755
EK202310105175,154.3280882380455
EK202310167584,138.37226617144483
EK202310119050,143.8679809370455
EK202310127062,140.36805187004998
EK202310192052,123.69391893333393
EK202310118002,138.59742977285748
EK202310108997,125.26915795702442
EK202310160289,136.3802709614589
EK202310245922,136.66944065829358
EK202310116464,130.91779414969068
EK202310192195,146.88182779653192
EK202310237707,131.18177911289055
EK202310145422,145.82124358049023
EK202310245683,136.74531827521156
EK202310121291,121.02708662446926
EK202310209309,154.29733985667437
EK202310104450,153.61052423741384
EK202310123660,119.20473557978919
EK202310186410,134.261499295237
EK202310151555,168.76978593593913
EK202310104952,144.10818372743395
EK202310115719,120.9449856137059
EK202310181542,134.98909891490302
EK202310150013,159.53093050498777
EK202310205849,155.87648701419735
EK202310196534,151.43337297490177
EK202310131464,134.65572104371665
EK202310210210,139.94653082196726
EK202310104249,143.72703597135634
EK202310207772,140.53316998856866
EK202310134829,141.60725910205775
EK202310179456,127.1030882561556
EK202310113484,116.45857351316933
EK202310182484,150.3922926048163
EK202310120445,151.7158364989469
EK202310213478,123.62243507064359
EK202310130129,153.13248479017017
EK202310197510,153.19899889333564
EK202310192959,149.97876432917212
EK202310203760,135.4428450262969
EK202310240021,150.4593877082636
EK202310160111,158.32994245602714
EK202310202544,165.08306177063633
EK202310195908,140.38602202064055
EK202310220917,129.7388360331982
EK202310146833,129.94586378354626
EK202310108791,136.28201476783556
EK202310225259,150.7518758316729
EK202310197958,183.6345576350237
EK202310157062,148.17231827055633
EK202310214170,130.10618294466562
EK202310243954,158.2101741910826
EK202310110033,128.56081644938374
EK202310144804,122.07401182588376
EK202310114117,148.11122261396022
EK202310165416,141.15590029613693
EK202310228479,130.88313590195446
EK202310188134,152.86027923522155
EK202320006372,154.69747790608022
EK202310111226,154.75434057439932
EK202310118404,130.5420262163632
EK202310160695,159.0722293587403
EK202310114408,151.96939538198737
EK202310182288,137.70174916640232
EK202310213633,129.79203624389103
EK202310229313,125.71724735898502
EK202310118665,136.4947033076521
EK202310233785,174.7711935104358
EK202310143238,133.7051840698589
EK202310128242,128.91633870875097
EK202310208336,144.60964930596666
EK202310216912,158.4025508198694
EK202310227300,136.8833190489513
EK202310196434,134.8853755967473
EK202310241940,148.97509124244576
EK202310140334,135.8037169145035
EK202310122524,126.09156560042116
EK202310211571,135.2551578627174
EK202310202080,136.88768356586672
EK202310155180,170.41477980237497
EK202310209752,142.53476233353933
EK202310003753,163.93076525131448
EK202310194332,150.34356179859668
EK202320005885,161.39776238520759
EK202310135026,165.13279482147195
EK202310225630,156.04253184178526
EK202310129248,150.70321259449238
EK202310118004,146.7775131480054
EK202310126344,126.44448919507454
EK202310125666,153.93949061773284
EK202310169951,122.67636764307788
EK202310159424,145.55928691300218
EK202310195617,155.95358218061097
EK202310240165,126.23506591356517
EK202310109583,148.09309477122153
EK202310127484,158.98619581693083
EK202310115422,137.82326587410518
EK202310189217,136.72855970605872
EK202310164467,126.94405033443196
EK202310160239,159.1297613364304
EK202310205148,151.94500165306764
EK202310177198,133.2786053280578
EK202310248326,140.49509652647916
EK202320007611,151.3817116876445
EK202310216806,139.40227730902762
EK202310236444,122.15621060062124
EK202310202895,149.82107216239305
EK202310189069,135.1323028927549
EK202310164095,167.07772842052734
EK202310177139,138.7816295758783
EK202310150069,151.54901815640648
EK202310217651,137.54979330065976
EK202310104531,116.42645493375448
EK202310175593,137.3532086604293
EK202310128801,130.11934699239322
EK202310226079,165.57643938291028
EK202310195896,162.10646410142107
EK202310248307,133.9589459803191
EK202310213215,147.40391335533656
EK202310126761,140.40413730515584
EK202310138077,139.08671433788786
EK202310219983,132.8863407262158
EK202310155585,138.56415028188638
EK202310224738,161.4772107273659
EK202310121398,129.68788150365612
EK202310144202,139.3365851414868
EK202310171260,159.00551091344246
EK202310224405,137.20425968463377
EK202310168192,145.36078739362955
EK202310147878,154.94214404937813
EK202310190896,149.77795452768243
EK202310114382,151.14623660904917
EK202310115319,151.30825115661725
EK202310212295,135.75781927461995
EK202310145014,133.77691931584545
EK202310153112,142.32260639872163
EK202310181859,131.24525897416797
EK202310201638,147.05465663194377
EK202310217948,143.73744865366692
EK202310126418,130.89291356235327
EK202310147842,152.98327488362622
EK202310213180,138.03747692901956
EK202310149555,154.11145935276352
EK202310162559,157.36173096200582
EK202310181969,145.7768777818223
EK202310239453,142.80050866875675
EK202310185897,155.4859233326972
EK202320007785,134.48763767597475
EK202310181407,160.23331960179857
EK202310223290,137.16040416297474
EK202310197319,153.84652310894808
EK202310128098,152.31562792965806
EK202310131498,149.13803538008327
EK202310104275,145.2397093451565
EK202310152898,171.85752268825638
EK202310207617,143.94235017623424
EK202310165239,129.9437716826787
EK202310161435,145.00911262753695
EK202310242971,150.40862400994783
EK202310111598,144.57115667488478
EK202310131958,132.66786196613378
EK202310186311,154.47247242234675
EK202310157046,151.06128559033465
EK202310115828,131.1057623128271
EK202320005888,160.413944705838
EK202310116165,160.09453874395632
EK202310127616,149.16180968730728
EK202310190516,137.66511290716556
EK202310181145,133.5340133885673
EK202310112674,123.946206097099
EK202310108818,155.92026632429253
EK202310137418,137.125687529912
EK202310234306,156.3596102069607
EK202310147271,145.63278473871986
EK202310228137,125.92772500772848
EK202310208396,131.8061628328386
EK202310129360,149.2440921959625
EK202310104685,124.15861986077932
EK202310240248,153.58293607159243
EK202310111851,121.54247274453972
EK202310110232,138.33624771895222
EK202310149631,140.74208423509685
EK202310111987,132.9146428193279
EK202310149812,142.97629139848152
EK202310125394,146.99027953314592
EK202310201038,133.1042213057265
EK202310196950,137.60782907777744
EK202310130689,125.43540067990067
EK202310162831,155.49550713587436
EK202310191124,128.27750253965252
EK202310137249,142.28729034757612
EK202310221302,129.77483023778024
EK202310119496,139.54833182588482
EK202310123089,131.0953580586148
EK202310201023,131.3461609975247
EK202310200056,139.01247460564144
EK202310124074,129.21517389237903
EK202310187451,166.29090459507808
EK202310178204,163.34893192705766
EK202310176034,159.703193559305
EK202310105275,160.4309075815375
EK202310217600,175.63903331978565
EK202310145365,113.48337262222415
EK202310179864,121.90459991330732
EK202310146164,124.33548159683342
EK202310148409,156.73673187777047
EK202310160145,157.41553445619252
EK202310211569,133.37624535505822
EK202310191535,158.71335517857838
EK202310212337,145.36995742113965
EK202310186617,141.07827330981468
EK202310200499,138.23604069041806
EK202310190255,140.32555490076248
EK202310161517,157.10255747722368
EK202310167751,138.83246338692322
EK202310230575,127.66626537600386
EK202310160889,134.36174247708183
EK202310236418,127.39773922027646
EK202310176273,140.05560845205946
EK202310104700,148.64529440578173
EK202310107420,154.63750657181043
EK202310169267,158.87675066988976
EK202310187330,176.04400098865824
EK202310140279,144.10082349849688
EK202310201773,139.67982922861762
EK202310168395,166.03698147500694
EK202310166412,136.04145216737456
EK202310175402,136.48032775678007
EK202310128581,139.05306196172845
EK202310232461,144.69268525869336
EK202310138340,142.75328164685212
EK202310175300,138.04766782538297
EK202310125041,136.17930927949158
EK202310177394,169.0352752036646
EK202310163068,152.19164749809534
EK202310128960,151.57661146885476
EK202310213859,146.5937695851817
EK202310153664,142.1526889369588
EK202310168885,148.49585618945446
EK202310211096,141.15578772000111
EK202310233212,142.25344134439854
EK202310204970,150.8282892872893
EK202310246566,143.4887603265418
EK202310181736,167.9700747359463
EK202310235583,152.29226013944404
EK202310235586,133.86980805709945
EK202310229567,136.61690053117314
EK202310237891,157.83836415840275
EK202310156320,146.30377782188228
EK202310200700,143.44490983655328
EK202310157317,127.54171282879837
EK202310165659,129.40106406252858
EK202310230462,166.91653354625737
EK202310107771,132.69721228913298
EK202310199945,134.34380364172395
EK202310239536,147.4655015378522
EK202310108719,137.2077310375504
EK202310193930,144.0102375817041
EK202310153705,151.98012161565117
EK202310230423,134.9219368451408
EK202310142088,123.10053966146327
EK202310240261,135.9818018769031
EK202310234834,121.53687842456576
EK202310175123,121.2443815052712
EK202310223459,140.31454317114017
EK202310113022,144.91288272750108
EK202310139384,139.54751352126829
EK202310127365,141.89868184505409
EK202310175890,125.4841130927522
EK202310210471,118.14642575366906
EK202310124749,126.65497054109264
EK202310107106,149.10070432697952
EK202310199447,128.83818554018927
EK202310214057,161.05949297826177
EK202310158006,173.09815290786574
EK202310183095,161.24375787038824
EK202310122989,165.78583026078846
EK202310004181,130.87572384085186
EK202310221000,148.70366261306296
EK202310216704,126.32025631829957
EK202310218492,132.03851547290327
EK202310175061,144.8772233926173
EK202310144712,130.8263927968528
EK202310230385,121.31685016176331
EK202310154951,137.20753257905918
EK202310158887,149.04111126509784
EK202310132252,128.7405554297235
EK202310160262,177.70680224972062
EK202310153966,126.64503419958051
EK202310190560,127.18321846481356
EK202310124555,145.98504656322305
EK202310114555,149.37930902364693
EK202310190493,150.00722369756753
EK202310161137,151.4938655742447
EK202310224942,143.9932096518401
EK202310230466,162.04709663363732
EK202310216178,145.22777108378787
EK202310205948,126.247110410671
EK202320006948,156.9185791409412
EK202310224873,118.72006619408742
EK202310231707,129.81488285419897
EK202310198816,147.73382916054112
EK202310239894,132.07493163829827
EK202310212434,137.05719975462844
EK202310242399,140.29425673931974
EK202310126630,150.68385118189235
EK202310212116,137.50639447134074
EK202310116735,148.90535793570746
EK202310142424,140.34224884646397
EK202310126653,131.68524885631888
EK202310130536,138.52564646367173
EK202320007559,167.96517606494132
EK202310244114,132.8217797360289
EK202310194656,142.08752323927172
EK202310228023,133.4837187328697
EK202310184412,139.51892532752925
EK202310138297,155.10613179556057
EK202310233553,141.44834304792846
EK202310222650,130.67852172342577
EK202310148133,154.98310344515625
EK202310124138,147.2704824887116
EK202310210134,127.570214004825
EK202310203676,140.46652672521512
EK202310120898,158.57422328934132
EK202310167341,162.287042974308
EK202310180216,148.42718008309257
EK202310246916,136.74699622367035
EK202310157656,135.9337691382269
EK202310205414,139.55603864625985
EK202310152717,166.05755532864083
EK202310106791,147.4630869236744
EK202310105725,142.6875649105561
EK202310104432,146.13385791875402
EK202310194299,135.417531927808
EK202310153184,140.8285911463355
EK202310240659,158.04450371617142
EK202310219840,142.16541620759378
EK202310153949,137.56665778384001
EK202310132803,150.39857775865124
EK202310146592,142.49811799454574
EK202310172131,134.72522329999174
EK202310121613,126.69485088530497
EK202310167818,147.9686320279556
EK202310200796,153.18495822046776
EK202310116481,133.7132598104881
EK202310114639,149.61722374256468
EK202310212375,126.9703134911256
EK202310235321,142.76488234659766
EK202310222322,139.86937436431631
EK202310110700,119.68129393942512
EK202310189946,173.91137844149873
EK202310162874,146.93404090946203
EK202310130785,120.03883652484677
EK202310242378,141.70333707065268
EK202310241513,129.07072812192268
EK202310160539,150.05200922538037
EK202310222342,132.61623110459246
EK202310138062,137.41521174982663
EK202310231769,135.78796695434508
EK202310158224,133.47637763751027
EK202310224139,148.15211653125357
EK202310216169,136.8462969572363
EK202310139185,130.67227384428713
EK202310110485,138.2792230350894
EK202310239046,139.24759018243608
EK202310138942,138.72360390834072
EK202310169633,138.6963969336417
EK202310109575,159.06847417440338
EK202310200090,163.13640484376418
EK202310163491,147.4885111646448
EK202310148729,144.0938944744952
EK202310140411,156.4075050104891
EK202310243532,139.00936698745014
EK202310125468,135.07486315075178
EK202310221117,139.19051650105195
EK202310232056,147.8509964235452
EK202310210091,168.3197465115187
EK202320006396,141.59729196436118
EK202310142016,112.1366786844226
EK202310235002,136.437405355337
EK202310183074,129.5314663814523
EK202310182233,149.50234812892896
EK202310225556,140.11514352796368
EK202310179915,127.17245690502344
EK202310173349,151.7555963229591
EK202310212842,158.7434652128502
EK202310197784,170.88232660415912
EK202310138785,150.00137074174987
EK202310144444,126.39588235705831
EK202310181562,141.9327270811853
EK202310248524,155.7543159365967
EK202310216425,148.1048062654001
EK202310229912,124.29725449878879
EK202310139002,137.88210347049056
EK202310120982,111.20848394337824
EK202310221837,119.16903103110177
EK202310119947,161.22021767946356
EK202310149071,167.08250505280623
EK202310185898,166.85905869700514
EK202310117197,153.90079213143926
EK202310142908,146.4084038876691
EK202310185756,168.66168296465406
EK202310238913,181.9916523466376
EK202310204574,159.23123694592113
EK202310113564,157.9067233534525
EK202310118542,135.72257034858438
EK202310167688,133.51546191776845
EK202310212185,136.04540962697033
EK202310117088,130.01270673338635
EK202310229808,155.4242993806198
EK202310207582,148.9555918383485
EK202310154912,140.7352217243125
EK202310181168,149.88230313996007
EK202310149374,150.63985664182658
EK202310104396,149.5942975154896
EK202310109994,140.36090157692334
EK202310170860,133.81110517118745
EK202310115815,134.18777460953768
EK202310214779,160.20839118556873
EK202310109121,150.6357069147944
EK202310134158,125.21588777938115
EK202310167627,165.2020244155604
EK202310225236,142.9412075598317
EK202310181807,138.2137582379565
EK202310247389,138.34015962653982
EK202310235579,153.08801454846264
EK202310173291,152.88611984582099
EK202310192355,130.38355608246937
EK202310142541,157.84030990613255
EK202310150510,133.96752302433356
EK202310223761,135.39056294946346
EK202310175574,123.47678819623111
EK202310238511,137.65973430688234
EK202310157509,143.9706782137584
EK202310181989,134.9988375038955
EK202310003618,136.40655969812704
EK202310179471,147.67783473334433
EK202310230763,143.60815129644504
EK202310204971,152.17453247644582
EK202310233557,131.7664858706442
EK202310145292,153.6335343843233
EK202320005880,153.62984821941978
EK202310245241,145.84118448264462
EK202310212493,127.48374933499974
EK202310193001,140.5620816637182
EK202310199238,139.26801822434993
EK202310160941,141.93785333524104
EK202310155028,116.27154549228709
EK202310130868,146.81629132394082
EK202310200440,146.82118957464115
EK202310182060,152.26804435468085
EK202310111816,140.06360069648343
EK202310146969,142.66078566349162
EK202310158404,141.56351021963067
EK202310110705,139.97635818944906
EK202310186759,144.63030174936054
EK202310157536,138.78952629448827
EK202310140019,127.22506762968938
EK202310179351,125.04446617567733
EK202310183791,152.7404089010183
EK202310206480,179.1454142103823
EK202310133811,130.20731355415865
EK202310217540,152.7388411278339
EK202310132032,136.28578854411586
EK202310139504,173.30541186324876
EK202310161554,149.83125365480947
EK202310127921,140.16713570162412
EK202310140328,130.32633632027057
EK202310179259,155.1063675019181
EK202310110275,135.6968464431737
EK202310148522,150.0685716583116
EK202310245827,115.59942307245956
EK202310104601,155.26048841803618
EK202310158718,139.23520298173636
EK202310148204,152.47644352500686
EK202310152034,148.8660094047723
EK202310205880,147.73962735248165
EK202310150725,137.43067249740702
EK202310154400,150.60765097817279
EK202310120186,175.97824934640636
EK202310192712,138.479290512882
EK202310165189,138.99767385534943
EK202310152937,163.47441596721526
EK202310234101,136.18685125384144
EK202310191564,152.13820496023476
EK202310174430,126.45134757316256
EK202310208622,149.00450879103255
EK202310233831,142.35865132937
EK202310136566,137.84013565131724
EK202310146005,136.05981434811642
EK202310221494,139.22156361236136
EK202310239849,132.1625115506445
EK202310176728,155.33592001849624
EK202310106909,130.79004145759498
EK202310208429,138.0436784253826
EK202310174444,151.34471579789576
EK202310242098,142.82857091004746
EK202310175190,136.37273897354447
EK202310177312,144.61009765096102
EK202310229607,141.8748973798176
EK202310121574,130.69324161701815
EK202310187339,129.53211928737974
EK202310227049,158.71852089975522
EK202310135213,123.70234323358369
EK202310128318,140.81317613391226
EK202310108701,141.36022076166998
EK202310114284,149.1482624102469
EK202310108473,144.14723206498036
EK202310160235,146.63072606299002
EK202310120842,113.9853088027791
EK202310142363,127.53495042164893
EK202310163562,144.95871417603905
EK202310192991,139.7283238383907
EK202310203468,152.74716267882735
EK202310188577,144.75307828329295
EK202310240344,119.4479982361176
EK202310113690,156.9419866438007
EK202310213117,145.21555467624503
EK202310222749,142.64377734823975
EK202310004635,126.98333318127303
EK202310141613,142.0700442125856
EK202310108032,153.9038636446539
EK202310233880,146.5802528747515
EK202310205163,158.17344814838407
EK202310104692,125.42780548286044
EK202310237071,112.28168468891683
EK202310111732,135.26598355270707
EK202310137404,134.95392309920425
EK202310146556,135.7045231908235
EK202310111180,166.37021309009512
EK202310190526,144.67448147284946
EK202310119701,144.71842447556205
EK202310182123,148.1893921411095
EK202310187615,169.18381989084668
EK202310201487,144.13504708019775
EK202310144094,119.91578544751921
EK202310116261,146.3281493768542
EK202310142783,131.62876756193822
EK202310192602,154.44054447631783
EK202310167866,147.36584585354746
EK202310145551,170.96013726069603
EK202310117731,135.34934412046226
EK202310125526,138.49961810570252
EK202310128615,123.61713843968292
EK202310180563,134.99538873271496
EK202310139532,128.92653748348255
EK202310224142,133.2755917746454
EK202310233781,173.7524397876836
EK202310157368,140.90887036704157
EK202310203603,136.8050745464902
EK202310180362,164.70184271114482
EK202310198397,152.1437478097264
EK202310124770,115.45123039373931
EK202310223755,129.54418441389467
EK202310106275,126.54391780836923
EK202310205161,141.83309371293404
EK202310139936,132.04279042547887
EK202310205611,148.999032958854
EK202310134137,125.98427176144988
EK202310127542,144.4060702780998
EK202310193128,136.53292429736405
EK202310237157,135.00951715543408
EK202310107674,147.24419645929038
EK202310149217,135.47624984755976
EK202310129309,163.77775053521486
EK202310156886,136.73329908611004
EK202310117116,140.99083884994923
EK202310225911,119.46555647576815
EK202310145676,149.34377022311523
EK202310166738,165.92544178901807
EK202310158541,139.33828943267497
EK202310106511,148.67948879816902
EK202310131343,127.92938264896824
EK202310245992,133.46188316543424
EK202310140003,137.11533094142385
EK202310174342,137.15927881799277
EK202310208385,131.72698818663207
EK202310216439,130.81407849286092
EK202310211004,147.64384143600563
EK202310106760,144.17723872778697
EK202310176087,133.52776281405045
EK202310106317,117.9922150789414
EK202310215460,117.66649106176601
EK202310201661,139.6431009132859
EK202310166937,158.9282036966148
EK202310200307,146.34505788487448
EK202310181766,168.42532500500798
EK202310214069,165.8286641215864
EK202310200177,148.04352458835655
EK202310123321,146.0513716534676
EK202310151256,142.55195925272136
EK202310171945,153.88632091103233
EK202310136311,128.4027292088357
EK202310150029,156.65834617023913
EK202310212078,131.00824946895733
EK202310210902,131.12915784674885
EK202310210594,142.68089283269092
EK202310127288,148.56744981895483
EK202310126517,130.2162780503577
EK202310161234,166.79930470017453
EK202310220266,128.44370738302646
EK202310142494,166.22821440051666
EK202310217357,146.55129387471845
EK202310132692,140.87302963126518
EK202310227115,150.9625996981256
EK202310141700,144.31791953840894
EK202310115959,150.61396314111602
EK202310230099,145.19798437075207
EK202310211438,146.36017993428575
EK202310219042,140.80985245906976
EK202310177531,152.09104788140525
EK202310233521,163.19987812882707
EK202310128329,173.06091865818237
EK202310201328,179.5087933645296
EK202310171078,149.48948758318048
EK202310138130,138.1500796857199
EK202310177993,134.97368243774608
EK202310228196,167.30524164974236
EK202310170822,138.76836107746033
EK202310184514,134.8342223084897
EK202310208895,144.51347468655555
EK202310204293,156.9203749751643
EK202310163755,138.62684337372096
EK202310112893,152.13459632193786
EK202310207633,149.6481108057321
EK202310120935,131.6902450120611
EK202310198348,150.8338872131815
EK202310216671,133.35677545720046
EK202310203558,136.52850776228627
EK202310221470,120.27946018743185
EK202310134114,128.03818008812036
EK202310161904,165.94278399955374
EK202310121193,137.66032583763814
EK202310112380,134.78422018029033
EK202310123715,143.54523483584154
EK202310182522,131.1958855437611
EK202310165246,149.27048928741067
EK202310165109,133.82208250737958
EK202310226207,146.00249568702318
EK202310189166,171.56659830628934
EK202310171824,150.2515453744882
EK202310212508,134.46696327109757
EK202310188289,143.60944326128222
EK202310161253,130.293448430003
EK202310188025,147.1178687935136
EK202310170339,128.68449754767423
EK202310103831,119.75598581703468
EK202310214220,127.58161605017905
EK202310149031,166.48402289569015
EK202310147724,171.25500246368685
EK202310142296,154.5839018233832
EK202310176974,160.65864043459482
EK202310161334,151.0515100591903
EK202310213866,141.92858136418107
EK202310225737,139.0277114221821
EK202310156109,135.24901587999085
EK202310200303,145.3266300702279
EK202310185044,168.0541369103134
EK202320006653,177.34230076688542
EK202310111122,118.70535299454383
EK202310120782,164.05064768653682
EK202310198165,152.84353433643844
EK202310228584,124.63766940353474
EK202310205188,144.07077313745515
EK202310121258,148.8521684913676
EK202310199633,132.48487380235008
EK202310143847,128.32777393055562
EK202310135571,144.56106011115926
EK202310206110,135.32939290274658
EK202310138447,140.32492447290846
EK202310192664,142.1513983520636
EK202310187215,169.2205824458935
EK202310151514,179.08283645220536
EK202310144726,159.30286674606145
EK202310207249,133.5535664112635
EK202310161306,166.27862367852822
EK202310158826,129.85668662224884
EK202310173556,159.9156048756623
EK202310125091,138.25902644453993
EK202310142377,142.65314878481573
EK202310236947,141.35767475630485
EK202310208442,131.22643867110756
EK202310118298,118.2598529456405
EK202310219483,124.37049509513575
EK202310211212,147.26193714680784
EK202310104173,144.76085066480323
EK202310201478,154.61410387744655
EK202310158280,150.10099265637348
EK202310123070,145.09976154227908
EK202310138063,152.28485275181103
EK202310164203,141.61096144440563
EK202310190017,166.67318698322674
EK202310169668,131.6779510100173
EK202310113501,157.82990301702608
EK202310235684,137.82327545137792
EK202310137261,135.59800915663564
EK202310162355,156.58108115504774
EK202310217469,147.55219908468655
EK202310161201,116.2818332134409
EK202310157515,123.5686489058042
EK202310145284,161.83924430870698
EK202310227827,143.3478503141509
EK202310209456,138.9973003607652
EK202310211698,136.269921703343
EK202310194731,140.59071842329612
EK202310248330,141.583736247554
EK202310106105,129.90924368157567
EK202310160743,138.26382264466125
EK202310166605,140.06295976439975
EK202310212995,146.02705061926667
EK202310233144,135.69967552804457
EK202310230980,131.60021119785296
EK202310226067,153.62192448747743
EK202310120976,128.9811795267953
EK202310128266,132.64448820266767
EK202310106331,133.24875280588955
EK202310199325,134.4545146887625
EK202310204088,162.4646802024207
EK202310174720,119.28174788087222
EK202310240940,136.82933188081907
EK202310109263,146.95561415313244
EK202310106322,133.33554049676877
EK202310135599,113.87141292949184
EK202310145520,128.06127411352048
EK202320005632,152.9553419110083
EK202310199819,147.57740723564098
EK202310172008,150.47075907668057
EK202310199276,121.24042343742764
EK202310106548,150.2972370335667
EK202310217167,159.0673509791688
EK202310176173,161.51974665924553
EK202310221378,163.6659189962644
EK202310201211,172.82193175886667
EK202320007715,153.04828316276797
EK202310182662,128.77718929363888
EK202310177694,148.010471646124
EK202310156023,133.25887048426276
EK202310111848,122.30698924398388
EK202310129647,163.29360533234842
EK202310170544,163.65976245244727
EK202310242820,147.0915691863071
EK202310194133,172.2940550661694
EK202310216029,142.95151454936
EK202310107349,126.1379130770863
EK202310208265,150.2168989914694
EK202310229154,142.92627613112057
EK202310107089,136.62346644001025
EK202310112252,154.10067544237077
EK202310148875,158.00743594915195
EK202310119051,144.0479467892186
EK202310147588,133.50805826364981
EK202310113617,149.7286974404155
EK202310147037,144.48138852351383
EK202310238313,119.05770462868159
EK202310192918,136.55209214730112
EK202310155166,126.3587573208669
EK202310177734,161.59961335485218
EK202310125003,142.73399334481775
EK202310204102,140.5813778725329
EK202310127233,147.99069766586447
EK202310154507,166.00467272068528
EK202310208352,147.46600262064226
EK202310123745,148.12748389684438
EK202310147036,154.3333322846915
EK202310110497,105.53657387572567
EK202310246320,155.09413674156266
EK202310138361,138.444211908753
EK202310167217,141.80261732239055
EK202310229839,136.5673954922963
EK202310204873,127.8232230205129
EK202310208025,138.9855594246916
EK202310139865,167.1936136634327
EK202310238834,142.76080987264584
EK202320007032,170.74081114369147
EK202310223956,138.0852299304286
EK202310205152,132.7769327513779
EK202310127859,146.43730931967696
EK202310122230,153.84939815679365
EK202310235039,132.37366682963716
EK202310172181,142.3283368854623
EK202310152472,150.30607182570566
EK202310163385,154.86801651714276
EK202310226473,124.97205796424886
EK202310196206,163.0026089775488
EK202310004942,105.44842745242244
EK202310141871,143.87447802672722
EK202310215986,152.47510158955978
EK202310211462,136.13509053392292
EK202310245537,135.16140228669744
EK202310204491,137.77133758132257
EK202310139744,150.38235156627155
EK202310138719,125.51204419110815
EK202310128437,149.98606584684526
EK202310138286,152.46541464292372
EK202310148950,140.98730416942405
EK202310225042,164.198409371618
EK202310227372,152.12608056624487
EK202310184056,170.34380767976756
EK202310203882,131.5476045426089
EK202310108510,139.20367948301836
EK202310220594,150.88933655647378
EK202310119141,143.94544035744386
EK202310246490,145.154555053227
EK202310143698,156.93429243688752
EK202310126746,146.04792747067427
EK202310233106,158.2691310097741
EK202310108410,151.60389358834453
EK202310186336,157.48730163229976
EK202310231142,127.58946773281261
EK202310126076,151.11109167198157
EK202310205622,148.11331175512822
EK202310220488,137.24192521457354
EK202310120527,153.06478283106821
EK202310220246,132.0200307447942
EK202310161188,141.0030745759748
EK202310155699,147.03335949276396
EK202310189021,130.6987065317999
EK202310236601,128.95038194628927
EK202310164905,134.44300404459557
EK202310128052,135.47725978566783
EK202310126712,168.33991444495558
EK202310239805,158.37458147637943
EK202310224857,129.0236546571074
EK202310173357,148.78864068119753
EK202310127584,148.41489653809447
EK202310229371,140.3992412355408
EK202310110882,141.24127022584807
EK202310160530,148.31615971139107
EK202310116477,128.4951304066234
EK202310118586,102.27117162666832
EK202310172703,133.502770283865
EK202310136123,164.90715934834662
EK202310108114,145.94124033247854
EK202310208296,140.69116894158932
EK202310232508,140.87409844985098
EK202310220252,123.08645208843745
EK202310168728,161.66391161988253
EK202310165440,173.6934216640654
EK202310214684,154.13158886001622
EK202310107697,134.41059462294564
EK202310129545,125.07883921261968
EK202310163236,142.49769700503015
EK202310236802,142.29230656694259
EK202310153242,150.41256805340166
EK202310144615,163.79427064546576
EK202310129912,117.14756090760022
EK202310197325,143.7047934331416
EK202310216540,152.70557976971804
EK202310104778,135.31945412585438
EK202310114062,151.4021038703873
EK202310205213,126.97601179274093
EK202310227892,127.56550006153871
EK202310232305,143.06532360442796
EK202310185667,157.62806398057427
EK202310212219,125.7510022042931
EK202310214315,163.76330908097708
EK202310222807,138.68945302837034
EK202310192829,185.54205052588657
EK202310246736,141.57936744613195
EK202310144859,154.75498061164598
EK202310167652,126.50868448444909
EK202310120246,147.28702436395545
EK202310182888,150.29769351811117
EK202310150758,131.6133571825853
EK202310172256,144.924580324793
EK202310143177,141.82190169066314
EK202310197462,143.8780769598098
EK202310196459,143.3727233799479
EK202310164019,137.17170115758802
EK202310139039,169.78050336604434
EK202310134361,175.76899301234482
EK202310147025,147.09836596208316
EK202310208999,154.85114313616086
EK202310142527,131.4334211652382
EK202310193745,153.99256820783626
EK202310167641,159.5379399097357
EK202310240938,133.96835478733794
EK202310112017,115.63959912572417
EK202310240024,153.32766521542294
EK202310244708,159.69219158041685
EK202310210230,127.72223564655258
EK202310004423,144.36645114633487
EK202310221224,147.58108395169413
EK202310157667,128.53895467187638
EK202310215430,149.6755681929186
EK202310182844,150.52208977670765
EK202310236293,149.63722554089424
EK202310123092,148.6853262786714
EK202310125798,139.9305245223726
EK202310167474,160.24577035350887
EK202310124113,128.17303713609277
EK202310232206,132.15058972583554
EK202310222185,136.9936117221206
EK202310149306,152.45036966701255
EK202310167817,160.27094951139298
EK202310212632,144.0016054778996
EK202310132358,122.97085152148794
EK202310145151,162.12423631787652
EK202310141011,157.7658080426505
EK202310200018,131.6353978527036
EK202310132356,153.77737418004781
EK202310149165,146.0233931648927
EK202310129607,128.42617331898032
EK202310194843,133.982510855663
EK202310190635,138.2314003560237
EK202310207943,145.21967452204748
EK202310164644,149.85788004988484
EK202310241540,131.277320854772
EK202310116312,130.8253962892225
EK202310162974,147.21579196746248
EK202310151341,122.37825163509495
EK202310158724,137.13615321088108
EK202310247924,147.51947216907712
EK202310119010,113.417991254751
EK202310186778,128.69511665017995
EK202310183764,164.54829623807385
EK202310151317,149.09403536066043
EK202310110771,130.2385616007408
EK202310180616,145.19510050345642
EK202310162283,131.93688238263493
EK202310228393,135.88578013378438
EK202310003867,139.842335801055
EK202310162011,157.6711450788712
EK202310192785,157.62345523599322
EK202310205984,151.64792807600068
EK202310191301,144.3760301369466
EK202310205696,164.65909020125613
EK202310003384,167.65099014478605
EK202310244834,138.06114434096105
EK202310204220,154.04280523509576
EK202310110856,143.3506926220241
EK202310134787,139.73615477745528
EK202320007820,147.0891865508894
EK202310179208,132.2069559829811
EK202310223932,161.4841313086752
EK202310216781,140.21047717666804
EK202310187602,111.40687009532108
EK202310179844,163.37959953625383
EK202310163357,155.30738736594128
EK202310137800,142.3474017268708
EK202310202504,154.97625456927645
EK202310152435,127.01279556970294
EK202310138850,137.26674129038608
EK202310120464,121.66873373285328
EK202310200493,144.22065841906587
EK202310243016,130.62085788701665
EK202310168573,139.9100855002408
EK202310163051,151.14421702568092
EK202310188721,154.1522689294465
EK202310187647,142.44865160220945
EK202310194460,132.2392356401245
EK202310199853,143.16972196255574
EK202310199354,143.52454681690196
EK202310156872,144.11272145404115
EK202310183296,145.78400529087713
EK202310105927,120.74312960925317
EK202310106682,136.4065980915527
EK202310127329,166.20701617275475
EK202310116459,132.72450507439493
EK202310192223,137.49543920555124
EK202310004549,139.26436096581654
EK202310108809,148.475082510383
EK202310180902,125.51869864603832
EK202310104309,138.71476756601666
EK202320005779,180.51252034569944
EK202310145003,136.78115141939978
EK202310234434,130.08028038807265
EK202310228455,146.4417106336147
EK202310196294,167.22227054815156
EK202310214611,145.18534654406108
EK202310128897,149.89666214349256
EK202310140953,151.62480230118092
EK202310153523,126.75462026810018
EK202310107262,134.8965846992875
EK202310177695,144.75279735967965
EK202310133157,148.57067788899786
EK202310243662,114.68724451905055
EK202310155394,148.19236436150686
EK202310126776,141.86675097088948
EK202310241762,146.22190885691083
EK202310141862,135.62146560498599
EK202310151835,158.8534860733058
EK202310128935,145.97775663347338
EK202310114330,139.44750398302085
EK202310166988,127.02609761227242
EK202310201794,120.26007766110071
EK202310181313,148.2683193551708
EK202310186725,138.92973307659628
EK202310146475,134.44727906883656
EK202310109755,149.80023206691382
EK202310161538,150.32213016315094
EK202310186435,139.78959226113807
EK202310193897,141.3598494813223
EK202310160769,139.9523479962474
EK202310212581,142.1658543636677
EK202310248122,125.24085059316432
EK202310235931,140.7376075715403
EK202310181771,165.87817697760266
EK202310155768,144.06398151173298
EK202310111605,159.48408746350134
EK202310127306,162.25231066751934
EK202310150190,135.1874572530152
EK202320005858,166.85915135335873
EK202310236072,150.01901091109136
EK202310225439,134.29628775819887
EK202310237893,160.05385234214026
EK202310136361,138.68352966411194
EK202310191072,149.34974219415736
EK202310181865,139.08555048101294
EK202310231592,137.646048074379
EK202310207325,131.16257894378882
EK202310172714,142.31590819466464
EK202310224865,147.51696060499302
EK202310168576,143.2311561450776
EK202310103778,139.95688735279933
EK202310217586,157.60446581117895
EK202310231160,119.29211734141234
EK202310234098,143.3973916802957
EK202310178165,143.2111577751728
EK202310135798,137.97146550199759
EK202310207159,160.17085159031143
EK202310161503,156.62212022982698
EK202310164971,151.51141013072947
EK202310227797,147.6075739678257
EK202310138476,152.1763086032302
EK202310105436,125.9934912764948
EK202310171599,144.83000596486704
EK202310155833,154.7937291101952
EK202320007748,144.0870153256502
EK202310216275,130.15822147057327
EK202310178246,149.9455642437132
EK202310233952,140.84227195548107
EK202310236351,131.0876858228331
EK202310208975,134.33451005778156
EK202310210410,144.36043844756793
EK202310179531,147.6224061007889
EK202310207618,157.89110020778094
EK202310173550,177.70564207798589
EK202310226730,154.79044228761197
EK202310129523,139.11739964316382
EK202310220746,143.0346089479328
EK202310248566,153.4064790148497
EK202310193943,165.49747330321512
EK202310119814,158.70268032569814
EK202310142248,157.5548553695898
EK202310186304,168.66956438888883
EK202310138557,170.02304296721042
EK202310245483,131.74963883272608
EK202310132300,127.2345065673676
EK202310208081,141.5370977496711
EK202310230460,166.6512843725901
EK202310140474,134.77609023408735
EK202310212083,144.98239808475998
EK202310136665,128.0582949539541
EK202310131251,156.22057567427143
EK202310232633,140.00128130288195
EK202310147477,143.73540026914498
EK202310205850,160.91513121297498
EK202310202041,147.00017756001546
EK202310173763,159.4324664251818
EK202310160578,175.95436398740677
EK202310191339,139.6134584291702
EK202310212270,134.095109323196
EK202310145728,171.48632331991107
EK202310221046,125.11193564887117
EK202310188691,143.1081989946369
EK202310171896,153.29503222735943
EK202310139766,137.3589187287772
EK202310173220,162.07229326313126
EK202310162948,137.57341189268323
EK202310105701,123.32424206913228
EK202310197311,161.53070537901726
EK202310147640,174.27777846803878
EK202310183542,141.53517508401458
EK202310183535,153.8765900768437
EK202310245904,141.7417484865961
EK202310133031,146.6888524556321
EK202310188018,169.81463247642125
EK202310135860,140.52687733215606
EK202310236943,137.25678834801317
EK202310156470,165.15488519620038
EK202310195857,155.57469072824097
EK202310187539,146.65982936800378
EK202310004424,131.83890851021246
EK202310217002,139.6818547193314
EK202310179415,130.37160056705613
EK202310120456,159.76993964814665
EK202310200863,123.96711011341809
EK202310147545,143.81158676158276
EK202310230822,142.65380879252643
EK202310121215,135.93124692674115
EK202310177411,173.19033892460726
EK202310224282,142.57254471468391
EK202310140227,138.07267857692332
EK202310129737,146.9291306657943
EK202310140849,128.84051449691583
EK202310189202,156.56984282709058
EK202310104642,140.76525293061013
EK202310208010,142.21460838007243
EK202310166940,173.36345225068263
EK202310162024,145.68940446643114
EK202310199815,133.55201697314962
EK202310152439,141.35122775767056
EK202310233448,137.19165554970309
EK202310242843,139.49489190172417
EK202310201491,155.31353597578385
EK202310107632,118.63876904310364
EK202310198770,176.00235517742763
EK202310137566,143.68727273001855
EK202310142121,131.33523393387125
EK202310190572,140.09841903206436
EK202310205775,145.39903728234682
EK202310220844,146.43281455550942
EK202310139338,153.50354801758192
EK202310108582,161.4167468362923
EK202310158552,137.21086371157074
EK202310184301,169.18173075901592
EK202310243616,145.79261114123767
EK202310151811,158.54976453632406
EK202310125407,127.87962493276807
EK202310139375,135.77470554651455
EK202310239439,144.51376734964958
EK202310155841,130.47200226120202
EK202310215149,142.7471062621349
EK202310107124,143.4403943126803
EK202310134118,119.65841119956605
EK202310194279,150.00775553809484
EK202310246720,146.70876498368972
EK202310162584,150.54184096513433
EK202310195982,166.37556769966375
EK202310228933,121.88715739683559
EK202310116256,148.61778475446351
EK202310114568,150.6144141572927
EK202310131206,145.06367695631351
EK202310175053,148.20946205160485
EK202310221935,142.82962596195273
EK202310185735,157.17476595572813
EK202310223371,125.11852060042975
EK202310228532,137.93122232921277
EK202310201399,165.10317214174552
EK202310225779,136.88203289872723
EK202310223354,151.25988255251292
EK202310149880,145.07026990747508
EK202310182361,143.99414951028066
EK202310245495,131.0257985359149
EK202310004203,149.68509273991995
EK202310179618,131.70870094336863
EK202320007066,165.8123132764061
EK202310114050,137.76812476490537
EK202310191315,145.1357048888389
EK202310146983,156.0684674123985
EK202310130594,172.27617127115633
EK202310242203,153.1840248808932
EK202310241138,143.6374604041807
EK202310156504,148.740115144239
EK202310197660,169.46908024692505
EK202310140136,152.07529230141995
EK202310143917,120.0788620419204
EK202310219192,125.7833501693434
EK202310134270,163.13942445420807
EK202310232270,133.43617114438857
EK202310173917,142.098239013176
EK202310173711,128.90830109260511
EK202310112756,132.89611484972272
EK202310204172,141.38412792682976
EK202310159759,144.43968022002048
EK202310186227,130.82195239492862
EK202310185665,154.91707601239972
EK202310117309,142.9933783274615
EK202310197672,139.3668696971592
EK202310153079,136.09425311423652
EK202320006035,157.55357798532853
EK202310247525,122.43970005546409
EK202310161438,132.84692405814218
EK202310218023,160.7548247807839
EK202310150064,151.58803642278656
EK202310142573,157.94468082889097
EK202310124576,128.59549467560856
EK202310219887,129.92818755308053
EK202310120184,142.5965732643169
EK202310112918,140.4039616205514
EK202310109372,173.1559095302773
EK202310107015,147.75521873209703
EK202310150353,153.11923179468735
EK202310204484,134.08707712459704
EK202310146488,129.99192313868446
EK202310124804,145.78315864522585
EK202310185666,164.5320955896447
EK202310195519,139.1676280452603
EK202310160733,136.80554576381806
EK202310104544,136.39619349535369
EK202310184750,170.45873155970736
EK202310003740,135.5798313387848
EK202310226854,130.1945833728594
EK202310125742,153.27002544702194
EK202310168317,131.41944627829488
EK202310149766,154.8165197737378
EK202310190272,156.4001684173845
EK202310146274,142.69481192843983
EK202310112851,133.0544907106379
EK202310175254,151.0570181205096
EK202310163259,129.32360646392374
EK202310133880,135.98189781800312
EK202310217079,144.33102627917228
EK202310170637,162.1901987196846
EK202310194778,116.70287597450516
EK202310218095,143.44901588537638
EK202310135253,150.51200541136896
EK202310197692,154.91976942529237
EK202310208639,134.1833124266879
EK202310246924,129.72307363222023
EK202310189081,130.66874265487053
EK202310186006,145.66966350209293
EK202310234924,139.61148216212717
EK202310159161,151.96321959930827
EK202310118361,125.62361317734528
EK202310103934,128.6535296765453
EK202310218075,147.66634273332656
EK202310151847,151.61056957915946
EK202310227485,156.03777713232796
EK202310215170,135.49823280774905
EK202310182285,147.0522881413388
EK202320006523,169.01275132447842
EK202310226724,132.55760687686995
EK202310144268,155.63215199874404
EK202310156630,175.32674514550524
EK202310245294,142.57577569163362
EK202310223363,158.6625718819284
EK202310237800,133.4001269371214
EK202310173460,140.66191735281873
EK202310209655,140.44193543711276
EK202310119136,143.85610816811092
EK202310127314,162.33900186239833
EK202310193844,141.529052631434
EK202310162315,153.7395185215851
EK202310218294,135.2165159017748
EK202310151071,133.52767186806852
EK202310217686,130.7268312399198
EK202310154435,159.07564747068727
EK202310191927,159.35638610251078
EK202310181837,150.10867372087046
EK202310148256,161.0812077770405
EK202310230363,139.95479654477958
EK202310156095,138.274898158457
EK202310169939,159.98647657007433
EK202310141818,143.31169991447038
EK202310230706,126.88111620684225
EK202310138074,131.48162002638014
EK202310213136,147.0270657633201
EK202310245174,142.36923121506084
EK202310149067,141.33517475975773
EK202310215609,131.5706568559309
EK202310170363,127.2284581790212
EK202310238402,145.05211879181118
EK202310117314,143.21431378828413
EK202310241750,157.2510433172061
EK202310154247,122.0127667324109
EK202310148755,142.45424469915673
EK202310150162,136.08328901863678
EK202310189110,138.99537081065864
EK202310168769,159.16601592361678
EK202310211938,133.89929752255284
EK202310176335,148.42867537737976
EK202310113812,129.40102623496503
EK202310123004,112.36339685524179
EK202310205174,138.65897264505318
EK202310168759,138.07890473424754
EK202310213442,122.6017667218198
EK202310239610,148.34878955300957
EK202310195241,110.97526501399581
EK202310153703,157.26449401729224
EK202310150341,137.28620859174086
EK202310208289,138.9800964989924
EK202310111014,152.27931014334882
EK202310221055,144.5834985110214
EK202310201138,183.35366158347932
EK202310004391,131.0484551632962
EK202310155939,132.0573444000428
EK202310148376,142.5829593942343
EK202310116871,152.51581327701456
EK202310197518,134.7399862439134
EK202310119757,144.1153956253916
EK202320007473,154.5856698942105
EK202310134809,143.3698077648194
EK202310189457,183.7127505464719
EK202310185033,142.2252365482282
EK202310229340,151.89150929195424
EK202310122288,145.4950210206383
EK202310120743,153.3146400132082
EK202310242075,141.67984367506241
EK202310140597,146.8527452092
EK202310242069,111.70698194222089
EK202310136890,156.83543514435976
EK202310209810,135.98322820603363
EK202310223071,132.74906407358944
EK202310218487,150.0341582227738
EK202310232696,162.9244899858906
EK202310209345,145.82590411551524
EK202310170813,137.9470938495795
EK202310153786,155.44283768918396
EK202310151789,136.99454465899103
EK202310151677,127.21622574258484
EK202310137204,141.5641783948481
EK202310218836,141.4061207559551
EK202310151080,134.7898738469682
EK202310164354,172.92715844071287
EK202310173775,149.07609040658434
EK202310121695,164.84661330544972
EK202310205477,128.16227417013562
EK202310157033,146.9691037419027
EK202310119370,127.83597406430572
EK202310126142,161.7046230164001
EK202310205658,144.49094943741446
EK202310186719,170.15868721852638
EK202310144182,128.21348184804697
EK202310246415,131.2084959729667
EK202310227129,171.8388214600986
EK202310156707,171.1289431905435
EK202320005770,173.24097102458973
EK202310166383,151.861706278502
EK202310210479,131.49260528871736
EK202310179571,150.42817209890705
EK202310187791,140.70870910680404
EK202310171969,141.4917938961001
EK202310132165,155.77471778203676
EK202310124907,143.555083602192
EK202310208889,152.36937429924933
EK202310247697,139.3414252870288
EK202310194854,125.41898308550573
EK202310225021,161.9209534924912
EK202310238477,133.66896995323214
EK202310239246,119.39447194219626
EK202310176503,141.2293612880688
EK202310176496,140.5913993088907
EK202310198306,152.7825209314995
EK202310188583,140.46465363021292
EK202310207194,160.59425361200238
EK202310219806,145.89901047873775
EK202310227819,114.12641302004928
EK202310164368,166.02636815184
EK202310239912,145.73014119177037
EK202310198458,143.05751999609242
EK202310142902,130.82166995636933
EK202310240388,150.26477527095838
EK202310222895,140.81939701274052
EK202310160875,140.97264765582386
EK202310167060,159.0057789526103
EK202310224028,161.84110657424517
EK202310151657,141.622214589082
EK202310155117,127.88354785102145
EK202310136926,136.22694337378033
EK202310143427,173.29985058395027
EK202310172189,125.24066376819758
EK202310125542,118.7234113838161
EK202310217168,145.40299841273983
EK202310121975,117.76232405000562
EK202310182960,127.18465106038566
EK202310128220,124.13047767663964
EK202310112524,146.568421694668
EK202310212379,136.61100629536224
EK202310207577,156.44382304337364
EK202310153262,152.0371678386152
EK202310198456,147.42902594576404
EK202310108358,131.38148683815285
EK202310160189,163.6958219785888
EK202310210891,133.38013813347354
EK202310193109,132.40662785718752
EK202310181289,145.9762791053201
EK202310131577,154.0037451823609
EK202310211895,148.08111518219795
EK202310190829,160.04204968727038
EK202310127301,155.8219684281036
EK202310116811,147.4541268732669
EK202310107250,144.85074950571618
EK202310107498,120.10932873500245
EK202310192130,160.7398307667413
EK202310132040,137.17324386794002
EK202310175120,127.57008412129969
EK202310246012,151.44403736099935
EK202320006537,174.51684599769442
EK202310129645,147.53417487911568
EK202310188742,139.04379700566346
EK202310196813,133.0411847783187
EK202310125413,143.74934312733635
EK202310166995,135.6404571742101
EK202310146585,135.00949032379083
EK202310229973,133.8091420427997
EK202310247518,132.76096317956694
EK202310198340,142.1291977837716
EK202310113811,132.4607828229435
EK202310188773,156.77773164970262
EK202310109282,145.62815852732695
EK202310240034,147.25343971185006
EK202310215437,131.0064051608893
EK202310194389,158.21255012963337
EK202310172196,130.56516183330018
EK202310165827,152.6816459996839
EK202320005561,138.21932748466574
EK202310149595,151.02541727816993
EK202310168288,161.6794300718207
EK202310140892,141.89429754789367
EK202310184756,149.0129689122299
EK202310155970,147.1586088239777
EK202310219701,141.6803024932219
EK202310174732,135.2381460014281
EK202310195694,162.56882155229232
EK202310213272,154.73750614745438
EK202310140437,162.10573112311627
EK202310235734,130.9556760391976
EK202310130236,162.67370948543999
EK202310144191,143.34045898076766
EK202310190014,164.92944659582452
EK202310244140,149.3299875322007
EK202310179886,146.45212143103527
EK202310124185,125.65670193533228
EK202310153209,127.7698500372057
EK202310153141,149.27535462326554
EK202310203881,138.69895506905672
EK202310166214,163.94645830156773
EK202310165860,165.8622015109275
EK202310221150,133.43649690479327
EK202310212669,134.25148051167514
EK202310183646,135.6588697284093
EK202310161293,139.0318060337335
EK202310123374,145.8142923574964
EK202310167702,135.02951100995688
EK202310218991,131.6025739791824
EK202310153681,125.65210230798097
EK202310132053,140.19519574339185
EK202310181558,128.94473832963308
EK202310234347,165.08481502969425
EK202310205398,133.59079600816403
EK202310236180,127.68479668584406
EK202310215127,131.11711974207017
EK202310184646,184.1708522229406
EK202310248044,136.68058036913388
EK202310232425,131.12392221205639
EK202310151757,133.94274412590525
EK202310134956,161.08316996811322
EK202310203447,151.14202441226195
EK202310125366,132.35593436037908
EK202310180083,140.4015970447592
EK202310170602,142.99704314440623
EK202310189329,140.03604435654074
EK202310152190,116.15619378086089
EK202310118845,143.8195328397615
EK202310202683,135.39928238220355
EK202310131733,154.41764932606208
EK202310151659,138.1380125406329
EK202310111223,137.79326219015786
EK202310189015,163.04413946830587
EK202310204933,125.55757314264618
EK202310220311,146.04270775258811
EK202310153186,144.11500404255585
EK202310204998,141.12122703076062
EK202310206640,129.98743815507584
EK202310148731,154.66859872226124
EK202310177950,132.53759421224527
EK202310236764,135.7090590098543
EK202310149184,121.95706783727003
EK202310243178,153.5939236750174
EK202310149329,143.91619478449473
EK202310124506,142.08017286990955
EK202310175231,153.91427429029477
EK202310117163,153.670594197462
EK202310235121,156.0190332885918
EK202310201963,138.83955706637397
EK202310177877,129.22388477263567
EK202310196442,132.06739773953052
EK202310165909,139.19481651014704
EK202310148120,150.59109028146992
EK202310165323,135.7090578336586
EK202310148717,121.89169335824629
EK202310110684,116.00393359348716
EK202310131621,173.81839264940953
EK202310155848,126.32734089697756
EK202310116241,130.29739633730014
EK202310139259,150.76349286735797
EK202310125773,126.42041521166723
EK202310233036,148.32842001473387
EK202310149022,149.6129682685766
EK202310189335,117.4214693276575
EK202310124884,131.3069832993603
EK202310120137,145.38470420917105
EK202310164298,136.0222286895205
EK202310210341,161.58175622652467
EK202310235088,138.3424494627081
EK202310187731,160.46297788238954
EK202310243618,136.0990816205696
EK202310246975,146.79766005094348
EK202310178699,162.48174931799844
EK202310208826,146.12437093405592
EK202310192931,150.49191737312654
EK202310144942,127.19267479526033
EK202310204406,134.5962526533753
EK202310228390,140.81788652486506
EK202310116598,154.67443675153356
EK202310168298,151.59364661877183
EK202310221487,164.70021164381902
EK202310129003,133.3135130165796
EK202310199518,145.94385784166667
EK202310230415,136.10972264019003
EK202310229198,133.61573901249093
EK202310191619,150.1180289948957
EK202310135624,120.2812856588937
EK202310188764,131.29194265991896
EK202310194928,125.81670113813571
EK202310136019,131.44132686101312
EK202310193486,137.36501152141636
EK202310114440,130.2432340169729
EK202310233214,135.81831794582268
EK202310228766,136.45591362382234
EK202310149990,167.4979657830582
EK202310122654,137.03514652601044
EK202310221978,121.55452418071665
EK202310166235,137.6788207871725
EK202310165801,128.80732129624823
EK202310164057,139.49490888957575
EK202310168718,127.13872186593323
EK202310108201,147.6272267159839
EK202310206343,182.5861286418459
EK202310114675,130.7165055056561
EK202310188537,148.80304016809032
EK202310179087,147.29682987424277
EK202310187084,163.50239690800345
EK202310187925,132.2094605190992
EK202310170956,159.45420068870928
EK202310212887,138.9340796089273
EK202310137413,144.7698716160092
EK202310217648,125.10069979824576
EK202310174679,160.84080853296965
EK202310229265,140.03613935225707
EK202310148461,157.23340951696477
EK202310222772,136.6413769743318
EK202310113407,142.97037055289482
EK202310206546,145.26002080525055
EK202310224810,136.7453526295405
EK202310228008,132.61064075076794
EK202310165670,130.30348607505366
EK202310188801,187.99367679794432
EK202310163428,133.59782059328484
EK202310155452,138.4050262924754
EK202310188057,154.83827769409302
EK202310191879,136.89278283310503
EK202310221170,134.9143699087917
EK202310231103,113.90117025124742
EK202310242198,157.1202660364739
EK202310187526,176.85343895253018
EK202310188098,127.8460902194055
EK202310203053,144.16944034759527
EK202310215291,145.1938313477343
EK202310175087,147.66172243887797
EK202310187624,165.1984320657841
EK202310190415,133.01373549376962
EK202310123309,157.9699047635637
EK202310148164,146.07614410129352
EK202310185918,131.72836893068575
EK202310122611,135.25681828898988
EK202310174402,127.58564916227131
EK202310165680,126.51919383478786
EK202310234342,156.4735233175396
EK202310196937,156.5430602524703
EK202310111601,135.39280013523583
EK202310115643,130.60048967620386
EK202310111554,135.18752384897786
EK202310128358,129.2101624278063
EK202310131862,141.77671808293633
EK202310207446,147.72724153594402
EK202310189921,166.76447985284443
EK202310129789,151.13670948712553
EK202310226523,143.0359015371143
EK202310231417,130.25360610060187
EK202320007285,174.10452546360648
EK202310217873,140.18624225805894
EK202310105042,144.91580902954382
EK202310136636,149.7725637581786
EK202310175915,160.8229883646664
EK202310003483,132.5171395279866
EK202310200419,150.97070181432667
EK202310117924,147.66235941812613
EK202310181210,142.91934913441938
EK202310202561,169.4894961690976
EK202310107499,143.81283413897083
EK202310107137,142.98277184492775
EK202310231924,139.95400713323275
EK202310144923,151.92008552734637
EK202310207718,127.39659276696749
EK202310212477,141.3651202247196
EK202310107846,138.48407692537972
EK202310185004,147.10338763189796
EK202310134355,154.04909041987503
EK202310170491,144.35390952432016
EK202310234495,141.39628648055685
EK202310126339,137.24244041545157
EK202310185015,143.5563100553612
EK202310208389,133.46646009537054
EK202310165712,173.2086165657252
EK202310168161,148.76291145636242
EK202310152314,156.82572072283426
EK202310207349,133.25926295737227
EK202310195623,135.8280494109926
EK202310187039,143.2005632035692
EK202310141159,143.42066291616226
EK202310209863,145.993074621765
EK202310160465,142.04476091937204
EK202310171624,128.50614229968562
EK202310227086,153.8653606271944
EK202310177422,140.52168991216394
EK202310240033,135.66466219971448
EK202310147863,142.52727796972417
EK202310187436,161.71460175177688
EK202310210870,140.50306525852287
EK202310104543,147.20725502102854
EK202310136266,127.49814386966278
EK202310169848,147.42272183041467
EK202310134804,125.7768397029105
EK202310128125,137.1340411615373
EK202310105804,130.7365700149153
EK202310240636,131.97449268494384
EK202310128250,123.69110337485202
EK202310167986,152.10081394645118
EK202310223738,124.21354943129512
EK202310194978,154.8854959113972
EK202310174109,122.95010305858654
EK202310234407,113.33610144682714
EK202310174138,136.05809026044616
EK202310167183,148.16338083893905
EK202310111941,124.02093638561877
EK202310199956,142.15790315657043
EK202310116743,144.43294468492547
EK202310140835,146.94820568774642
EK202310179216,178.60031385816316
EK202310205539,159.27209860363138
EK202310196566,140.52171615271905
EK202310224930,148.6332728046637
EK202310120947,147.3779793978741
EK202310170902,129.1565409565637
EK202310235028,144.12009042277668
EK202310113734,152.15874055646543
EK202310204036,145.38508461561648
EK202310230642,142.26631717142283
EK202310131709,156.30470936607833
EK202310226061,138.41542529890512
EK202310175946,140.26694429924112
EK202310152205,152.8392804687224
EK202310188482,136.808410953206
EK202310108311,133.9357444517119
EK202310191290,138.25488316219196
EK202310144489,124.87388940210806
EK202310172283,135.06480071906535
EK202310226719,147.9405762839845
EK202310159716,151.1322730146095
EK202310199594,156.73113884212734
EK202310173559,151.55973821404186
EK202310136955,149.4074116091925
EK202310116269,145.8374232464087
EK202310193704,159.43023001900005
EK202320007431,161.47272805910882
EK202310132812,156.31782597202925
EK202310180739,134.70559220726517
EK202310174941,166.29035122237156
EK202310178926,148.07432667638997
EK202310194112,155.54775917418976
EK202310133210,133.93969213355035
EK202310192212,135.4073500197887
EK202310120175,142.31941647032872
EK202310139063,135.37613001458013
EK202310110816,149.64821330819188
EK202310133264,151.97063727728636
EK202310104140,148.4346626277723
EK202310162125,146.9398368271097
EK202310144954,129.20129993016775
EK202310169762,131.49016131813238
EK202310161221,164.50652191585493
EK202310216951,148.2847754463057
EK202310231726,140.94131584109547
EK202310149140,174.9726571959858
EK202310129051,143.05246877889095
EK202310134433,137.47113702791742
EK202310247557,158.57025581501716
EK202310231514,118.31530042380851
EK202310224127,142.9636601655946
EK202310126711,134.21592161564394
EK202310145914,133.10564226028526
EK202310147010,158.23482457819162
EK202310141199,135.38435230388927
EK202310163547,128.76018646310126
EK202310204148,131.34911304473155
EK202310159997,144.88042143416968
EK202310147517,145.82494602169243
EK202310120397,133.39052937907405
EK202310154029,145.7364509752372
EK202310208628,144.41837633376184
EK202310240529,146.2504219628224
EK202310119023,142.95577925092016
EK202310171849,126.67730060265737
EK202310180911,130.49960898217637
EK202310111220,121.06086357586331
EK202310155400,136.7191048132322
EK202310205379,129.08139370629934
EK202310151041,143.73841689287286
EK202310122951,137.77947531821832
EK202310196536,147.36617131399737
EK202310160766,142.61363656025557
EK202310209097,158.30434761500447
EK202310140289,124.71103929596363
EK202310133699,158.91317617326322
EK202310193965,143.91173119935019
EK202310201530,145.52821000887425
EK202310131280,124.42408535531953
EK202310225831,142.5859819643716
EK202310197460,142.16469680824198
EK202310225230,124.71178673998982
EK202310158454,171.88656475276272
EK202310245266,152.0827878494482
EK202310175415,132.1289275702858
EK202310194223,144.75103574248888
EK202310199942,150.9222181746771
EK202310233835,154.8112655190355
EK202310220027,131.66477985959799
EK202310119464,144.04871384626372
EK202310179368,138.38170160662912
EK202320006345,147.00368705700217
EK202310124702,137.1529167499577
EK202310197937,129.67132301318634
EK202310159091,141.76466317533368
EK202310138888,140.3368625510567
EK202310216680,139.80879506881126
EK202310240252,137.03895869224502
EK202310175387,151.8796610456603
EK202310199869,127.47340142934895
EK202310140275,137.58459014385156
EK202310151577,125.73320684960768
EK202310130981,122.88049684265498
EK202310131764,120.40227570836677
EK202310121874,125.44908378598721
EK202310171868,138.42061486540337
EK202310140109,156.30525717178907
EK202310120574,125.8267701154379
EK202310151566,142.9681671550763
EK202310124827,163.91727357038644
EK202310120607,163.84260047779728
EK202320006257,149.78801412642625
EK202310220130,159.31443921564494
EK202310144885,152.58080596962597
EK202310186525,135.38174311133508
EK202310219807,156.87969282603225
EK202310167657,144.809668046727
EK202310123275,135.7068191437272
EK202310215234,164.73371167684218
EK202310146524,145.91411904477147
EK202310169940,148.46983778766293
EK202310243649,122.12832171228882
EK202310183687,130.7538731398678
EK202310130415,161.83019558213977
EK202310188385,137.45298804920102
EK202310158217,154.5652491112727
EK202310004449,146.74903598265712
EK202310193236,146.2558183201199
EK202310151651,137.09249752009325
EK202310106009,146.64184379500588
EK202310185711,127.61273200852267
EK202310104495,125.96053190438663
EK202310144848,157.08237200771222
EK202310180048,133.3277882965794
EK202310137754,151.21145962653867
EK202310156546,161.88791322437396
EK202310137352,148.48169326918486
EK202310182441,122.15304303230607
EK202310208167,142.06087069472503
EK202310223871,140.47576494349488
EK202310172342,133.91799566144493
EK202310219366,144.05005561122817
EK202310196187,146.68961910121809
EK202310138150,130.93667242395844
EK202310172299,132.08131992058668
EK202310127364,152.13177577247
EK202310139869,137.22027810781768
EK202310128954,148.56647315745792
EK202310146322,142.53301465654363
EK202310162849,175.9259247304488
EK202310181038,124.63511747683769
EK202310170175,147.5209744410636
EK202310112098,159.14618313483587
EK202310176673,128.25436660689985
EK202310139559,155.3963281580177
EK202310233592,163.10517431577492
EK202310224263,152.29220445155732
EK202310110134,135.76774716328327
EK202310226556,149.92276661589395
EK202310209883,145.32046944188392
EK202310231890,143.26441357762383
EK202310190968,150.3129307543893
EK202310136859,162.93095493780794
EK202310247260,130.61621791288553
EK202310172360,119.90618100161912
EK202310210416,148.27411465026188
EK202310227699,143.29694798692407
EK202310213569,137.52184045180314
EK202310224874,116.99736324514075
EK202310169709,164.37161230826098
EK202310228257,145.86715713525663
EK202310141038,152.6086812212872
EK202310129192,131.20111724356246
EK202310107751,136.57282438864198
EK202310140717,130.9594673911292
EK202310228229,143.37930320430127
EK202310207072,138.39650609338585
EK202310202830,153.32158296620622
EK202310148905,157.65818491649216
EK202310127758,142.48273988727573
EK202310178020,146.92742671311098
EK202310193951,146.38823145086445
EK202310155292,121.83647444698276
EK202310144487,122.19032914013806
EK202310121253,138.19191680583592
EK202310148088,152.99776653379783
EK202310187124,143.97035814951195
EK202310229693,136.67847636097943
EK202310201484,147.69791415060254
EK202310129571,139.54409353204733
EK202310125950,142.4129627833737
EK202310185603,177.36129427154387
EK202310114453,162.8727773945319
EK202310117950,178.7980845036131
EK202310119043,152.01049925339157
EK202310198703,181.66140309340747
EK202310140299,129.5078012116422
EK202310135296,160.7080671827647
EK202310107227,109.11885940016951
EK202310240359,143.33559706826804
EK202310240921,139.66009596047158
EK202310128737,137.30408795224938
EK202310124258,134.8295127997034
EK202310220986,126.98516509347992
EK202310120232,150.69246764448005
EK202310164246,150.61910872646052
EK202310179029,146.5326085477281
EK202310162108,163.74904218717242
EK202310117566,127.08545124614065
EK202310232452,137.19035598421377
EK202310199397,158.9483169652234
EK202310150619,156.25684070504914
EK202310112912,142.36873956582025
EK202310196213,158.82076600731864
EK202310128306,134.20631698891484
EK202310186545,136.85995348177016
EK202310245338,139.96608468459516
EK202310126833,144.93392367271255
EK202310183324,123.72988037782167
EK202310206548,143.27094255284888
EK202310162684,149.10318497489763
EK202310158471,169.4507172184825
EK202310237583,141.41639887985633
EK202310142976,140.50761813245342
EK202310181877,157.97882126522367
EK202310193411,146.4544158978068
EK202310140403,128.37527194801342
EK202310223571,141.191387976004
EK202310200630,150.7108419164296
EK202310219428,132.7775567401952
EK202310149680,147.35137467821315
EK202310109895,153.58160344567625
EK202310204098,165.982185712427
EK202310177412,171.78416807844937
EK202310219692,118.11272995850216
EK202310103878,156.72952895004272
EK202310193630,138.2760391990766
EK202310109504,137.67714265412496
EK202310109364,137.49247530134727
EK202310239283,136.33159395867625
EK202310104478,130.40701582814626
EK202310204048,135.40849574129865
EK202310159059,144.21728260080144
EK202310156030,154.888732695966
EK202310245545,148.03788246368646
EK202320007416,166.043571029871
EK202310221846,145.8598829936687
EK202310132308,140.6893373140868
EK202310197059,126.68545136496044
EK202310234332,162.6290226048673
EK202310194822,178.6519166571897
EK202310148932,130.31182356860012
EK202310128434,148.91483574959057
EK202310238922,125.45704594545711
EK202310114232,154.46430428849342
EK202310175005,147.21686346023426
EK202320007002,169.52807975381194
EK202310197439,134.95792108795405
EK202310236355,124.1837489907387
EK202310003833,148.13707890181905
EK202310204832,125.8601542032008
EK202310004506,123.12486493037484
EK202310121065,142.2973563914462
EK202310127094,181.09716478266859
EK202310213840,148.65924700900328
EK202310114333,141.60988504306007
EK202310145274,172.2294662020368
EK202310222042,128.0000628485857
EK202310213433,128.18427746819853
EK202310146144,128.68907241062303
EK202310204047,138.62304219495792
EK202310212828,161.03068714871327
EK202310138593,135.707893703604
EK202310226806,123.24447011518072
EK202310208095,146.1890340205515
EK202310114814,134.23404139466248
EK202310186543,150.84715306436598
EK202310110336,130.0832477121097
EK202310167478,158.79688615658074
EK202310236430,129.50072473248775
EK202310217023,135.13935212528565
EK202310153953,153.95525248132745
EK202310230502,125.97265776125354
EK202310247381,131.7107597411312
EK202310208704,133.12097863763475
EK202310139824,122.36315640507155
EK202310197168,126.33852162061197
EK202310128080,163.00420682004585
EK202310123269,140.6085578331035
EK202310121955,145.72315914687343
EK202310161214,147.88661742480028
EK202310133556,146.13437334090142
EK202310197481,124.90544892037308
EK202310246538,124.67035817149844
EK202310194330,152.99182044241977
EK202310178652,130.5556222555657
EK202310209776,151.52367456762906
EK202310242382,131.34881849659922
EK202310234518,147.36593474172278
EK202310217553,143.85056036467873
EK202310003369,129.52245566242254
EK202310207859,129.39744183110156
EK202310215266,143.48339910945194
EK202310191942,157.72917181597683
EK202310113737,147.18806117335185
EK202310128655,163.51723168303502
EK202310248203,119.8038066639484
EK202310170678,164.80719753057653
EK202310225376,155.7818688750963
EK202310198236,134.59479613505135
EK202310138567,146.8849524917901
EK202310148635,158.83810762585327
EK202310121362,130.70982665759618
EK202310216537,157.01039699133156
EK202310244010,132.0176093145068
EK202310199391,156.83074637563362
EK202310150957,134.5218465290489
EK202310160956,166.61000592490518
EK202310234204,120.81373996892634
EK202310230587,153.72146744940855
EK202310212166,152.40556153662473
EK202310164638,153.23010293700406
EK202310157872,150.25617558128752
EK202310206238,161.1507749859149
EK202310137733,111.49132006929648
EK202310123238,121.7596252801116
EK202310201665,138.34654952746507
EK202310150077,128.71632394733146
EK202310140491,127.42766536789365
EK202310183010,149.2375820800731
EK202310168338,152.40085466876596
EK202310146731,141.2672211637722
EK202310201575,143.52522505648733
EK202310151646,136.17452017427505
EK202310110613,138.1824908604155
EK202310107412,152.76610591090494
EK202310110590,125.5204309747914
EK202310127237,155.34491578009178
EK202310217513,144.5449963290624
EK202310148694,162.64346444382628
EK202310223185,134.6600703553177
EK202310172511,156.0895405794099
EK202310219014,140.5552864994335
EK202310134780,138.90536745210562
EK202310117915,134.83303643583267
EK202310153389,143.04314417409063
EK202310207296,131.8694915454784
EK202310132494,133.74287054713037
EK202310187803,134.26784838838907
EK202310233954,140.1301281296872
EK202310119049,121.08777478697891
EK202310243256,130.54920093951768
EK202310244548,124.93049802338949
EK202310240124,150.71198936044178
EK202310148734,124.72162381713726
EK202310131233,133.31231719005908
EK202310220058,134.4104429431165
EK202310217202,141.88207283432524
EK202310179774,135.62346604055162
EK202310227794,145.9527907707097
EK202310132105,130.16044593338728
EK202310177761,157.3729468272819
EK202310227840,144.50045085798325
EK202310169016,140.24576146715805
EK202320006837,168.16887919878377
EK202310108574,156.27411043350637
EK202310190548,126.95243898171883
EK202310109486,135.68476972162205
EK202310200259,153.82667733253757
EK202310162701,174.81708547291268
EK202310160336,136.04646984763974
EK202310212709,116.69445697768944
EK202310226725,128.5613842495142
EK202310158681,147.4224279747873
EK202310107964,137.5773463972572
EK202310235518,151.47616884636687
EK202310123552,152.55156720390661
EK202310201865,165.44508923362915
EK202310145317,152.52241601043445
EK202310183030,170.4965977874683
EK202310200118,162.19738948403068
EK202310114422,148.00463624922494
EK202310157848,130.152663750411
EK202310239370,141.07789135187966
EK202310131836,167.3353039387768
EK202310143421,146.19161348601
EK202310205485,127.35518057572972
EK202310168662,150.11849691708093
EK202310154586,181.18315665674697
EK202310186744,137.59810269579094
EK202310233340,140.5419670771647
EK202310239910,118.50013093934682
EK202310245136,137.35256605280028
EK202310149851,166.76311577669233
EK202310149779,150.1104627329547
EK202310228990,142.13814023410998
EK202310242178,160.73709836013916
EK202310133873,171.09082625391804
EK202310164264,131.34453287994597
EK202310231632,133.02182176122457
EK202310144424,130.5611191353378
EK202310112760,138.29223700660162
EK202310212956,130.33359920794314
EK202310145964,147.35532890133626
EK202310126563,127.37609476985006
EK202310109694,151.09237610542147
EK202310128490,118.46250728336027
EK202310180704,171.80670146794978
EK202310126998,135.9613129002092
EK202310112115,141.60521894333993
EK202310209159,126.38176224791896
EK202310191498,133.04684455176462
EK202310216436,142.41673874680728
EK202310163197,135.34301496300228
EK202310151701,140.07218826211565
EK202310110130,128.9171682227963
EK202310226705,143.034595383316
EK202310139340,166.34388835219755
EK202310110862,126.17880071879826
EK202310127381,161.4396497805401
EK202310202546,173.98775933851218
EK202310225643,133.21094000611308
EK202310213096,129.8776065536981
EK202310235079,142.92189335218544
EK202310109108,165.9652841355902
EK202310225137,152.1648336912941
EK202310187484,147.22186760067484
EK202310244698,151.50545243107172
EK202310182643,161.79974082563754
EK202310172470,166.54864025832163
EK202310202542,115.36060197736143
EK202310240368,140.50742191850296
EK202310103843,128.16339970543243
EK202310219530,138.0299115616045
EK202310176306,158.7572213608706
EK202310239841,133.73163086685753
EK202310216087,141.41516716474683
EK202310153817,137.18440558269745
EK202310170433,138.33660357130043
EK202310219831,139.11939962169194
EK202310232545,143.463940851279
EK202310128070,165.2629097224407
EK202310160215,136.57823966487302
EK202310233605,135.76181852726404
EK202310004309,140.8167875908664
EK202310162940,149.71101473981764
EK202310229901,110.74837069308447
EK202310155025,147.71466720133895
EK202310127004,140.88492275574393
EK202310247408,139.8571872814702
EK202310202128,143.10655067466132
EK202310178091,126.6467087149741
EK202310123328,141.45163192497802
EK202310228444,129.69476898568746
EK202310156135,141.77060176339222
EK202310164582,155.81046384449454
EK202310120354,132.51296836165722
EK202310225755,154.43106299308164
EK202310242750,133.33405027434188
EK202310142998,145.24057504796053
EK202310224125,143.70067877704446
EK202310169891,174.548953826154
EK202310115679,124.64696889494887
EK202310198800,171.53735838040507
EK202310105498,134.0449508603046
EK202310178156,151.1992642425999
EK202310186930,157.74654361305045
EK202310133899,132.90200076909827
EK202310156394,142.10125442675252
EK202310122250,146.10324427006847
EK202310148614,142.51336633745768
EK202310195974,162.29496079968294
EK202310140125,122.54489085285338
EK202310210027,154.4721730530659
EK202310123730,155.81337802470995
EK202310116187,120.61367755998563
EK202310159940,130.92734907438708
EK202310120469,121.39632900186965
EK202310153614,160.1621472473789
EK202310233640,130.85048936646325
EK202310185515,163.7233927896336
EK202310205120,144.81948313428938
EK202310178305,150.860060170132
EK202310184917,181.66451652086621
EK202310194354,165.04274710375944
EK202310171208,150.29763618484697
EK202310154255,146.89366250065729
EK202310245884,140.0096397868892
EK202310179361,136.83862295076736
EK202310181720,159.28247882828288
EK202310198136,147.76752938474974
EK202310123723,155.3239797278587
EK202310162489,150.77375203772004
EK202310242175,159.7569736094778
EK202310224905,148.89902595977273
EK202310248091,144.16101947255046
EK202310123593,145.40321143846379
EK202310183684,126.96567202312056
EK202310235351,171.30250099188572
EK202310169872,149.92174384509275
EK202320006484,162.09483380974865
EK202310199450,158.94745609293767
EK202310109127,135.18220095752758
EK202320007711,158.8874421399595
EK202310156432,136.49561334499668
EK202310233998,135.1137039340002
EK202310128218,131.67831546970874
EK202310121076,138.67529369436264
EK202310161013,137.3798483765708
EK202310116233,137.27092229238875
EK202310172825,131.8455494594207
EK202310126048,160.38875244319985
EK202310238467,140.20830220103488
EK202310172112,136.63514563094907
EK202310105094,139.98542646955497
EK202310228653,127.75340140729183
EK202310166974,135.4865889611095
EK202310236937,128.7122069706319
EK202310155066,132.19851688804306
EK202310110822,147.75211470490711
EK202310117204,145.7368997383429
EK202310124699,133.00411821649212
EK202310201420,136.37878638996813
EK202310193066,155.42501627091931
EK202310103851,114.27663886560576
EK202310107858,142.88480394584863
EK202310136568,150.7806126031461
EK202310108975,162.1624802970369
EK202310123028,117.51182378375006
EK202310124327,132.15826940240882
EK202310127718,159.05889178825714
EK202310155357,139.19754882080773
EK202310230360,141.87255483476866
EK202310107277,126.43818772839548
EK202310140418,163.39504253968607
EK202310205320,155.1723634780519
EK202310111068,150.2005945283374
EK202310199336,155.36139798485902
EK202310124051,134.4839147905582
EK202310137534,121.72926303076636
EK202310134728,121.22885370891574
EK202310186537,139.34559227204252
EK202310212779,167.72716122890245
EK202310184455,143.68353091742821
EK202310243388,132.1089814670912
EK202310137422,142.75184909978938
EK202310241788,153.76603083376756
EK202310107922,151.83230886029077
EK202310193955,139.51707347760555
EK202310194721,150.64668494343755
EK202310146903,139.9360490330785
EK202310134637,131.77124678222066
EK202310115633,128.26785894139456
EK202310226326,143.50720437312305
EK202310191621,157.9880977334784
EK202310218537,150.37210376049126
EK202310140032,142.73555674705767
EK202310187906,156.9935170314447
EK202310160631,153.34405859242284
EK202310235165,137.0965400139114
EK202310226953,146.91747618738293
EK202310231462,140.22163476888528
EK202310131496,145.7710976926818
EK202310215576,166.2841170907713
EK202310122149,157.01514073058888
EK202310167024,132.01322832431157
EK202310201015,161.97092062452407
EK202310139845,164.521815680087
EK202310206739,151.0854699906986
EK202310107474,129.03595267811752
EK202310212444,130.26459170140143
EK202310160242,160.2241939559628
EK202310151058,143.92193843852914
EK202310107745,141.36676990158415
EK202310180777,140.88636908586852
EK202310118200,134.06807165846197
EK202310110288,152.57609373026435
EK202310133962,166.3699685120669
EK202310209998,151.44022904634795
EK202310113961,137.6088848617594
EK202310125421,134.32417568923788
EK202310204604,146.49435527872302
EK202310120459,151.68857321635556
EK202310179318,172.75287845412
EK202310188043,121.31598154012754
EK202310139621,150.55281297110412
EK202310223960,144.25918321948203
EK202310116277,151.26462056889594
EK202310173520,128.90871185736717
EK202310140244,122.83581278594333
EK202310172775,131.70181567853973
EK202310209021,163.21612731791032
EK202310137060,140.451227073753
EK202310169472,171.37843227397656
EK202310220708,153.45397994612233
EK202310155346,138.2156130847605
EK202310203724,134.70008990977098
EK202310174172,129.01492509733515
EK202310127338,150.0510778405094
EK202310231177,122.74254600123821
EK202310110283,112.38808586573765
EK202310194192,169.1590399122986
EK202310179609,136.11628312217758
EK202310233542,166.48744092682475
EK202310223188,141.3047970742034
EK202310160161,137.39524425318598
EK202310142059,169.348043155284
EK202310148973,145.591667137971
EK202310185968,141.73978785840404
EK202310143375,148.29782055902865
EK202310223394,129.97921186037348
EK202310142935,142.76007542900152
EK202310128889,131.00650834829526
EK202310243694,132.97026268083638
EK202310168873,137.73536923874718
EK202310110255,134.04106231245612
EK202310217355,150.45290372723863
EK202310170477,130.4171676576472
EK202310126294,128.39514101636448
EK202310193447,167.21173437320945
EK202310208452,132.45114051467502
EK202310121117,149.49510410459794
EK202310188124,122.8564280538312
EK202310200744,166.21462546140071
EK202310246111,134.2658411270002
EK202310161343,147.0484328123069
EK202310174717,156.8172519092815
EK202310162592,146.32496271164013
EK202310199334,152.8854148893265
EK202310004427,147.35666909301847
EK202310128231,124.65361569710815
EK202310159198,133.61300544858724
EK202310190595,141.3896925357887
EK202310234887,138.8567624019432
EK202310230530,139.35179261144202
EK202310212245,135.14559421521994
EK202310247440,126.83890355187593
EK202310190679,158.04778088503778
EK202310215878,139.59890833730594
EK202310118270,139.96930460830006
EK202310109213,149.47341789305244
EK202320007685,167.50575968334246
EK202310125681,152.78521816714476
EK202310187523,138.9517394255196
EK202310185418,159.1385022259189
EK202310147002,148.36492423905537
EK202310171520,148.38225070828776
EK202310222521,130.66866026246544
EK202310200454,149.61818150930753
EK202310121658,113.98046408372996
EK202310147902,158.65116336165784
EK202310204527,142.5273390885876
EK202310202723,133.4128395146645
EK202310149975,150.35544200183114
EK202310157163,154.34531971815673
EK202310125893,141.35027272451623
EK202310121387,122.58365076729798
EK202310151762,166.03724652896798
EK202310193998,150.09037084289025
EK202310106551,139.19004487870131
EK202310245044,131.68514123053265
EK202310207864,135.5867182556372
EK202310150519,129.29566398477436
EK202310180535,132.12423284472686
EK202310140574,154.4115075190501
EK202310152351,129.25581092923005
EK202310119381,159.01973299960164
EK202310144308,137.87045454095102
EK202310204920,147.06965089575925
EK202310169039,177.23557598259313
EK202310126992,134.6455801720446
EK202310165821,130.34403240923726
EK202310218625,133.35051019234808
EK202310224581,134.76376606327568
EK202310104040,125.86673108276112
EK202310151985,145.52314684823526
EK202310151422,180.1489903168429
EK202310181497,117.72824850228078
EK202310143064,155.97809084569428
EK202310115232,161.52227134658185
EK202310160598,127.87806147535086
EK202310153804,147.42003006163137
EK202310246991,132.96557833287224
EK202310205912,127.94711595682818
EK202310147949,153.8559908170489
EK202310147713,140.91687442768801
EK202310172130,130.89392128247547
EK202310193689,139.7877270376244
EK202320007377,143.7090213827094
EK202310234778,133.2701119029085
EK202310126968,145.2257682432004
EK202310168723,130.54855287173078
EK202310205210,136.19397396204707
EK202310236972,130.834634434378
EK202310110805,127.88563390761112
EK202310110541,158.48471302562797
EK202320006784,156.98747546155272
EK202310169268,169.45248882677265
EK202310192717,156.21361109669
EK202310134072,123.42809848076769
EK202310109817,133.92933371738994
EK202310111416,140.8463209977982
EK202310163760,147.4689915897415
EK202310206928,162.29431183194802
EK202310222806,158.15135195352093
EK202310245025,157.87149453552558
EK202310154335,121.01997920054993
EK202310122966,139.3861231734941
EK202310147154,145.5571658548294
EK202310161786,164.79739046033023
EK202310122057,129.5894134047293
EK202310206279,161.33916624280434
EK202310241236,158.7926631451316
EK202310107469,126.14938331748104
EK202310236549,135.69592980945168
EK202310144138,158.9486708692686
EK202310212131,137.86286058152933
EK202310112701,134.17564603631484
EK202310163659,135.01975246788643
EK202310172713,141.9177599575585
EK202310175303,125.33518674673826
EK202310129678,130.5037966030162
EK202310204116,150.78105166485656
EK202310226565,134.39097292711014
EK202310177622,151.17415934268982
EK202310173275,151.4971499599033
EK202310108694,134.06744375887325
EK202310124863,138.55831539756616
EK202310209698,147.88827475705722
EK202310155502,140.3491072723417
EK202310160025,144.2712963117706
EK202310219991,142.4957696552664
EK202310229114,129.4757256089668
EK202310179717,152.45358282397967
EK202310112666,140.21543012344355
EK202310122607,145.22881854346022
EK202310203774,127.72260851447454
EK202310167012,128.96111440246284
EK202310177207,155.06569904129864
EK202310108755,134.659365699213
EK202310235791,142.01843267800115
EK202310193173,170.95384213316862
EK202310226669,143.60271173394352
EK202310241591,143.50406636969223
EK202310139673,149.6943968615964
EK202310245678,149.6431048508338
EK202320005871,153.99932906650162
EK202310146553,139.89579515002066
EK202310110812,162.5220165795517
EK202310163248,169.29986395871555
EK202310198120,140.86253046679678
EK202310130383,165.17468007070786
EK202310165453,149.4206060850103
EK202310129296,142.64489443281514
EK202310114158,140.1823151028206
EK202310206093,169.6355264317989
EK202310178733,160.01640195128297
EK202310148785,132.22278679426674
EK202310182839,147.67599818049428
EK202310243137,122.44380122339119
EK202310180781,126.02533713503855
EK202310221757,165.3843639897091
EK202310247595,145.4942930473976
EK202310119239,143.71318127372743
EK202310174112,118.31052742370127
EK202310195036,153.06482315312522
EK202310139240,148.52985584343438
EK202310161228,158.99597231078195
EK202310124628,160.58901381179206
EK202310216201,129.6878889316189
EK202310171177,168.6623288348584
EK202310217298,140.34817204763442
EK202310105105,154.7254159103181
EK202310121917,122.64103207171574
EK202310175901,119.13118227485808
EK202310248632,136.75859421112474
EK202310168647,128.14573604946784
EK202310189433,175.31514475691958
EK202310219364,131.5713038889623
EK202310208149,132.1041434692598
EK202310115824,130.53080114033997
EK202310147437,138.3652865436984
EK202310131516,158.36888985575104
EK202310216229,146.2610444009914
EK202310143057,138.31330902869746
EK202310227618,143.10967849471672
EK202310105862,148.78525390031172
EK202310191429,153.31357398370642
EK202310114100,148.66724634512013
EK202310240658,130.31287523632744
EK202310221826,153.71797627047832
EK202310228005,144.95284689983396
EK202310114273,141.38643610881905
EK202310129611,148.9272167290017
EK202310106828,130.70602601014772
EK202310216849,144.2252246307325
EK202310217419,148.61688988005062
EK202310123260,127.05411496304502
EK202310189255,136.8366841361781
EK202310141612,141.27848971099942
EK202310115638,117.10777638783857
EK202310144626,154.90991610606238
EK202310128398,140.04695424655182
EK202310150599,153.8222870420927
EK202310209851,139.59906671659368
EK202310142306,130.6979315884974
EK202310151733,156.90639285080033
EK202310115665,140.20044280711994
EK202310144016,127.60564826953038
EK202310194248,148.8656415039123
EK202310221662,148.37165959297863
EK202310239754,133.43544650554878
EK202310183618,142.86296057705124
EK202310247966,133.03615452758794
EK202310144467,139.7759313397881
EK202310199980,139.2695548149048
EK202310147993,173.63791279974174
EK202310219732,140.13814377969618
EK202310201255,148.31628982189937
EK202310166834,158.59880891310803
EK202310188039,158.189588858293
EK202310125812,128.14715134788935
EK202310149327,151.62421827262753
EK202310186774,169.13234608269408
EK202310131937,135.93670494086814
EK202310136858,138.7283892017692
EK202310194737,166.89774526811965
EK202310227116,135.21980415023776
EK202310188953,155.17453500541055
EK202310152825,173.5018775018985
EK202310233830,144.0286124339385
EK202310175569,139.1885239946044
EK202310127649,148.61828152821536
EK202310189873,156.160087334581
EK202310164363,144.85933662640807
EK202310122930,139.02041063352894
EK202310159410,133.64777226699857
EK202310150191,125.0111593361163
EK202310174699,129.50451692197367
EK202310184344,164.01425551532768
EK202310142972,168.20919478766777
EK202310136313,139.3183624392948
EK202310159605,157.13852644750938
EK202310211606,139.63819252480573
EK202310194487,153.08360884634266
EK202310109553,137.19245207081002
EK202310121906,118.39172114642709
EK202310132283,141.81970122375927
EK202310156330,163.58966815343703
EK202310109685,138.5074787414733
EK202310166453,163.6326989584841
EK202310235141,132.67751807798797
EK202310242155,142.46776675527656
EK202310171093,159.65177053679287
EK202310157094,155.93103464710887
EK202310157497,144.791175275105
EK202310112679,138.98512841374898
EK202310201020,146.1881583821122
EK202310137760,139.19083894579555
EK202310152523,166.7262697860125
EK202310227728,128.4356162601748
EK202310194083,141.04061496680544
EK202310194984,168.3916398528491
EK202310145213,125.28135020178598
EK202310216337,140.0501048929964
EK202310189326,168.66259699410995
EK202310145361,120.85854203362346
EK202310209596,136.76942853846637
EK202310147914,160.74554639312416
EK202310210977,132.72268363721992
EK202310169601,129.97459420227287
EK202310218627,133.96840613472276
EK202310222818,141.48152566466547
EK202310175529,146.71541876476593
EK202310201612,156.43872490106108
EK202310174062,133.63073811988815
EK202310223170,137.97316005772583
EK202310225186,142.47241074796457
EK202310243838,145.12906037319252
EK202310241520,141.69212996919666
EK202310166518,125.23093314445518
EK202310113920,137.56365788907965
EK202310164784,133.3775473087025
EK202310159164,151.97991072273342
EK202310149463,160.60616368494323
EK202310227499,152.47242041830367
EK202310217794,133.4825945811058
EK202310225560,135.31275183173292
EK202310147201,142.59948683321048
EK202310128156,150.46524099232997
EK202310115240,134.6737787120408
EK202310238532,132.23484638614156
EK202310183846,154.11304463851687
EK202310144731,133.12138032053872
EK202310162390,137.29329164047076
EK202310197431,127.25328978749472
EK202310105951,129.89110139365326
EK202310204990,141.6588164253061
EK202310210191,139.37531575418066
EK202310126933,128.39702508022336
EK202310202480,134.90882221335536
EK202310111923,132.36185083583956
EK202310119216,136.79681097574382
EK202310157432,143.3012660334579
EK202310177567,147.3195781554565
EK202310131552,150.32314750557742
EK202310179248,138.32493856986952
EK202310151456,173.4444315546989
EK202310168955,142.26058587913948
EK202320007813,158.01667116428695
EK202310117010,131.99245069183127
EK202310151990,146.9716121204433
EK202310125852,138.42468134592647
EK202310136345,127.64895561146865
EK202310107482,141.03765872043033
EK202310136674,146.95523485280492
EK202310162359,155.36458505973013
EK202310130813,110.06239376377357
EK202310242095,144.52468166597063
EK202310112314,136.33398240625965
EK202310234433,129.69582655421013
EK202310202458,143.6954810777292
EK202310129103,159.95280951524575
EK202310177132,167.60583383484342
EK202310242050,152.94332991986212
EK202310232456,137.82159146863523
EK202310200214,159.96877748642552
EK202310163472,170.865613587251
EK202310185311,145.80911422051895
EK202310228179,142.22388652138847
EK202310130371,139.92488123686914
EK202310179660,148.2576521668395
EK202310190711,152.38741976518244
EK202310246542,146.30276267014062
EK202310231496,123.26682864148698
EK202310222179,120.17005019772147
EK202310132158,136.67259597794018
EK202310167423,155.38972941398856
EK202310201349,176.34846405676035
EK202310142224,138.60536389793378
EK202310179938,141.56365667127184
EK202310223135,121.33934372746931
EK202310205817,181.1931956789251
EK202310246593,144.86519163565194
EK202310176304,153.89092795905242
EK202310130059,141.43627127577238
EK202310111192,134.8001145731603
EK202310165881,143.1963464457864
EK202310127812,154.88846173215606
EK202310190156,140.90708307753067
EK202310216483,126.47055805309247
EK202310144414,137.18321355089316
EK202310132901,126.3279172035115
EK202310154231,126.33927005285088
EK202310145897,133.93848748712446
EK202310209392,137.33654084519486
EK202310178084,132.5741449732792
EK202310125343,128.44123916905062
EK202310146816,145.88282157118928
EK202310155084,137.56637320876067
EK202310168900,150.81911809711397
EK202310185047,154.3375194388377
EK202310237486,133.7816408849687
EK202310203671,167.88015680532095
EK202310135522,156.7785838213264
EK202310159093,151.77815173799868
EK202310189257,139.39838976380622
EK202310177736,144.65254144918248
EK202310105312,138.82762517789135
EK202310242607,145.76125672647314
EK202310206314,182.4294143293938
EK202310125578,124.02156657944104
EK202310217187,159.90735089437285
EK202310239344,118.50448598234902
EK202310148598,126.14676705096802
EK202310211006,135.70901805454983
EK202310141573,147.13350030132273
EK202310208369,132.08850635751153
EK202310143928,143.83973910921824
EK202310149152,135.80296216603188
EK202310150945,134.29783438626444
EK202310158400,139.39796975960982
EK202310117629,134.89476567343496
EK202310104031,159.79077238109187
EK202310110083,134.14589334578505
EK202310178368,148.84698713114847
EK202310119686,140.12702667374913
EK202310143618,160.6617289062532
EK202310120487,159.32576625260765
EK202310219395,132.74939308188652
EK202310112376,137.2040003976853
EK202310201306,140.5430927491143
EK202310228811,154.49649186082814
EK202310171144,134.6235426099303
EK202310196110,145.43775825302012
EK202310115076,142.80455324365965
EK202310106850,129.82067120569818
EK202310224133,136.39300750343386
EK202310138595,139.65049832632258
EK202310197537,153.25641374099132
EK202310190665,141.3794583511623
EK202310148759,146.14197716907668
EK202310243283,142.40494768591412
EK202310159395,162.47503204512103
EK202310114620,142.49988359627764
EK202310111786,143.51656515046892
EK202310179340,136.41577742086434
EK202310246360,143.50264203121455
EK202310165546,123.13081008347481
EK202310231626,128.41655964734838
EK202310154298,145.4373959198878
EK202310234468,123.94207411627926
EK202310216859,172.10996611313834
EK202310159904,180.26327641693922
EK202310122874,141.76022580049516
EK202310226448,139.52677984887032
EK202310109658,146.79842686506845
EK202310248327,143.3365921080628
EK202310240275,134.49447863436276
EK202310160292,127.33277538207497
EK202310130749,137.8471607439899
EK202310208708,137.54393577790623
EK202310184600,149.68654891209303
EK202310136202,140.58064299011832
EK202310118993,149.80301252030196
EK202310135570,164.3479907828402
EK202310144234,143.4813559051921
EK202310232831,139.81789615812966
EK202310190714,130.27130119294665
EK202310237590,150.93456143437822
EK202310105068,135.73396789755395
EK202310233087,125.95407934757388
EK202310174797,159.46319150239572
EK202310241325,164.0240287400838
EK202310003548,144.7512989665585
EK202310226491,138.5479856763289
EK202310111356,137.28663486807176
EK202310246019,145.76224719038447
EK202310104422,135.25994128091625
EK202310140919,140.8410660703139
EK202310247367,142.92269338824116
EK202310108141,136.51110962059983
EK202310202875,164.45299023993925
EK202310132953,132.35863842673135
EK202310163551,151.3458669070132
EK202310155719,134.0376051284794
EK202310128169,155.25868316617817
EK202310227798,128.0162034206248
EK202310112895,154.5976128941209
EK202310110637,127.594929165217
EK202310111099,150.99822708935346
EK202310160891,140.9849601998472
EK202310174833,142.63885199370836
EK202310133014,124.62132646901057
EK202310229258,138.3141627703489
EK202310191591,137.58567701707932
EK202310190178,136.3633321101005
EK202310227882,135.9815103273303
EK202310248423,148.93511386760636
EK202310199669,161.23120948405065
EK202310178419,154.42232361116373
EK202310229489,126.94386420956339
EK202310109158,161.52231414071568
EK202310167700,138.88648332001574
EK202310183769,152.619819801518
EK202320007189,159.1017454429101
EK202310119946,140.18932225043673
EK202310171685,159.26661504783533
EK202310237171,132.93348344647373
EK202310114451,127.0816622854612
EK202310200193,140.27634090470474
EK202310211187,127.28969855019211
EK202310163649,151.60276162286698
EK202310128906,139.0306358528801
EK202310155349,152.4526474263675
EK202310226103,137.86700420671696
EK202310130867,142.774311574421
EK202310144735,125.22260279149458
EK202310131002,123.79565225870302
EK202310147837,145.64946334173436
EK202310182788,107.68457795059791
EK202310130743,125.25143777736567
EK202310195554,150.3776581710237
EK202310111296,146.7153880691253
EK202310109329,129.94889030281232
EK202310003505,141.19110834179403
EK202310182130,150.62229780802352
EK202310158028,152.58636332824537
EK202310156165,161.65882244313147
EK202310210442,135.3688610546223
EK202310182184,155.0935893192742
EK202310198996,114.28360721179885
EK202310141171,137.22902355172087
EK202310223224,150.49814444496272
EK202310186527,135.4724420764319
EK202310155114,161.11404996510328
EK202310176069,158.77245760543093
EK202310129120,149.64667199183017
EK202310189707,141.01677544846453
EK202310116275,140.18320785110888
EK202310208833,148.31809031615452
EK202310197309,158.94960162148254
EK202310213895,144.32274909186293
EK202310208737,142.87734609864697
EK202310200447,133.10298709328882
EK202310152283,153.0418899656313
EK202310220449,156.79304434235408
EK202310110949,134.0565172916994
EK202310209106,165.6772379514498
EK202310223835,136.85764451441648
EK202310230881,142.1821731756015
EK202310122186,161.47346246915026
EK202310170304,145.58266062216228
EK202310193993,152.09103508291335
EK202310141761,154.45708222609352
EK202310127568,141.27880304397544
EK202310128895,146.76794187230104
EK202310228433,137.5325477467195
EK202310118632,145.63071247885796
EK202310104226,133.84547826191036
EK202310164491,161.65203315163686
EK202310216438,128.11300584249656
EK202310214077,170.6006673555942
EK202310247400,166.48225643964372
EK202310174422,132.35412157651368
EK202310122877,123.57467447685652
EK202310128301,161.0141781540039
EK202310121029,145.6379998032473
EK202310156904,135.6808383459952
EK202310228463,150.0213393208854
EK202310197399,133.72363751566263
EK202310210314,142.59360289961745
EK202310114247,136.3671617469638
EK202320005931,181.05954906226026
EK202310129928,161.20685466966134
EK202310213491,133.0914551162574
EK202310117524,177.0607257422916
EK202310118755,139.7237162194192
EK202310184404,128.20024095537664
EK202310227256,110.6463757316941
EK202310179166,122.79184915431347
EK202310136432,133.4020899568494
EK202310176274,132.89813820178526
EK202310151297,146.87664302212175
EK202310125109,138.24731228815176
EK202310116780,140.63839031951736
EK202310135569,131.8485764085207
EK202310134565,133.14771997548107
EK202310186448,141.64695046414363
EK202310178115,130.29405426786963
EK202310113148,147.74089785689915
EK202310228489,138.45540838748371
EK202310179723,125.01082792280138
EK202310157269,149.41223146826843
EK202310199275,134.27781953297475
EK202310233646,152.44531190168743
EK202310154900,161.4498400647699
EK202310140705,134.90190831637275
EK202310148303,141.26390454579365
EK202310216595,128.41290768593024
EK202310109916,135.6561331208643
EK202310115675,132.87590997803838
EK202310155830,129.80842438675185
EK202310218005,152.23665457670137
EK202310141563,141.40054530701474
EK202310228213,158.45413837562748
EK202310212791,141.2661601974083
EK202310194782,164.13131113928026
EK202310231645,131.68729005577433
EK202310241926,151.94797144702216
EK202310210213,132.5703775568675
EK202310134817,120.50422936517218
EK202310133386,153.76052797842576
EK202310142531,161.57193170691306
EK202310187663,156.01788209840518
EK202310117777,126.35725640229907
EK202310158245,131.57232399651448
EK202310195137,131.36894924672544
EK202310142488,151.02847748128008
EK202310187991,146.30996737529333
EK202310150662,154.85770433245213
EK202310217688,130.87014832990755
EK202310179171,149.87724802947716
EK202310127405,152.54539054085188
EK202310135392,142.35919107434844
EK202310171859,140.37122325297233
EK202310105858,131.76805203200195
EK202310158319,151.465457890165
EK202310230414,132.91135325013866
EK202310118707,137.90994700852073
EK202310128139,150.90608453306857
EK202310186693,148.5633999655467
EK202310179495,160.47000423986015
EK202310199992,139.6713145517299
EK202310107900,145.6841504549292
EK202310139759,146.11354252163346
EK202310109278,137.2432654511872
EK202310126409,127.98430053719065
EK202310207784,132.28865420308833
EK202310236292,152.73192774872211
EK202310154556,126.47504374575028
EK202310134873,132.74468544778964
EK202310132640,145.06813195769303
EK202310228961,135.58310945484388
EK202310185810,141.60931260163954
EK202310149986,132.96261682742485
EK202310131518,152.17200503693215
EK202310121880,150.03732042003136
EK202310191180,161.05101777206164
EK202310177003,145.28514668451197
EK202310215011,168.1378382021993
EK202310146470,139.8409114547371
EK202310200272,166.34238323766652
EK202310172780,131.87730150087324
EK202310225929,142.00004456817948
EK202310145639,129.21648592858085
EK202310246707,140.71821347047867
EK202310196529,126.07562985481957
EK202310232839,140.57467556178847
EK202310140369,157.86687447740266
EK202310141325,139.35069052078916
EK202310151532,181.07449743396626
EK202310217721,128.49979342398723
EK202310189960,166.91375120428953
EK202310132726,131.08410381889735
EK202310182587,156.09533062510286
EK202310216789,163.6629719220276
EK202310187849,160.79616735635807
EK202310234305,139.59951806279906
EK202310142640,128.34903112206513
EK202310211367,141.36030286485965
EK202310237820,140.27467059294344
EK202310128311,124.927766905653
EK202310234908,131.0795310362502
EK202310104928,146.37602659887972
EK202310124402,127.52143013914284
EK202310170954,131.17552297755324
EK202310238908,138.6866110818538
EK202310138176,119.80269099720911
EK202310150598,166.70170067983196
EK202310108952,155.06771956700953
EK202310147721,127.46831523915273
EK202310164148,143.508126729806
EK202310164879,134.3026699725324
EK202310170715,153.55672706685414
EK202310169418,138.05685346254887
EK202310133466,140.1434813227735
EK202310133903,130.6132955158245
EK202310204671,158.28386582789156
EK202310156209,153.57299427182616
EK202310243873,141.04473848609695
EK202310134929,140.36497708635235
EK202310216695,127.11540457582186
EK202310158237,131.3832099886493
EK202310194292,143.13359741995322
EK202310103856,158.21256437595497
EK202310126627,167.78585272923965
EK202310121161,131.7950245504724
EK202310191392,144.78246070716048
EK202310245531,121.8612626802848
EK202310126763,138.48569505530435
EK202310161498,160.9471516685181
EK202310112456,161.8720084252328
EK202310191483,151.75726135180577
EK202310140746,140.56882947512412
EK202310175247,141.40497816248268
EK202310112978,137.6424889264273
EK202310115781,118.69198796886445
EK202310150028,127.41719792499325
EK202310204581,151.01242959090942
EK202310137480,144.16522655525299
EK202310191514,142.56867445528195
EK202310201678,142.47967090436535
EK202310117265,138.30654601861482
EK202310112369,117.47641594688068
EK202310208647,147.0203858242673
EK202310142602,141.56322309643164
EK202310113073,135.20418021610817
EK202310149092,126.91152895697884
EK202310162989,134.1374653784821
EK202320006610,146.62362123350778
EK202310177443,133.79568745339648
EK202310104850,107.96148380623006
EK202310126368,117.1482269786748
EK202310248204,144.76533709066743
EK202310190956,145.8606946480987
EK202310110980,123.95677283850684
EK202310154273,155.88997823751728
EK202310242223,145.7826436869676
EK202310117698,128.7311714547889
EK202310195417,156.2230540789775
EK202310145942,118.05514257869544
EK202310152887,168.94193275648738
EK202310169297,161.96947830676368
EK202310221863,114.00055510891592
EK202310199131,129.51882773172323
EK202310185529,158.38964753154255
EK202310113311,121.87907082374953
EK202310209762,137.12491407907186
EK202310164806,129.46833115878678
EK202310134642,126.74232932930272
EK202310146968,134.980735567566
EK202310107027,134.86575270053137
EK202310226716,145.7879539908992
EK202310243795,139.40793526541336
EK202310138740,138.40175487364053
EK202310144607,123.75474499666707
EK202310244471,133.8338740425196
EK202310159052,145.36091119587172
EK202310123055,144.80121540429536
EK202310113885,134.07985828610353
EK202310199531,130.6616493424273
EK202310236118,126.76222447067845
EK202310137888,136.3794342452942
EK202310215531,163.7432532111377
EK202310185054,150.1734169915176
EK202310129573,142.37033722435882
EK202310163633,150.81733060032974
EK202310202282,153.9525287283888
EK202310143694,133.42581488280678
EK202320006080,159.56120774395288
EK202310232132,134.97097506181296
EK202310138363,160.39183025721167
EK202310193434,131.31244597747906
EK202310175511,157.0038926983947
EK202310133748,125.78480268192389
EK202310106718,141.46658513313403
EK202310188899,148.5801015659884
EK202310232574,156.22488258077962
EK202310212172,141.22380929958888
EK202310190446,137.56679773415988
EK202310113384,138.63939051135338
EK202310181368,163.97089251038494
EK202310003999,128.17365471819468
EK202310141115,145.62693986956353
EK202310109981,162.16118903660507
EK202310166769,126.91548286636738
EK202310138115,137.43942335793483
EK202310128203,165.92830340831514
EK202310206649,140.3926447188614
EK202310110780,147.0411130514782
EK202310240635,129.30649913836461
EK202310190614,145.3653475958352
EK202310129881,154.1132242700833
EK202310127835,139.18787046852677
EK202310121093,121.18261198882894
EK202310150408,114.86235029913145
EK202310164894,141.04959204455395
EK202310109584,144.88275443434813
EK202310173464,147.28847530556095
EK202310204837,152.9202613287813
EK202310152348,180.59400359257327
EK202310164097,142.78577200065897
EK202310127163,155.4606815569772
EK202310244695,151.38426535835274
EK202310229812,153.83721332142022
EK202310134538,138.8053446272272
EK202310210536,156.47331996923424
EK202310140667,160.8981904260855
EK202310141775,134.55650398328532
EK202310214180,146.59140064788807
EK202310164023,149.34633393393165
EK202310173588,128.54006222146182
EK202310170905,125.86030365324801
EK202310114396,149.1412647167756
EK202310183841,126.49785140296191
EK202310201453,152.93475074589924
EK202310113439,150.69176592055342
EK202310238212,124.8089021638369
EK202310127261,147.13796095997472
EK202310238188,143.34025625422993
EK202310206294,152.68975688749163
EK202310144833,145.56906364586038
EK202310211732,129.28578470470032
EK202310224752,161.30256171859938
EK202310193699,147.79076645240877
EK202310143520,144.9272343881146
EK202310115211,130.95134407970056
EK202310164360,145.84505419321917
EK202310117381,137.32410795027693
EK202310229483,131.23973147160046
EK202310188649,152.9967761462787
EK202310200724,139.9863891085295
EK202310144431,172.45376231403736
EK202310133572,140.49466082872027
EK202310208802,120.83286499247743
EK202310248659,134.42156623882428
EK202310131585,129.39806028134214
EK202310233777,174.09209407588384
EK202310129212,122.70478841767287
EK202310155799,144.98883142437745
EK202310229572,130.07944836734893
EK202310128875,125.33964044429854
EK202310148223,158.6253976467265
EK202310142900,154.62507472550897
EK202310183384,147.49446501207763
EK202310111421,126.21303271016174
EK202310212086,141.2056318615485
EK202310239476,130.11407505813176
EK202310131957,157.014195697122
EK202310204264,173.08534662118814
EK202310178704,159.88827767567588
EK202310227864,106.9525284238704
EK202310169538,113.70319194583465
EK202310173784,177.665606625977
EK202310216416,151.27875377098493
EK202310196443,158.37572380785696
EK202310214690,138.39122222255156
EK202310224533,138.20900519362525
EK202310171089,158.9744927343308
EK202310213256,159.40376152973266
EK202310136488,135.28482761449442
EK202310199625,149.79664169719453
EK202310171589,147.46181345409894
EK202310226351,149.31727784105723
EK202310106984,146.31208702469002
EK202310212070,136.00255420571315
EK202310183076,156.4624862163331
EK202310232081,139.1527668686508
EK202310126981,138.39951924026056
EK202310154523,155.5641208549555
EK202310184085,140.0162163857666
EK202310170300,149.4168633088013
EK202310218531,158.4533997074908
EK202310206452,173.84885348340174
EK202310004184,113.27730158613356
EK202310177618,128.4189353228417
EK202310222352,128.88762616468338
EK202310106506,139.5840004263234
EK202310186819,157.01280632551033
EK202310140723,123.96210320379551
EK202310238611,135.02688007377841
EK202310120555,122.73207627317139
EK202310147094,145.08431023499352
EK202310155462,134.59722092326115
EK202310105723,160.34871654187754
EK202310136398,146.47260148102077
EK202310233819,149.63132732200148
EK202310133289,137.9474437813123
EK202310230003,133.82319501974894
EK202310144991,139.4840597333277
EK202310172964,157.70923932472817
EK202310238178,155.60334062510645
EK202310126938,146.3751635759034
EK202310231506,116.59119955550001
EK202310190088,136.05427673346716
EK202310172578,145.80863238315862
EK202310153732,148.06206651760198
EK202310179604,134.8620734519594
EK202310129682,141.08705875792148
EK202310143507,127.15524926342285
EK202310155560,136.40136649645422
EK202310127202,166.74862406176993
EK202310143252,137.78904462538728
EK202310217653,128.68004806358806
EK202310173062,158.54124605460458
EK202310105294,148.59368793165055
EK202310117821,125.80616301202487
EK202310215199,129.27948384695236
EK202310241483,137.50704888812683
EK202310174150,156.98862844908092
EK202310219893,156.52132413037236
EK202310219552,132.89953895131876
EK202310136028,133.3704811749262
EK202310225636,135.37968678280254
EK202310150738,137.0756367916936
EK202310176837,136.49281253569865
EK202310172368,134.05897822662297
EK202310184904,159.19740790090515
EK202310191265,132.93466447764303
EK202310144201,135.62494556416829
EK202310139926,136.138248123987
EK202310133343,151.1709907334171
EK202310193942,129.549223761247
EK202310181626,155.7432361288084
EK202310138065,114.41175512264876
EK202310175111,138.69670599603987
EK202310242001,144.9826791130924
EK202310160431,129.37884694696757
EK202310169578,149.32694476586417
EK202310137385,138.1642317786212
EK202310136468,140.05723801618865
EK202310158374,146.13874513329296
EK202310108318,133.25982865254977
EK202310122270,125.2187818053456
EK202310144491,159.2108492106108
EK202310123031,118.30390626337113
EK202310155418,142.04991297483127
EK202320006341,162.12373376916565
EK202310110341,139.25473500163994
EK202310103961,153.38611922210566
EK202310003695,163.35438724139476
EK202310200040,134.1861003159236
EK202310119278,163.34543333238594
EK202310174626,163.30925094486338
EK202310153937,145.39669351235796
EK202310189548,181.16213189356137
EK202310149005,151.0584084217535
EK202310184006,175.62673715282233
EK202310129614,138.9076978576905
EK202310178276,152.47076321158286
EK202310124293,145.75546166865695
EK202310199434,151.53854723835977
EK202310111178,141.19518895734592
EK202310143329,164.12751506648075
EK202310229141,136.83141091286325
EK202310225446,125.97501066299733
EK202310133140,158.33389940257752
EK202310204388,131.4699393366249
EK202310127528,142.45629191135757
EK202310175944,142.8882754542222
EK202310205185,156.87471175782935
EK202310220142,159.4089977155014
EK202310188984,140.66385564643042
EK202310117484,181.86639236264566
EK202310222387,144.72342584466034
EK202310238376,133.07794670760103
EK202310190275,154.34109164885584
EK202310127517,143.2883762866215
EK202310148647,151.85711259425048
EK202310144619,147.4427477336945
EK202310172144,141.5981490056257
EK202310105902,142.47905340170715
EK202310169293,139.90955608763872
EK202310231168,132.91766861476665
EK202310147200,140.15195384306674
EK202310193258,140.41011265152142
EK202310134686,162.5415802846876
EK202310184958,164.40677920900634
EK202310172029,156.9085691849613
EK202310199176,141.95895085846422
EK202310232628,130.32782025959577
EK202310230800,145.74321704844985
EK202310169188,186.56149386867577
EK202310143652,141.14550680596741
EK202310210776,129.85110672081447
EK202310243268,126.8178267232937
EK202310219929,147.03147077702917
EK202320006873,148.47631188046014
EK202310142750,153.7796454340379
EK202310105033,141.81082016913066
EK202310171957,145.2363181491553
EK202310167819,149.758056098772
EK202310224575,137.09539782819215
EK202310218984,136.9302985694518
EK202310148378,174.79183465375348
EK202310124296,128.88851106947163
EK202310153505,117.12119766239088
EK202310202475,161.9473157285662
EK202310105768,145.79644989357317
EK202310155150,160.64070717056507
EK202310131403,153.5012710397661
EK202310236965,133.0019391176877
EK202310128158,158.42322366011845
EK202310244898,123.34543347135005
EK202310168438,164.6445471944256
EK202310191063,127.5819939038271
EK202310247883,157.78212141439403
EK202310144879,139.09147830435586
EK202310248004,182.53568149151232
EK202310129311,178.58264528355048
EK202310159341,135.0415344233068
EK202310186599,128.5023381280391
EK202310003714,167.45650187206573
EK202310141937,149.78802686689767
EK202310141516,140.00334960898593
EK202310211399,117.3178758183672
EK202310133332,129.23925523458146
EK202310245637,145.5822032361674
EK202310195191,121.5214866463364
EK202310120028,145.45118514338776
EK202310238137,145.63532175453437
EK202310155822,127.56822286933901
EK202310178814,159.19773664596633
EK202310117251,135.317583969071
EK202310134938,153.73032700075635
EK202310209690,133.1387012999679
EK202310203758,133.98606499619223
EK202310115669,136.1566355172633
EK202310104134,147.9450143136792
EK202310145861,124.40779255188376
EK202310150671,133.0019750925569
EK202310240589,140.2498585873492
EK202310212301,138.44515761935088
EK202310142614,147.57339337395533
EK202310141457,138.46100506375618
EK202310245972,157.2270335343115
EK202310150051,169.9867233053135
EK202310170670,152.46340136568813
EK202310211033,139.59731570117677
EK202310206028,152.6614506802312
EK202310116009,140.54560446264546
EK202310119459,157.469394416748
EK202310205201,149.30478318102985
EK202320005999,155.75969785686345
EK202310137068,143.44096386780816
EK202310125205,141.16924873894163
EK202310111843,118.63576267752859
EK202310155744,149.20119062022445
EK202310189271,179.38232432173976
EK202310200042,137.96805714890525
EK202310234396,123.6499392886152
EK202310203600,146.65471994368272
EK202310206171,141.8642859383782
EK202310206072,127.1968038911107
EK202310163819,159.0466685669521
EK202310241837,155.05769852251564
EK202310122958,124.0638413915179
EK202310143934,168.5603326334388
EK202310108166,154.63617167332626
EK202310157169,165.9625588579184
EK202310152923,148.58481084485706
EK202310194312,149.04491409784666
EK202310176406,148.52272386254285
EK202310150358,159.24703289517595
EK202310219917,136.8994243884932
EK202310196050,118.5000541754695
EK202310199317,151.85371587027936
EK202310214061,160.75038059677834
EK202310122593,136.9373528316162
EK202310244955,142.1950873826682
EK202310156822,139.4801715128414
EK202310207476,132.77467632211815
EK202310158934,144.85119098783252
EK202310201930,158.268227782584
EK202310119122,139.76510588142312
EK202310196169,158.0421410955596
EK202310201449,153.90266496389444
EK202310130630,131.62437305426118
EK202310216667,158.38951324540776
EK202310109941,105.06980788390196
EK202310200400,147.4564316158378
EK202310137456,154.17320672268897
EK202310196853,140.11568323913016
EK202310215704,137.02554041674418
EK202310135405,137.58755539079664
EK202310169616,124.09527705920542
EK202310216148,130.42490163427564
EK202310243354,137.8275525647242
EK202310228967,140.38502102450528
EK202310243234,146.51082293465515
EK202310192532,184.63140369879275
EK202310214813,147.83948571122147
EK202310104914,147.3589203416117
EK202310153816,137.4817716038279
EK202310202614,136.66249577748007
EK202310210862,150.35651086039167
EK202310170135,141.89394640393786
EK202310188088,155.2760232922925
EK202310221249,151.00015632293588
EK202310232182,132.20686513664015
EK202310185589,130.30266417108962
EK202310220140,157.4976419445308
EK202310151225,136.90695601605054
EK202310120905,158.01371628774967
EK202310125281,142.35813466586552
EK202310129594,149.08816476423996
EK202310131652,149.73082236339695
EK202310178780,149.84918813295417
EK202310199546,158.36308939635413
EK202310184333,119.7869147016909
EK202310129518,145.24765346955448
EK202310125847,157.89189941149218
EK202310146303,151.71024695597342
EK202310175806,128.88530748298535
EK202310220347,146.57890528537882
EK202310225734,135.67693088816986
EK202310240284,140.97805739632415
EK202310114155,151.2308825711708
EK202310208667,126.53568003779696
EK202310247128,171.77859810236802
EK202310218283,159.0695443742603
EK202310227443,134.1813221127293
EK202310157358,157.4525934009062
EK202310205155,140.94604900828523
EK202310189640,160.42359168030072
EK202310219047,118.46399873675364
EK202310155307,119.3391773953079
EK202310190346,145.8078482453158
EK202310186825,147.1597257119368
EK202310203583,145.66520721426477
EK202310122872,125.99267846951956
EK202310223579,129.11941382820157
EK202310134595,173.16200493058693
EK202310199315,137.51093341639094
EK202310197280,143.00437154478672
EK202310105445,144.72238617895474
EK202310170127,136.86304595129712
EK202310124087,131.5622707339092
EK202310186812,142.8309524716226
EK202310175470,146.23753944801737
EK202310178249,152.18283410191933
EK202310246428,127.32827619353452
EK202310206906,164.76728633442906
EK202320007523,183.42992136741333
EK202310106696,104.68374352145334
EK202310139497,172.86450756237807
EK202310135104,129.9998461616854
EK202310165444,156.20182555438953
EK202310150670,155.63766858859935
EK202310141326,142.74980878389297
EK202310206479,128.69649540235275
EK202310182003,171.91010692171102
EK202310240148,158.39807645740322
EK202310246934,159.67010107676845
EK202310157908,144.31279171977383
EK202310233790,143.12124788456646
EK202310227231,153.1459677617379
EK202310104197,129.38119937819872
EK202310003919,148.09599573157223
EK202310134161,117.4347862390542
EK202310132637,144.23246388279063
EK202310112692,140.4407662991253
EK202310004804,136.6124054758034
EK202310188449,151.548784114153
EK202310161514,147.1250550076079
EK202310121257,136.8663345334861
EK202310165460,169.47485631438158
EK202310246582,133.50499874602005
EK202310182549,143.26792047488672
EK202310153021,142.34889830090705
EK202310155857,139.70050090345512
EK202310112710,126.683291796465
EK202310193527,135.10229429651963
EK202310210851,132.44376300147306
EK202310166991,150.4837830823428
EK202310153617,152.9330249887165
EK202310162029,146.41531651636555
EK202310150898,134.1792946328816
EK202310119566,146.40938032238114
EK202310172046,154.28040444240378
EK202310113364,159.2131736024403
EK202310104697,152.51586215670886
EK202310110438,132.10241113712058
EK202310139792,145.67101375944424
EK202310108044,129.4491698452711
EK202310191154,146.7328734354236
EK202310162199,132.03672626089232
EK202310159050,147.90515543612415
EK202310127404,146.79172197852753
EK202310216583,136.00893901717873
EK202310233658,158.55855187276978
EK202310141492,131.13169845569138
EK202310203883,131.3354555647504
EK202310219043,171.40369348894683
EK202310145653,134.83257094911062
EK202310228503,133.25920193903906
EK202310179347,115.47410674992514
EK202310132009,148.82895784341432
EK202310212361,133.0279725089655
EK202310124879,140.49450919809297
EK202320006785,174.5215713967169
EK202310245990,124.57863526948033
EK202310177823,169.9908926068073
EK202310229376,131.89862465949585
EK202310181146,114.67507339758073
EK202310201989,127.55141619571165
EK202310192148,150.19476509598422
EK202310185865,129.4952461098934
EK202310149322,143.09416752009759
EK202310154759,149.7591417281406
EK202310142366,136.6919642967895
EK202310225136,157.96347758800863
EK202310140657,131.67582765751266
EK202310181056,150.62502393103776
EK202310147652,167.51101186866782
EK202310195069,138.6416914982339
EK202310186330,150.4272778637798
EK202310170880,141.88535855784392
EK202310104902,126.0452011838513
EK202310137021,151.80526354656797
EK202310112219,151.66744324650045
EK202310114567,142.7101778106157
EK202310174050,154.17300379343462
EK202310146459,139.54665127445028
EK202310125401,137.6356250459849
EK202310232042,140.92410934697384
EK202310137842,135.74553605427687
EK202310235166,140.72390973127386
EK202310123303,130.7817385962435
EK202310204672,149.51758468143348
EK202310147206,140.72969763807436
EK202310165103,174.95869867714833
EK202310246536,146.56359450694592
EK202310204665,123.04846746871983
EK202310139971,159.42559242512348
EK202310230726,119.97830175626648
EK202310217044,125.68168646458663
EK202310175720,141.89278960748425
EK202310208548,127.93686016599105
EK202310213825,145.64366377886728
EK202310196825,134.62426513874786
EK202310117004,136.50237674345752
EK202310164666,150.81708219122294
EK202310195792,152.69239250686303
EK202310195121,132.8634477421562
EK202310188217,149.67101041889194
EK202310178996,134.40308546297646
EK202310107580,143.56336653967264
EK202310163974,157.27990479659687
EK202310237799,136.1140754574517
EK202310232053,148.66196163477235
EK202310178319,152.8193353896892
EK202310126202,112.47610703663895
EK202310227911,132.04885276544516
EK202310109084,139.63199344854283
EK202310143067,139.04844630734905
EK202310206930,155.96655703939288
EK202310201884,144.6855187294951
EK202310130641,127.71577491335199
EK202310157121,177.87614431461333
EK202310220877,125.14389783424538
EK202310149540,143.46956151398302
EK202310169600,125.15555750521519
EK202310163175,171.48834564873908
EK202310106277,138.82711830882084
EK202310209667,136.10821705897717
EK202310119877,134.1199349478511
EK202310204499,143.7219721509098
EK202310190780,159.19287217090397
EK202310115565,140.45515985584115
EK202310195056,146.5467327365857
EK202310111373,179.01723922826181
EK202310161299,142.78192203121998
EK202310245424,139.00710050259772
EK202310246906,131.4923098220922
EK202310120316,139.14006400175438
EK202310144965,143.2237556448233
EK202310211133,131.0520997984571
EK202310167406,145.3134500826161
EK202310162901,140.77637151956316
EK202310107075,130.08039607403805
EK202310140916,161.52372293815017
EK202310143120,161.47767958465397
EK202310114506,130.742715671731
EK202310175480,151.54684275856212
EK202310118790,125.8631719731624
EK202310169280,141.8123670273525
EK202310129297,157.20368080969098
EK202310198282,128.29755165148092
EK202310240512,149.78850433172414
EK202310192236,127.07939770387858
EK202310177577,153.19945099087036
EK202310161068,158.9536635599596
EK202310111934,126.21403222278147
EK202310155260,128.84845437566557
EK202310124483,149.21227158350322
EK202310155315,143.85309083729618
EK202310123325,134.27067745041762
EK202310149045,160.56575181800454
EK202310222163,122.28649516498609
EK202310108935,145.75845598078828
EK202310188397,148.4839287643754
EK202310110895,151.46998520767926
EK202310146042,128.2241217710595
EK202310116291,133.79126710965136
EK202310214128,162.05487774662623
EK202310122572,142.04933732242847
EK202310246206,134.99375466166092
EK202310190227,145.82166890263815
EK202310137442,153.98474546720567
EK202310240613,140.0785930222344
EK202310171036,138.1367827558973
EK202310165619,177.7698191841715
EK202310135508,159.5151462375484
EK202310203859,124.78261683184158
EK202310208937,129.81717339017217
EK202310190964,142.33200521280264
EK202310157232,148.96475715798118
EK202310233329,149.661712098522
EK202310004857,132.46132323443248
EK202310114112,150.16296338245357
EK202310231381,146.13512121680932
EK202310183273,153.2406417866855
EK202310198133,129.8506113457103
EK202310243118,135.25135543907447
EK202310179772,159.9370527085709
EK202310177045,145.76647829822963
EK202310129608,144.65225395394424
EK202310146699,136.65702128370407
EK202310118550,140.97970629852256
EK202310236716,132.10204835234896
EK202310225924,151.14658832871552
EK202310137908,128.66968860990374
EK202310136472,146.51354725554916
EK202310227498,158.3845385180603
EK202310197540,142.9028232593493
EK202310177606,135.90302169964923
EK202310233230,143.59257172662848
EK202310129471,158.241658777022
EK202310240950,141.89087924471298
EK202320007590,160.06875346216287
EK202310163887,148.99064537356904
EK202320007425,172.6233223101954
EK202310127560,170.52001379095626
EK202310155824,142.53561496899883
EK202310187346,128.45322084824898
EK202310200413,133.9700470134685
EK202310185717,151.28480149351674
EK202310217975,121.69745216504518
EK202310216468,145.31482966793868
EK202310201451,151.92849180745515
EK202310187386,156.08915325173052
EK202310113263,142.27562877787037
EK202310129498,140.46692435278362
EK202310168744,167.34854632449614
EK202310142626,158.3764407133915
EK202310190880,135.8815219091466
EK202310131573,152.88117744742618
EK202310220638,135.1336985784489
EK202310207069,151.54733743979182
EK202310116824,145.1946138626711
EK202310231727,138.36804637298502
EK202310184770,147.8987598759863
EK202310197350,153.56888045536
EK202310147966,153.53462397966703
EK202310160556,148.5956336536357
EK202310242942,135.62019020648964
EK202310207659,167.23503996529598
EK202310189516,137.58092578437729
EK202310214218,158.42480361549462
EK202310105070,140.8629078113517
EK202310218843,151.77374499532908
EK202310163176,158.21071177659638
EK202310109656,150.22501120036367
EK202310004202,135.04737842645508
EK202310203545,156.75699478934416
EK202310153518,125.02051091204795
EK202310119723,143.30858744657056
EK202310122303,136.59296091653127
EK202310113636,149.10085818767638
EK202310216948,130.29704551140517
EK202310154167,135.80261310065043
EK202310122355,135.94046450186784
EK202310150417,110.9842139967514
EK202310218226,140.79980632792166
EK202310191370,137.0893082863653
EK202310146010,137.14298510261972
EK202310242320,142.06597667519446
EK202310182162,162.13346182097894
EK202310129315,144.9705261776313
EK202310106705,148.1618016905315
EK202310240258,137.59286208621174
EK202310241039,156.794306909662
EK202310204816,149.1843658001755
EK202310142491,131.27295848549153
EK202310200125,147.10081757299272
EK202310111662,134.91275015912052
EK202310141792,149.01398328542626
EK202310242215,159.23469796598062
EK202310227322,168.80320568828913
EK202310206010,128.70745639928114
EK202310220576,132.98084046698034
EK202310169744,148.53518125270915
EK202310236130,164.8035562933796
EK202310117603,135.13383248972747
EK202310164018,136.75595073586544
EK202310173758,156.69280072984895
EK202310169263,136.8090120296394
EK202310220742,126.84253909051647
EK202310234928,171.4541843771274
EK202310133036,127.0745942475446
EK202310134185,143.24117618382138
EK202310185530,149.0234840192795
EK202310218330,152.71869772516828
EK202310220164,138.81377280356867
EK202310136625,130.33216014521548
EK202310190327,127.95378308526485
EK202310156810,127.98021944898802
EK202310235883,163.116658642152
EK202310135135,161.87645418524266
EK202310232747,137.2850691368504
EK202310146074,135.04908659632866
EK202310170263,149.35786945694912
EK202310117439,125.3467391598384
EK202310155695,134.8519033207822
EK202310180749,108.87298721559871
EK202310165733,169.20737662432185
EK202310122820,143.66629974334623
EK202310132148,159.30695362823639
EK202310174037,142.31505908930149
EK202310116351,136.89981811400773
EK202320007454,162.6104463841097
EK202310126404,134.03739973734702
EK202310179147,133.97977374770926
EK202310119107,143.16630691021464
EK202310232208,130.74444509455236
EK202310146308,154.24738739935583
EK202310221836,169.60774348874526
EK202310241730,143.94830185277073
EK202310126972,135.47883765164522
EK202310190112,157.54685520655266
EK202310189550,171.45241249712606
EK202310167601,151.27089733724827
EK202310129178,157.53116186558742
EK202310208362,132.77153660665192
EK202310108633,128.7734808791103
EK202310119330,124.2271829781195
EK202310241595,132.8054368946497
EK202310133580,167.4467574385358
EK202310184140,152.02440220161495
EK202310243629,148.24329643192672
EK202310240837,122.4138210908446
EK202310133514,157.40557115218235
EK202310248438,141.21052178691812
EK202310144323,135.21390357245505
EK202310199263,157.83497737956498
EK202310170561,148.04875748450254
EK202320006441,162.42668447678324
EK202310156158,143.558244986284
EK202310160966,122.3679789628327
EK202310170924,141.17201376209312
EK202310166196,159.12112069492053
EK202310180519,155.67786646982785
EK202310163021,123.83287779267954
EK202310217277,140.66456976893213
EK202310182542,143.0970179974611
EK202310187706,142.33911069738008
EK202310177424,153.51167447486048
EK202310116469,130.59410998395612
EK202310126864,151.39472405987487
EK202310171044,137.3118389278863
EK202310159422,150.34223153053722
EK202310126564,172.04461241705695
EK202310136978,131.55513687658123
EK202310227254,142.44784102610967
EK202310241407,143.47897758536726
EK202310151596,159.91667929332786
EK202310143155,135.32100957482078
EK202310003368,147.9658446488657
EK202310225579,139.38504533569804
EK202310142662,125.12229876168396
EK202310124623,160.12738512915223
EK202310117099,145.71245745044072
EK202310209488,155.6910153308479
EK202310218949,154.52780658013958
EK202310163688,139.04929516510816
EK202310233616,141.59890195804795
EK202310181063,157.23684487132107
EK202310122017,147.15810528692128
EK202310232279,128.64496354637168
EK202310188255,147.63509022956134
EK202310222087,138.34328550178225
EK202310235863,139.5914067058814
EK202310142201,162.74224359360431
EK202310142028,129.89951003655148
EK202310105750,130.09025116343673
EK202310192986,149.04541936228983
EK202310183238,145.13634757200145
EK202310184211,142.55108089561077
EK202310114501,133.6173425811661
EK202310183815,144.3703382394774
EK202310239065,139.14101643268134
EK202310203010,133.04793720195977
EK202310119934,136.53714577528044
EK202310245690,131.33177951137068
EK202310228481,133.12402920145826
EK202310115026,131.51836924962393
EK202310227715,131.9030742967468
EK202310147211,142.8779235940893
EK202310112774,149.3968518686577
EK202310213753,150.46442693029394
EK202310115799,134.31927557978804
EK202310158491,172.39142593146283
EK202310224855,128.78003369045086
EK202310175378,156.29990868583417
EK202310120852,136.36059436753027
EK202310115724,124.15817984578028
EK202310188278,157.96226021090132
EK202310218258,128.9285131533886
EK202310187357,133.72323080265102
EK202310170314,141.74647769635192
EK202310219875,137.54859557822695
EK202310198138,146.1344907652094
EK202310238879,160.48649939480623
EK202310179039,147.3794438004819
EK202310221294,120.45092294784516
EK202310181636,142.6986248104226
EK202310180030,121.59698766052145
EK202310188261,150.0497120130487
EK202310109627,148.34600151065604
EK202310218359,148.99339431628857
EK202310221160,121.20106791163047
EK202310210517,140.2590131806371
EK202310231490,114.5246781522055
EK202310142904,156.75934162769664
EK202310228183,133.20639936883825
EK202310190608,138.01816894371996
EK202310229652,140.65633044950113
EK202310201677,152.16864762562918
EK202310161948,170.89272938558284
EK202310164852,133.0142749455281
EK202310130019,153.08705201131377
EK202310137201,159.30298435031438
EK202310199958,145.26607652454902
EK202310168651,171.6791317646459
EK202310163750,138.5230746780869
EK202310164255,161.0783248358734
EK202310112200,143.6067380328139
EK202310226582,126.97994499799294
EK202310150983,131.16955926430296
EK202310117868,133.40586788756903
EK202310104519,134.8086186193773
EK202310112900,144.21668004927795
EK202310175950,142.4258194584762
EK202310132832,147.51648406398897
EK202310177022,146.0531754296173
EK202310224847,153.02100635823996
EK202310220893,135.0658767265585
EK202310140282,137.83920168621327
EK202310140130,155.4854878313479
EK202310111884,132.17613414925157
EK202310169119,140.6856259643216
EK202310114003,151.38918458338165
EK202310204840,147.4370972042981
EK202310227423,163.67669156585058
EK202310243266,140.38078168121018
EK202310224568,134.40313325965056
EK202310129159,148.5127221889292
EK202310216851,143.63431301749
EK202310173637,150.59610815826403
EK202310137694,144.88147029215355
EK202310224949,149.78555469615827
EK202310182755,181.08429169441118
EK202310121872,127.00306001368011
EK202310199590,142.17908843698507
EK202310237216,149.05339935651264
EK202310152666,144.2040844715972
EK202310119202,150.06721131645278
EK202310154055,133.86811734212617
EK202310131194,131.91765986198294
EK202310205515,132.57442575344086
EK202310226482,134.5401395885946
EK202310131717,160.40593635104298
EK202310116461,133.15905031391313
EK202310209370,138.89489089243756
EK202310112844,126.96825244884946
EK202310148195,143.00919201263787
EK202310205500,114.92261948198436
EK202310180785,168.6396263160081
EK202310114659,144.8480549878912
EK202310206704,139.44377682276325
EK202310194100,127.85818387656344
EK202310192316,133.9903744807787
EK202310227158,149.97673738839785
EK202310210960,127.92822291794505
EK202310201569,163.3255507156739
EK202310208440,144.31771220578852
EK202310159738,157.98053116291544
EK202310167571,191.23243351519136
EK202310133506,142.57273906007143
EK202310206074,179.5174171085207
EK202310189737,150.2028292326421
EK202310168575,160.76168378177002
EK202310159786,152.34502966341734
EK202310241528,141.01030894324148
EK202310135551,154.12229973827144
EK202310154421,178.44277756834862
EK202310229939,146.07336144258448
EK202310199977,138.1928275710783
EK202310212346,130.41320643033592
EK202310240842,122.59141821667424
EK202310188648,142.8445431350873
EK202310204867,141.3550241136706
EK202310221803,136.61509587016906
EK202310216991,116.23790315977118
EK202310234267,143.52129640107242
EK202310164050,146.18453130654453
EK202310160606,118.56162060222024
EK202310163801,153.56672332928827
EK202310202607,155.37817715941245
EK202310211679,139.29226307871727
EK202310161289,134.67422446263174
EK202310216723,133.4167917039588
EK202310241675,139.55012605287487
EK202310227693,148.79913814534828
EK202310153006,127.30061429404402
EK202310152517,129.29132956857526
EK202310119296,162.17818029707513
EK202310135167,151.60180632864703
EK202310129365,146.31593825683098
EK202310224938,139.85088902668107
EK202310246031,120.2749313295949
EK202310227934,146.3660820964902
EK202310155888,131.673779598102
EK202310112003,144.00612895903527
EK202310110042,140.26617535343337
EK202310202481,143.86087865967536
EK202310119852,154.96735391331626
EK202310191910,154.48603425925083
EK202310208404,129.5477477815857
EK202310175620,136.30948638243302
EK202310162522,156.2871474964407
EK202310141148,135.18863558179356
EK202310173552,131.37684024790897
EK202310235762,128.24478604849534
EK202310170630,133.41245145316915
EK202310215013,167.22101279210221
EK202310233350,127.66565957381968
EK202310189297,176.7029798291751
EK202310201145,168.63286269350158
EK202310128701,126.17015950441959
EK202310135409,145.48223449462523
EK202310117705,128.68866699512054
EK202310122677,144.44277024787087
EK202310193307,156.552684993521
EK202310150126,164.56203119241778
EK202310203066,144.91489489206802
EK202310243263,163.81568655772432
EK202310147744,143.2065062847276
EK202310115839,132.07506467519264
EK202310120766,161.44237563327522
EK202310141591,146.1459946652206
EK202310171912,148.58322854799565
EK202310105341,137.86048068609398
EK202320005577,171.02220081372977
EK202310168922,163.46121572849404
EK202310241884,129.07182320398118
EK202310231171,125.83089353139084
EK202310160293,139.64125656830456
EK202310177237,132.88669913359277
EK202310003836,135.91932392865257
EK202310159624,138.30305757186787
EK202310201626,138.08706634913966
EK202310109032,160.1114924780753
EK202310139930,145.2741053223228
EK202310004116,124.13443607677021
EK202310186841,145.1421681151229
EK202310118029,142.94006069385998
EK202310239323,133.3429170019159
EK202310204171,113.47704784648583
EK202310190000,151.4405963557273
EK202310220235,138.43380724116895
EK202310200517,138.49020934169315
EK202310124822,145.8838640425102
EK202310206677,161.26534165641516
EK202310173092,135.43593297968982
EK202310140031,145.49048871834225
EK202310118392,161.64256481008294
EK202310241116,146.2326615169044
EK202310162167,128.62365709319062
EK202310165764,126.83988365165023
EK202310109757,150.99248063891443
EK202310166993,135.91360746486987
EK202310178462,157.7549535926759
EK202310236406,124.55136908148691
EK202310168692,124.37351294961698
EK202310221373,162.92958566051615
EK202310144973,133.06775912894017
EK202310125785,118.70855837160673
EK202310187049,139.3057322225785
EK202310216907,132.50845122468638
EK202310129517,140.95218255539436
EK202310195530,126.55039418992095
EK202310177392,175.9061351589653
EK202310224171,154.90614680150463
EK202310195298,145.53626970269016
EK202310196360,134.0407965482832
EK202310197685,135.54183976785242
EK202310127212,143.47577973476734
EK202310194711,150.97977435354508
EK202310134995,169.66739025035787
EK202310215322,138.07010783634945
EK202310129156,138.13848227811607
EK202310194573,175.64798467575196
EK202310107850,157.41120218183553
EK202310224151,141.19152748068421
EK202310236621,130.08933828949398
EK202310240110,141.1751707998526
EK202310151137,167.61613245252812
EK202310245976,134.96019759081125
EK202310201981,134.50280139743919
EK202310128852,131.87472123993876
EK202310105479,138.6529315170738
EK202310134237,140.9134742364312
EK202310186135,145.63627378424667
EK202310126691,133.0413453072912
EK202310230960,126.61314189980124
EK202310167746,143.19610660816585
EK202310220451,153.1551452999466
EK202310187367,115.22192306155723
EK202310211918,145.48151801567076
EK202310218758,131.75241946769523
EK202310170030,152.70490329194791
EK202310182773,142.57389654498195
EK202310132214,135.17428140246233
EK202310004044,145.15968326463025
EK202310210481,136.60389308506265
EK202310233818,136.65822837039573
EK202310134772,143.68118181385623
EK202310190788,156.90781488888285
EK202310245891,171.06105195054712
EK202310152473,149.94582974933243
EK202310173468,133.57693570560565
EK202310134860,152.1937818394913
EK202310219927,153.5143808622318
EK202310242547,148.9548575904151
EK202310190542,159.6939846324275
EK202310248304,141.57563892637927
EK202310234323,150.94321155569716
EK202310116774,144.86453444189397
EK202310162192,132.9939226035046
EK202310200226,136.2397397492785
EK202310223298,120.89163681621018
EK202310131109,153.44844054718754
EK202310170422,131.92243476078244
EK202310247958,134.00864565765352
EK202310150344,137.3100651638893
EK202310186547,161.32750181878532
EK202310159511,133.65301416732362
EK202310107832,119.79437621946836
EK202310157429,139.95199319893584
EK202310206031,136.39496686602087
EK202310153162,152.24169953395864
EK202310246453,128.051964752352
EK202310169465,124.09250914800518
EK202310127917,140.2477205509384
EK202310230060,131.6545304586127
EK202310115986,127.04257411217502
EK202310231341,137.053895250148
EK202310207431,146.01865164083682
EK202310115427,143.20283317993014
EK202310148216,159.15884118079993
EK202310236465,134.32493412160304
EK202310214889,134.29655738205284
EK202310183344,131.16681615205448
EK202310115563,143.08161053260443
EK202310204127,139.11735151977607
EK202310148558,165.46453335211345
EK202310239253,150.2896101614895
EK202310223421,144.22443019891162
EK202310164157,142.6781940419578
EK202310191038,133.56590353956204
EK202310206653,136.71964120480462
EK202310189587,132.45302754303162
EK202320007832,150.70858955501785
EK202310107195,132.6658246820067
EK202310154834,155.34872397655516
EK202310225399,141.90466981201644
EK202310200244,123.66917582183503
EK202310181369,138.5612525676714
EK202310238327,150.97867211286004
EK202310119929,142.24729030192142
EK202310199445,159.601531571014
EK202310167881,140.64649719724514
EK202310134304,139.50001198133535
EK202310206774,160.51210362005708
EK202310217924,152.45832351775405
EK202310114025,129.93468292900386
EK202310153648,141.86589091377635
EK202310168223,147.91751171064962
EK202310217182,161.73530328062327
EK202310228108,154.76355027512062
EK202310106503,140.80623663792463
EK202310132704,145.42377520656547
EK202310146469,138.28481522391164
EK202310190547,138.92747088277318
EK202310131045,120.23787185343545
EK202310120149,145.3613627789659
EK202310188786,145.12950356914357
EK202310164309,156.32777836946522
EK202310141856,122.4559790130327
EK202310174571,156.56331681765974
EK202310191248,143.888030840978
EK202310228497,128.6357014528983
EK202310248650,154.48605917408415
EK202310003518,134.7997299117738
EK202310184477,125.92923790589596
EK202310177306,138.81383393753654
EK202310124268,116.48854283805083
EK202310207962,151.8349012848497
EK202310187364,132.70039651112725
EK202310188630,181.10995054178852
EK202310183825,179.8216000129621
EK202310228647,134.10608737122504
EK202310242814,128.69370989880494
EK202310190403,124.51144418564488
EK202310152077,149.89686700578707
EK202310127706,146.02209300238638
EK202310142346,142.28989606767777
EK202310140834,143.13972807551357
EK202310124143,124.92077232865198
EK202310158418,168.6939258000921
EK202310104315,142.8979107156859
EK202310186057,125.1505170657784
EK202310175318,156.922776268213
EK202310170196,136.79085791809354
EK202310222979,157.74773732395022
EK202310179579,127.2649562364549
EK202310131268,139.32050823840075
EK202310232636,136.5569249520349
EK202310240941,133.01009591264176
EK202310162473,134.77048927378706
EK202310214960,137.6543528469837
EK202310158148,154.8940230543278
EK202310240646,168.26892095067024
EK202310190660,156.22578875290395
EK202310137900,144.61708713325174
EK202310105369,129.7132493804298
EK202310182640,130.37613454959308
EK202310222831,157.1640388744795
EK202310158111,135.3846912484292
EK202310137268,142.75121293026783
EK202310172836,160.98955980665448
EK202310130602,121.44937902028963
EK202310116478,128.48815657753218
EK202310176354,138.6654337115888
EK202310136605,127.42477218309025
EK202310120400,140.12272771534762
EK202310138807,141.26784423434546
EK202310158128,154.52021172245836
EK202320007743,149.07725618273486
EK202310240290,149.14229369400658
EK202310176995,160.92926005773535
EK202310178489,147.2209374351193
EK202310125320,134.71103228801218
EK202310158248,146.55515327881105
EK202310115199,153.01140799218405
EK202310214342,139.21490527038128
EK202310164698,127.30240300433206
EK202310181281,152.0039293683009
EK202310105605,134.93809994329786
EK202310117153,140.27854326591722
EK202310169108,162.77383440502445
EK202310135565,135.2578399682938
EK202310176476,132.58572894143242
EK202310245673,146.22647023991473
EK202310200545,143.7495368518471
EK202310147448,146.45683690853457
EK202310195084,132.31882654836983
EK202310228420,140.59172349039315
EK202310136789,120.23526616311307
EK202310141614,142.4742089271939
EK202310151545,177.30229181283437
EK202310183497,142.85515390433542
EK202320005693,163.24906757633465
EK202310160617,175.64309811707682
EK202310207236,126.63430688556056
EK202310123254,128.0065118765807
EK202310131721,135.01048916420774
EK202310129551,146.0174075564277
EK202310125982,129.79588500994052
EK202310129231,134.73377089421155
EK202310237005,109.63856580303703
EK202310138431,150.01943224740924
EK202310107167,140.1903313787517
EK202310180405,124.87971442841672
EK202310185138,127.34090218854476
EK202310207362,133.81830438131604
EK202310188914,145.8876601672179
EK202310157622,144.40869610026982
EK202310209933,141.46979067337952
EK202310191168,154.8741005137159
EK202310168227,123.44228561935756
EK202310211342,144.8339768093412
EK202310166980,129.17994178637596
EK202310206475,147.88841100017575
EK202310186567,144.85078331168944
EK202310227651,140.13657960023983
EK202310157161,150.96582180095106
EK202310171211,162.95439161928329
EK202310132575,121.82435777437952
EK202310135453,138.65177306470025
EK202310219005,143.5697962812687
EK202310186299,139.04816504465495
EK202310122783,158.9187335226652
EK202310112879,135.08578533582374
EK202310236548,133.2781922329839
EK202310156862,170.4589279538501
EK202310158283,152.26351909225252
EK202310220175,141.67124819417162
EK202310205692,131.11412354160623
EK202310104703,142.48908874763399
EK202310201863,123.63203488809737
EK202310175191,123.48356642451819
EK202310143809,136.02186496294965
EK202310228164,147.2637903892014
EK202310227395,147.93723076648828
EK202310170797,144.44579179157037
EK202310147520,158.85617962449263
EK202310241613,140.15284723002947
EK202310135976,147.81154761931265
EK202310248616,127.06967985450439
EK202310246754,136.3864923258222
EK202310197862,140.25486011495252
EK202310177128,157.06295394424973
EK202310232113,134.68802953141306
EK202310141746,145.0458144236841
EK202310168387,140.47929473938675
EK202310245345,151.7758339086413
EK202310209506,139.33382092589545
EK202310180792,166.43806364810152
EK202310230504,141.3996954038499
EK202310207171,160.90784439344188
EK202310123678,134.75474318109315
EK202310116185,132.93409462264785
EK202310237515,137.00601355536708
EK202310168029,157.24661084033932
EK202310226787,143.1558693493917
EK202310171773,135.5157429738759
EK202310213797,155.72952212572918
EK202310210449,134.19388279498344
EK202310200138,131.92321244551178
EK202310124561,139.2123154966433
EK202310104095,142.82371563803133
EK202310173838,125.51226023802735
EK202310188790,140.1121820009835
EK202320006026,146.90125638602396
EK202310175964,139.54254947161192
EK202310246749,131.8613750312712
EK202310211166,138.03242721509815
EK202310130296,151.30132117655467
EK202310133656,138.61378180262457
EK202310162528,158.61621193034566
EK202310232172,112.70397250043834
EK202310126678,134.7205859851257
EK202310175006,134.12061509138888
EK202310195947,132.60742561145634
EK202310175965,153.9596231954737
EK202310194000,141.61708356900627
EK202310109642,147.41399063812608
EK202310234602,139.5114345828172
EK202310216505,146.97106953250716
EK202310182057,157.27045378605925
EK202310205348,162.90279807804367
EK202310231919,134.07209105551112
EK202310143248,131.37321386023223
EK202310170516,145.49098899227965
EK202310228644,132.29488403311183
EK202310162365,145.1470042684444
EK202310221959,133.85044934992735
EK202310135830,124.19334927302633
EK202310132773,127.55767413882832
EK202310116452,134.89253938672354
EK202310125827,129.53549582506585
EK202310153615,139.32096747355942
EK202310104234,142.77452572643227
EK202310171291,128.88772671975846
EK202310143530,148.49060971460298
EK202310199377,140.76414369526486
EK202310148675,132.83592504224268
EK202310136051,148.25207432665775
EK202310108210,146.0126460088129
EK202310199466,142.2317848953306
EK202310227747,162.12078781574684
EK202310247834,140.51078047635286
EK202310241529,144.75240115811806
EK202310112144,154.56948459011926
EK202310182993,155.88506831606782
EK202310189245,140.92708168417386
EK202310160406,157.14165225563312
EK202310200045,137.95234154087368
EK202310220419,150.7901493531212
EK202310139976,143.04612256285424
EK202310004037,117.82591823298026
EK202310151229,150.74633345236506
EK202310124255,117.79099649268109
EK202310112236,142.495725076417
EK202310169836,121.0490073659092
EK202310206379,161.69703930688803
EK202310237044,138.3140020552714
EK202310156899,171.5909419544135
EK202310135286,146.16124466025076
EK202310233848,146.4277156687395
EK202310243867,131.89192853027436
EK202310193719,153.51390725988006
EK202310115856,123.14400513843165
EK202310152769,124.77966505901402
EK202310208931,145.41456776894347
EK202310166273,144.00586577696978
EK202310174146,169.61200308625314
EK202310216893,143.44910057464952
EK202310200816,158.2010942407108
EK202310117687,149.8475785195888
EK202310109308,128.21733359853866
EK202310130253,158.08536624157907
EK202310129353,140.83928889643573
EK202310232695,131.18969672542093
EK202310168934,145.28238899895436
EK202320006147,173.945966089254
EK202310131865,170.78404881244825
EK202310154389,165.18956647126663
EK202310144452,125.62010052492036
EK202310109772,125.55854475900398
EK202310142187,156.0479988791192
EK202310220392,142.2983721718991
EK202310185327,140.41522523148964
EK202310147396,148.3932184985173
EK202310207907,113.1003002601085
EK202310137274,140.00092768699537
EK202310192264,133.8887831458847
EK202310217353,130.09375725448783
EK202310169024,154.24824126216066
EK202310168820,124.46772131498771
EK202310156728,136.98838543678798
EK202310172897,152.81542482862585
EK202310141606,142.1602821549743
EK202310209150,159.20932546794876
EK202310242727,150.50094373643054
EK202310172918,134.28694896284236
EK202310238608,140.96232982168942
EK202310118817,134.37145758947503
EK202310209232,126.31135427312847
EK202310246528,148.6927339651848
EK202310225110,163.2327437269338
EK202310196139,157.01611494425157
EK202310183805,126.5958901936184
EK202310109611,127.41634687629625
EK202310165156,137.87822605430492
EK202310169977,156.5994606967873
EK202320005840,187.2746945775025
EK202310164548,171.9989312002393
EK202310200636,153.60044531835155
EK202310175371,157.10509052787012
EK202310149850,162.67202084264443
EK202310192563,141.11561159624992
EK202310150786,145.23550516972907
EK202310232852,142.03693492014352
EK202310129104,157.24119151968688
EK202310222400,137.76870385479873
EK202310238847,135.769626034056
EK202310215409,124.6102816874259
EK202310132626,145.4386649801938
EK202310209457,133.4723816841409
EK202310191648,156.4363751906931
EK202310211924,122.14613495345023
EK202310123972,176.5025822518677
EK202320006941,165.84751681722497
EK202310172894,143.8135964005561
EK202310201352,154.70025747735838
EK202310246908,134.9038703542083
EK202310159957,135.7485694263684
EK202310208067,148.28145799743587
EK202310132399,147.46852583307881
EK202310154363,136.337363628663
EK202310190672,125.05661853743749
EK202310191938,141.1298166692112
EK202310190279,155.9459238405486
EK202310205127,158.5138721547878
EK202310202799,120.25414622131031
EK202310169811,168.87114272180048
EK202310131611,138.51647602809925
EK202310124021,133.82533228710125
EK202310105652,130.5410268185282
EK202310133772,130.27451999200025
EK202310222132,137.21833323663117
EK202310187623,135.54866398544428
EK202310138088,142.3411750092132
EK202310203335,135.99225528698085
EK202310139562,161.27093294353824
EK202310239042,149.33239269768674
EK202310231151,122.20062377686821
EK202310142022,158.0378921701447
EK202310227265,139.16272298915482
EK202310122491,151.86540409183658
EK202310246498,134.608797035377
EK202310237745,136.31609758619936
EK202310230083,132.8915680125996
EK202310239818,126.50876190549546
EK202310109374,135.35788280991872
EK202310188938,159.7935760689389
EK202310239985,143.5669318698164
EK202310190536,144.29532371245895
EK202310108454,153.83801932000833
EK202310185187,143.581934140503
EK202310214929,166.0358876776068
EK202310163742,157.66526641587348
EK202310133341,127.17091472927923
EK202310123932,137.13256854633428
EK202310224048,135.82911618862846
EK202310194734,129.1011275496238
EK202310233579,131.38917931976164
EK202310111120,140.1204933722538
EK202310202005,111.33710029515495
EK202310170430,138.2575049234565
EK202310215966,154.1711733952448
EK202310142957,157.81267539120972
EK202310238877,138.26229103084958
EK202310197380,157.90748843471516
EK202310242798,132.20463287310037
EK202310118054,137.94587977599156
EK202310171995,139.23336227950065
EK202310156378,135.20136671840828
EK202310209380,135.11405707712933
EK202320005988,162.42356343295756
EK202310132771,152.66822449986336
EK202310196985,177.77976249625095
EK202310209813,135.07220439829834
EK202310156025,150.06775725383218
EK202310119261,141.90123861242134
EK202310200800,161.97015670555095
EK202310113114,134.42623602948322
EK202310176337,157.9694120246778
EK202310116221,137.62946040387146
EK202310185787,157.77592065988424
EK202310161101,173.49910065085948
EK202310109179,132.3188008810871
EK202310211864,130.38984985686645
EK202310233086,150.1800735163477
EK202310203086,149.2847715357585
EK202310209153,128.514899198362
EK202320006944,148.47270404115778
EK202310124624,150.4652043831951
EK202310160066,182.1362563999677
EK202310212610,154.28471917437435
EK202310176922,138.82077953909584
EK202310221476,159.47866830435018
EK202310178896,144.54118903071438
EK202310242101,141.14413379627777
EK202310208004,135.36212431811643
EK202310217499,133.19756505260924
EK202310133817,123.0650493403331
EK202310169528,133.80349033147053
EK202310239561,162.6505209613015
EK202310158179,137.59627520922095
EK202310145688,167.72650555939313
EK202310242791,148.52595883098274
EK202310152257,140.5349306206747
EK202310137070,144.90628650161813
EK202310146130,130.19045164284663
EK202310204201,168.4259649791511
EK202310155505,135.588804262369
EK202310154019,150.0095743645587
EK202310233453,156.85292973929143
EK202310217804,134.56269933652334
EK202310172949,156.77647919061621
EK202310188635,157.78221733128206
EK202310117443,133.20503309526035
EK202310160841,145.30461284347703
EK202310125406,142.94474764306617
EK202310182154,139.42181396441384
EK202310118807,137.79251078487923
EK202310159569,164.89126149211788
EK202310185202,178.3076494246895
EK202310240184,122.04302845359781
EK202310180957,160.06562438568864
EK202310208211,137.71905153037628
EK202310152382,138.53202640512905
EK202310174048,122.30533874075967
EK202310150319,150.2313909678538
EK202310152702,148.4912424122834
EK202310170820,138.97554650863137
EK202320007378,150.48673796979773
EK202310131773,142.0396183705833
EK202310185301,152.5677043948132
EK202310175383,149.7408534941575
EK202310170884,132.98268235792798
EK202310178300,155.53357513696653
EK202310246617,152.78170670959048
EK202310238047,140.75679862516873
EK202310208163,167.39672402938814
EK202310124260,127.38086355506726
EK202310128456,153.2025292646939
EK202310212256,129.50231341185543
EK202310234312,137.2852245813296
EK202310104195,134.9587356550413
EK202310148897,180.08149229825455
EK202310158080,148.25072263590266
EK202310219877,135.19625505355722
EK202310165158,139.963909681152
EK202310109254,145.74978613550041
EK202310185727,139.90810786718643
EK202310143277,174.18687181247293
EK202310194994,159.50393519357084
EK202310243012,150.9240000237149
EK202310134903,132.8717707676476
EK202310231333,136.73438972012636
EK202310156732,156.4137274266911
EK202310216366,149.85175455546667
EK202310220643,153.7435954145044
EK202310165968,119.03714879429987
EK202310246411,129.9927618094657
EK202310155750,150.66206636249646
EK202310190049,173.67573128938008
EK202310004189,158.7514706172918
EK202310184691,181.91487133662824
EK202310111760,140.1294044551169
EK202310176428,133.17373817570927
EK202310152951,148.02681760333328
EK202310104263,157.47931246601658
EK202310103997,142.2727985439814
EK202310229279,152.90662903453787
EK202310157826,137.8501927108746
EK202310142511,132.55259426021286
EK202310232992,130.9789187471457
EK202320007132,168.18516763099583
EK202310180745,127.53434467402224
EK202310225853,140.59163610131938
EK202310198235,133.00783959818625
EK202310196329,155.6645951543453
EK202310223113,140.56242205115518
EK202310166045,163.59967676864284
EK202310174983,127.58400884395027
EK202310197554,164.72787467594452
EK202310215823,141.44602239671434
EK202310122372,145.9025106769623
EK202310157463,135.2805824332715
EK202310175294,149.65201756892037
EK202310004183,124.95554798651027
EK202310111002,132.6094639186561
EK202310132507,164.98571637536364
EK202310226239,129.44236057757564
EK202310160993,124.67927559690364
EK202310177494,142.65584599788855
EK202310247179,155.0572028209197
EK202310159413,151.81743055998209
EK202310205675,132.42484271205268
EK202310204805,142.7146173039019
EK202310104970,129.36417336086683
EK202310143326,151.0332075873523
EK202310104508,152.6050825365753
EK202310109138,131.59504937152957
EK202310155067,129.81041280549013
EK202310180368,166.70776019398807
EK202310174283,156.37407478203602
EK202310164563,139.16325346661296
EK202310248605,146.32755562032492
EK202310144814,148.9877850502014
EK202310151103,131.7442307670536
EK202310137749,132.14032583437694
EK202310244871,140.75374861672458
EK202310231958,137.61568457897562
EK202320006420,161.0548015427199
EK202310180132,110.5187564708672
EK202310208818,145.5954479248227
EK202310242680,141.1625438026072
EK202310124810,175.14623532834196
EK202310179535,154.67235924564758
EK202310180039,129.58942487187954
EK202310142068,170.21553713868542
EK202310241810,142.2553625493529
EK202310142213,147.43478423174915
EK202310205835,130.68417224672444
EK202310176395,135.6200442716304
EK202310108817,147.83016847782193
EK202310144432,127.48324791697905
EK202310164208,140.55868868853435
EK202310125282,135.53193855481754
EK202310110364,142.18052083192288
EK202310147767,150.92846505974126
EK202310175310,161.66518175557928
EK202310169612,107.13551549751878
EK202310177089,134.87492342650376
EK202310164613,148.4804394690295
EK202310214491,167.9832956870205
EK202310159145,190.58892188546218
EK202310148143,166.53262112351268
EK202310130196,154.94933506771565
EK202310140526,129.56178471021374
EK202310220135,148.48201805402232
EK202310116422,129.03268098139253
EK202310121781,118.54778842237398
EK202310108897,143.241463269245
EK202310110908,156.68860182263958
EK202310219796,133.87654651091975
EK202310109152,158.5890137320289
EK202310217807,136.64515517207997
EK202310115494,141.30925521494814
EK202310221948,134.84613493798503
EK202320006012,162.98036522582413
EK202310119926,134.25301594578434
EK202310212680,139.03860258803445
EK202310004522,147.85865616922024
EK202310200665,152.14027386451505
EK202310159142,133.26884184839855
EK202310217394,151.05561893878973
EK202310247390,166.7678282335916
EK202310153429,130.2055251951559
EK202310133009,156.90917361781777
EK202310183153,159.3261009700877
EK202310223238,144.30007591457107
EK202310189167,150.42319509796602
EK202310167404,144.03182673410376
EK202310123436,144.43660389251352
EK202310201161,158.70397164522905
EK202310202874,128.25954202546245
EK202310205144,142.70042826651405
EK202310211825,127.00876896555638
EK202310119888,123.06019205929054
EK202310187594,144.84135312320657
EK202310127146,159.1441921715139
EK202310115361,138.6239478428293
EK202310122062,136.10032743105947
EK202310161120,176.79464110445525
EK202310119640,171.0434996061051
EK202310196025,158.94156970374382
EK202310239045,124.24120653570847
EK202310197374,158.6421511843676
EK202310201644,134.9751681057595
EK202310239463,135.77136023314912
EK202310234006,145.0859805573013
EK202310209744,133.43463956816285
EK202310138496,162.2830425410014
EK202310159749,176.09150780413626
EK202310199933,139.62022768673137
EK202310121772,155.76283836738918
EK202310150984,136.46023458047733
EK202310245852,134.29682356386573
EK202310129919,158.74092231290902
EK202310203657,169.2303050726404
EK202320007279,148.090163288758
EK202310213923,135.18381928845668
EK202310004091,125.8784110314923
EK202310142372,161.96307609062325
EK202320007651,144.8150838882645
EK202310188243,154.72178565149403
EK202310162087,153.79865426687482
EK202310124791,139.02385236191364
EK202310111667,143.53768147223565
EK202310105642,130.08404067679183
EK202310196224,154.47680387263844
EK202310159474,135.0091661969721
EK202310137962,140.30835114523737
EK202310194276,149.81124003943498
EK202310155765,149.73599732153625
EK202310222240,123.26822814926804
EK202310175830,156.66501312046722
EK202310115286,150.86582355424713
EK202310179252,131.1523802340411
EK202310216929,144.06425169987108
EK202310158567,129.82603030567753
EK202310124273,135.7254887740234
EK202310162224,168.84528954819763
EK202310165570,183.4803391381638
EK202310151292,140.34152466407184
EK202310123293,128.67110232088703
EK202310151984,138.81191246433843
EK202310133891,166.03558079203248
EK202310108554,134.33108912542062
EK202310108056,155.90122317475738
EK202310208276,146.21436932269506
EK202310106720,133.65067179276397
EK202310164462,147.66722981829247
EK202310153370,162.18143440366418
EK202310156354,142.78937349796814
EK202310120895,144.08457458616672
EK202310204021,134.75115811099914
EK202310144453,162.27961049726582
EK202310187876,157.90564298223546
EK202310234386,128.69701913508456
EK202310223302,140.39405424821658
EK202310198885,138.22645727976428
EK202310133774,154.89302565842618
EK202310216355,132.89535122103743
EK202310170923,132.37951196149683
EK202310190308,143.7909944352362
EK202310116974,150.9995157238613
EK202310147600,157.30693213430553
EK202310134725,162.17014193475427
EK202310205939,126.79777894096166
EK202310166068,144.15019878713596
EK202310228965,149.3459577603263
EK202310106007,133.01662361228307
EK202310192113,155.38685741772255
EK202310168030,160.166700368841
EK202310119751,145.60280130226613
EK202310196784,139.99003936377352
EK202310147073,151.70243115614772
EK202310215585,156.15901018540717
EK202310176737,129.47276369735522
EK202310191426,154.8640594551207
EK202310234686,131.00381517864764
EK202310173981,135.84660547374799
EK202310238285,143.78193759200903
EK202310004398,138.07623316060767
EK202310227760,145.36675691677445
EK202310228813,137.48389758253873
EK202310108999,152.12035225429145
EK202310170661,157.5514745095333
EK202310107069,114.40909743277373
EK202310107605,152.95072981946836
EK202310149427,161.34173801442535
EK202310235767,130.45557083817909
EK202310146513,146.02235413985088
EK202310134095,132.88793558696398
EK202310212824,162.9657856681836
EK202310187784,162.59996311286469
EK202310220588,155.5016211831889
EK202310171664,126.25567647711534
EK202310213580,132.51228749924363
EK202310117169,141.42599114110422
EK202310225689,118.13394051677166
EK202310228834,138.25769188885442
EK202310199085,161.65431370136005
EK202310115337,135.65077229635943
EK202310222451,137.85537953948912
EK202310120450,149.82813490635542
EK202310196902,158.59743671965987
EK202310213448,131.48888698058036
EK202310194551,155.90960843281337
EK202310210607,136.0966538941513
EK202310240625,124.80393815549901
EK202310232826,151.40876885153426
EK202310115580,146.84409956532613
EK202310230496,124.00620684502682
EK202310153896,162.80952888419364
EK202310167421,152.53280972441627
EK202310185386,158.15935447706914
EK202310226162,148.439733128125
EK202320006296,156.07738941429562
EK202310122211,142.60647940333757
EK202310120410,137.40999233542917
EK202310135887,143.19868096562433
EK202310123262,138.40355655263824
EK202310116308,129.9623570458328
EK202310141964,145.08085459919212
EK202310114738,136.48509686140903
EK202320007799,134.9864373861831
EK202310135945,151.34541353793136
EK202310152049,140.7923692465725
EK202310159468,145.01244000199924
EK202310137922,137.7714984826506
EK202310137799,134.68322482975736
EK202310185003,158.44240137380464
EK202310183141,128.37883070669704
EK202310179706,133.7104237383183
EK202310226300,121.57635602021575
EK202310209408,143.9869638366655
EK202310224094,140.45553347550327
EK202310155840,131.46759045791865
EK202310153392,157.7114005677304
EK202310119916,142.66740797388698
EK202310189485,126.53712001537886
EK202310153973,159.3907491929633
EK202310143859,140.9330837155905
EK202310209322,157.14422113538618
EK202310219928,147.47170639461606
EK202310177843,149.03758644249913
EK202310235521,156.70830988332722
EK202310227218,133.94961929671743
EK202310120634,148.47012995834945
EK202310237236,114.93459468784883
EK202310174275,161.02956661564892
EK202310207517,142.39974358748492
EK202310197066,134.77968450173566
EK202310235418,124.89325180707029
EK202310229043,139.80113433337252
EK202310232518,130.55758079539157
EK202310127726,135.74189343141433
EK202310216259,161.084506638256
EK202310132033,140.75913630038573
EK202310204271,147.40375459464298
EK202310194461,158.6681424476105
EK202310202541,162.89572347952912
EK202310201397,154.54254862011686
EK202310169275,128.52350823441165
EK202310115278,129.80791053042654
EK202310157300,165.76190968689818
EK202310111329,135.6231013168051
EK202310132731,157.38476912074816
EK202310107770,151.67352395847996
EK202310131063,162.6395260367872
EK202310212722,127.7942466703258
EK202310172610,155.06411534269554
EK202310243791,127.40014282358229
EK202310219499,132.26377645152309
EK202310131588,144.2209312112682
EK202310217120,130.1552916327974
EK202310172169,149.63875002923191
EK202310133205,140.14444452651622
EK202310190824,163.92611387343115
EK202310119229,142.01325172195845
EK202310172059,154.48868704378404
EK202320006521,148.15473342789392
EK202310221989,146.48582098785843
EK202310178785,160.8183464999628
EK202310183830,133.7500275458534
EK202310168297,147.81682948420308
EK202310127675,121.22933113453409
EK202310172854,138.10379456268006
EK202310176515,151.36357511378338
EK202310154731,151.34848282593242
EK202310213784,158.52889359332764
EK202310150574,151.43993425176362
EK202310130454,144.11847813321404
EK202310131489,150.76822224471994
EK202310174498,145.75803119337425
EK202310103853,151.28880591321274
EK202320007395,172.20755697335994
EK202310182375,148.69614276434595
EK202310146376,145.49847590130574
EK202310236179,120.70273241150568
EK202310149241,133.13480803054026
EK202310135136,144.25661646680015
EK202310140867,146.49638417036098
EK202310223502,144.90539206930274
EK202310243943,141.30395286021906
EK202310174164,156.91169826263823
EK202310158044,142.2809679231867
EK202310148103,139.46230470627617
EK202310156336,155.4459798399557
EK202310190263,158.1006383801789
EK202310176162,157.79906112887605
EK202310129272,163.88383826168447
EK202310199173,137.66019619836842
EK202310150794,161.41881693511542
EK202310207717,146.49483712962586
EK202310109712,129.3669789271535
EK202310142567,150.37821174327388
EK202310117141,154.12419284577032
EK202310204093,136.97819846842702
EK202310241706,143.9782076991004
EK202310183611,167.952157624317
EK202310233211,146.66809420494744
EK202320005748,162.25538471247125
EK202310124159,149.17114506489912
EK202310138315,124.46906756896716
EK202310193796,187.61444914261574
EK202310218166,164.3071343729589
EK202310229779,148.28287280924204
EK202310131658,143.16227176346467
EK202310229978,121.53794732376394
EK202310171658,133.06552994906065
EK202310121521,127.47805084357388
EK202310190841,159.4421890928447
EK202310104228,133.34786873222689
EK202310113040,136.26850182788988
EK202310131735,146.52754564307875
EK202310170151,145.2198079350161
EK202310124366,125.82451778473069
EK202310149451,147.6506007252371
EK202310206552,121.50714719021391
EK202310129905,126.50307371954116
EK202310227850,137.37865463539572
EK202310235398,138.84209800560816
EK202310218108,121.3436686781252
EK202310157681,112.44947712471726
EK202310214538,137.1670696146378
EK202310201752,159.9724718957474
EK202310105353,142.91317621185
EK202310106768,113.0591009287962
EK202310200116,155.58268038299164
EK202310127715,124.67775407697359
EK202310105124,135.96587723147695
EK202310198102,129.44465584609512
EK202310106141,140.00905957903632
EK202310165059,141.7764983212327
EK202310163969,158.49469400235398
EK202310163911,149.85257387576598
EK202310160055,147.21029195716756
EK202310126497,131.89166509542605
EK202310189545,169.45463140155255
EK202310187535,153.38356653697485
EK202310224997,131.13403653515118
EK202310147587,127.45571430406312
EK202310130969,129.35555535740983
EK202310157178,165.75438094614307
EK202310150244,135.96329538398973
EK202310114255,158.1976093969461
EK202310214855,148.2387015532405
EK202310158832,162.5396669626446
EK202310143631,104.80854099565624
EK202310206903,157.69560218940433
EK202310213965,164.5966669418847
EK202310140974,157.44134666662546
EK202310243752,142.8799642593658
EK202310230647,150.93635626947963
EK202310110490,137.0711523533434
EK202310168466,144.46707711802952
EK202310138755,165.95059565064466
EK202310169502,122.68925196869463
EK202310203430,170.77219532378226
EK202310163679,149.5531624412983
EK202310157628,128.35299529597242
EK202310224841,132.5047457621327
EK202310153096,170.23377666321795
EK202310116043,122.09220896157653
EK202310201955,121.87087215025875
EK202310240755,127.55039392693149
EK202310215391,163.84839132116406
EK202310120508,126.32951622270465
EK202310166816,143.9251903287627
EK202310197615,176.36999287172426
EK202310149113,150.96612444228307
EK202310187571,128.60750961109764
EK202310234394,123.84345639821201
EK202310204787,148.05011659583806
EK202310170562,163.1032041466715
EK202310158575,170.6810763148983
EK202310200164,147.0287488530618
EK202310167493,134.7487499300664
EK202310181034,135.09220033818485
EK202310167070,133.05816261481147
EK202310221166,116.59151428423587
EK202310157175,130.21544354174557
EK202310148464,151.0446469211221
EK202310143208,146.99339143882372
EK202310139027,122.21994306543357
EK202310224872,133.2755083630052
EK202310173761,144.40615745770685
EK202310234649,131.16237469773677
EK202310134946,158.42334383288502
EK202310132145,141.69968599774694
EK202310124351,136.4595595880881
EK202310240711,133.96325105970482
EK202310228181,134.22346036378812
EK202310152792,133.08338803813652
EK202310218480,168.55083889080151
EK202310233680,167.47467659927227
EK202310226082,146.5349794977925
EK202310166293,158.23719145307751
EK202310178413,168.2993190447061
EK202310192848,142.15680071980023
EK202310169316,143.63831009674777
EK202320006913,152.66776345401195
EK202310108324,130.58787189257723
EK202310209693,150.04123760900296
EK202310108004,154.95168541419454
EK202310198846,153.75211023120278
EK202310219677,149.01370271977166
EK202310164857,144.53687926475953
EK202310147656,166.82002515675097
EK202310145013,129.5470549247287
EK202310147368,160.4323174840074
EK202310170036,130.07721251907827
EK202310120376,134.41365069490647
EK202310150683,133.99541750618098
EK202310240238,155.9837748524976
EK202310217185,176.07415901077962
EK202310164586,164.73904295270728
EK202310198428,139.140713581223
EK202310233407,134.48282505296763
EK202310163412,133.26768744039705
EK202310151118,132.74898696826858
EK202310206940,166.7790675073998
EK202310229350,118.13016738988645
EK202310118968,142.83645160468132
EK202320006106,163.30130185311123
EK202310201360,137.48816638148284
EK202310214617,156.06707564465916
EK202310230798,127.99651288852141
EK202310131993,119.62310658007254
EK202310165856,176.4555273778227
EK202310208421,130.41221598508668
EK202310140732,130.4743148433531
EK202310134224,144.86021866940175
EK202310108759,132.6893620060504
EK202310115586,143.4862865255175
EK202310166328,134.2872781901904
EK202310104171,150.311565013939
EK202310218466,132.02196540264728
EK202310186769,149.87230682376486
EK202310231774,132.96208072025635
EK202310130856,125.68767051371421
EK202310199243,152.29844115897444
EK202310178583,155.6513468410372
EK202310231077,127.00671854794493
EK202310232984,128.22877472075393
EK202310204584,128.25272306967366
EK202310210808,133.41011001137542
EK202310243853,127.3665687544675
EK202310114871,129.34213754794024
EK202310220680,143.31594596891637
EK202310225716,136.2743141353057
EK202310171582,140.67475241300718
EK202310153093,131.97936422508434
EK202310170911,143.68116256572094
EK202310165452,176.7746702071075
EK202310235729,140.62334914949696
EK202310175158,130.23970493512863
EK202310161650,171.0018382939133
EK202310179057,150.1203726602481
EK202310173343,157.32373742139998
EK202310188221,141.2211120777613
EK202310207572,150.67610044209584
EK202310126999,144.75145319069418
EK202310121103,133.3633496976035
EK202310186391,143.57960468058607
EK202310210239,135.63714500247494
EK202310195085,144.6261549045739
EK202310160300,112.59450481354483
EK202310199891,133.8945986050673
EK202310163707,147.64883661268664
EK202310196523,160.58416143425492
EK202310234859,138.61141588163494
EK202310231803,132.34639510700995
EK202310136798,117.07033289629292
EK202310244538,144.87587491194873
EK202310004017,142.20380695844537
EK202320006492,159.24583784134927
EK202310185950,136.88555853653696
EK202310130639,128.21673224357133
EK202320005689,141.53154589975398
EK202320006687,161.54214322946615
EK202310167248,135.89177207965022
EK202310134731,130.13681093722022
EK202310179818,126.5681398205911
EK202310147913,136.3914880724054
EK202310153980,154.13966774558196
EK202310117979,137.78312836718942
EK202310149501,148.83259717876828
EK202310236960,149.1213989154926
EK202310181994,133.1275950773505
EK202310170364,134.84040557037156
EK202310173530,152.41933887157631
EK202310111439,122.97368215062893
EK202310222093,134.7178927658283
EK202310144055,135.7234388957439
EK202310214164,128.5879879853647
EK202310177168,163.77228518705405
EK202310233756,149.7010563782997
EK202310154451,143.04630478832024
EK202310193603,140.67636499149637
EK202310210012,133.65921402759244
EK202310109490,140.1460021780623
EK202310161365,161.3810986969157
EK202310153596,133.3089662433872
EK202310171021,167.15117275315274
EK202310135046,159.49127223054325
EK202310105468,129.68555221999554
EK202310180678,143.9480293033931
EK202310123763,137.72602403401353
EK202310137466,158.62889035222986
EK202310138581,171.27330630974114
EK202310221347,145.20430251314647
EK202310175567,135.5130961901969
EK202310136752,146.07230540007293
EK202310129734,147.33678648914847
EK202310120365,133.96619489144948
EK202310127797,139.02750653364967
EK202310183416,146.56064371223388
EK202310239153,155.96573935052288
EK202310222246,136.94455169060873
EK202310144082,138.75242822347133
EK202310226435,138.1349606337762
EK202310110236,155.16561370097952
EK202310172009,145.89054209047507
EK202310152432,167.09382065416116
EK202310219667,147.0656488612221
EK202310202548,175.5607093453723
EK202310179444,132.17035387693093
EK202310110933,142.16200762375678
EK202310112714,145.6405636612481
EK202310129776,157.0176804989053
EK202310184025,156.2972845243392
EK202310199495,151.54540078473238
EK202310120853,152.6333034082722
EK202310110965,139.1139706855641
EK202310125670,135.47636416579022
EK202310129995,159.2903046347961
EK202310228248,141.354023555878
EK202310128534,121.64901715324855
EK202310183479,136.9388741027266
EK202310159882,153.00140645527264
EK202310224442,129.15541427154056
EK202310119875,158.64264407771944
EK202310165118,149.40372441607488
EK202310003461,125.50667863536395
EK202310127902,119.8060595742757
EK202310241227,153.0554473844239
EK202310177075,118.25904475854723
EK202310195321,146.25400251143475
EK202310109724,191.8920406490328
EK202310224884,133.50966962854596
EK202310246986,134.27574469174894
EK202310180027,150.77783862504293
EK202310143531,138.86815849664512
EK202310180604,133.0043055371671
EK202310241988,155.5688085412714
EK202310109076,156.47256164036264
EK202310117902,140.45370616341035
EK202310215898,149.31615878062118
EK202310134539,141.86895043182275
EK202310239440,129.88340415701367
EK202310230665,141.15912230765701
EK202310172063,161.15716042644854
EK202310126450,125.4311426861391
EK202310229116,141.72684822337465
EK202310178898,145.36714349429914
EK202310111721,143.82801687152465
EK202310170101,167.74530623753805
EK202310158581,131.1943178312329
EK202310157015,167.27031054505693
EK202310229038,141.410546942946
EK202310222680,134.2646273772844
EK202310111285,136.7086149835066
EK202310222575,149.10979992357974
EK202310156621,180.31480242990847
EK202310199481,139.6326999479755
EK202310204046,172.94461293249054
EK202310219609,132.53522800813997
EK202310222642,126.62637395928978
EK202310199140,140.67299357741038
EK202310200730,149.19921046133007
EK202310139007,137.13370405480367
EK202310126900,126.99155806350218
EK202310228039,146.58878118893173
EK202310177276,154.20764258598393
EK202310233570,130.5138880006055
EK202310237169,158.9525085058196
EK202310238023,165.5908159923745
EK202310127838,128.83398191016963
EK202310232618,136.64013737219494
EK202310114863,147.13549009134525
EK202310196485,134.15523399341743
EK202310128223,136.34430350202524
EK202310121663,130.43555639341582
EK202310111075,143.32382953518
EK202310131404,127.19536434364738
EK202310104361,141.3488809507868
EK202310188771,150.77323822129298
EK202310166069,170.26313022104466
EK202310225476,114.30676407517255
EK202310118945,120.19991740381874
EK202310203625,128.69423268791334
EK202310245898,144.50883520826386
EK202310197749,125.70997664969782
EK202310185073,151.68272310054692
EK202310114565,144.03751512265603
EK202310151446,175.10428290961545
EK202310206021,138.67027983857378
EK202310179791,141.75949384062852
EK202310205394,130.52048224126133
EK202310166488,172.15630328417421
EK202310106840,132.8922965450628
EK202310115082,143.97672865255635
EK202310173564,145.26737927305072
EK202310205877,156.97286905279515
EK202310152051,146.21420309218706
EK202310144703,130.28229426707298
EK202310130259,159.95399430838572
EK202310177228,147.49924388818692
EK202310218957,129.84342717280538
EK202310142498,158.09725751515347
EK202310119549,110.18623228372898
EK202310233725,125.73354729039396
EK202310233810,143.81056618139712
EK202310210342,149.7249521190252
EK202310142303,136.57691007335296
EK202310227362,134.27022687473055
EK202310212631,142.9673911371614
EK202310148066,151.09275809288258
EK202310115133,145.66730874101094
EK202310145502,108.70306639299433
EK202310151385,174.76532961873153
EK202310245859,122.42296198674399
EK202310222753,135.2601019540361
EK202310170556,156.5282022238408
EK202310186591,116.71530545135826
EK202310141795,154.23994979139218
EK202310129475,143.34304352890064
EK202310117335,138.2923475186323
EK202310219091,143.79925082896455
EK202310224742,130.62855131807274
EK202310153827,155.21460292162507
EK202310159244,142.2826905100232
EK202310218618,131.39591140206187
EK202310229622,135.93516207396667
EK202310212905,138.04668866176212
EK202310190075,138.43914967687945
EK202310190265,162.17277176724528
EK202310168559,120.73021576186834
EK202310215223,147.82458690401262
EK202310231305,132.4927499411137
EK202310220211,126.90613928113525
EK202310183222,135.88392352488296
EK202310141182,136.54320077870932
EK202310227695,139.9633317320468
EK202310233303,124.43505809113589
EK202310108658,136.160604874395
EK202310157889,140.9022917170885
EK202310176473,134.99864353905718
EK202310235635,126.84007371257465
EK202310127390,144.3749903755426
EK202310137562,151.26645636147865
EK202310104205,145.27609303699077
EK202310174206,135.26170188216383
EK202310212816,156.32337535397687
EK202310147436,134.02332638311339
EK202310180611,142.65741720525875
EK202310210354,156.73976543739036
EK202310189663,125.80481134140825
EK202310119259,149.05686808321533
EK202310235125,141.07952593260399
EK202310246750,148.50113164780666
EK202310218896,144.33842338945786
EK202310203786,124.13043380568286
EK202310180913,135.27187216973013
EK202310124372,141.09063175211296
EK202310165379,137.54081948367454
EK202310180954,156.8140001848485
EK202310145852,138.81892631645238
EK202310236766,142.81362010781092
EK202310134276,151.40031525245266
EK202310121348,157.52786936981474
EK202310141601,142.15659525721424
EK202310128602,129.71926914515134
EK202310110423,131.6046641642273
EK202310145558,144.0360600612909
EK202310155126,139.86053028476147
EK202310148031,157.37176005380888
EK202310174648,160.5633986229185
EK202310107125,152.9661139000161
EK202310206336,185.84115435557464
EK202310244639,139.42937304680663
EK202310225703,114.28524842646641
EK202310246590,153.0710169665054
EK202310162037,145.73657980363654
EK202310214389,146.93220644574706
EK202310186078,157.96391336640275
EK202310237892,141.8230905122545
EK202310139019,135.3685393776119
EK202310144411,146.2962420188335
EK202310121887,128.11078507415584
EK202310182472,128.2402896123087
EK202310110577,136.50765657569733
EK202310217458,151.89169122935607
EK202310206751,153.56880878433958
EK202310135834,151.10194309254095
EK202310129936,149.6198465984944
EK202310193629,134.49173173794227
EK202310109058,137.56096315277972
EK202310229608,143.57457407202503
EK202310201686,141.5881316168897
EK202310206823,139.67795612449459
EK202310109660,139.67167066601274
EK202310202418,155.45857098449005
EK202310140335,135.1891839945872
EK202310198168,133.70596350491527
EK202310117989,140.49552419236943
EK202310110082,134.9697500899014
EK202310227199,131.75458643848862
EK202310219307,160.0889478628705
EK202310236825,127.99041711527543
EK202310114629,145.1439474907271
EK202310180370,160.09188798069565
EK202310145206,157.53879880529504
EK202310108111,145.4662218690162
EK202310226175,142.28603842755544
EK202310227223,167.445940602556
EK202310199795,143.02653523351773
EK202310228694,127.41506812343327
EK202310217385,141.20139607925546
EK202310104812,124.87781229523719
EK202310216111,138.54657295516114
EK202310176703,156.35346330962636
EK202310240602,136.50779070830254
EK202310103728,127.34858698099308
EK202310220868,132.95603333090034
EK202310114579,145.5757223124637
EK202310165033,144.8856703966877
EK202310150030,162.11482972498163
EK202310201296,159.25418262115505
EK202310105195,144.39604463993072
EK202310213553,135.66255650412518
EK202310162788,153.29561993624924
EK202310216325,138.08728569080887
EK202310144613,151.84957756621023
EK202310226580,135.70917351975518
EK202310229109,132.62706286646463
EK202310124954,191.85734906616932
EK202310205954,131.08746969770507
EK202310179712,128.85682101199285
EK202310193847,147.15021406399254
EK202310175822,135.6187967113144
EK202310116359,121.66403304302493
EK202320006662,184.7549168955436
EK202310111520,146.57147153628017
EK202310213288,137.90393030948184
EK202310191137,164.87551754278655
EK202310132404,153.8597224200719
EK202310201570,159.42734831790182
EK202310203322,137.0455191982486
EK202310143258,149.53626763580402
EK202310241669,149.56264953706335
EK202310190261,152.3920475411902
EK202310145096,120.05576549537872
EK202310231686,134.77646271819592
EK202310163789,145.2821484847926
EK202310196402,131.3581170203028
EK202310230132,138.93868785518546
EK202310155673,134.5444661580187
EK202310210437,136.86652395833428
EK202310107353,129.89126819150695
EK202310219475,138.7174126128147
EK202310232408,132.79016378763689
EK202310152774,115.29825311743481
EK202310200770,145.1661235667175
EK202310185372,158.9200669132889
EK202310119209,142.22894079000076
EK202310131238,145.49778782044007
EK202310162969,142.5426232334229
EK202310127182,142.769238395718
EK202310245830,118.28125377580443
EK202310205893,148.85620216379735
EK202310104756,134.94870317159922
EK202310153892,150.5961668647387
EK202310244027,152.2330405472867
EK202310163145,149.8370340972368
EK202310165966,142.4909068399361
EK202310185338,152.15059869395412
EK202310004564,132.0026803276732
EK202310246545,117.48275996810827
EK202310243927,137.91004534050708
EK202310171098,150.1518825062036
EK202310226637,131.43453636153203
EK202310240501,142.3796219995356
EK202310213124,139.16377114534487
EK202310185369,133.8086987614131
EK202310184650,177.31268082893888
EK202310191710,138.21966548193748
EK202310186505,138.75724168051894
EK202310246315,150.27113521672635
EK202310128179,123.52217932797676
EK202310218717,130.64096156671536
EK202310140183,138.13477837537914
EK202310218416,122.65972796868928
EK202310104512,149.14706270751054
EK202310148024,152.14787525140787
EK202310211056,141.91773357977678
EK202310212788,142.0667342385563
EK202310151708,158.817959391622
EK202310192193,146.90959419962041
EK202310147119,150.86221167013773
EK202310134171,164.31061949916943
EK202310120405,143.25467254249915
EK202310197432,117.81761182799413
EK202310116473,132.5548251830417
EK202310148941,139.26138495059595
EK202310225424,154.47901926077373
EK202310160249,170.10746039255625
EK202310177564,129.32330200495025
EK202310147712,131.18099348316554
EK202310130033,148.42355913026614
EK202310161738,136.27393280481738
EK202310225844,124.79341053110652
EK202310200581,158.6366783408498
EK202310155845,150.07577837079106
EK202310121666,121.28746874011345
EK202310124396,145.72217098726298
EK202310234458,128.68564497857028
EK202310122157,141.9036169964009
EK202310122028,149.1515570327707
EK202310178168,136.94877067445097
EK202320006120,154.46812957630254
EK202310104089,133.9105314975261
EK202310130047,125.95614504800155
EK202310233902,139.96275261577475
EK202310145593,146.24942026471882
EK202310145435,136.2400547390812
EK202310121638,136.38459649962283
EK202310175711,127.30576003619389
EK202310178650,142.4731018845159
EK202310209932,131.64442697221978
EK202310150842,133.13947157501627
EK202310176075,134.3350348552059
EK202310225913,156.9874953864924
EK202310223616,134.53682802404862
EK202310177498,128.18068289100336
EK202310210293,134.77538898005812
EK202310243077,140.98233129572537
EK202310120981,134.80616761917184
EK202310161599,140.75810646096951
EK202310199852,142.79464662273082
EK202310152182,145.01949026079944
EK202310201657,160.1207303505533
EK202310108940,151.17843204922355
EK202310167429,143.57536704458005
EK202310245926,140.366922105469
EK202310152784,138.59800772171164
EK202310124342,127.63221823554407
EK202310161267,140.03780693227174
EK202310145118,125.12867200192724
EK202310124701,136.2280972519756
EK202310144618,147.9024079362473
EK202310233384,135.7977863757608
EK202310207039,153.6115241404827
EK202310190234,136.90386941819455
EK202310198686,149.87110934002797
EK202310120341,148.2667301154802
EK202310247847,156.49369805800242
EK202310003450,147.67140361497366
EK202310134573,139.78820874304714
EK202310116321,123.5395031394062
EK202310202729,138.03917460934164
EK202310225102,175.79554680172086
EK202320007842,153.60769189938898
EK202310185093,146.68474136512856
EK202310147662,168.17791166046266
EK202310202843,151.05273785050332
EK202310233390,133.89306677298887
EK202310136750,155.8829236979478
EK202310132231,129.66747509448481
EK202310229820,129.2013388672751
EK202310198900,125.16637464015503
EK202310112722,137.3496591139865
EK202310124481,129.84622196801746
EK202310168703,137.1743122648927
EK202310215506,149.7243246526766
EK202310227298,129.93153106312096
EK202310162425,158.6821958394011
EK202310147420,132.29158409106367
EK202310230006,132.98895105772405
EK202310107551,162.64810784218588
EK202310245496,138.96508256505206
EK202310121500,136.9062409011993
EK202310137045,113.86243044670364
EK202310004368,136.42237731606508
EK202310124048,143.0282170368972
EK202310123230,134.42075742073362
EK202310003475,129.5671353254817
EK202310129436,143.47442526955948
EK202310202223,148.22389529079302
EK202310135682,155.2559123293349
EK202310113775,155.92406855684234
EK202310143850,143.74496611864765
EK202310199362,153.32748669043843
EK202310206686,136.83554001039897
EK202310134277,146.75578050560196
EK202310244824,129.83403934147066
EK202310127241,149.3665024060729
EK202310153015,154.25926569660942
EK202310183863,145.43689755799238
EK202310194062,133.98811146722352
EK202310137570,155.0897378084241
EK202310105406,151.20924335980604
EK202310211726,141.15161468830874
EK202310140163,163.90433140543243
EK202310151370,136.89770263056846
EK202310183307,130.96375764748714
EK202310209242,123.91277823455813
EK202310201596,129.26892191256695
EK202310148319,153.69518402644127
EK202310212091,137.19990408987545
EK202310231030,141.93936488617467
EK202310111993,133.05790363852302
EK202310156211,151.4237394689657
EK202310104592,131.6682069856261
EK202310133538,155.69487404344312
EK202310143489,120.3153754660437
EK202310108608,132.6056781331386
EK202310209410,145.90491927544545
EK202310196298,174.23684552534803
EK202310200348,144.2915945532461
EK202310130825,117.86156020824396
EK202310211388,148.5841460333186
EK202310151265,134.32728606607049
EK202310161779,147.12537106482657
EK202310117949,139.1110634291059
EK202310204507,157.47378435580816
EK202310104001,131.81046064213194
EK202310217266,149.00149158377516
EK202310210738,140.81578968114906
EK202310179516,142.21769959505275
EK202310185260,152.67212897641775
EK202310117134,136.8442084361873
EK202310218620,134.4332546675012
EK202310118920,155.70737349064484
EK202310174953,159.5558994887639
EK202310235880,174.21229440326152
EK202310246765,142.0000689314979
EK202310151192,134.90811198273806
EK202310218327,132.50047892524566
EK202310184977,164.1895010033479
EK202310106156,128.6175459587658
EK202310174601,132.18922462568767
EK202310242933,126.95386850498912
EK202320006248,193.26766507551963
EK202310155266,140.8255766493606
EK202310118205,143.40528607163733
EK202320007868,151.0328871618041
EK202310122476,134.02591935729487
EK202310246704,145.36126590815763
EK202310154390,125.23246667361508
EK202310208154,131.14435521074668
EK202310130903,127.60349510007121
EK202310244992,145.44387183215161
EK202310141315,131.27656708266053
EK202310119220,143.69600980567012
EK202310245411,139.0741105830162
EK202310122328,143.8412937669412
EK202310145979,122.91345958111339
EK202310137109,127.13318470029921
EK202310107808,142.14714095953002
EK202310237598,152.5446296290972
EK202310150637,151.917611564951
EK202310115093,132.90771512050668
EK202310121973,137.8964797174695
EK202310201313,130.80306918417705
EK202310171481,165.73716566817774
EK202310151406,179.22302621107335
EK202310201141,175.88229006311613
EK202310179223,134.54124381040367
EK202310195934,158.25951999182746
EK202310142396,157.6032314686516
EK202310161167,171.43573864940623
EK202310166581,164.63885277116242
EK202310247520,166.93901748730394
EK202310113867,132.013032626218
EK202310124498,145.96370867685755
EK202310156133,141.76769056236972
EK202310199597,156.60489042432607
EK202310161135,157.10354225259266
EK202310215679,151.0867751667564
EK202310238774,120.94983751318243
EK202310196868,129.51880972412326
EK202310112295,142.63149438200242
EK202310235239,150.26214699511232
EK202310127731,143.8014297691596
EK202310230868,142.33582376765784
EK202310217903,134.37312125403378
EK202310172613,135.91112133387034
EK202310129229,156.57644226912947
EK202310190368,186.164972513321
EK202310162297,133.48992840678596
EK202310222739,118.86986312937704
EK202310161749,130.56970097185987
EK202310155297,145.19795919051776
EK202310108502,160.69032830133222
EK202310130801,168.88440912553557
EK202310231593,127.54435389667566
EK202310125919,144.24371426108073
EK202310209411,142.72025461220758
EK202310179339,117.71300115359647
EK202310187200,154.35925258971017
EK202310146890,142.66624821455
EK202310166979,126.75832068427115
EK202310237165,135.8264420750248
EK202310152579,162.04376600246866
EK202310003917,145.75592789807405
EK202310235269,148.7595257719297
EK202310108468,152.72131848648405
EK202310143968,134.53737966282597
EK202310160042,129.79497904204058
EK202310203662,155.08795131374598
EK202310151437,165.08267914527073
EK202310144465,130.08875391140617
EK202310190402,149.3784178276107
EK202310134264,131.56690982736407
EK202310234082,136.92320692711007
EK202310210958,134.0594213037053
EK202310139701,117.66183019955702
EK202310143670,163.03471372886068
EK202310144634,140.7103847255368
EK202310141663,153.9264695878557
EK202310137665,139.80415854663147
EK202310205722,134.99827618002644
EK202310151909,147.99991062475254
EK202310221195,138.89250260715883
EK202310137582,148.16913196821284
EK202310194278,134.81053400354622
EK202310128272,132.85559146041612
EK202310106468,155.18755080707268
EK202310144004,131.62751636968454
EK202310128173,155.19360605510963
EK202310111420,131.7636093675377
EK202310120296,126.90203137785664
EK202310200950,161.84091457999767
EK202310175501,132.0499110615519
EK202310120331,138.9042392744106
EK202310228878,161.74663575259342
EK202310182513,179.41664893960836
EK202310146179,120.51562453476056
EK202310122722,140.51432412192227
EK202310105824,159.48693403294257
EK202310153125,162.18925379624974
EK202310245447,144.0033319331017
EK202310119032,155.51913539903543
EK202310121833,116.87620563957789
EK202310241687,136.84511615234422
EK202310239324,133.37448791561252
EK202310164441,134.38402706063334
EK202310140020,171.5403234031441
EK202310130010,152.35469787601994
EK202310121272,138.96571725468687
EK202310155947,124.04136421606731
EK202310235396,140.60666757823952
EK202310142223,156.06961734653171
EK202310112225,141.63843304302605
EK202310169440,161.0279175570716
EK202310136706,158.9881222622083
EK202310216973,139.31722764443754
EK202310226784,154.32998486566953
EK202310221041,132.96094294817593
EK202310231770,140.64456806250936
EK202310145329,157.22517315185718
EK202310134603,158.42073329781394
EK202310186803,144.73471111163065
EK202310004747,127.89042085325838
EK202310140470,133.89609744940984
EK202310195581,138.29260811714235
EK202310150690,136.82231892388302
EK202310107903,141.4522652086735
EK202310192146,125.51418380696387
EK202310148551,171.18394090370404
EK202310106261,126.90522100630177
EK202310146170,118.4772931416761
EK202310136162,151.41169879195428
EK202310113122,138.87449985522474
EK202310163718,128.05145490675463
EK202310183205,154.85214360568915
EK202310200858,173.49369747133443
EK202310196929,173.673462085521
EK202310171438,165.72992371406312
EK202310174765,152.39491059589756
EK202310124046,142.39014368941002
EK202310152264,147.75195131354974
EK202310213792,162.80345681519594
EK202310165171,158.28478640392925
EK202310162758,142.72671465674443
EK202310143468,141.9215764889608
EK202310180043,117.56287720776304
EK202310147871,149.57636559693861
EK202310164549,138.57771888011123
EK202310201642,145.22987614270068
EK202310109113,140.75455495052927
EK202310174688,145.24515938258048
EK202310248259,143.9823901297138
EK202310185782,132.1088615720338
EK202310110936,136.69188260931574
EK202310117421,143.26897110022642
EK202310142478,114.4095530006996
EK202310141930,149.8458990028408
EK202310243981,123.38759797975237
EK202310172266,135.47749717071778
EK202310228140,137.55314880346782
EK202310176614,152.02499639220093
EK202310233607,169.30342708795627
EK202310106233,124.34770499804011
EK202310162621,164.04914016389273
EK202310190940,147.45588983221003
EK202310219344,158.82629425618137
EK202310154188,168.4929886800238
EK202310219915,141.59992043122563
EK202310166730,149.49325461962403
EK202310117725,134.00295521863725
EK202310166726,148.73370479968074
EK202310163657,166.49831687938908
EK202310228898,156.24834151875066
EK202310184184,135.3382979721782
EK202310125372,129.02586067247404
EK202310119495,129.45160592169262
EK202310117082,122.47180092191559
EK202310146291,139.1302338851137
EK202310241466,139.38256143037094
EK202310150849,143.2946807635759
EK202310202757,158.32497812565853
EK202310182560,147.6121209113511
EK202310112973,125.08828623119366
EK202310213514,122.98129312757432
EK202310221393,158.77419374642318
EK202310158310,146.55499735086698
EK202310140347,141.8915474271044
EK202310175551,140.585954101224
EK202310180868,143.06004856290974
EK202320006868,169.33579514940485
EK202310248257,142.84962910010978
EK202310180309,156.5535827936039
EK202310229558,134.92979259199652
EK202310115971,139.67532328895655
EK202310160935,138.76080254011805
EK202310157633,147.8837120242907
EK202310146143,132.6286954542436
EK202310186183,146.7520969490039
EK202310211422,141.01294884128677
EK202310161977,152.47629005754013
EK202320006500,173.9715343552166
EK202310150314,149.39470455304433
EK202310110846,140.0177694705536
EK202310203222,133.08284377746673
EK202310129532,135.43409103610216
EK202310129904,156.8245952112812
EK202310186467,158.02042514826172
EK202310147117,144.16023928485234
EK202310116424,135.12377770607625
EK202310149442,151.3565534483476
EK202310104505,155.5187981557322
EK202310121773,151.2896004874439
EK202310127109,150.61408704549288
EK202310201894,164.4946240161036
EK202310188361,148.11580443386012
EK202310193295,157.78725863840467
EK202310177870,132.89774941597886
EK202310113628,150.291752949158
EK202310139300,149.5459829211763
EK202310142961,177.65154467456415
EK202310105639,131.1507554625967
EK202310200187,126.91955743406793
EK202310235386,136.95055002330588
EK202310201587,165.96530829808955
EK202310139029,130.51034289056253
EK202310170332,155.20993421421662
EK202310104539,141.78602777298968
EK202310221009,146.42147804961678
EK202310111917,133.2253118722228
EK202310155020,152.27878284329415
EK202310209995,140.78726348590263
EK202310201277,161.47152227882728
EK202310142737,152.51798892683638
EK202310226601,134.4947242872925
EK202310248195,139.30061086304818
EK202310181017,140.82711708915986
EK202310141427,150.34591632176864
EK202310231407,146.1930753201301
EK202310137086,128.22672374803136
EK202310125507,138.0162925985421
EK202310122987,107.8576694454991
EK202310200912,132.76526253204747
EK202310104251,136.30584821458768
EK202310195674,166.569214260536
EK202310223438,143.78834461103406
EK202310153194,153.0343904752513
EK202310213990,148.0111790788835
EK202310162781,140.3067761377358
EK202310187211,170.96373440194594
EK202310176227,150.3821193598381
EK202310234676,132.32106899754177
EK202310125148,148.08469642007776
EK202310177679,146.3938985766403
EK202310120787,141.07696238438285
EK202310145311,151.39905431262665
EK202310122627,142.6787897582792
EK202310201377,153.5473513178854
EK202310212640,145.56170288843558
EK202310123690,120.93410571548824
EK202310111428,138.84173280439907
EK202310231233,129.47415629455003
EK202310205587,153.03596277152081
EK202310126571,132.19950976079167
EK202310145090,136.55221896400556
EK202320006877,167.97238728851625
EK202310172065,128.7849640592051
EK202310198983,125.66683723504306
EK202310169546,131.9844284986991
EK202310111317,123.20290663217389
EK202310119424,126.64142202231457
EK202310135345,162.7896101351889
EK202310118372,125.6958750238478
EK202310170295,143.02650876844493
EK202310190557,140.9918819757226
EK202310200195,130.80080836315514
EK202310131868,176.2256318092437
EK202310158562,156.45140111971
EK202310150891,128.75610196138905
EK202310151386,174.23749169612725
EK202310243101,135.80647411081466
EK202310146970,131.7694392596221
EK202310194638,153.767149348934
EK202310142085,105.78174475593016
EK202310155341,143.531376992721
EK202310226663,132.79020362247837
EK202310183726,156.42274457961918
EK202310189308,173.90178864349392
EK202310198713,180.95392061661155
EK202310202117,156.18807324867998
EK202310163684,143.25663640768002
EK202310111102,141.90004406597782
EK202310127044,131.98724455052158
EK202310118453,145.419304132452
EK202310128214,134.8222876230765
EK202310135042,168.91286648926743
EK202310126915,134.46400545788435
EK202310147166,150.8486432114215
EK202310233052,141.44346470391582
EK202310141703,146.17034627746852
EK202310164168,157.95698729969354
EK202310156751,164.57593779496057
EK202310146541,132.97815152610107
EK202310184817,185.20151072652578
EK202310195187,158.51866044396002
EK202310168677,140.8977549323194
EK202310188486,130.85369425068154
EK202310224018,159.70102001274225
EK202310172986,148.10947064639257
EK202310161060,173.77171418915137
EK202310178666,130.4144567417247
EK202310166665,145.60443802317127
EK202310141091,162.56161641293835
EK202310191127,148.01193205398772
EK202310189382,145.19558739680346
EK202310172890,149.26148994627573
EK202310171361,143.50588227616674
EK202310186346,141.07444042433087
EK202310189932,136.5730605552999
EK202310189293,181.330247981643
EK202310171610,140.32307746024935
EK202310239231,125.88382067981502
EK202310201004,141.3644859511453
EK202310178301,158.15627980066472
EK202310246066,125.38489827323617
EK202310243993,160.09850666901477
EK202310240850,143.06386178067424
EK202310115127,133.98060196295617
EK202310232199,123.15701371590404
EK202310217063,135.9749995641898
EK202310115674,133.64957040045797
EK202310110226,133.0675113669562
EK202310181037,172.36332847274485
EK202310004136,146.47488549546884
EK202310159843,163.6262665025354
EK202310126952,134.371727946046
EK202310230766,140.27939633775162
EK202310110797,128.13691457151864
EK202310231475,136.67731458131277
EK202310135719,140.80847266488013
EK202310145051,134.31612283644225
EK202310113543,154.79489359883863
EK202310159237,159.62354691105207
EK202310238856,134.3883554953268
EK202310121123,139.8110366658631
EK202310192625,156.27635046442848
EK202310170391,137.24228626647732
EK202310141783,145.18229699258185
EK202310117317,130.28754594517594
EK202310159443,108.42636776876407
EK202310224692,164.18036263109815
EK202310129133,147.44182769071926
EK202310118922,155.69000195049207
EK202310187333,137.82060119533054
EK202310149791,140.83343472745526
EK202310231752,141.55573734092917
EK202310130461,142.90342012787022
EK202310151790,131.86969575987007
EK202310156693,134.878920535585
EK202310138274,164.73939169920686
EK202310217407,148.10815024677404
EK202310115388,134.7873028056498
EK202310145689,166.08555392749014
EK202310104824,122.13623704497294
EK202310247570,128.86494285035025
EK202310197035,127.88522780782216
EK202310230114,132.11953763658167
EK202310105854,147.2926753582308
EK202310187457,152.64101610172858
EK202310192506,148.1728544296804
EK202310140455,142.2001974393751
EK202310226538,139.16507644419139
EK202310175408,145.82543596138265
EK202310132765,132.85075709475095
EK202310193721,148.6246339060366
EK202310151285,147.0502012102189
EK202310178760,162.3038750552021
EK202310149663,126.66121079282131
EK202310219711,130.8487860853457
EK202310217272,155.99664085112533
EK202310238355,140.66319420445205
EK202310188659,154.6842584999476
EK202310205449,133.29181615077744
EK202310233265,162.80234527862063
EK202310109651,136.69589212687808
EK202310226933,124.76461145503347
EK202310159603,120.4923718546628
EK202310105868,142.18629868741948
EK202310171812,133.17682888681347
EK202310176259,164.52856639370478
EK202310122912,160.93222455156533
EK202310184013,182.5382533969202
EK202310179868,146.99229728153244
EK202310176252,166.2852708753225
EK202310239466,146.12832003951132
EK202310228949,130.03938059399462
EK202310169903,175.55696193690522
EK202310209528,152.08881048248932
EK202310213123,141.06783855027027
EK202310173452,108.21450269280669
EK202310230252,140.8246830683045
EK202310106835,127.74901614072535
EK202320007700,153.22877757241244
EK202310198359,125.63711547082043
EK202310180758,154.07548575224453
EK202310227440,130.33688682503202
EK202310239839,134.98458487449005
EK202310145401,137.92756672838476
EK202310131446,131.31198356054097
EK202310121079,137.86976400843983
EK202310159312,178.3440059190895
EK202310167080,145.47245216214245
EK202310110131,135.3530733482749
EK202310173862,140.28672914912266
EK202310184021,176.9865529982852
EK202310223793,134.16754670088304
EK202310190740,147.48021372633252
EK202310165164,154.68154977073783
EK202310136762,141.13300817412068
EK202310187434,155.79122600318226
EK202310212919,152.4692602510925
EK202310147933,152.5171035408152
EK202310217428,145.7051148244271
EK202310163195,136.37249231483082
EK202310144020,136.5222286050174
EK202310226546,140.81878153602776
EK202310172034,139.1423826416297
EK202310113666,154.29797513252186
EK202310189588,133.383491807555
EK202310107725,141.63932719113052
EK202310195274,133.76630830160292
EK202310180008,113.84518553814857
EK202310164031,130.7727148913065
EK202310229645,138.7495352663271
EK202310125934,133.0914893602791
EK202310218196,153.1427596263272
EK202310119725,152.61760930792877
EK202310133573,145.779920994173
EK202310219254,151.0753852260716
EK202310105775,144.01461586868206
EK202310163730,151.44741429143718
EK202310119408,164.26771212741875
EK202310134331,150.58863101474375
EK202310138761,165.1315864717692
EK202310126020,132.53547388397828
EK202310128964,153.94958683367793
EK202310225868,159.99519610262888
EK202310217967,116.72455951638737
EK202310222323,150.6749688741112
EK202310206855,135.0440324465513
EK202310152085,163.93082336061013
EK202310004023,147.09697007695374
EK202310211193,152.2391246323629
EK202310189925,137.82043136121848
EK202310152235,153.27836782564765
EK202310189056,156.20143728890395
EK202310242595,126.68447654904324
EK202310140195,144.00803170002115
EK202310181500,136.35080832449165
EK202310171216,146.33342262754115
EK202310209110,151.06246825084824
EK202310246479,126.40311941245416
EK202310194938,151.86794423360286
EK202310224895,138.76616839773104
EK202310195509,135.3810668586845
EK202310173849,105.06373782152995
EK202310116837,154.63605496842018
EK202310105574,143.0272170646209
EK202310196041,150.19878588770524
EK202310122385,146.5113024913991
EK202310193454,134.5231200220344
EK202310124125,141.6491637086418
EK202310180862,130.145584682027
EK202310234723,139.03520864709841
EK202310126036,135.22080112020433
EK202310171137,152.12916215381537
EK202310233393,139.5491869513112
EK202310132926,138.23961218902662
EK202310160365,138.13086459279558
EK202310211274,141.03893848712582
EK202310225058,164.55440245713837
EK202310194840,155.6834908592519
EK202310216072,127.17282110463938
EK202310224888,157.11683387162245
EK202310003930,135.8601469172096
EK202310187789,163.9076546199457
EK202310237317,128.11999782980558
EK202310188643,141.59482429462506
EK202310163618,175.78398902712377
EK202310216984,140.5910570090534
EK202310243216,127.91421019824749
EK202310111010,120.88057281766841
EK202310140852,138.8787906770009
EK202310114085,152.27353136978536
EK202310123385,148.10433518372125
EK202310222159,119.25121068028967
EK202310203038,152.13700488986277
EK202320005703,165.76188367535957
EK202320006527,144.6162347746009
EK202310234277,143.99626837380134
EK202310135781,138.8393905678771
EK202310157465,143.50251163143443
EK202310178744,143.31017275438285
EK202310238253,175.08177855394055
EK202310122583,133.6410920084445
EK202310214372,145.1818025324731
EK202310174457,152.87381620905379
EK202310167149,138.9861356122041
EK202310228958,134.68312304725234
EK202310157246,159.46945556528917
EK202310148323,155.91227100423743
EK202310174823,160.72742703962183
EK202310165142,152.57653591886188
EK202310207746,148.69475192431165
EK202310245090,147.7665795547008
EK202310181612,146.0368130121779
EK202310217652,117.94754886728332
EK202310161957,148.55169234593328
EK202310116818,145.65447620975462
EK202310180631,148.71031065851213
EK202310158422,149.09377271100078
EK202310195969,163.1160213939349
EK202310226142,135.4891299766932
EK202310199652,162.24066056709762
EK202310150930,139.33011809763266
EK202310148331,148.49457114190608
EK202310189171,153.8008177718035
EK202310194950,161.5294295817143
EK202310242729,135.41122437428362
EK202310221050,127.54882211017281
EK202310105169,144.8661104116231
EK202310231810,134.96948398498563
EK202310201600,168.95433863669157
EK202310173892,141.10176763573443
EK202310103909,163.5876287882744
EK202310207543,142.71042596756803
EK202310217532,125.03259665589276
EK202310131408,132.72447410263047
EK202310216303,138.69014078043108
EK202310207214,134.738399969717
EK202310237069,135.9279010059129
EK202310130210,153.40332754639815
EK202310148179,160.15060543775138
EK202310230098,129.33692981464475
EK202310106540,125.82823953235462
EK202310247875,128.5298296884588
EK202310131197,153.29343639939725
EK202310213017,162.4114439218527
EK202310226797,145.40829445995624
EK202310124853,139.48128463574693
EK202310219648,121.63266434237114
EK202310242013,142.01347066157453
EK202310190443,123.22205068728012
EK202310142718,117.80291853127599
EK202310173178,130.5259330039694
EK202310125534,139.37779507539776
EK202310122118,136.81017038732813
EK202310151782,144.94218743999153
EK202310142165,130.49838831885924
EK202310120956,145.43621245970002
EK202310158163,167.94778380766076
EK202310110021,134.9502762561972
EK202310196057,159.3792103067522
EK202310199008,148.07585847510398
EK202310003987,156.83311675663077
EK202310240352,148.35073127480413
EK202310165694,134.7402985637088
EK202310232204,131.55091110353112
EK202310125243,134.2514395841356
EK202310171212,153.1465815082205
EK202310165904,141.89987979409253
EK202310156703,131.5948918087643
EK202310161254,146.82887920697155
EK202310141589,132.46210332670734
EK202310139870,158.86729808721105
EK202310003550,149.6985969585798
EK202310004721,146.63848176663112
EK202310237716,142.03050250100566
EK202310162213,138.72779974336657
EK202310231470,138.16098156464898
EK202310165710,177.62104061179622
EK202310219597,117.4952172181839
EK202310177018,154.87562020872488
EK202310113173,138.5278311206936
EK202310161177,145.22460504628071
EK202310105482,120.98902802664504
EK202310178942,148.49190441777066
EK202310105694,149.5172557859699
EK202310120998,140.93700308587077
EK202310216864,166.85096793573211
EK202310198211,158.2197685469016
EK202310118620,160.55585724615574
EK202310221238,119.37860233411308
EK202310161217,148.17115305770415
EK202310218766,145.06594355137784
EK202310128213,128.01507043268964
EK202310137523,156.42499174690442
EK202310210262,131.66457907923416
EK202310155407,130.75815605708937
EK202310156355,154.59090235761857
EK202310171504,158.92050044536057
EK202310205541,133.54101595054468
EK202310165351,136.75368572061745
EK202310247442,155.8741189533099
EK202310131239,126.77026592219329
EK202310169672,135.46362047476075
EK202310118977,149.91223492323945
EK202310235793,123.2904664407259
EK202310200392,151.7345977049275
EK202310164965,134.75571424499597
EK202310171249,149.91524941945065
EK202310106318,124.12072906319403
EK202310237266,140.15462190603503
EK202310147471,144.04618106646205
EK202310194031,130.9840928427069
EK202310192307,147.45547544729067
EK202310181117,115.87847260270783
EK202310116526,153.33059132404807
EK202310194824,185.90434768587588
EK202310162842,172.5372630696744
EK202310181349,119.38381802981385
EK202310164261,158.22139512099898
EK202310131101,152.55114794015157
EK202310151625,136.83000219106535
EK202310141286,155.71763081564185
EK202310241249,155.80911097900605
EK202310212872,123.34982237239308
EK202310226815,137.87772006576387
EK202310141152,147.3797553214678
EK202310235794,136.227600956853
EK202310229993,142.570650690012
EK202310147668,170.96249677202627
EK202310164475,141.0674879261706
EK202310110039,140.87624591849607
EK202310187421,131.69140536312887
EK202310215044,157.45893906087116
EK202310105965,132.29061165720543
EK202310120150,144.39498969098614
EK202310201212,174.77189148016305
EK202310127536,145.08851684158384
EK202310165403,127.65537209573179
EK202310135385,143.06201788222648
EK202310159428,157.38478214259987
EK202310214834,140.09725582281618
EK202310130931,147.6918776758632
EK202310206054,172.47779897630716
EK202310112744,143.16756074655774
EK202310242341,149.70198453665756
EK202310159100,146.957550497263
EK202310186817,128.2384246660121
EK202310187749,142.74115135519824
EK202310246213,142.22794965013966
EK202310202813,145.95671235459878
EK202310119983,115.66301551444366
EK202310241219,158.06729931754273
EK202310195435,157.35780722684194
EK202310199454,154.7092080521938
EK202310194920,149.66787263081383
EK202310151167,140.4599494936765
EK202310204930,141.07294369922258
EK202310210621,143.3507382448236
EK202310234981,143.23453055004512
EK202310218747,150.77222869700958
EK202310125674,130.52539951191451
EK202310004025,173.9094078173962
EK202310131481,154.24589757489264
EK202310162994,136.2879135699212
EK202310232677,130.34361831468607
EK202310004278,150.5095828996071
EK202310108810,146.92781360953444
EK202310225683,132.37357763324954
EK202310115846,132.58642132390204
EK202310003668,152.8937320569231
EK202310153044,151.7502742657744
EK202310206782,163.31384803099894
EK202310198360,143.87262322716373
EK202310103708,128.91828856636582
EK202310138116,120.44207098153703
EK202310160576,150.01416456951114
EK202310183081,159.91097891261222
EK202310105137,128.86661676102787
EK202310170115,147.28176286620493
EK202310116604,159.1568024655664
EK202310236944,142.70777709929263
EK202310175444,156.66542598055776
EK202310150908,146.49463457160516
EK202310204946,137.39524249479436
EK202310139272,142.6944906494027
EK202310173841,141.45282732550055
EK202310241566,141.13420685564404
EK202310140944,159.33514449532376
EK202310166702,130.89755126379987
EK202310172479,138.41550343091333
EK202310209418,138.88768894397293
EK202310165364,144.41605550181524
EK202310170685,154.29229730567573
EK202310137383,133.39345321745392
EK202310208374,130.2026035632835
EK202310124992,148.3830663621357
EK202310227242,162.49176014165934
EK202310200684,147.08787614070252
EK202310137981,147.68074913779293
EK202310183855,161.12390614372154
EK202310120432,156.10929741905935
EK202310128607,139.77890826809548
EK202310146775,140.7833712750102
EK202310175473,148.17664093622943
EK202310194578,175.35590285204012
EK202310199456,117.01363587154091
EK202310114576,147.86633416463965
EK202310232002,140.75642719775436
EK202310133113,159.20016613391724
EK202310177757,156.3031756282656
EK202310106035,137.43854275265912
EK202310161565,149.28114371982758
EK202310110506,144.53845535967866
EK202310206193,143.38714440928166
EK202310134593,173.22829093645092
EK202310157521,150.0797643899477
EK202310142924,156.48450769663663
EK202310237263,155.82968105581554
EK202310170297,154.03070179291586
EK202310106326,137.4984960821074
EK202310128380,133.63076234265307
EK202310222238,140.3154058213005
EK202310194876,142.406942568567
EK202310228783,151.24063777454307
EK202310186905,156.5524475791289
EK202310116223,147.6674163206846
EK202310124674,141.6949818201835
EK202310164997,141.23233932241578
EK202310164834,135.67335744958325
EK202310207829,135.50805406397603
EK202310156532,169.3675435027041
EK202310129196,136.07665142730008
EK202310119383,165.63399048371085
EK202310246942,137.93150516302362
EK202310108008,141.84115834886532
EK202310209225,135.99584356027657
EK202310191622,166.25424466548304
EK202310207087,149.90927193457622
EK202310152145,158.9201002370221
EK202310130483,163.4525757167413
EK202310218772,146.16529544543323
EK202310202740,162.30665106419107
EK202310189738,134.6472146625331
EK202310150713,155.067763832197
EK202310235780,135.3067063286921
EK202310245036,154.02911893095592
EK202310003439,112.90235990853267
EK202310231070,121.93364707858501
EK202320006731,180.54011886786128
EK202310244442,155.19598782631815
EK202310132886,129.60296644759475
EK202310147295,172.2624819608155
EK202310133587,162.57303817786348
EK202310186397,140.06493075624465
EK202310123728,148.5445427377569
EK202310232420,145.18202564799068
EK202310233200,146.7120585213036
EK202310187145,138.21853295548254
EK202310238519,115.25539782816158
EK202310122640,150.77354498522092
EK202310114892,146.9477014772969
EK202310172340,135.26915929267466
EK202310109402,151.80035943294692
EK202310229865,130.26677135437356
EK202310202666,145.33719237488313
EK202310106916,154.35071908645173
EK202320005781,182.1465349487212
EK202310127666,140.94538002736422
EK202310224319,136.79472786347867
EK202310164602,150.51332225222484
EK202310118941,145.23461460529953
EK202310234012,142.51618935180915
EK202310199233,133.47838914816958
EK202310214877,139.21079147113798
EK202310179245,152.32891992818395
EK202310160250,152.0373760675039
EK202310219316,129.73095087003358
EK202310175330,153.18909657519836
EK202310156975,172.56960819982038
EK202310115055,144.105564749574
EK202310112754,136.5607715279604
EK202310175770,153.6700933571747
EK202310218114,130.9589636930819
EK202310135889,139.72379402915033
EK202310245028,151.11440479352441
EK202310104852,156.50180186716983
EK202310216044,148.21701982546418
EK202310230940,111.79610362926906
EK202310198398,150.31253474537976
EK202310152619,177.84134224172587
EK202310168477,160.24916076291984
EK202310236502,128.21159236304652
EK202310112037,131.57036704083697
EK202310159871,157.38832781426783
EK202310213645,131.00037190259505
EK202310120040,138.1252543061117
EK202310183203,149.14307497317319
EK202310109200,132.7774741335797
EK202310132933,144.30670916020614
EK202310137560,122.23491194468781
EK202310177041,151.11514174594276
EK202310137910,144.37174891488507
EK202310104847,122.63628258948869
EK202310200423,131.94661542345955
EK202310187271,142.01139902286602
EK202310213803,158.42900572666423
EK202310246954,129.0273772348444
EK202310118188,127.9109874144433
EK202310134413,167.84259633594905
EK202310232546,146.22517215835205
EK202310158497,175.62189619038145
EK202320007533,140.54792043630007
EK202310174045,157.3551266218463
EK202310232493,139.281732147616
EK202310121025,143.85251179513241
EK202310203256,160.16014531446993
EK202310142445,168.99017142300767
EK202310184247,177.0109077464286
EK202310192611,134.87014477758697
EK202310119937,166.67298396098937
EK202310231831,172.81214256025518
EK202310208214,139.70367735842632
EK202310237790,135.90075125791864
EK202310187705,123.64487798704934
EK202310209139,162.09651177817435
EK202310170634,150.4593766960991
EK202310146481,142.4368406988601
EK202310198380,146.59368933454348
EK202310226702,135.98528226227705
EK202310222936,135.56978291758517
EK202310197081,110.31165328062745
EK202310116985,142.79422380469018
EK202310223669,140.85383957949225
EK202310204735,143.80996356254474
EK202310184616,128.8652344222836
EK202310148138,152.0482754793697
EK202310134199,147.9715333415214
EK202310149246,130.59318667996803
EK202310237457,140.0160896252732
EK202310160240,164.6471511207732
EK202310177402,171.25013357834936
EK202310231985,134.68988243934413
EK202310171409,139.4087492462694
EK202310176316,149.26568596659286
EK202310164869,148.2437932247137
EK202310134160,126.59310776038585
EK202310213361,134.7272958607144
EK202310204421,132.06365175824212
EK202310209884,137.48907177593347
EK202310136308,150.75866332342795
EK202310242777,133.34368992423072
EK202310193657,141.53346672133918
EK202310188052,151.81559368719584
EK202310147057,140.37073231440218
EK202310153768,140.34239097333614
EK202310144579,132.0661309636072
EK202310198362,148.6694343406489
EK202310105880,164.5971254045381
EK202310171799,132.76957615638662
EK202310120109,142.30236056504214
EK202310216065,122.59022576166367
EK202310170495,157.91279138047594
EK202310125667,179.6408103552792
EK202310105906,131.82831318349946
EK202310003424,143.7588977804484
EK202310195264,132.33983111567292
EK202310130646,127.13316748979993
EK202310115346,137.88537138588458
EK202310106003,129.088324911613
EK202310193189,180.56688231630963
EK202310120005,124.09804172604737
EK202310225659,146.05882179405256
EK202310187329,172.93535461738776
EK202310234854,139.4075453406933
EK202310245195,148.28817865287976
EK202310245177,127.34896909811422
EK202310229481,143.66382841694718
EK202310218683,134.32118204859594
EK202310232957,138.64868866923774
EK202310244525,134.02800761518745
EK202310238364,139.46792634412878
EK202310233731,134.7934067917
EK202310114718,130.0970875432882
EK202310152186,171.47823273653933
EK202310217521,134.99360280593382
EK202310183796,160.904054290345
EK202310218461,121.71341790233707
EK202310113523,149.76303813911653
EK202310149413,168.92786822571048
EK202310115324,138.61872017707475
EK202310104367,155.1275303133617
EK202310124772,116.47942055689344
EK202310195448,134.87249815249484
EK202310211731,127.40520800733934
EK202310162193,136.44252084957023
EK202310187308,140.9765253240673
EK202310129859,165.33132806358412
EK202310170962,156.80958250025841
EK202310235749,134.4735455642793
EK202320007870,167.61388810253072
EK202310154838,158.5447435250895
EK202310206242,134.15269322805995
EK202310209717,140.38279497832596
EK202310247573,153.24940366521665
EK202310113989,114.3260954441336
EK202310152196,143.76144544758318
EK202310183083,139.67025903755126
EK202310234475,141.76823615858663
EK202310234459,125.70537383415578
EK202310106650,177.08443780058874
EK202310117634,132.7985499461179
EK202310128279,129.38327603512934
EK202310158721,144.92348279728452
EK202310234607,139.96456493903514
EK202310149804,152.61064005526615
EK202310242352,124.06033041910328
EK202310126148,142.30109831290483
EK202310165882,142.99548665945213
EK202310137378,166.90051627679514
EK202310112801,124.72566596924077
EK202310119995,124.61403210463742
EK202310123123,135.1408044836237
EK202310190387,149.86076747297466
EK202310226519,140.30589464273268
EK202310129375,131.89108207410158
EK202310245192,133.07269288032722
EK202310215168,150.19096662361505
EK202310137434,142.1053580333696
EK202310194720,145.80498644865017
EK202310201666,153.90009774044512
EK202310193830,182.9675108227518
EK202310178910,147.2692258788983
EK202310110446,129.51254980726696
EK202310166237,132.83505295487456
EK202310180109,166.8574569681987
EK202310146375,137.98588242452095
EK202310227332,130.1408186589473
EK202310241765,146.3435594878326
EK202310229368,113.91384024606124
EK202310135373,134.30744074672577
EK202310169663,159.64804312696853
EK202310236365,131.94803407170792
EK202310182601,119.28308084083585
EK202310144591,133.281171749096
EK202310203065,148.86405718979387
EK202310185758,133.15499992090164
EK202310105204,143.6579440411697
EK202310150175,140.5341344190375
EK202310172599,130.30125445649242
EK202310145266,160.33584593465486
EK202310004647,159.20886664277134
EK202310242466,151.4743065038843
EK202310167834,151.41680891232153
EK202310225932,127.8992156543724
EK202310132329,133.69315815468354
EK202310123888,155.1471085589335
EK202310208707,154.91251988514338
EK202310201294,145.32811466108444
EK202310233641,145.3444476573884
EK202310140113,143.84492258676505
EK202310218544,143.29830356450248
EK202310219472,136.92397279352457
EK202310143848,143.2619296770297
EK202310134434,134.4504910164403
EK202310236630,134.48652018037538
EK202310198379,138.40338488997332
EK202310222797,138.58647135115942
EK202310248842,127.62423546559174
EK202310132974,134.43167207542155
EK202310235130,142.0859849691513
EK202310238228,137.15085972664855
EK202310226782,140.10969308703653
EK202310210339,146.38193769701513
EK202310189790,137.28705370044835
EK202310187315,169.7210410890361
EK202310171801,128.66923314520793
EK202310123573,146.91906647290105
EK202310172773,140.09155216454812
EK202310139716,155.059922161117
EK202310110431,145.683378781513
EK202310189055,133.32221808296973
EK202310124983,134.72054169015468
EK202310190155,134.98168866142464
EK202310238929,152.98240385085464
EK202310180436,140.66582920456102
EK202310230021,152.3291572005626
EK202310181912,150.79383114248668
EK202310178377,152.32401955860925
EK202310145374,109.99410569864851
EK202310126596,125.70132474229125
EK202310225731,136.3502369200699
EK202310138678,144.83856650628758
EK202310172372,139.39025641857154
EK202310116119,126.16054321245996
EK202310167609,155.12328628655933
EK202310244078,152.19896709049524
EK202310217427,126.85477585910382
EK202310182904,147.66731180715158
EK202310208329,154.30907474367922
EK202310189009,151.76432378067278
EK202310114945,146.44046508906797
EK202310139882,148.94012448192575
EK202310206869,146.85303252099098
EK202310192874,136.92962091997884
EK202310216134,139.33352252033956
EK202310203212,136.46092114908606
EK202310156888,140.59163807886216
EK202310182240,143.28041946360443
EK202310141092,159.71788900899642
EK202310124359,128.4327260834311
EK202310152947,145.25955579255287
EK202310114595,144.07733035252122
EK202310146656,126.73942480647162
EK202310223051,125.09425578167931
EK202310134381,130.59942432625382
EK202310208234,141.64523806356925
EK202310169332,182.9739188987872
EK202310103907,149.7462966595551
EK202310143678,153.93425761652736
EK202310114762,126.60686873939757
EK202310120679,156.89810981907107
EK202310153376,157.99058579142797
EK202310207113,141.79194307705188
EK202310229661,124.30224213891968
EK202310219333,161.12955215396113
EK202310131040,122.28034555993888
EK202310120192,133.41349269973983
EK202310114032,135.70543654735425
EK202310178367,158.25947804791008
EK202310195835,154.94576016835563
EK202310154385,132.29284234474227
EK202310215393,179.8565189185421
EK202310107773,139.75785157299111
EK202310164250,154.8701568123996
EK202310158284,153.85432502985861
EK202310181120,146.53009030027673
EK202320007585,141.67779865576998
EK202310182248,144.86886958733285
EK202310178445,157.65116385050155
EK202310151607,157.70971026461754
EK202310114270,121.11286383466518
EK202310237697,138.69575799042434
EK202310141166,134.6735856182519
EK202310153773,159.34724167560233
EK202310129425,151.35089253030694
EK202310114483,138.12840127965137
EK202310235872,127.66120490241529
EK202310140448,135.91278426797612
EK202310140940,152.62316547947344
EK202310173832,140.12676028997876
EK202310131844,146.034353645009
EK202310236956,131.85789092166405
EK202310166354,152.92662346140025
EK202310122182,159.57878628804036
EK202310212213,141.57760131580042
EK202310165400,155.2877120601172
EK202310148714,135.15008747854054
EK202310126880,148.23120995316478
EK202310191702,144.31871649543757
EK202310161903,151.1607781858953
EK202310223034,131.61593499459417
EK202310188051,163.530375792234
EK202310205595,147.9901396640438
EK202310171306,137.3412841702311
EK202310246135,140.60980877994413
EK202310210097,165.72554228854176
EK202310191192,148.12371808431436
EK202310216619,141.486373316104
EK202310153794,154.67731692259923
EK202310122914,168.2978174411509
EK202310122058,139.2375172690404
EK202310138004,136.21525745108406
EK202310221367,165.93049016895347
EK202310158770,140.40300163433994
EK202310145695,162.16771602659176
EK202310125582,124.84749566109923
EK202310136243,142.5391672035586
EK202310194117,115.8262474877767
EK202310107078,139.59053126774273
EK202310190139,145.58386531562496
EK202310156770,151.48286627489352
EK202310178929,139.1264332275349
EK202310164953,148.65338721185643
EK202310118034,137.96689576322657
EK202310227978,137.54571358103445
EK202310144597,131.72137883597617
EK202310176112,152.75121617106123
EK202310162357,151.75493718607808
EK202310176897,153.0596174684435
EK202310134145,126.71525690646126
EK202310129907,121.05594524678195
EK202310229306,147.19637953920792
EK202310198497,130.91897031362254
EK202310163561,140.45445084199335
EK202310221369,152.85756221267437
EK202310176645,145.65203458506062
EK202310157146,164.91605138592791
EK202310120273,157.77507097679086
EK202310192592,137.2965057707652
EK202310169221,158.48880102622235
EK202310191453,152.305121794196
EK202310131848,136.168593011175
EK202310127626,148.04629411047907
EK202310213244,145.06843420023424
EK202310137030,120.38719268673907
EK202310146412,133.8748443349169
EK202310173918,188.83163269650208
EK202310161898,172.31227446584836
EK202310106892,143.36373678847045
EK202310110349,140.80396970988136
EK202310209540,135.61829078667387
EK202310191336,140.34077048585937
EK202310114498,125.04989504056427
EK202310181006,165.12149731704403
EK202310212668,127.52864143695365
EK202310158230,151.59933816672836
EK202310004318,112.36923812740491
EK202310247144,143.1978150131205
EK202310107710,144.53838342266337
EK202310228147,133.3399071705088
EK202310143106,146.8753268549691
EK202310167345,133.41847600048678
EK202310208077,138.41415528345993
EK202320006983,143.8570022402719
EK202310243790,142.87310509810558
EK202310126443,133.35954671796688
EK202310245699,139.38070999886762
EK202310194114,145.22201255701253
EK202310195998,159.95218846971454
EK202310198935,146.02843863896135
EK202310164465,149.83026712678594
EK202310181559,134.08365777869255
EK202310194595,169.48444218052276
EK202310158381,140.66059645350822
EK202310155757,134.4160059254599
EK202310180220,152.76475639282802
EK202310179540,147.52275565556474
EK202310161312,135.5518725928589
EK202310185555,152.2335817161774
EK202310186696,136.4170745383455
EK202310161004,149.49849565586416
EK202310124318,126.56473504849089
EK202310162537,165.82188957228158
EK202310246753,137.86162610134443
EK202310225958,122.24299561660887
EK202310186853,155.79645925882974
EK202310171921,164.86803345774152
EK202310114970,137.85181073968258
EK202310215111,150.85441317629537
EK202310211062,144.68285333194547
EK202310189772,165.13410141927926
EK202310136766,152.0323777547514
EK202310126300,137.9845882344625
EK202310221810,149.14344861382716
EK202310204369,138.24900913885202
EK202310169470,165.190659674019
EK202310189339,151.43206781673283
EK202310190063,162.67062970446642
EK202310220996,123.93489901706022
EK202310164885,139.53445638507634
EK202310191557,155.0389538609738
EK202310210576,138.555199653084
EK202320006385,149.2522184348707
EK202310192386,147.21883585570833
EK202310129301,146.19008987951221
EK202310212266,136.10960540546438
EK202310248678,129.72467406607154
EK202310121007,144.24226079480053
EK202310158409,141.17575613019892
EK202310230262,161.02276112966612
EK202310105099,140.50274842570636
EK202310225197,131.4319354323367
EK202310141113,136.46645259814858
EK202310112350,132.53021208829617
EK202310220805,136.215977370211
EK202310220038,127.1159475720876
EK202310153113,154.32148261083904
EK202320006647,178.432330384493
EK202310145953,169.6239236786752
EK202310209351,127.46732755278887
EK202310202126,144.1070094430125
EK202310191102,145.33057272822018
EK202310127097,156.39610453753463
EK202310126540,124.6908184721914
EK202310202419,140.62845229060878
EK202310116857,140.95772968090384
EK202320006346,154.0320049334078
EK202310216539,154.92989598674149
EK202310224958,144.08633106074066
EK202310222877,153.86645585493685
EK202310104924,153.9799466915228
EK202310230930,142.61867470216353
EK202310176678,147.09378429300705
EK202310144934,142.5875904326811
EK202310148649,147.44748856922544
EK202310168500,161.44222011863926
EK202310150427,138.39270485990022
EK202310205648,139.26180456037005
EK202310159787,121.82106699099445
EK202310131529,157.4018739663265
EK202310173679,133.0298691544889
EK202310216340,127.37899999397699
EK202310113807,158.95288019557597
EK202310189797,140.00831433049524
EK202310172848,133.92952033727082
EK202320007206,148.4081285483696
EK202310183124,138.79173888852927
EK202310202871,161.94195208408536
EK202310195901,144.64148198524288
EK202310108242,134.70523211781227
EK202310209662,136.35763421687696
EK202310186506,147.81107283159446
EK202310241427,137.35345152597085
EK202310104646,164.17654794700195
EK202310110500,165.4481634140157
EK202310140229,123.10713035170232
EK202310197951,125.51092236939965
EK202310204251,126.55357898956704
EK202310218413,133.39179479765718
EK202310111117,165.94774936071013
EK202310153521,144.4597758406432
EK202310163012,151.33435948963375
EK202310238189,163.58759052395337
EK202310139597,162.5009497981668
EK202310239588,149.14768133599628
EK202310197135,125.51539804225622
EK202310105473,164.70577700452327
EK202310142438,165.2726993639676
EK202310238026,148.07403505327358
EK202310194838,147.4830343449329
EK202310218361,140.26195234881482
EK202310192741,154.42001469387193
EK202310193265,130.99094031198098
EK202310216986,144.0680643594774
EK202310230537,147.30502812147864
EK202310119794,152.61128939755872
EK202310170043,137.92884309715006
EK202310108833,146.04676151168172
EK202310161240,146.41268644934723
EK202310234010,144.92873441579928
EK202310109182,137.3904320218586
EK202310230972,125.30321048403084
EK202310149335,153.65645065233122
EK202310107970,142.9264218743763
EK202310149458,154.9407685172488
EK202310144815,130.89017286181692
EK202310155738,146.57133573924438
EK202310204043,138.89910591395957
EK202310150762,130.89853417840368
EK202310177738,143.84231374691652
EK202310156587,148.9065325527504
EK202310157016,140.51342646913054
EK202310206235,140.11881944703558
EK202310220646,139.61052778213292
EK202310173733,145.21361723259147
EK202310245161,150.25976279855573
EK202310246615,156.14222977489393
EK202310107283,145.54085719983573
EK202310172948,135.11832246196917
EK202310223104,146.6395859311686
EK202310137920,142.98887173007523
EK202310237485,142.83425367551814
EK202310185339,162.05873391583413
EK202310150373,150.36760787445974
EK202310181031,133.87466588533763
EK202310246036,135.53517415899194
EK202310211321,135.21633591388897
EK202310166021,151.46519979793487
EK202310104995,139.31844937608548
EK202310154804,138.09617745878268
EK202310207957,127.43338749016885
EK202310115976,148.7018934415921
EK202310146527,147.0849815254071
EK202310241764,160.42972680943626
EK202310242749,151.72121642858446
EK202310174079,140.92958881495545
EK202310246052,141.0362109971163
EK202310224322,130.90089969485507
EK202310136529,113.63217736819709
EK202320005962,182.13370885853675
EK202310220450,157.56540822795142
EK202310212212,143.76556563372404
EK202310153182,151.98917027480815
EK202310105480,131.44161385400446
EK202310125339,137.03407300217305
EK202310237988,157.43061037004907
EK202310159218,140.8545206798695
EK202310178861,136.00669717606374
EK202310146447,135.15614097611817
EK202310242533,135.81930108282003
EK202310239148,140.23501642947693
EK202310206069,170.64989088814716
EK202310209438,146.38381710144225
EK202310203458,138.05683820036154
EK202310139769,133.70919002075374
EK202310192295,150.59183438299945
EK202310213849,147.1418298575032
EK202310117386,145.28044660155507
EK202310148126,145.78504129370305
EK202310141622,152.7208707784901
EK202310203974,152.47607153979013
EK202310124862,139.5498455791937
EK202310238082,139.80550316138036
EK202310131352,132.67766347238086
EK202310123750,158.07568015210234
EK202310165127,127.92979431785955
EK202310166390,155.43259675080958
EK202310245131,140.45386595835384
EK202310191228,155.1325128416716
EK202310218338,124.00881463363467
EK202310229880,133.0672863154568
EK202310139618,143.53959512401087
EK202310166418,124.46950282958345
EK202310114847,147.0023901389665
EK202310129128,119.29988192300719
EK202310129085,141.98907337826924
EK202310208641,151.66633996294274
EK202310241385,151.36699485263472
EK202310231427,132.04335152663924
EK202310183819,158.51507883769676
EK202310103894,154.77647658414602
EK202310115562,143.7679781520362
EK202310153110,148.1421111515084
EK202310107637,135.57334834722315
EK202310003429,130.00117435116195
EK202310141699,158.89275620677924
EK202310200793,133.14522949463534
EK202310107984,153.5213038477478
EK202310113752,148.6191017422339
EK202310136157,131.06559932631947
EK202310207954,144.82383870073232
EK202310135579,158.05360975334662
EK202310166104,154.30610410188513
EK202310127366,156.65968207766056
EK202310121696,124.83516639378651
EK202310138993,149.62499339650742
EK202310207033,136.25642838858047
EK202310122660,132.38927822449693
EK202310132081,134.7938181606095
EK202310198420,131.15865983352975
EK202310144336,139.41733633511893
EK202310238656,159.21459879857912
EK202310230161,129.15490363267023
EK202310202206,146.14790663479283
EK202310213571,132.799380208027
EK202310203092,141.68015586848364
EK202310194418,159.9107415267885
EK202310128430,166.94034388703113
EK202310225153,166.40365169079462
EK202310160344,128.81921594297017
EK202310130554,116.27498410448587
EK202310165569,180.51865293113514
EK202310199349,141.35597304536807
EK202310129160,192.20829165691495
EK202310169725,163.31067297324807
EK202310160348,146.49479034451488
EK202310126901,117.75818042183575
EK202310199923,133.23364468595184
EK202310214691,143.31700838253266
EK202310202989,156.38495030766484
EK202310117244,140.82016935566614
EK202310162223,157.64224582347057
EK202310178451,166.28227201017236
EK202310233563,134.26091397631717
EK202310109378,172.96850207975936
EK202310177478,147.64725880263072
EK202310109053,132.398663417942
EK202310125187,132.14649404297876
EK202320005814,149.79965134405433
EK202310211630,137.60313763616006
EK202310156552,152.7583214967944
EK202310148023,161.2660028037642
EK202310166593,161.4049332046721
EK202310215548,153.78172728546846
EK202310111952,138.48047603954885
EK202310187710,136.16261122048607
EK202310157541,151.340443681166
EK202310171275,151.78697419895286
EK202310113025,129.5634283799306
EK202310197258,165.86075670393845
EK202310112846,145.59849058764487
EK202310127206,155.3484405585395
EK202310115243,135.3792768501444
EK202310124158,145.6421942953671
EK202310145344,150.15022698519527
EK202310115574,144.49529992426432
EK202310157721,174.6728169321166
EK202310122313,139.3002440415455
EK202310139139,172.68551381774964
EK202310225769,146.01675158084566
EK202310238365,118.86037294938417
EK202310237637,149.34176852045198
EK202310109616,153.51983239056
EK202310133259,137.59007036786272
EK202310228157,145.43640357155667
EK202310198466,151.34774855898064
EK202310106809,149.61677037737175
EK202310165950,171.84045285369987
EK202310128641,150.44518189570124
EK202310148916,147.8846827527963
EK202310114147,148.16483296363003
EK202310232304,137.98820995361345
EK202310188415,135.8706483995348
EK202310232540,144.66881273789463
EK202310207576,130.30660388315738
EK202310231963,138.06050124253886
EK202310229805,148.23806766007925
EK202310161625,143.95962753279662
EK202310223364,139.24892968098007
EK202310145207,162.5557895994457
EK202310154942,136.5974157287409
EK202310177414,171.14786638317707
EK202310151135,162.71875121266004
EK202320005867,145.681104977793
EK202310199483,150.69966184043955
EK202310193069,143.05469301649057
EK202310231001,127.06072261372377
EK202310153397,129.32274574744847
EK202320006411,145.77080045135835
EK202310178129,140.8823163819125
EK202310158178,142.33002769058913
EK202320006728,176.34174402033798
EK202310168603,152.34621672815402
EK202310188957,151.84550293155706
EK202310134962,156.27028911067237
EK202320006232,147.18743502744752
EK202310216197,153.80391595696295
EK202310205473,125.14682626495149
EK202310177138,146.14576276630675
EK202310003578,127.50185167088397
EK202310125915,148.93783459977269
EK202310163847,133.50241265521257
EK202310175723,136.52157476381112
EK202310167304,134.46653164407115
EK202310231580,125.27307261923933
EK202310224672,123.5028788493939
EK202310231849,169.4982888341903
EK202310118283,146.83803038377297
EK202310108021,137.4830800977007
EK202310244191,152.9685166335686
EK202310176446,157.8269101341145
EK202310153144,153.25111932977558
EK202310192762,141.8099614968883
EK202310155944,124.02892626036868
EK202310122042,133.04663276984854
EK202310139279,136.51157840453175
EK202310124333,136.89268356676482
EK202310222309,132.4383818267082
EK202310237489,136.7153313273002
EK202310225285,151.64374131877133
EK202310205925,151.03533274154057
EK202310146849,128.84607346545553
EK202310155584,148.5281672252434
EK202310127840,153.30670028392106
EK202310159012,133.95545116227626
EK202310171367,142.12602532428278
EK202310179659,149.3803042878027
EK202310147533,145.72152469177723
EK202310134101,121.79700649391941
EK202310167244,146.0346366354395
EK202310134522,142.39148362561116
EK202310188890,151.50108034389186
EK202310152081,162.38475322942494
EK202310168749,155.9324042508823
EK202310185345,149.31329534725626
EK202310212863,153.3587469461473
EK202310104615,121.3721881621877
EK202310188714,136.7211078337669
EK202310148084,141.57342247877418
EK202310211875,145.01068889994252
EK202310134441,158.3156367464224
EK202310187368,135.31558921674937
EK202310142139,133.49638568280523
EK202310216736,174.65350963549008
EK202310148523,145.26967469609176
EK202310177638,142.25772913775916
EK202310191439,152.03270813588654
EK202310184957,159.2927310345153
EK202310229730,131.96895792513885
EK202310171653,150.53088922593835
EK202310119614,136.30039320408378
EK202310193277,138.52222949420775
EK202310221106,138.96235852680672
EK202310196517,144.5388869175519
EK202310186815,141.18027729910483
EK202310118791,133.89912436511122
EK202310236202,135.0412191936941
EK202310121642,154.33517092786389
EK202310228637,124.80828512124862
EK202310171042,159.9487905159405
EK202310218012,149.9560354624317
EK202310238955,139.58513606986475
EK202310169993,160.7471620382355
EK202310227859,138.86759845993706
EK202310175628,139.55986697881713
EK202310225536,132.70966289594094
EK202310194964,152.37422033487465
EK202310170946,119.98259455734112
EK202310201972,127.75521098263437
EK202310204049,138.66439648805115
EK202310238497,145.75026570586348
EK202310231256,131.54016713166476
EK202310231579,129.6715962160361
EK202310174311,132.98090603912277
EK202310192651,131.51335082508314
EK202310114496,141.951568175447
EK202310230770,125.6670403001653
EK202310242388,133.87140037859274
EK202310114424,149.6718535340727
EK202310166798,157.07620290678295
EK202310246359,125.05925750484181
EK202310165038,133.78211310637937
EK202310197955,146.57766455241662
EK202310121307,163.34780545607188
EK202310151932,145.12070214250423
EK202310242488,128.21813594632258
EK202310105346,151.19295791504888
EK202310133118,131.7234963138164
EK202310125218,130.34374875048036
EK202310104440,138.54897095965356
EK202310238581,151.13226647681398
EK202310128830,134.55198602597326
EK202310111289,130.10056275381376
EK202310218154,142.4629444484232
EK202310184481,154.18264156133222
EK202310151857,143.83234357600713
EK202310107393,141.57810608544986
EK202310150289,151.6319686891087
EK202310113235,149.96829430597873
EK202310154628,156.44372235946872
EK202310183234,124.77070900606793
EK202310193060,143.41760468958864
EK202310142940,129.7541981400825
EK202310177291,152.58486556029032
EK202310214941,136.9307142876567
EK202310123810,139.54215231122726
EK202310234861,136.49089892870438
EK202310166088,161.52454049110003
EK202310175230,124.47011893731492
EK202310173351,156.95404179711562
EK202310246599,129.83081953999516
EK202310121468,121.62831945683116
EK202310115870,131.48230516043463
EK202310122689,138.91963335518676
EK202310104457,139.85317925067898
EK202310239958,145.072501120549
EK202310108834,129.08470814711106
EK202310242150,132.54376534728573
EK202310127460,153.40688731738186
EK202310150161,132.3928996556883
EK202310220593,149.98848633938093
EK202310208892,142.7273866725448
EK202310116640,158.03088522507448
EK202310228102,137.27124127388623
EK202310178599,149.85782851160192
EK202310211615,139.713418889346
EK202310208762,152.05949093651964
EK202310118517,144.27808866978103
EK202310187114,140.88214632769407
EK202310119172,145.9939017747534
EK202310131645,162.00958216242094
EK202310106254,136.41333498900428
EK202310132336,129.93350481783082
EK202310226404,154.8055329508016
EK202310196510,128.30682638506468
EK202310116508,118.97434788358743
EK202310188534,164.33807201598566
EK202310177793,139.6180504129857
EK202310206591,148.02875319015197
EK202310192097,142.37005132652843
EK202310119525,141.0542271832175
EK202310168918,134.126825391844
EK202310004052,157.03885574347242
EK202310155004,113.84945141273518
EK202310113224,121.74453402582826
EK202310168827,150.15411873023135
EK202310151452,148.3965025847325
EK202310233171,158.74136247260006
EK202310189316,124.71281904226062
EK202310165015,129.66332302470374
EK202310191520,113.81993507572128
EK202310154021,147.77002116690085
EK202310142035,143.99783865921552
EK202310136677,149.82842953014955
EK202310193692,150.78481612133425
EK202310217638,113.35239850312165
EK202310152626,162.94205544826087
EK202310130527,142.56695533521724
EK202310219621,128.6168876064812
EK202310117231,154.6764367965921
EK202310184541,162.2532041458165
EK202310123337,150.2733433782619
EK202310004825,162.87280496861231
EK202310004105,131.7894000400488
EK202310222141,130.07964147613424
EK202310223687,128.06982278653516
EK202310004753,134.4829587862159
EK202310138231,135.36407716169575
EK202310230297,170.13628775461376
EK202310123109,133.81739822770476
EK202310118394,134.94297275128008
EK202310236285,158.38684569841766
EK202310142984,147.42349201545954
EK202310228922,136.34730096707298
EK202310180656,164.28005974524035
EK202310198343,137.34518367907972
EK202310213613,127.18855034450554
EK202310143759,133.41203641545468
EK202310243098,138.9791767721914
EK202310140826,143.4712387413355
EK202310219432,126.95968846103824
EK202310235984,130.92244629839848
EK202310112132,149.5628744608975
EK202310207139,167.41263774997128
EK202310123515,126.73873216651486
EK202310147539,139.17710855098034
EK202310201614,157.06566990672385
EK202310242651,149.52791484566865
EK202310116831,151.37624816713492
EK202310142528,159.08399647652377
EK202310158275,134.73431562868785
EK202310119240,143.3626656654634
EK202310189798,143.30274836577274
EK202310140182,140.51644111320095
EK202310104020,113.18707271311618
EK202310144562,172.57442155357492
EK202310211897,125.29001030931515
EK202310209649,150.8430331080442
EK202310224584,140.98688017156945
EK202310149915,176.4154969634047
EK202310205659,143.0269458219056
EK202310150345,151.37685208993457
EK202310228952,132.02472639350898
EK202310126648,136.33239504877605
EK202310243579,135.95299197330797
EK202310164006,149.43707948962273
EK202310108668,137.33531572592267
EK202310137775,140.61074963648645
EK202310233150,125.09232491476963
EK202310152386,156.94951174911154
EK202310166882,140.33676245945594
EK202310231895,139.65065618204787
EK202310170539,154.831979687385
EK202310115226,131.56791866711333
EK202310214376,145.38879087453998
EK202310137712,127.27710087962839
EK202310186209,134.89353469887206
EK202310205015,128.1913658453821
EK202310106040,128.3614390304418
EK202310170557,159.09923350645167
EK202310201318,145.5716943510209
EK202310230025,130.01304622531376
EK202310112264,154.06708614442766
EK202310187559,172.49914698843693
EK202310126729,146.56839087440358
EK202310208910,131.87528351619713
EK202310131942,130.40734764206127
EK202310154020,152.77011516447757
EK202310245865,144.70192543864965
EK202310192165,157.7308467000087
EK202310172699,132.4912720709349
EK202310157236,160.27500935289697
EK202310131791,144.93762901915758
EK202310200367,151.23233847082642
EK202310152638,132.19067552191393
EK202310229854,141.87448806831057
EK202310176423,142.71718596807435
EK202310229737,129.66191397764115
EK202310203806,120.8140318128918
EK202310115409,113.53346922957871
EK202310118234,136.98934832571442
EK202310140636,168.05273212157346
EK202310240942,124.77271861449539
EK202310197687,159.52299294125856
EK202310124485,148.4490720704714
EK202310144257,153.06376560002997
EK202310218871,135.63177897547615
EK202310210772,135.44882668920488
EK202310195971,168.34796806281201
EK202310135577,141.45115498705786
EK202310203323,138.50381219851837
EK202310128855,106.63920210423471
EK202310209533,142.66811997202618
EK202310174860,152.8510008164693
EK202310132988,138.41858902784628
EK202310210555,130.1624590675597
EK202310229724,142.74457942060664
EK202310159406,172.121206376733
EK202310206212,139.4001679448501
EK202310105258,149.44906856048357
EK202310197230,168.63820665785715
EK202310146776,135.69823465181216
EK202310171620,119.14430087158986
EK202310241357,143.02001006150903
EK202310138908,140.25186296420935
EK202310144141,173.38838391738662
EK202310183530,149.73822731911355
EK202310241996,136.65480459039935
EK202310143198,131.9356024588602
EK202310240754,144.2734235044944
EK202310120793,141.4520242255919
EK202310152995,151.4927045457236
EK202310168076,130.1370382959474
EK202310194434,158.1760299102353
EK202310231667,135.24450687547505
EK202310117230,146.29478211041965
EK202310188291,140.41643077188434
EK202310149424,154.73532008508005
EK202310128832,135.82796938788732
EK202310196168,159.2575823028683
EK202310197883,160.29955284585586
EK202310138276,162.72428246046064
EK202310170757,123.78358645940723
EK202310191340,137.78682268723924
EK202310145811,145.35436270396468
EK202310227194,137.46219867600126
EK202310111485,135.21017608670238
EK202310157083,166.2897502235771
EK202310171852,151.49145400550483
EK202310207366,138.92783551613437
EK202310145654,142.82301512982127
EK202310108850,137.99527413069933
EK202310231758,137.9506357739887
EK202310144301,143.94430454347912
EK202310201304,138.51909166964975
EK202310178159,133.8028510098298
EK202310239482,142.52804444324664
EK202310144262,139.81951004268313
EK202310143929,132.9810796207021
EK202310235952,121.49855454668997
EK202310183241,132.84883115431143
EK202310189101,174.1641104997965
EK202310171584,122.37940585269848
EK202310131328,127.3695000673372
EK202310226641,130.34356968822522
EK202310166552,140.20609826894477
EK202310196910,155.27363795215848
EK202310166692,128.22997214980145
EK202310184651,178.09557002623222
EK202310194347,139.22408585184587
EK202310208716,134.963619197117
EK202310187760,145.98942150404764
EK202310243524,139.6600871396796
EK202310155787,128.6909358894109
EK202310114204,158.13365852488315
EK202310160396,158.31386703102262
EK202310172512,162.30951514955845
EK202310157332,152.42817694843882
EK202310209704,127.75934519999629
EK202310154943,138.31004898391762
EK202310189036,148.3800586080866
EK202310133173,137.28198768344527
EK202310130199,156.4491038620503
EK202310182622,148.24520823190795
EK202310167778,159.57191176105
EK202310163301,141.55727776685183
EK202310184220,150.65854826752278
EK202310172679,146.3497481991116
EK202310171532,144.95054792019457
EK202310200942,153.45328343216227
EK202310141847,152.03958834295892
EK202310122343,138.05909003602224
EK202310174760,134.29624955122173
EK202310225953,133.833472517445
EK202310159867,144.23229742188943
EK202310174529,141.2024061760918
EK202310239197,134.17186472146514
EK202310142275,133.22552675668757
EK202310235069,143.3910243800367
EK202310173910,138.5675609535307
EK202310155908,157.5427323888808
EK202310221001,136.4797984816388
EK202310113086,131.6524964331723
EK202310200755,167.11639513310334
EK202310152545,170.03471477142278
EK202310185434,155.50729360119354
EK202310110043,143.49862692135446
EK202310116474,135.4228033536539
EK202310203902,140.25951585258767
EK202310157771,147.42221026026874
EK202310209652,154.98736544920285
EK202310115313,133.0178915526814
EK202310149967,155.65228940108648
EK202310226488,140.32699028623853
EK202310004820,146.01802192210658
EK202310240136,146.26975791769982
EK202310201496,159.13659921643986
EK202310224644,146.66210664690334
EK202310168634,129.95642994020068
EK202310120438,145.66884541896192
EK202310104992,122.98445701815773
EK202310152772,139.69023220126647
EK202310189045,139.61275131068874
EK202310180854,142.36079174386305
EK202310162939,141.79681205236952
EK202310202787,148.64756339578344
EK202310132425,117.19453720494135
EK202310106638,139.45367373280826
EK202310130488,159.4528714693792
EK202310216320,166.01518999485256
EK202310174034,152.39288138022417
EK202310167069,157.03357984171924
EK202310119791,141.27544454441644
EK202310191561,159.37681803005756
EK202310141924,144.99583502927186
EK202310155116,140.85456755204598
EK202310194530,156.93809472261984
EK202310148342,156.02162934964008
EK202310115218,126.81592167545334
EK202310208496,127.54864454499439
EK202310242665,155.0805783929277
EK202310247657,136.94706477489632
EK202310228469,133.37300910328983
EK202310233886,151.1524931712567
EK202310169400,145.59818997197542
EK202310161344,148.64448214385942
EK202310236712,130.04198732123243
EK202310118866,152.38027726918818
EK202310221584,147.19912714567226
EK202310107825,144.1764374285298
EK202310110196,141.4512444685133
EK202310159979,148.98770998604465
EK202310195875,142.52488348606778
EK202310163166,153.0854102151331
EK202310206462,138.87091906389807
EK202310109481,123.88448732483218
EK202310245477,126.33862744910242
EK202310129738,154.4934704091152
EK202320005730,163.15237479689995
EK202310104244,151.93153726863048
EK202310227658,130.4265781719284
EK202310227290,171.96733022507814
EK202310201250,146.18693588692875
EK202310170654,158.55076264614678
EK202310225211,150.39613448373802
EK202310181404,144.2084973000447
EK202310175856,139.7614170324835
EK202310167250,145.88470452800055
EK202310225198,130.68491551239126
EK202310247108,144.78209287338822
EK202310228244,127.58462909409559
EK202310206266,136.72146526544992
EK202310215876,133.69336208696043
EK202310130596,135.37818151618953
EK202310224249,123.74036742022024
EK202310154491,140.57205313957215
EK202310233669,148.07099015188297
EK202310111293,146.90325169422476
EK202310120077,123.74287883493169
EK202310190354,147.12495841498878
EK202310180848,139.40035886013598
EK202310206991,134.0797058810388
EK202310127954,137.06515787046493
EK202310125079,135.11918192288638
EK202310211424,139.20094863461858
EK202310134279,141.23803729999977
EK202310206851,132.5605315389384
EK202310164397,146.33070585939564
EK202310235148,146.11413576872542
EK202310190060,178.3886724467284
EK202310240587,133.40553631814984
EK202310234152,139.79317294257007
EK202310161209,160.8477314167553
EK202310187254,145.34577937444206
EK202310219785,153.5926828667749
EK202310160063,147.13217870452576
EK202310225782,162.4899397179916
EK202310166126,141.7570892028392
EK202310104397,149.64352729200544
EK202310195068,135.76198875692182
EK202310148964,152.56884267522622
EK202310105544,131.2049340334927
EK202310190157,135.23318574791872
EK202310177029,150.9868606619653
EK202310134822,157.34784171914208
EK202310188505,147.8908419780562
EK202310131430,146.34732594447937
EK202310197663,157.26359301034515
EK202310150719,155.39874864146742
EK202310004834,139.45985698561464
EK202310200921,137.26969225036498
EK202320005684,151.8166616580637
EK202310179009,124.2355279963511
EK202310248177,146.53164926391256
EK202310132766,137.11136715227784
EK202310237026,142.25044968931456
EK202310193021,134.28661912187235
EK202310190757,144.572330468647
EK202310173200,125.76158424019901
EK202310219771,138.49601393501842
EK202310109597,150.50976454303427
EK202310206771,151.26952884437623
EK202310127671,160.62976081718938
EK202310167676,139.47668204496912
EK202310232944,127.43245130432278
EK202310168061,172.8417511980966
EK202310105714,133.53710001358775
EK202310147632,173.02930540466468
EK202310244606,156.4016375126581
EK202310118560,144.24723552853027
EK202310194271,142.11891236687256
EK202310142720,172.9489831680297
EK202310166900,182.9552200725132
EK202310164794,156.0368547996663
EK202310115042,133.02439077863468
EK202310174373,137.48741686857025
EK202310214507,166.62086843991244
EK202310223225,136.95638414561162
EK202310107151,138.36443595561332
EK202310189175,160.29438247858633
EK202310161808,119.54560129058514
EK202310121994,146.33023789163167
EK202310219449,114.30718105297989
EK202310136206,131.64403372071436
EK202310111739,141.2749725496248
EK202310229388,145.59406165484768
EK202310224978,131.59679392422407
EK202310149730,129.92502140106393
EK202310163504,139.54263722235663
EK202310156148,130.32965092142484
EK202310150249,128.76125756846005
EK202310224329,144.53417041362164
EK202310147011,143.8549128987038
EK202310192326,142.75330320624278
EK202310245006,138.28738792766487
EK202310224053,134.23386368376387
EK202310228581,136.22771431000044
EK202310113047,146.610267871279
EK202310149808,173.11192910008643
EK202310175027,118.4626501659018
EK202310234758,137.34278023987062
EK202310175412,142.72738344281942
EK202310132176,158.4611048458313
EK202310205739,153.0447408929445
EK202310153994,122.52324839157116
EK202310200714,146.2658622902108
EK202310247869,138.20757198062012
EK202310186589,146.8334370243695
EK202310145135,160.6599375436846
EK202310193164,182.66526021821974
EK202310222960,136.96155645186766
EK202310116552,143.69910584160965
EK202310123971,181.15944108916506
EK202310113406,154.77815837564793
EK202310234777,146.6599704281888
EK202310109531,121.73890710019988
EK202310186502,143.8185920390889
EK202310190436,147.06538358822036
EK202310198804,177.53630019608033
EK202310188371,150.35652034846305
EK202310189870,169.55508660106452
EK202310179411,145.72911056912412
EK202310233363,135.6276432550678
EK202310104971,122.88159328960965
EK202310191357,136.93737120314867
EK202310172762,150.3015563345072
EK202310199936,137.05572127379432
EK202310153452,131.70664973154388
EK202310160325,157.37365763012724
EK202310240026,130.24176484471437
EK202310134117,123.89671705378511
EK202310214971,130.92845977139902
EK202310210492,133.96398491382737
EK202310200943,162.95653712795536
EK202310233114,141.71862323960625
EK202310209755,142.6152286560667
EK202310114040,141.6622706546173
EK202310231262,137.1217008143804
EK202310196982,166.23429081166813
EK202310168935,167.00515741601467
EK202310209663,139.54354683238608
EK202310171963,164.634852202533
EK202310128429,161.2950691672047
EK202310243988,119.1782220318374
EK202310131432,122.00443615967805
EK202310170157,155.99717562490696
EK202310135062,163.95606829958666
EK202310180073,173.17671334188083
EK202310154392,162.68657319310404
EK202310211600,140.22575324893467
EK202310221370,153.50454243033676
EK202310135902,133.7363475004555
EK202310248071,141.1777436089348
EK202310140056,144.7172717193647
EK202310113087,165.58591887593613
EK202310140280,160.1174595607995
EK202310231029,141.54096647030087
EK202310003876,137.65241017423955
EK202310110872,138.65614855469858
EK202310110803,133.01130534730254
EK202310234005,144.13066832021497
EK202310195582,142.0445463291884
EK202310216699,113.15986033024745
EK202310161870,146.14510861900138
EK202310207634,153.61163185923758
EK202310154729,131.10651811825443
EK202310119219,146.6869669751008
EK202310216260,133.2367695092553
EK202310241741,155.89467264746685
EK202310127099,139.17002688354788
EK202310142543,171.6822418359158
EK202310159437,146.9007652560102
EK202310139226,133.8640993279888
EK202310145866,135.24651279595187
EK202310240067,147.5112162394401
EK202310242685,133.58155311349464
EK202310158289,141.04325216122112
EK202310145943,144.775296857542
EK202310196762,155.01179772253454
EK202310141743,174.41621093698706
EK202310222881,152.83721049262894
EK202310170624,124.53705587709258
EK202310139072,153.43261342223641
EK202310168507,151.15901233295554
EK202310141768,160.97252817042363
EK202310111130,131.12221020345388
EK202310217027,142.86383949626548
EK202310224945,152.1543472079335
EK202310188108,134.8736876411607
EK202310200577,170.57529698040793
EK202310152955,146.48975855625636
EK202310184966,148.2795237684285
EK202310133181,128.00284457861594
EK202310209985,130.28831884831817
EK202310195572,138.5746723469337
EK202310199966,136.277656420664
EK202310109052,148.9515057257508
EK202310173422,138.98864728059002
EK202310216493,148.2365200397622
EK202310234480,141.635982672357
EK202310239882,131.17230041279157
EK202310151506,182.35558309485754
EK202310231481,114.95250209464102
EK202310173660,108.77070284256945
EK202310124885,125.13022527080939
EK202310226112,140.28368850003184
EK202310169770,154.32596602195704
EK202310112146,155.96058572987013
EK202310126447,126.72448056568527
EK202310197865,145.8667753126918
EK202310144993,130.8470968567744
EK202320007830,137.47885782575958
EK202310134803,141.62393433892808
EK202310247257,142.53576918491126
EK202310189213,165.8309484727214
EK202310163523,143.51202715568724
EK202310177884,130.18846632868255
EK202310168374,142.38954655269995
EK202310181460,144.4575152025497
EK202310164324,139.2298104651672
EK202320006373,142.90782936241902
EK202310240516,157.98432432779308
EK202310106433,146.07610521496787
EK202310104794,126.24677047281145
EK202310179826,134.44222249547096
EK202310220482,127.27086515663481
EK202310144501,164.10427476540582
EK202310236116,166.27942607652085
EK202310143566,132.510139919108
EK202310244286,140.30689658344843
EK202310117364,142.93313506427293
EK202310182812,141.6228560758994
EK202310165290,150.99646797659076
EK202310175655,155.1245615256037
EK202310191765,140.2860932067082
EK202310175575,140.47346721330095
EK202310190556,127.08730201596178
EK202310109849,119.74292456099285
EK202310125361,141.95419232833257
EK202310117657,122.34794195416868
EK202310166741,143.76445168944898
EK202310152997,153.15736494564942
EK202310197388,163.37964345317152
EK202310131984,144.74085950605368
EK202310219422,120.73204684683579
EK202310121522,127.22896571624442
EK202310175245,153.63586885743078
EK202310195205,154.2881946766041
EK202310108650,132.4008590184797
EK202310181782,140.46176219721724
EK202310115038,154.08845331425522
EK202310158797,140.90857448624337
EK202310170666,161.94389448308405
EK202310168966,117.32992533832102
EK202310214825,171.83439155755548
EK202310120494,157.0556043466597
EK202310220603,147.31168486716888
EK202310225685,125.62516272989926
EK202310223164,131.86898960501443
EK202310162099,141.78160395679848
EK202310181378,157.55877108130082
EK202310206274,157.36423733209784
EK202310245110,114.20230946654256
EK202310149953,162.75371704407888
EK202310200512,134.2553844621936
EK202310195166,129.26773156401418
EK202310181696,148.9050873356859
EK202310246293,141.77170420612484
EK202310112958,139.97802643833344
EK202310144239,135.98251511147006
EK202310112531,131.13395745316956
EK202310215394,175.75813877148508
EK202310214916,144.46185330164886
EK202310135655,154.4334572199134
EK202310234936,129.62618289693262
EK202310216594,139.49601005812778
EK202310221025,137.15899811553504
EK202310111609,154.0165673854523
EK202310213129,148.2426488674576
EK202310117137,152.9135200639679
EK202310239490,133.44872496684587
EK202310157671,139.7385259606308
EK202310188165,135.5944082918346
EK202310134859,130.92545540744268
EK202310183908,168.6697508831681
EK202310147406,143.30914743180384
EK202310175129,121.86465736378567
EK202310164780,150.55417614840823
EK202310227743,131.97451610199715
EK202310120706,156.94695272799638
EK202310118366,143.45810269743015
EK202310106692,133.48278161018038
EK202310190791,140.86073799044246
EK202310208607,157.86543190467054
EK202310170692,164.73326765359218
EK202310225887,144.86219219387186
EK202310182352,131.25598764297845
EK202310185880,137.9189032086575
EK202310178297,156.50483864625159
EK202310195149,154.13058958553478
EK202310231610,131.44751011486792
EK202310137276,137.53860861752491
EK202310184484,169.94677380385752
EK202310121199,136.02098364488265
EK202310125536,135.10412333723522
EK202310213706,142.4340539429331
EK202310135204,150.25054876390374
EK202310247699,123.47964213249422
EK202310217787,126.31550503591056
EK202310182191,144.69297355290536
EK202310198529,154.41493816441042
EK202310220299,128.96681740005147
EK202310188677,139.08505423620227
EK202310232253,133.24934184976016
EK202310164691,160.0018013260921
EK202310103832,123.6783155718986
EK202310149722,136.8599332618275
EK202310198859,152.0678668580142
EK202310234749,141.7784025562715
EK202310104566,137.4882849656367
EK202310211383,146.32056547832354
EK202310170287,124.13171851930782
EK202310150824,156.57539711752594
EK202310171304,137.7499450354334
EK202310193205,166.241175174752
EK202320006114,164.9047728239593
EK202310135524,121.60085610178592
EK202310192025,133.26408306240552
EK202310170020,163.61387150243638
EK202310198095,154.19884635905154
EK202310105801,155.05930865210917
EK202310177479,140.11959809022264
EK202310108455,149.55729798054136
EK202310165998,131.4812024869719
EK202310122714,133.21467140914308
EK202310164202,157.9722212057044
EK202310226026,145.34796714630374
EK202310223682,157.8029437295343
EK202310116148,123.98925364380672
EK202310210129,143.68247671702287
EK202310242087,151.9674784658999
EK202310116328,136.03800153313185
EK202310217261,165.64118902278028
EK202310106484,142.38090815067383
EK202310157473,138.83706094536478
EK202310198511,129.7896295727593
EK202310217751,133.4639584036132
EK202310168432,160.8119977375203
EK202310151251,142.7794041297155
EK202310120767,141.3557634895169
EK202310127801,145.24953389921157
EK202310118354,155.86572669334666
EK202310209195,155.6991168753416
EK202310172035,149.6077849787216
EK202310114626,148.16334906177497
EK202310144629,151.21974815253887
EK202310185061,139.1607346532277
EK202310174592,132.99581896039925
EK202310164708,175.67713441022607
EK202310149304,147.0213829530521
EK202310170289,133.90693619321016
EK202310213861,151.49071437054093
EK202310126098,122.34634474981371
EK202310133915,129.90808649967687
EK202310148594,124.06654232424272
EK202310116687,142.77411385514606
EK202310171866,143.27275756966748
EK202310147735,151.026432923226
EK202310105679,175.147516003936
EK202310248635,134.75983280398498
EK202310139369,139.3207430435913
EK202310105974,161.18473343228408
EK202310104978,126.62235466124568
EK202310174467,145.00640633970676
EK202310124199,122.59719314835581
EK202310135676,129.09988424591788
EK202310146763,124.73944826019424
EK202310205937,128.81373746778766
EK202310135445,147.42531569232088
EK202310109193,120.24599255624251
EK202310161169,170.64983804161153
EK202310204092,142.0944758748706
EK202310202680,138.241045368046
EK202310172794,142.85586958235385
EK202310217791,132.8351392230441
EK202310158468,149.71499752387305
EK202310149937,157.0229889000407
EK202310166789,127.50872173110251
EK202310159167,144.10291484140026
EK202310125029,138.95299401790473
EK202310203531,140.35750000309744
EK202310181665,128.43303624143397
EK202310142148,136.84460946142994
EK202310166843,154.12589028704616
EK202310161022,138.59424695670032
EK202310118997,136.18516024633325
EK202310239449,141.98021553502798
EK202310210440,142.27227593254818
EK202310205614,132.1661110494666
EK202310179227,137.645633703098
EK202310143023,140.07557945931035
EK202310178605,151.6174633839333
EK202310151926,161.07307478227682
EK202310205156,182.4970814137879
EK202310227477,160.9322758184273
EK202310118582,143.3145405129933
EK202310145669,148.77460015535888
EK202310181578,156.2680189517165
EK202310193806,165.2814480446416
EK202310233863,142.76619689767088
EK202310111982,133.51163831680054
EK202310228092,142.749096432621
EK202310117791,117.65282950425518
EK202310174095,152.0351940904684
EK202310199167,131.97941514042745
EK202310147864,153.94612054906762
EK202310136545,129.83598123484055
EK202310004781,115.85080767172406
EK202310110648,119.0203928493385
EK202310187608,134.20230500429716
EK202310212121,128.2077883598513
EK202310200654,141.7086207943679
EK202310110670,124.0300603934963
EK202310148332,146.29765062154684
EK202310198602,140.36574084893556
EK202310162570,147.94133293024075
EK202310105840,141.6233720294011
EK202310216931,152.0303802599827
EK202310152841,170.8259709874772
EK202310107705,145.94063342348406
EK202310178316,150.5032237415324
EK202310147750,126.75451428621734
EK202310110434,126.22213287932877
EK202310219134,129.87177392951872
EK202310207502,137.80190864522748
EK202310137524,153.33966752287148
EK202310237806,130.45277658037142
EK202310248546,142.28014032712872
EK202310246510,152.36130302590627
EK202310215312,159.51308354494392
EK202310135935,134.28098172602196
EK202310246337,107.5570508315439
EK202310133292,138.6286249424425
EK202310208105,135.42220258911843
EK202310221927,158.21729006450113
EK202310185220,154.24731227787228
EK202310195012,164.77407414744627
EK202310220382,137.3680143970314
EK202310228071,133.34273997094058
EK202310139303,161.77648267433523
EK202310146446,141.19204183060808
EK202310113629,148.9826475607385
EK202310121125,141.81974389154823
EK202310179172,148.75722127250165
EK202310135030,164.6399923699038
EK202310154871,135.31553481772838
EK202310104446,137.84326897264108
EK202310112990,147.18474719306715
EK202310189753,157.40736805306696
EK202310239147,135.23284359130332
EK202310170148,158.92973073991624
EK202310227849,159.61849393488353
EK202310206204,141.0407707866948
EK202310160122,130.1452001209109
EK202310131964,129.99963386326942
EK202310111949,138.66893645738458
EK202310122396,114.90309542067266
EK202310187780,141.1542906803474
EK202310205438,128.31411722155642
EK202310153038,180.5557606910566
EK202310152163,150.34102556306053
EK202310192310,127.19782466765757
EK202310174795,149.21160306181224
EK202310193009,141.94267946676985
EK202310150434,142.68988700046847
EK202310118338,127.83802153792114
EK202310197441,169.9381629386865
EK202310142091,157.45766391230916
EK202310117239,143.77816112645343
EK202310179745,154.15623184815266
EK202310219687,127.91012628901788
EK202310176027,152.32424032332884
EK202310104893,131.86566832889102
EK202310227192,147.52952034714485
EK202310146856,133.40548055651507
EK202310107173,129.1574338998954
EK202310211813,133.64522810608864
EK202310188253,133.3294915362296
EK202310233335,126.7384985319801
EK202310217329,147.5444215656725
EK202310155219,156.61531803639912
EK202310157321,152.69183414817223
EK202310153713,146.6048965564823
EK202310120830,155.27385600636433
EK202310229321,156.33419028911365
EK202310130365,160.8578390840527
EK202310202308,162.28201582860257
EK202310203388,165.5913678158861
EK202310185835,152.45480646401617
EK202310188805,189.48114852053243
EK202310159594,171.5093012157555
EK202310147573,135.13360140146403
EK202310190109,161.9656221816167
EK202310180140,147.95386600883117
EK202310149775,147.80633126904155
EK202310238274,160.2484907355227
EK202310242923,133.76635599504934
EK202310107321,96.30825814666724
EK202310204141,115.41765180334178
EK202310219133,141.04082419231298
EK202310139067,162.8556569359838
EK202310140520,133.11722792246115
EK202310248527,144.60970639060858
EK202310003682,134.46342283341235
EK202310162432,158.00723152618662
EK202310179950,162.21556360645488
EK202310240868,137.39877619049804
EK202310116267,140.20213163456913
EK202310221765,131.3930890534868
EK202310173563,142.91062436936085
EK202310143455,120.09890199028307
EK202310207343,131.4059928655995
EK202310217689,125.55181537874884
EK202310146102,122.87397359444611
EK202310168973,135.03035802480863
EK202310222519,127.9245620132051
EK202310129680,133.4482832805456
EK202310178200,150.46266809880103
EK202310170870,139.49414917599097
EK202310126872,160.6692730098389
EK202310148891,167.60807737715135
EK202310173852,143.44205454380295
EK202310125523,130.74794829785012
EK202310159491,167.36959213067834
EK202310157366,135.35159462605344
EK202310178992,134.29781861700818
EK202310143866,145.21716805065972
EK202310152326,145.116001281159
EK202310202864,164.85400346226328
EK202310218888,152.88463370387962
EK202310209358,123.49519796677174
EK202310227775,163.52861180571938
EK202310186270,162.25883973997588
EK202310203414,154.45673037352324
EK202310225866,150.26139975790903
EK202310234055,128.62878500204337
EK202310129825,169.04249950629634
EK202310209772,153.8176058385457
EK202310182146,158.5226946344763
EK202310180456,145.0384161215457
EK202310182353,144.79065047701448
EK202310199926,127.43787872097188
EK202310226078,135.82732712358253
EK202310212125,136.83979142947987
EK202310149668,176.7501011580443
EK202310234903,132.00795082152007
EK202310205875,144.19688499146656
EK202310157799,132.56120738295567
EK202310211749,130.03149528464033
EK202310224314,161.00724488402966
EK202310124274,132.73929017375087
EK202310127800,167.0414366020769
EK202310238415,141.06611431849083
EK202310229891,151.76176497734946
EK202310145946,132.9180606320287
EK202310181109,154.06433228323203
EK202310147129,141.26584015942552
EK202310178177,145.62898340756482
EK202310113395,149.99386176105176
EK202310217919,153.0671753788052
EK202310154751,143.29250333799445
EK202310130965,147.31825850987804
EK202310190874,146.85255480730862
EK202310195521,140.07072760076036
EK202310201613,147.56983141362505
EK202310214697,148.95786227136549
EK202310191560,156.24521215847412
EK202310121406,141.48479387396912
EK202310114089,131.95144625147142
EK202310159340,128.8032074434287
EK202310113700,149.60958406542522
EK202310126654,134.42469600114026
EK202310144476,131.19472655082404
EK202310131321,124.37055602371026
EK202310187814,146.66477954214486
EK202310220881,116.0719865161521
EK202310189638,165.25946047025246
EK202310178407,162.44666663121447
EK202310180651,151.05750464117216
EK202310239749,120.63696551368322
EK202310171046,128.9569395469421
EK202310164907,132.88452147602698
EK202310147112,148.1952607937995
EK202310181779,141.53810454526263
EK202310177716,155.11661809362772
EK202310211440,145.4092986813428
EK202310205701,145.73683735174535
EK202310116151,107.83420913153348
EK202310183859,174.6759586082173
EK202310135998,149.79558115637658
EK202310201975,131.95080515119494
EK202310170925,128.55410438918523
EK202310104593,125.95671478016843
EK202310110432,132.26656715310304
EK202310129862,137.83337367186724
EK202310189525,146.6127046594672
EK202310111229,140.05001468255443
EK202310188865,140.9818972902809
EK202310146283,132.86629682183553
EK202310178823,159.4270325939671
EK202310147049,145.54439611845947
EK202310221900,136.1689388172538
EK202310182664,149.2367295416683
EK202310115895,112.27287517410572
EK202310137882,144.1921167035463
EK202310142987,158.6434826062435
EK202310230693,134.72646388470486
EK202310105910,122.4336280239676
EK202310176888,141.24741337180927
EK202310179407,148.05618805186813
EK202310113511,140.3136772655887
EK202310226410,137.12740394557738
EK202310194828,176.79524078383034
EK202310209526,167.72705982810993
EK202310232266,138.35848702075134
EK202310190901,144.85238804926652
EK202310120320,145.59707663015527
EK202310109391,139.94906172805761
EK202310126276,132.86134849646578
EK202310223714,124.71935369425866
EK202310211517,155.01669189939906
EK202310110636,114.19462923975944
EK202310235623,122.40853564365693
EK202310186004,150.19948795618564
EK202310004261,114.64009114048474
EK202310193375,164.2233479058932
EK202310218449,125.76753689656844
EK202310179058,151.37428734562425
EK202310133795,122.16446560808977
EK202310164408,136.8087646018924
EK202310159492,151.37760362073107
EK202310214283,138.4634369218146
EK202310133551,161.426594494252
EK202310190061,174.9874502123032
EK202320007557,151.27074601939117
EK202310114241,129.23486695266598
EK202310203894,146.1759782735212
EK202310186487,140.96130226768295
EK202310004631,135.93397393396347
EK202310172845,140.46097131163725
EK202310124858,133.62981239465034
EK202320006937,157.6956990877268
EK202310164626,156.6774359949394
EK202310109948,145.46729532716162
EK202310112053,135.06832295253415
EK202310184712,130.67521077899045
EK202310122821,143.52925772848482
EK202310179754,144.540089484098
EK202310230071,144.0815764219659
EK202310169385,176.4273139209863
EK202310205297,126.52395099178023
EK202310176789,138.42023484471338
EK202310234641,124.62075124769822
EK202310216672,158.93677788393768
EK202310218187,159.95421574900345
EK202310163653,137.00759120973726
EK202310173938,162.59251012561194
EK202310144779,124.28528905273778
EK202310105452,131.92314781978098
EK202310203289,134.23738431414714
EK202310244916,149.23144073696204
EK202310212913,148.0094251156529
EK202310195593,155.30305568056647
EK202310109392,141.90095481071032
EK202310239794,156.99578295816508
EK202310156466,162.19473966355304
EK202310234091,139.12348536787823
EK202310202246,143.48205802633504
EK202310208070,132.65088580370215
EK202310199529,139.89524930295687
EK202310191597,146.25008593347553
EK202310232873,166.9837043586632
EK202310245305,153.08760428359182
EK202310196018,159.8020085185333
EK202310205608,139.81161130337358
EK202310211776,141.3285354207919
EK202310219819,138.78248442556185
EK202310152910,171.06478831588691
EK202310244549,146.72370300863236
EK202310123421,161.5126415371619
EK202310205600,145.58730358102144
EK202310219535,129.17686953246334
EK202310247105,141.15923019172342
EK202310223625,147.77345209458332
EK202310135177,151.1445875754101
EK202310167858,133.69147629644766
EK202310193232,134.44747607968037
EK202310144624,127.33350078659424
EK202310132627,139.04652086578747
EK202310213967,156.81725107865628
EK202310236061,134.28205306087267
EK202310177659,168.8640405232647
EK202310145236,154.71235190796233
EK202310118399,129.2120991515105
EK202310215365,143.39760341776935
EK202320006049,145.74832277295639
EK202310185900,131.52045395332146
EK202310133957,168.1038351275404
EK202310234170,116.7019173125731
EK202310126261,128.40329251502556
EK202310118103,176.57889281670725
EK202310118678,144.33393374468648
EK202310113678,154.71703981825695
EK202310111849,139.67037874902132
EK202310218593,129.0767108652113
EK202310145457,123.32483352484104
EK202310174907,160.9981593420666
EK202310004460,130.6189888768222
EK202310194109,134.1532443296605
EK202310108378,124.23656639692621
EK202310200664,140.4749154324108
EK202310167993,139.5531257389185
EK202310157089,171.4960749562547
EK202310210287,144.1954537419163
EK202310148250,132.39233557504792
EK202310207303,143.516644682689
EK202310206507,141.0541449302162
EK202310243704,149.58839363602024
EK202310179019,124.42689196910146
EK202310243866,166.5869315169169
EK202310137648,143.66791427930832
EK202310173887,146.06598356410407
EK202310235491,144.37366526556758
EK202310212645,132.78708179369193
EK202310190281,151.23942850117763
EK202310220934,136.9372501895825
EK202310230719,131.7144580590555
EK202310201074,130.46195952673293
EK202310178051,144.88091494849584
EK202310181204,136.70197648458992
EK202310135829,151.433845100169
EK202310170445,128.74481537013816
EK202310238141,129.78770119921919
EK202310135822,146.51344254583088
EK202310227546,143.95284320084647
EK202310140976,154.2993393702552
EK202310246668,150.2999909503335
EK202310105632,134.44605523234125
EK202310109270,164.64573993544204
EK202310131782,139.74550386082024
EK202310233567,149.75517069092666
EK202310161598,145.6566846570139
EK202310110724,141.68113233520248
EK202310229148,147.02930576269978
EK202310159146,154.8159929035123
EK202310195696,144.71271308183992
EK202310117218,155.332452832152
EK202310205895,171.900114126339
EK202310194401,138.51108337641395
EK202310126710,157.186161432176
EK202310152278,154.56683201446975
EK202310190916,146.26097671759632
EK202310110549,119.84780267392968
EK202310177514,144.90226108830507
EK202310175686,139.13124307496275
EK202310223432,147.9160089784723
EK202310244466,157.1799325603649
EK202310134231,145.9810819664851
EK202310236274,148.43292134066732
EK202310195863,169.40341830554377
EK202310241144,154.98253175339107
EK202310202269,143.81549278146676
EK202310231316,139.71477271067872
EK202310211605,140.49523388817005
EK202310200954,161.8689720458529
EK202310224489,127.19178722021157
EK202310165476,140.92464605333646
EK202310204173,132.98561319602496
EK202310178369,144.44606749686767
EK202310170774,128.86868773719846
EK202310205764,142.4419727224517
EK202310236659,145.8214567106228
EK202310170743,131.27369256336578
EK202310136793,151.34382160287237
EK202310187675,144.1539620559761
EK202310156962,126.86986514659947
EK202310216942,154.5082709637158
EK202310168321,146.1871493499607
EK202310243793,131.2905686224928
EK202310235437,131.68015310236908
EK202310118510,143.99681111226147
EK202310139337,167.297533645678
EK202310120961,146.17501147924543
EK202310214076,149.90972066818478
EK202310241228,155.556569975809
EK202310212101,145.4094906852497
EK202310199696,161.928590882897
EK202310163542,147.29228848243238
EK202310232836,136.2750744929235
EK202310189334,142.25602671256328
EK202310239101,135.93680005320377
EK202310156523,133.77149697869487
EK202310201002,145.8494152685446
EK202310003364,139.5251259129606
EK202310179389,132.65148620142512
EK202310163130,119.10961733400775
EK202310232481,114.48728852062746
EK202310186459,138.05836797134685
EK202310164481,129.81896640887814
EK202310169941,163.9956280863147
EK202310131128,152.9823911094199
EK202310228174,129.4492298109784
EK202310173249,147.75790079414242
EK202310202077,144.35573688136634
EK202310225477,148.12277260607348
EK202310247572,139.31208743887782
EK202310181799,150.80015370710038
EK202310119740,146.42343684616182
EK202310131395,134.8703326575226
EK202310224529,121.18907180508293
EK202310156156,147.97328267732988
EK202310200552,177.57505052964805
EK202310169146,152.412988902649
EK202310143038,140.2530939382601
EK202310170406,123.32303872137031
EK202310200533,173.30047381385535
EK202310119387,147.9794700065488
EK202310202355,128.99557218669
EK202310225013,131.60639146833287
EK202310214250,165.962771873603
EK202310210556,135.12136317705932
EK202310201139,169.30862232751045
EK202310130429,148.58433103380776
EK202310224863,151.95904854785292
EK202310153482,127.34873413210681
EK202310241062,143.65032251651905
EK202310164485,136.7373288223288
EK202310245636,125.9511141926273
EK202310157534,140.63308440795356
EK202310229118,125.49320484957624
EK202310171426,132.92363745326222
EK202310210127,139.212852808885
EK202310111733,142.62015621812577
EK202310141203,132.38789764194502
EK202310232387,140.30446605265865
EK202310188639,141.37136090960536
EK202310190835,156.9447307640611
EK202310201801,146.6661254327299
EK202310175974,147.91227907646189
EK202310187326,128.67627520905714
EK202310212155,131.43488745995606
EK202310151022,154.83704905739293
EK202310211125,142.28027085686477
EK202310219268,133.97227516142013
EK202310110245,127.85867024185296
EK202310238069,147.86824031137257
EK202310199559,140.9141854500187
EK202310167739,124.50296486863759
EK202310142979,121.23433222415363
EK202310191202,130.39542844892898
EK202310144654,164.05422788835654
EK202310224039,136.49160797660934
EK202310150921,121.15600905682433
EK202320006004,163.18379266443196
EK202310108116,141.7253505617975
EK202310226608,141.88966349957605
EK202310237947,141.7992406182738
EK202310245724,146.28845506887785
EK202310216589,127.55612247703199
EK202310242883,136.33233382582185
EK202310192702,136.76726194930376
EK202310168445,124.0405691854332
EK202310205542,142.40842421266316
EK202310150929,140.7149608280502
EK202310173039,132.88649939523415
EK202310139742,116.34695084804792
EK202310138564,129.19538755374
EK202310145764,136.22874180967915
EK202310148134,157.37139795494025
EK202310180451,144.96809720189336
EK202310149802,148.56394105707764
EK202310247608,159.78532740345193
EK202310130999,142.66311105882664
EK202310141610,145.80859925153257
EK202310224015,160.831287862579
EK202310229698,141.01114228279056
EK202310197753,158.2604561198309
EK202310152255,153.30097400723466
EK202310133838,171.0946930941312
EK202310192249,184.9923648520968
EK202310195834,163.87577321765878
EK202310186510,142.67356941696465
EK202310177054,149.59563514938225
EK202310107524,163.78904042059202
EK202310128174,158.25198499012916
EK202310187413,139.4024778523613
EK202310234580,135.53351678502307
EK202310104409,151.48675129140454
EK202310125276,117.20444606583531
EK202310113893,139.12802287121744
EK202310179353,149.74089591910456
EK202310240438,143.60224661032257
EK202310229420,139.57553633388972
EK202310116112,124.83616237992447
EK202310117942,142.09585405177174
EK202310163339,127.7820893887119
EK202310166509,141.91773410306197
EK202310185556,136.53445116046333
EK202310227524,152.88953324945115
EK202310109010,178.05663009906056
EK202310183425,115.73736114522148
EK202310191714,166.45449658746207
EK202310155039,132.30244091513933
EK202310169140,164.54735878008506
EK202310177573,150.96164845097724
EK202310170318,138.0417732290431
EK202310207697,141.9589320503748
EK202310199740,169.59194325874108
EK202310149864,157.3903250104818
EK202310150264,141.38085132024725
EK202310189933,137.86472419333938
EK202310218127,151.45650669929302
EK202310108083,142.0540184259945
EK202310154872,136.00932722233443
EK202310160785,146.50584247874013
EK202310206282,148.10018706191954
EK202310124253,120.04607873311134
EK202310196633,120.02355610080342
EK202310105966,134.5632756672081
EK202310141033,148.0144311794202
EK202310197213,130.64726685540663
EK202310206024,130.3064061056174
EK202310113110,116.40326172020387
EK202310114366,144.50274530286404
EK202310133810,141.40270720616016
EK202310135192,155.06432151224584
EK202310233334,144.3504047252335
EK202310148079,148.2913314262402
EK202310109276,141.85466818910066
EK202310124568,142.72536413507368
EK202310162273,136.62872049007854
EK202310126242,134.83080160890432
EK202310106288,136.0666193540989
EK202310190761,148.96659897449737
EK202310003653,130.00568793098054
EK202310111116,132.50118444757524
EK202310193002,146.64144374852222
EK202310107463,135.43683780759673
EK202310237608,137.9769043937348
EK202310213418,122.4060996175869
EK202310204153,147.63298626286962
EK202310104707,136.94026334408534
EK202310238820,142.903091077657
EK202310141697,155.30033979032504
EK202310178269,158.53037936578747
EK202310229367,153.94906384313973
EK202310172017,169.0259586171422
EK202310223139,132.52673316536422
EK202310125096,136.59741383447488
EK202310143070,157.37751598963177
EK202310234470,118.90709474795894
EK202310131911,132.7817774931564
EK202310176053,151.21548310899502
EK202310158201,138.86314178398774
EK202310113896,163.91699445374368
EK202310217246,147.70478562661887
EK202310202878,151.336867645884
EK202310179418,174.24436920528322
EK202310106198,121.78036061476217
EK202310130287,153.6129623948665
EK202310203618,131.7227349969544
EK202310144069,138.6175167303365
EK202310225997,163.80465470487871
EK202310137087,147.37967076563922
EK202310114093,159.48677994704127
EK202310125025,132.79974424409662
EK202310169960,136.0078034975219
EK202310211027,144.6821246153129
EK202310156374,150.4309140325639
EK202310184239,151.2532806801654
EK202310193887,149.31920886713718
EK202310169120,130.73492696108184
EK202310214116,168.54119628846314
EK202310004097,135.71806601033313
EK202310156682,128.63632227813952
EK202310154604,172.34064163598285
EK202310218245,148.51068943489764
EK202310224853,123.4267220350509
EK202310164480,136.32546483626004
EK202310130017,132.59173669461725
EK202310142314,149.7892955364265
EK202310104271,154.11978508157608
EK202310245758,127.11273522451816
EK202310229784,147.94920649166255
EK202310110502,135.97904676582561
EK202310121032,179.05790483785353
EK202310233632,167.66054509411788
EK202310126266,133.15183353627793
EK202310109825,125.46612452055967
EK202320007054,142.5686774758421
EK202310166953,140.38505469010386
EK202310227160,150.51759595673204
EK202310215524,163.87106040124198
EK202310221415,161.68188260782645
EK202310224669,129.9460589926375
EK202310182834,161.6646471906153
EK202310155348,129.30555331059895
EK202310186571,161.4082206720213
EK202310130542,127.93118397286088
EK202310108675,129.84168830474874
EK202310147107,145.26482956695136
EK202310175270,142.69908928698896
EK202310223760,130.7098092976307
EK202310124746,125.04272139628888
EK202310170040,173.83689882380784
EK202310004065,137.3026831714262
EK202310221363,142.29684467499732
EK202310209500,138.87411816276386
EK202310178304,160.93452481513742
EK202310133005,148.1282302125061
EK202310120850,130.82141730714676
EK202310213264,146.8525579464299
EK202310149096,128.98365371054504
EK202310177683,142.5221653800912
EK202310242597,126.79380319803533
EK202310177919,146.1377998746706
EK202310134733,133.62734382127908
EK202310181823,132.38296026509644
EK202310136672,157.64789605280276
EK202310151585,133.65858395681468
EK202310117995,130.20867272976395
EK202320007252,168.97861348806
EK202310231786,131.58986660748377
EK202310241673,130.78951615695533
EK202310161732,171.89182052947194
EK202310161656,174.84307425801052
EK202310212063,115.50077288007408
EK202310217895,158.67913633315746
EK202310138774,144.3755823048505
EK202310126590,142.56650114330037
EK202310123141,129.57722295892677
EK202310224982,125.43876736684562
EK202310206262,154.63448945828986
EK202310139370,138.16204055103105
EK202310224820,134.85597389481526
EK202310130273,155.07537442892823
EK202310133523,126.19549720959904
EK202310239621,140.73455857788304
EK202310190678,144.94683524779418
EK202310125061,136.46719575113667
EK202310234940,146.23593426789452
EK202310178076,135.07550055763363
EK202310153610,156.13159488918808
EK202310179234,168.03004160064367
EK202310159634,128.66859686514283
EK202310186548,146.8645734815961
EK202310135839,163.34564917609202
EK202310136969,156.5542067663456
EK202310145737,174.4140495463596
EK202310164062,145.59977536001534
EK202310237524,135.9948833320066
EK202310225600,126.26168234575353
EK202310130766,137.7995183703463
EK202310198060,130.4467589904247
EK202310202900,162.86554800571864
EK202310180295,143.36259856916558
EK202310161819,141.5154093208517
EK202310182490,151.74010998960952
EK202310151915,156.5540730189266
EK202310114135,149.8520898708895
EK202310155620,126.6820099261867
EK202310156539,160.15932318882417
EK202310164137,149.9990215658462
EK202310172602,146.08475991440787
EK202310161051,172.65942492726037
EK202310225217,160.7993868502234
EK202310220749,126.71558662105288
EK202310135024,173.6437617131921
EK202310236167,124.02207780950017
EK202310106428,132.4890466221443
EK202310191224,140.7918259804444
EK202310126171,165.89890991317586
EK202310152423,149.03608144686027
EK202310168273,141.1979299662773
EK202310129168,156.1553830782497
EK202310176927,143.49196728099363
EK202310172428,173.17433966331538
EK202310181185,147.39995992236544
EK202310004161,144.6188890914424
EK202310221234,119.59030887900288
EK202310161711,157.8442476490874
EK202310240221,142.21394225324983
EK202310222828,122.31218531295755
EK202310210279,134.0578103790125
EK202310170097,145.34110450940668
EK202310188723,158.29290453831157
EK202310166478,170.79018844209594
EK202310221027,144.01038778307094
EK202310114979,148.5109201823273
EK202310242042,146.5816073156049
EK202310140021,132.44330330206645
EK202310130000,156.9559022448613
EK202310186640,166.63171258552032
EK202310004760,122.35528667988139
EK202310122844,163.33298385431775
EK202310153842,137.0532984636096
EK202310177802,132.5953478703628
EK202310004581,135.11488921122734
EK202310246710,137.15555213750775
EK202310113952,146.1897840819403
EK202310151035,143.0407232285174
EK202310216428,134.98697582311894
EK202310144070,167.15945668804707
EK202310169605,122.22028759375044
EK202310159620,142.38417630272497
EK202310105550,132.36022279008807
EK202310240970,139.54642623189224
EK202310182151,140.41603177011038
EK202310231587,130.74307985413944
EK202310118075,135.95888846985986
EK202310133019,142.6529749129767
EK202310206992,144.47852210562442
EK202310220008,132.58571979517802
EK202310234156,113.66087005388417
EK202310162641,156.87626725551286
EK202310142907,145.3593491227029
EK202310154115,138.2818598748667
EK202310130815,116.04051011999213
EK202310150846,126.03658575501119
EK202320007669,159.03245922671692
EK202310227486,143.27894167502257
EK202320007572,154.21835094736642
EK202310137639,131.5717034264533
EK202310103836,127.42233568923314
EK202310202037,160.5522517874079
EK202310223420,147.93791319485996
EK202310185672,131.285615643178
EK202310229956,141.87627685802508
EK202310183246,152.89722334715265
EK202310138498,143.4767721501269
EK202310191631,147.12920622896618
EK202310197089,146.03673586974284
EK202310133822,106.78014123582221
EK202310245494,162.34117165819256
EK202310207684,141.9160765625121
EK202310170631,138.2850444329949
EK202310230054,122.20669113121251
EK202310229119,154.49468269005195
EK202310162261,147.02171192124987
EK202310134206,153.344670735131
EK202310126114,127.44381174434758
EK202310202130,140.28932722974932
EK202310201610,144.3787039321966
EK202310140475,134.59523360139474
EK202310134356,137.15052723174247
EK202320007186,159.87669260239093
EK202310120790,148.02292281007772
EK202310245157,141.28216027758685
EK202310208016,132.39625246939408
EK202310174476,141.93287329610496
EK202310188403,152.29847573354027
EK202310142082,148.88758658513464
EK202310126792,131.61426854382077
EK202310182973,133.61200962966365
EK202310236318,136.12373452439894
EK202310191185,154.74781121400994
EK202310135600,129.88308204381798
EK202310212912,150.96931302856984
EK202310109044,149.04169639233572
EK202310220665,136.48399688194573
EK202310209857,145.00350394292752
EK202310136210,141.98895902832885
EK202310241948,150.17504222092134
EK202310147383,136.53441157129194
EK202310119158,144.95183948238923
EK202310225656,121.67053803138889
EK202310115771,143.00862050618994
EK202310115861,135.5217714920709
EK202310156104,144.2352295473339
EK202310168339,133.86479756946102
EK202310186770,135.64362476569642
EK202310227679,144.68462327520476
EK202310198604,140.6404584135122
EK202310126896,158.98507546074595
EK202310119992,122.58958520284077
EK202310194849,133.92750464381143
EK202310224912,138.69719968806425
EK202310163124,133.4315345897647
EK202310181144,151.8452515130235
EK202310147897,146.5401675442235
EK202310177921,149.85922539011023
EK202310199607,152.05564499214563
EK202310172680,130.9207487857461
EK202310129543,149.83626458891007
EK202310161704,143.25101033480385
EK202310193784,134.10676999972648
EK202310243291,148.52553398985822
EK202310208991,140.5897954422175
EK202310140086,120.88928167187964
EK202310136481,118.90351552422979
EK202310178220,149.14968170638576
EK202310210109,165.33901360048398
EK202310128687,133.87200253731763
EK202310213632,140.40912296136008
EK202310215453,176.82920130792195
EK202310235764,141.04291086828715
EK202310216758,162.248923059852
EK202310163056,155.62084762216915
EK202310125899,139.45451804401682
EK202310180181,150.25661975561934
EK202310224630,138.2941702569845
EK202310118929,143.3753395722633
EK202310178808,160.6630212906535
EK202310234570,137.38184602173925
EK202310127428,149.15896731597542
EK202310213472,138.60336424329068
EK202310192759,131.00401962325932
EK202310210638,141.53213174879164
EK202310104955,136.01857124451888
EK202310124793,114.30612301573214
EK202310154265,135.3538938057245
EK202310136853,127.35663380167279
EK202310160020,135.57106487269846
EK202310129715,150.81139796995484
EK202310208844,150.93480137579667
EK202310165769,147.59636820302137
EK202310119276,164.65799913164892
EK202310155853,127.53428816568096
EK202310148019,148.77638829830929
EK202310158588,160.25733327448893
EK202320005915,156.420725598892
EK202310139760,133.56238826566187
EK202310235740,135.77993257376525
EK202310163003,149.06803746418296
EK202310166151,136.9907892919215
EK202310205151,129.95108610900544
EK202310163809,130.73747755391102
EK202310195046,149.89228391746252
EK202310190606,126.02318424365141
EK202310201185,180.77323030259754
EK202310244204,136.87442608544126
EK202310221873,127.6354496819233
EK202310213079,131.48276907412145
EK202310167878,136.67513405864537
EK202310108748,138.74720546366626
EK202310231105,128.59627385055347
EK202310162450,136.6000287023929
EK202310106681,137.3771051075472
EK202310175585,140.21628189321638
EK202310216131,125.71542058362412
EK202310247112,140.33169792158992
EK202310133778,142.19369464490424
EK202310226737,153.67319641649553
EK202310149352,155.09443227976794
EK202310125918,138.29239167851517
EK202310163682,145.58034560370342
EK202310189571,167.27313981754966
EK202310128706,129.05549706980142
EK202310227554,165.59574244885766
EK202310149106,148.0234819140731
EK202310200290,135.19127034314505
EK202310192844,137.9304615911689
EK202310229985,131.54455078764164
EK202310196907,141.83139961413806
EK202310148131,158.16376665554674
EK202310223289,137.89912650749665
EK202310169529,133.84820213817582
EK202310169806,173.16104956547747
EK202310212585,147.1442423893457
EK202310196857,158.34929137384142
EK202310190419,133.36876749921922
EK202310219008,134.68515007660193
EK202310142486,131.39091500681326
EK202310192709,164.88832734479604
EK202310182822,122.80842329262364
EK202310136899,148.68707146735738
EK202310115463,116.77337380791877
EK202310146582,143.57488639703203
EK202310132422,150.37445523048754
EK202310112592,137.7655933589842
EK202310226203,147.87511148711405
EK202310121586,171.12759363612113
EK202310181107,155.71108446829538
EK202310213474,137.2542058133893
EK202310138830,149.93675594755945
EK202310168849,129.4173172026925
EK202310229317,125.03564215431877
EK202310204390,132.23945152585435
EK202310192992,151.86254790742043
EK202310152280,146.34098279203675
EK202310155151,158.7052541124771
EK202310174087,126.81753296346646
EK202310212165,129.51457665439062
EK202310152752,146.6521492341867
EK202310168592,137.3517008955201
EK202310191895,143.83265639037648
EK202310200059,118.45310624492437
EK202310243745,112.75892907687202
EK202310158852,170.10096578074737
EK202310157579,137.02307345244913
EK202310225059,143.84568883621722
EK202310183337,137.56954959669238
EK202310198264,138.55347610996253
EK202310114412,144.48559476104998
EK202310227155,149.03059296627472
EK202310234975,161.06399704823065
EK202310197349,144.55726282644926
EK202310208018,152.4192043347595
EK202310200505,135.848353740167
EK202310115897,126.18350667594835
EK202310202707,169.77929859277253
EK202310207442,158.13329915173756
EK202310185479,163.14265579919677
EK202310237037,166.8666238099592
EK202310136200,144.029112630424
EK202310154113,132.21930818538542
EK202310114492,132.98638279675296
EK202310176297,167.37841217271605
EK202310107640,111.64626397326725
EK202310209670,134.91624280381203
EK202310105256,152.18443754402048
EK202310108117,140.60457414548355
EK202310214550,136.35728184413136
EK202310175559,146.99470769815565
EK202310148239,126.51519014468138
EK202310181548,141.46429193640904
EK202310216342,147.9130796612472
EK202310160035,134.84335532695542
EK202310168843,144.31733449770857
EK202310131732,156.69749276714282
EK202310209477,159.33623069984736
EK202310237971,146.06582303589374
EK202310129891,160.25191857969855
EK202310171726,141.64878967963523
EK202310229665,141.52724738330733
EK202310204967,150.6818377048932
EK202310174899,126.15580554914746
EK202310116238,142.19387044690535
EK202310114560,148.38974537555404
EK202310238506,137.9691354195662
EK202310234905,132.54800979320683
EK202310229020,137.60569177835166
EK202320006240,180.7436273560903
EK202310142292,139.47263366673815
EK202310150080,167.4504367159181
EK202310159478,122.75834959700225
EK202310158699,146.34316199029726
EK202310245027,153.4449699119471
EK202310152722,134.44890507963365
EK202310233081,136.2553702595781
EK202310246556,146.04157579529243
EK202310105650,128.56742942600457
EK202310190838,149.11824055888195
EK202310218394,142.61097442611958
EK202310118154,134.58804074504417
EK202310131520,157.63890478087995
EK202310139487,140.92434282333934
EK202310146562,137.765010131155
EK202310205269,153.35141478195405
EK202310139486,159.9566248370783
EK202310106738,148.93479434002512
EK202310196849,128.0341674349511
EK202310181949,151.96123698779468
EK202310201469,144.51691902153834
EK202310163916,134.39455699603644
EK202310221312,176.03849706557145
EK202310138582,161.53304276188967
EK202310135507,151.56391786471775
EK202310179372,116.3275448751972
EK202310004219,134.86517004174408
EK202310158089,124.7746185301689
EK202310150765,134.00029367518403
EK202310191391,117.94843552384721
EK202310112611,147.22898665104404
EK202310107389,139.61248694108335
EK202310233851,134.9173367209533
EK202310151219,141.50197987428035
EK202310232601,133.96617945958525
EK202310202073,147.18745478912584
EK202310225289,123.38030304007367
EK202310166576,140.50951835808743
EK202310224067,134.10759785619854
EK202310136837,140.52918701569052
EK202310177674,137.9658598924746
EK202310246493,143.8319618231711
EK202310183092,140.64931181452238
EK202310109401,148.1316362828926
EK202310145629,133.24960397511904
EK202310130973,117.3911721471729
EK202310208348,143.5826755329118
EK202310184342,144.600883515012
EK202320007150,142.1634283000143
EK202310237789,137.26312956803966
EK202310114883,127.16369084907022
EK202310205366,154.10974278812816
EK202310124191,120.65386803122324
EK202310155262,144.5240911639696
EK202310220998,137.2532876287491
EK202310220544,124.37016280667893
EK202310143757,137.97433431568805
EK202310106423,139.57891262941726
EK202310221380,125.68257497542628
EK202310126488,132.82753692638397
EK202310161364,131.50697306672146
EK202310239501,133.00574602284195
EK202310164868,154.209364245477
EK202310203126,152.04132364588992
EK202310137546,144.50733102822227
EK202310121376,144.14091243804626
EK202310105109,132.75035528302473
EK202310205221,163.4783112394977
EK202310188382,163.58879328174913
EK202310241423,153.72554957931877
EK202310167391,138.04854117013542
EK202310228119,152.41824256624238
EK202310207564,158.18096565730804
EK202310141877,132.35827548648479
EK202310244134,134.63164021157496
EK202310148484,150.32119339387754
EK202310213947,118.92255873606709
EK202310189815,137.49708721938188
EK202310196971,169.14084067482116
EK202310170035,136.5677210723652
EK202310118616,148.32023424309747
EK202310202991,153.55210808287296
EK202310193605,142.52159645213573
EK202310142332,155.11333905777923
EK202310107201,139.21685925503107
EK202310196602,148.45168553092628
EK202310112787,146.38286815724067
EK202310237416,111.458849237942
EK202310234910,137.1929854485128
EK202310190727,137.23323991366354
EK202310114532,170.43127693451567
EK202310202380,130.55784005302078
EK202310196667,130.72506090260504
EK202310118771,134.87482185446635
EK202310112695,139.42045876261662
EK202310196403,126.15808688280981
EK202310214197,151.18953960378042
EK202310204797,151.64178738819024
EK202310107958,137.30340653293908
EK202310130013,161.3311157679391
EK202310135758,127.9400299047445
EK202310193054,117.7995664169684
EK202310148141,115.70042223576783
EK202310166034,171.09669516887345
EK202310158033,146.12105865019174
EK202310150288,156.52151108948925
EK202310113821,144.30846761289325
EK202310179440,158.64936840632805
EK202310217819,131.71149529921775
EK202310162109,169.49072268952494
EK202310200554,173.42773312823027
EK202310115242,133.46193245901893
EK202310154839,167.07811810714128
EK202310208688,138.3036171738069
EK202310191490,141.56455357936576
EK202310137318,136.68777019714483
EK202310142738,158.40429441843236
EK202310180609,135.69816252914092
EK202310158752,160.38623860764662
EK202310181525,153.21611002005363
EK202310236876,136.13260590539824
EK202310151933,131.01221940096514
EK202310203259,139.96153674222728
EK202310158609,138.40200668711543
EK202310142468,156.48878936053146
EK202310178475,141.4262803004073
EK202310113000,158.55592362432148
EK202310112010,138.6335589404558
EK202310141067,152.9838507740476
EK202310228986,108.88078411651354
EK202310123898,145.02881967167247
EK202310247624,146.29216266210113
EK202310110313,151.74391298479898
EK202310148786,140.87465881402153
EK202310200971,127.67882548107191
EK202310202596,162.5615410901457
EK202310196164,168.56780771226306
EK202310106209,127.11153799303823
EK202310177374,168.91980327640545
EK202310179062,151.48048277939668
EK202310222889,131.42068131990175
EK202310144590,139.05918410967587
EK202310136010,137.77288520120055
EK202310157710,146.79238043127205
EK202310168920,136.6653797234119
EK202310194908,141.2558419399463
EK202310245967,130.86474574573757
EK202310210453,138.32381761074868
EK202310223279,131.3766916528108
EK202310146923,133.68838149758807
EK202310231717,130.20616043886864
EK202310133833,120.49194385359871
EK202310108447,119.64532134146836
EK202310156614,174.01263734006056
EK202310124987,142.35170528199276
EK202310215881,131.82375486286782
EK202310161152,173.9795262887043
EK202310224348,138.41301414399612
EK202310242122,142.61246967506526
EK202310173831,161.65133804044643
EK202310122353,133.88659835038604
EK202310238723,148.56807883966525
EK202310232778,143.17630046138487
EK202310198262,138.93607789647916
EK202310206795,149.01727197301463
EK202310105061,128.72579722974115
EK202310147550,141.21256819187326
EK202310169793,157.0941189533496
EK202310174721,128.93403167409963
EK202310197557,176.57572167845956
EK202320007058,167.89156666287505
EK202310201254,128.38270489599907
EK202310243393,136.19512760399923
EK202310225384,141.92206727009636
EK202310004551,134.49928361001088
EK202310187388,143.5509667379787
EK202310221213,151.84930620480026
EK202310206186,144.9317670122835
EK202310118966,152.7264583006146
EK202310126228,129.34385968844947
EK202310143806,145.61742919694802
EK202310134776,129.93838369241507
EK202310222461,128.6366807245382
EK202310125996,130.9862320474777
EK202310219494,123.55276208482357
EK202310110685,120.49667580299369
EK202310222225,133.16237276279
EK202310191983,166.53115741615966
EK202310144685,156.81080928252462
EK202310179138,140.7682325360415
EK202310179457,125.39075779624082
EK202310217372,155.5562018291389
EK202310158103,179.21842910067167
EK202310167022,123.27278273022337
EK202310148101,143.80896046225794
EK202310174010,138.62660255433988
EK202310247906,175.81111889912853
EK202310146964,152.34011046264533
EK202310195616,138.4636037828006
EK202310187966,149.25048798072436
EK202310172204,134.42289396473709
EK202310201348,141.45822610259648
EK202310125866,136.95210847165896
EK202310107865,142.25824125886948
EK202310116596,146.56742473813392
EK202310247975,163.6142428696735
EK202310118528,136.1319205641023
EK202310148683,153.57881554456074
EK202310158367,170.3445644686401
EK202310126019,129.70954807431534
EK202310163868,124.51808540145072
EK202310125121,139.9691498531575
EK202310152576,138.6433501364753
EK202310170352,120.6415708197685
EK202310233529,155.19419482793185
EK202310186906,146.56365167568376
EK202310144083,172.9996294403197
EK202310184975,152.28814926623818
EK202310178056,146.6468426903315
EK202310188978,150.49221280862966
EK202310217567,120.52391638712602
EK202310184281,172.2245508765472
EK202310140673,155.10491952705786
EK202310228899,131.37971108171888
EK202310196162,121.60900875708722
EK202310135089,163.10142344962156
EK202310115752,125.99449289097312
EK202310214385,157.42914515522102
EK202310232516,133.5559762333509
EK202310220873,142.06258670271666
EK202310172989,151.72679212339273
EK202310240149,135.88160629303493
EK202310212616,138.61886904055473
EK202310187474,163.06867970787417
EK202310156838,150.84542565353192
EK202310183007,170.62169998653977
EK202310227341,166.4316003193913
EK202310110343,157.42326602402116
EK202310198412,157.9081361584739
EK202310150894,127.71580724933925
EK202310181422,139.9302078841401
EK202310198432,132.19209060452528
EK202310187779,146.5531655570707
EK202310159706,150.23266533399476
EK202310127815,142.7890736745574
EK202310242438,151.34923701557304
EK202310145323,153.0839979995333
EK202310130401,156.70962078578265
EK202310116797,143.2559308995531
EK202310123002,140.89311469813077
EK202310152154,156.44875825481543
EK202310117372,146.63185067296095
EK202310116670,136.52900088927413
EK202310237203,139.923266493445
EK202310162551,151.2690018507367
EK202310113370,143.618769168052
EK202310228900,136.85083889212626
EK202310175209,142.97985784966528
EK202310236343,146.2440459484833
EK202310236383,134.00725956571674
EK202310131357,128.98639007309072
EK202310159166,139.06180353911685
EK202310170247,152.6507803400773
EK202310222379,140.45717716444682
EK202310154909,164.65516465845428
EK202310146442,144.63363116059327
EK202310003774,126.98590264797937
EK202310112911,139.8512384826231
EK202310227351,145.66131403575145
EK202310209062,152.13454350120998
EK202310238802,133.00143185171973
EK202310210919,138.67764415320931
EK202310232835,128.1857215109614
EK202310117128,145.59099192618876
EK202310219225,143.80442248553445
EK202310174933,164.2297059956917
EK202310204676,163.77951257282103
EK202310107148,148.68871492997832
EK202310181371,158.82501953501128
EK202310146220,146.18913212761734
EK202310224369,126.29432471588646
EK202310114927,142.8759269979599
EK202310177552,127.89303735478542
EK202310221588,165.32102882732534
EK202310107465,143.86489611760032
EK202310135932,136.22023454078553
EK202310110876,136.2028769319163
EK202310237021,131.6568424359547
EK202310109014,127.89953263702864
EK202310140401,136.05278660454263
EK202310137294,137.1286603256435
EK202310163064,148.87782205007431
EK202310147482,150.96424090255098
EK202310127284,148.94458675639225
EK202310201694,151.20664563483405
EK202310198350,148.6375079561023
EK202310208750,149.07580974266205
EK202310004741,134.7350123249634
EK202310164975,143.15379914569
EK202310219480,134.16619517971543
EK202310213044,139.07760861584555
EK202310225710,136.56882262773797
EK202310174791,157.6844282832948
EK202310110800,126.48802322277555
EK202310208627,141.71962914272518
EK202310191043,151.27449459273782
EK202310154022,136.3569895789198
EK202310224070,133.37013578206526
EK202310119217,136.85477113215535
EK202310166221,148.36733775640798
EK202310135615,126.96349520843887
EK202310184260,140.90070278859028
EK202310123132,161.52813768442786
EK202310234461,126.63658515795551
EK202310167872,153.34729720845726
EK202310174913,164.00905015675806
EK202310199190,122.32456675772454
EK202310207044,136.8141416290695
EK202310121394,128.19818215821758
EK202310191133,159.4346424030961
EK202310222955,137.3526547158503
EK202310193537,128.44614427668932
EK202310131922,133.61135030885512
EK202310241321,167.09640162526594
EK202310223125,147.9262041827963
EK202310177034,155.2483758321284
EK202310189208,158.22474322258722
EK202320006578,173.64532375864772
EK202310204325,150.94798086178744
EK202310104387,148.6476179140451
EK202310188941,164.60919102372156
EK202310163981,125.7413800999077
EK202310222266,131.71630137127758
EK202310108713,134.88514751525156
EK202310201346,147.53740164727816
EK202310218638,133.62547243869435
EK202310161345,141.72059134556133
EK202310241526,127.34734399004323
EK202310199356,140.5278540206764
EK202310134515,138.27126843781065
EK202310004519,123.63150480918208
EK202310135276,159.47115638183348
EK202310219279,129.99346449272514
EK202310136740,138.3118415303193
EK202310200952,161.57083016710124
EK202310110068,134.76369765482838
EK202310157132,156.63865352018416
EK202310149621,137.50351340266724
EK202310138788,152.42775326774435
EK202310224324,141.2697078271111
EK202310239811,139.4122736281148
EK202310201046,142.4974954621678
EK202310165503,148.7522802581204
EK202310238259,149.4675368321303
EK202310165302,128.31531162544715
EK202310191144,142.41357595057246
EK202310185640,145.00837258232886
EK202310120926,137.04384685295904
EK202310197879,144.31347255717264
EK202310196320,169.01863841286104
EK202310220563,148.86636249703088
EK202310221699,148.21808114101202
EK202310229519,137.10829703681748
EK202310108573,154.57908196736437
EK202310184582,148.131864902243
EK202310211294,147.12337382347488
EK202310195625,151.62197803782178
EK202310139587,152.7650890999832
EK202310118764,123.95027237080426
EK202310110542,143.47439973999587
EK202310173704,149.77602210862028
EK202310136262,122.8185115627094
EK202310237271,138.71340555109416
EK202310205898,150.08944386542868
EK202310245831,122.89501304896376
EK202310193909,149.74135285910842
EK202310204263,143.82627160647235
EK202310105876,146.544531905088
EK202310192947,145.89713438739466
EK202310183403,146.2492412756353
EK202310133788,144.9701340060966
EK202310222018,144.77975381126117
EK202310129042,137.13601465128974
EK202310227808,131.17421996585898
EK202310218437,171.11947760852067
EK202310237736,141.04691041608203
EK202310141333,140.10114904345292
EK202310156395,140.88629541631428
EK202310004469,136.761089737038
EK202310114436,131.79372086001396
EK202310118411,128.23840960069475
EK202310163568,141.17816766669955
EK202310183481,158.845673077261
EK202310124719,146.86613226454256
EK202320006725,153.77028746677834
EK202310166370,150.99177048740256
EK202310133824,145.82517886283804
EK202310210325,139.27756420177627
EK202310144287,141.888259817624
EK202310130686,146.96284718568546
EK202310177102,137.67961494082806
EK202310168931,117.06560106375113
EK202310235183,131.12451874852954
EK202310228458,165.11357134935352
EK202310207703,154.74716081905598
EK202310203188,164.03064152248785
EK202310111430,117.27015447239485
EK202310244894,136.45634600508401
EK202310113983,139.16685840234817
EK202310202824,159.15959358855983
EK202310138446,139.3437108296005
EK202310176444,133.12979190091883
EK202310126844,130.76241801480714
EK202310226840,152.88908791894272
EK202310109459,134.5554523347746
EK202310118743,144.60330264760475
EK202310129553,137.87509862116448
EK202310199845,157.2371678806984
EK202310228563,131.7559893430401
EK202310218219,146.8935413549135
EK202310197921,151.02926884038743
EK202310233068,138.89455357447136
EK202310159242,178.22322050748693
EK202310198622,140.00085812541613
EK202310203352,132.36533367314763
EK202310164418,137.77583478011167
EK202310119871,161.38480002878498
EK202310207409,164.65470959991652
EK202310109177,158.59055027826835
EK202310165988,144.4003246186099
EK202310199785,147.46898439537824
EK202310196659,175.76220750985323
EK202310169272,136.51001190635165
EK202310197425,129.30517904474388
EK202310175738,125.13026334381264
EK202310135941,145.8163285529427
EK202310139904,139.13139983174025
EK202310194855,123.75003367265283
EK202310221332,128.55780956408393
EK202310126755,143.78273040459928
EK202310220018,148.4073739325209
EK202310134041,134.8078372473672
EK202310210951,145.37056438441897
EK202310122540,155.0982782995129
EK202310205978,133.57325111522334
EK202310159579,124.25936743623899
EK202310118408,138.20704907782408
EK202310115221,134.57524680285033
EK202310120155,149.61163808522923
EK202310163240,148.54439738614667
EK202310147464,139.6627846426488
EK202310248306,137.65598317129835
EK202310152592,139.03647978288518
EK202310192478,130.62302211981554
EK202310126785,131.83574771740385
EK202310110706,144.28940607288558
EK202310182765,158.872784909388
EK202310248138,141.75683609183562
EK202310186154,130.23926938462643
EK202310181675,168.46681055920567
EK202310217987,129.55295250134034
EK202310179130,148.99350451251485
EK202310135992,144.85546107067805
EK202310221623,164.2676005511095
EK202310113128,156.25817006890355
EK202310210010,128.44885049811933
EK202310163945,153.8810168353309
EK202310239487,125.13582340915633
EK202310238588,140.2417136453118
EK202310146898,147.96630763356555
EK202310147158,146.48086443939815
EK202310187097,118.2921409861837
EK202310195731,139.01310664557172
EK202310105999,141.61298462748996
EK202310200746,164.68378028092405
EK202310129579,139.22026725302604
EK202310197982,162.9415617435649
EK202310183465,129.385004152022
EK202310105248,137.1232191130232
EK202310142138,132.09027302592185
EK202310171408,144.69634629419832
EK202310131832,132.94430521212243
EK202310211971,130.20136293018237
EK202310240690,143.17949914149636
EK202310003608,114.03685723430692
EK202310145836,143.97065375879077
EK202310171399,151.58463482398702
EK202310137705,130.21241646416092
EK202310136000,158.01103424711084
EK202310133882,130.64796534828278
EK202310141636,145.66808127697863
EK202310147290,144.98105816193302
EK202310241487,141.32476590647687
EK202310137723,131.01928184497837
EK202310140855,143.83015905714944
EK202310177098,145.65873470179912
EK202320006676,186.4138996390956
EK202310112514,143.36502048061968
EK202310141677,146.37414089174177
EK202310175682,141.66357247176845
EK202310236633,137.35695485754607
EK202310196176,134.52103816622315
EK202310156999,141.39766186964633
EK202310213305,165.7442061827635
EK202310200333,165.68509639371402
EK202310196550,144.0251727380211
EK202310226257,136.68252620875649
EK202310210514,135.52507380934136
EK202310185954,134.19055504959854
EK202310239737,147.7358002529522
EK202310231636,132.09276797265582
EK202310167744,146.34201254003574
EK202310227786,135.43146666853784
EK202310234832,146.90793349733778
EK202310126608,128.98199302384828
EK202310231942,143.0433757277296
EK202310107679,146.69944973320986
EK202310154939,142.24638376694585
EK202310191434,130.97421893117115
EK202310143462,130.1228998351021
EK202310228890,136.79741156714772
EK202310181791,128.11900647066096
EK202310147122,141.84019788434497
EK202310114485,130.77512537234242
EK202310104634,133.04579891660813
EK202310183103,147.11725627656523
EK202310003449,125.33568848461901
EK202310220154,125.70659315906944
EK202310215919,134.1958799893722
EK202310183173,127.58161677631219
EK202310136581,141.8520726132797
EK202310135891,163.3850100285499
EK202310234960,131.41328795057836
EK202310213672,124.72394716533017
EK202310160012,143.4824106096382
EK202310112248,145.11353894894327
EK202310136825,142.69634047188376
EK202310243733,138.26503306775066
EK202310235540,131.05736295693765
EK202310241172,132.88085271147963
EK202310189939,134.19041994999003
EK202310115473,129.61708267656456
EK202310188980,168.93334338957158
EK202310248520,155.34464054994737
EK202320006015,155.13865780092846
EK202310156531,129.3612807494243
EK202310146465,136.08827927448357
EK202310104718,154.74580919284406
EK202310208272,148.4699728713971
EK202310170862,137.67120648972053
EK202310235381,162.93842028105823
EK202310171376,143.94851659077608
EK202310167650,126.54944398126125
EK202310160990,157.91053738317004
EK202310195882,131.85391612229117
EK202310190552,134.303177052121
EK202310120695,153.61347427743965
EK202310177689,143.13759202378807
EK202310116634,135.970255589258
EK202310110519,129.68210356292192
EK202310125017,152.4324332207362
EK202310182959,121.91426755556611
EK202310181811,154.8765836521749
EK202310214725,150.18107769522769
EK202310212263,143.9308236520895
EK202310122692,152.61430690520115
EK202310215131,138.29165050081895
EK202310202575,143.0133594163364
EK202310167856,131.3708289354102
EK202310196698,156.25822780512397
EK202310226483,135.70976137451618
EK202310162014,171.3416568789359
EK202310125942,148.41895259125658
EK202310106367,136.6779540340087
EK202310229140,143.46774383603596
EK202310207884,132.92106330446137
EK202310152869,165.67204808907434
EK202310178619,149.61811624626128
EK202310211976,140.3875522479159
EK202310229203,133.6012564884448
EK202310192119,176.55744999205388
EK202310202715,142.13231312560697
EK202320007183,165.77346679607152
EK202310218337,126.41996329964319
EK202310146967,153.21699380927305
EK202310184808,161.52261017965571
EK202310190764,117.43172674801146
EK202310156823,147.64346870874564
EK202310199791,148.52356828613293
EK202310128548,135.83229303871184
EK202310156699,130.87329805206969
EK202310191011,157.79984687704376
EK202310192556,125.37110754880015
EK202310201947,138.83912378396676
EK202310180835,137.48786250882068
EK202310218514,133.80681216759945
EK202310235403,128.8853429299944
EK202310222338,159.20393138564336
EK202310129625,127.21073628665155
EK202320005601,142.33753118844734
EK202310167199,154.47338347217826
EK202310216271,172.70730358994143
EK202310186219,171.39166637367583
EK202310200112,148.2771544679462
EK202310240709,132.47295976037879
EK202310140388,159.28626389991697
EK202310167460,143.39394039272048
EK202310207710,152.06243011744522
EK202310136954,139.18483152312103
EK202310238009,158.95974240905093
EK202310241135,149.9299973669704
EK202310118669,135.59175052024665
EK202310177676,135.43159644005303
EK202310110622,131.71912525414757
EK202310106125,162.4662630951631
EK202310137730,131.83309041087705
EK202310169952,151.8934921017015
EK202310201586,149.92932489826143
EK202310199082,165.3274538203055
EK202310110230,127.5029047963358
EK202310169093,162.43231420408574
EK202310151384,176.61942669327377
EK202310118353,123.5833586960105
EK202310217860,138.25464541209766
EK202310155832,133.77718693906382
EK202310192043,143.6514696440503
EK202310227031,140.37529457191272
EK202310181504,141.78985337075773
EK202310123944,135.52031430798152
EK202310155457,125.3227634383946
EK202310121127,159.1948418908765
EK202310004367,161.77215311652225
EK202310113745,153.82832801283257
EK202310121643,140.06716551057494
EK202310126640,137.94184288936623
EK202310203242,159.49585192779955
EK202310144892,120.46549623650303
EK202310108440,137.54457618331278
EK202310169807,157.2180243416546
EK202310247122,143.43872311868517
EK202310129519,159.81827392626582
EK202310235954,141.41933066840946
EK202310122880,134.291163732254
EK202310231944,131.84641739640165
EK202310244881,133.6036701580652
EK202310124312,138.6406190482015
EK202310193201,177.52802051786819
EK202310229571,101.28512894360293
EK202310157769,136.83435814633
EK202310109164,119.13107349039542
EK202310188000,147.16175877972495
EK202310109289,111.84149699018548
EK202310157844,137.7431951770741
EK202310237961,166.7591970230788
EK202310138503,161.78972036013357
EK202310155205,132.29661846889286
EK202310199658,159.06897138569704
EK202310168116,140.49220397781124
EK202310236349,141.96236162024132
EK202310003984,143.74176129691978
EK202310227800,140.2385600794064
EK202310238162,141.00428870314508
EK202310207863,136.54203213520455
EK202310104629,132.0804929222705
EK202310199877,159.90093711823573
EK202310242313,141.82142101858724
EK202310180497,141.239704012676
EK202310205863,149.36105483448662
EK202310198959,148.76606502612347
EK202310150579,147.84882888261205
EK202310142769,166.42209049643208
EK202310198383,140.51888467055127
EK202310114099,137.05049779639725
EK202310189094,161.07922413397145
EK202310128005,128.47956537932552
EK202310210639,143.56325682745265
EK202310247606,164.16765757839752
EK202310161724,126.73308875384363
EK202310141881,134.38547683827386
EK202310131694,141.19089787681415
EK202310204730,147.31061618475005
EK202310171972,139.44489135368565
EK202310208602,143.19918685440092
EK202310154432,125.52241802510284
EK202310122263,130.02093423813207
EK202310192830,144.29738233860036
EK202310211505,147.23631063182114
EK202310247017,161.78253838516932
EK202310106742,147.51661233240208
EK202310160358,140.12870265706937
EK202310241263,161.0202293042456
EK202310109888,141.52841205655838
EK202310119208,128.68207203309504
EK202310138383,120.81109408441336
EK202310195693,156.9398314616209
EK202310150042,142.72930731934986
EK202310233867,173.45841426582487
EK202310151155,129.45818718345387
EK202310152450,150.6219671262597
EK202310216227,153.121374628376
EK202310119674,158.58538369770713
EK202310151394,174.12145007866
EK202310198198,132.2876830805637
EK202310231585,114.46745196379034
EK202310220310,176.07025139373326
EK202310133553,126.88479251126677
EK202310119758,143.57249236350913
EK202310154895,168.79033272414233
EK202310166029,140.29023109259845
EK202310209935,141.64593379549802
EK202310106150,151.8910723162208
EK202310220446,145.86695377716484
EK202310138946,157.68998019412416
EK202310136698,127.00215839509056
EK202310237887,134.53169712075928
EK202310133476,155.69959940597357
EK202310219601,135.43442381486506
EK202310171218,151.46177457498953
EK202310235182,134.71005871441147
EK202310132648,121.35743107029946
EK202310244452,136.20359252669192
EK202310138113,147.16335987241763
EK202310187317,130.65571376964155
EK202310179142,139.87451802746503
EK202310165891,130.93583548515187
EK202310177495,143.7562947251097
EK202310150032,162.74773303622598
EK202310133680,127.57559595494502
EK202310133975,164.6209289331136
EK202310203779,121.7911501831936
EK202320007546,141.80366611589642
EK202310191528,142.17584732487504
EK202310129147,158.70066148633433
EK202310181778,125.58499246973636
EK202310230476,154.82455381277285
EK202310110448,130.22647272588148
EK202310107980,147.71323978848875
EK202310150018,152.99177923867245
EK202310222076,126.0180798847205
EK202310178437,152.44353673866513
EK202310206209,134.94652928892438
EK202310211038,141.99526136848147
EK202310130172,164.886549432516
EK202310166466,154.44093350406612
EK202310183473,128.4485720262045
EK202310196150,151.10473818849243
EK202310157693,124.31464717210194
EK202310104605,143.1125811487544
EK202310235306,141.59046299720802
EK202310107563,138.19203009174825
EK202310163320,140.0039442116764
EK202310136756,145.15327954349243
EK202310211564,129.08624234639746
EK202310232534,139.91259192903993
EK202310132550,138.82700609470774
EK202310160312,157.90574296352565
EK202310234805,141.4151333214121
EK202310185938,133.65935352568755
EK202310144699,159.6584637368028
EK202310191954,161.64632924842255
EK202310146126,123.43707162979453
EK202320006284,176.04802141848995
EK202310185460,141.52230473580283
EK202310191567,157.67430658462555
EK202310222307,151.54940210489985
EK202310105032,148.1185919297332
EK202310230256,130.32379404776339
EK202310220456,138.95313687183952
EK202310125059,138.87030163380322
EK202320006649,181.06986079794632
EK202310170919,146.02080776153664
EK202310244926,136.31143103472462
EK202310123389,143.3563417689941
EK202310122848,142.9809783595483
EK202310211774,131.11345796172742
EK202310197231,122.64156946235462
EK202310138568,125.84831648250639
EK202310198554,147.15406959283246
EK202310121478,136.3776390079146
EK202310236719,130.63250781610594
EK202310168801,161.79589324871245
EK202310224443,156.37548199331894
EK202310206512,139.31926485367944
EK202310220836,150.70907989538267
EK202310247269,139.82786278050605
EK202310131994,117.78037898715756
EK202310134008,110.38414671641483
EK202310157322,140.16879208081093
EK202310143414,162.03815546643983
EK202310173429,146.07449871082957
EK202310217512,126.13570728364134
EK202310166684,140.2375211097052
EK202310203358,144.47045643498504
EK202310135525,152.4517135003512
EK202310190632,145.61155804720087
EK202310109605,150.9030572748743
EK202310209788,135.29752758664563
EK202310184706,141.3102973302717
EK202320006994,163.70048973722746
EK202310184357,143.2293418684666
EK202320007190,134.76334381868665
EK202310105990,141.69067715853782
EK202310168348,114.74972927489333
EK202310138422,139.7012521078961
EK202310136152,150.10297125975575
EK202310126424,135.5189318498123
EK202310147111,148.9608684351893
EK202310231544,127.85911655445281
EK202310149122,142.4635212575761
EK202310212352,133.16432939582697
EK202310178385,147.13405888018914
EK202310224803,163.8641328848793
EK202310004063,174.73997951375435
EK202310206156,146.3077390767234
EK202310157699,136.59620607300226
EK202310154414,154.684380723392
EK202310149221,126.52888183318258
EK202310171384,158.56886997305006
EK202310153408,141.5529247170439
EK202310109654,148.6295785668464
EK202310158683,132.353079644329
EK202310206976,135.13688893421448
EK202310186788,136.41773103809385
EK202310187515,145.31255011153692
EK202310153792,156.80726311138764
EK202310144321,139.4015858519258
EK202310222822,138.53891290221137
EK202310152281,158.96374810112104
EK202310003851,164.846151155381
EK202310205656,166.87030739967463
EK202310239556,149.50314464511328
EK202310145427,157.32669796141357
EK202310107329,106.36642765087939
EK202310135305,152.17944251540314
EK202310225618,152.61285132965182
EK202310212945,138.62920062642075
EK202310244567,158.31075537243134
EK202310188392,120.46315109205823
EK202310188450,153.3340358683997
EK202310119188,146.44742342000856
EK202310156387,136.43377862178983
EK202310154237,123.47269513879853
EK202310232890,140.61805863215136
EK202310219207,136.87191343145773
EK202310247057,130.3091145660503
EK202310229305,138.66551359830157
EK202310128710,124.74056177409358
EK202310179533,147.71309558237348
EK202310115467,121.89683184827166
EK202310237723,135.7479142216786
EK202310197376,161.04304796792013
EK202310135350,158.08827082092165
EK202310135038,168.81096582917615
EK202310190843,155.8203748184145
EK202310148220,165.899480430793
EK202310193335,184.1063086975053
EK202310201565,138.68354792251338
EK202310108505,141.54726364953032
EK202310236715,145.77325400152642
EK202310149792,151.16290068948095
EK202310193733,147.14376740633776
EK202310248391,144.46860711972735
EK202310134202,150.23951370405845
EK202310174938,165.28867532301305
EK202310104253,135.30789528481142
EK202310178227,151.955286603758
EK202310200622,148.85947363720578
EK202310162938,132.19327291621622
EK202310136715,122.98393810082113
EK202310219551,144.44865068510282
EK202310213720,147.77309145854747
EK202310197334,173.6849984231868
EK202310162409,159.56155068733858
EK202310176758,124.38419378349491
EK202310106155,144.45578134539707
EK202310178600,161.12452684162315
EK202310181111,130.5445761219864
EK202310237737,129.93504957197797
EK202310135634,128.17497276425902
EK202310222019,145.2646761054323
EK202310211690,135.74597973091204
EK202310223930,144.8384402821805
EK202310159564,148.61906597860036
EK202310123361,155.3271259735672
EK202310154711,148.52976540500944
EK202310196284,171.6824581752589
EK202310142525,146.20154384466258
EK202310185635,152.2376601064425
EK202310163743,146.21949614426916
EK202310176119,154.22801280705852
EK202310243732,130.06043674983383
EK202310153106,151.07902408444846
EK202310105266,152.97184322104192
EK202310192211,142.62865295419593
EK202310109959,121.07759091349394
EK202310124347,135.8009436134081
EK202310215657,131.38113754597768
EK202310181609,146.90534882154233
EK202310166089,169.91219298442002
EK202310180562,140.9153263161271
EK202310220766,133.53507434777896
EK202310208527,134.73497625033528
EK202310197946,126.01495746494702
EK202310165805,120.66616487624707
EK202310184781,149.31096593098238
EK202310212044,164.50926860073128
EK202310182865,142.00088084551632
EK202310187564,152.7644021302025
EK202310187093,143.00552223275616
EK202310243295,143.66341534006065
EK202310156858,157.98129838254056
EK202310123996,178.70499454176365
EK202310120097,150.00531839036768
EK202310135094,167.01577836029125
EK202310189874,142.9308116776037
EK202310210390,143.81831584894218
EK202310108372,137.06049808956823
EK202310217559,147.25806487669735
EK202310136995,153.91517773807823
EK202310119918,136.84530079538942
EK202310108102,138.09388088450356
EK202310205335,140.31334831824176
EK202310192571,147.45613953378034
EK202310122214,157.21557441943017
EK202310111079,144.33202520838788
EK202310143134,153.73169485850576
EK202310244019,136.63485396884684
EK202310238237,133.270128885435
EK202310136960,133.2691352710548
EK202310140905,143.23207264156696
EK202310207571,154.22519463845737
EK202310185887,174.15232635461828
EK202310179874,137.97434356573038
EK202310228155,135.66277610284678
EK202320006551,174.18336735886612
EK202310198810,177.50049177602676
EK202310197956,137.45931970154052
EK202310109446,155.93884996029263
EK202310145921,135.6327415615128
EK202310127078,139.80069626375254
EK202310106661,131.42394955618053
EK202310107868,151.76317466531412
EK202310137756,138.04567319632028
EK202310112214,139.3375855536385
EK202310223082,152.34917843404816
EK202310180270,135.76743740307217
EK202310164239,154.90907514801813
EK202310126360,136.56553766978698
EK202320007775,163.01211661517664
EK202310212210,132.53139588442352
EK202310154670,159.56605316990857
EK202310225780,133.4492407235148
EK202310159250,137.23879197788284
EK202310189634,149.50217363894308
EK202310140814,133.6218540739901
EK202310127508,173.6430508934423
EK202310218677,142.09077010513343
EK202310128068,133.85048305749137
EK202310113414,128.1780460982798
EK202310127227,154.64634828783164
EK202310119514,141.79800881648518
EK202310228944,104.98505554525225
EK202310109272,132.9723412320767
EK202310181673,159.5387620798037
EK202310213638,133.32012350088274
EK202310244798,138.5319260711673
EK202310204831,141.07388819654483
EK202310208541,129.70735871544557
EK202310226684,151.33297278295365
EK202310106021,133.13136646810136
EK202310186790,137.35796368668525
EK202310134623,131.978801565021
EK202310004353,138.62395605125153
EK202310120823,133.64496929163857
EK202310193351,121.12992584629995
EK202310129759,137.1910751212128
EK202310211069,158.32998855582986
EK202310145710,119.60315652884616
EK202310129442,149.06690607518271
EK202310157511,136.8669216775945
EK202310210155,147.63419738717405
EK202310240481,121.51503366583455
EK202310182044,159.97052494660554
EK202310180996,144.89393632184817
EK202310130678,137.3943782333064
EK202310003775,127.06927677812529
EK202310155552,143.4657689958413
EK202310111202,139.70454461981112
EK202310108361,138.47150566331803
EK202310224126,142.9295674760852
EK202310115508,131.03597329128436
EK202310225464,132.08522975946528
EK202310198925,123.0382693944534
EK202310143314,154.78416392679986
EK202310231386,144.08595284060505
EK202310120970,119.58452496047327
EK202310179304,133.63446987653018
EK202310222188,137.3096825093723
EK202310173726,148.61530041261614
EK202310151318,143.84188924054826
EK202310139619,132.44639609103322
EK202310175938,159.67088909652153
EK202310178847,138.2192576578316
EK202310191627,146.48049238964393
EK202310180100,121.69632717668733
EK202310237846,147.0169362232868
EK202310136435,129.26807175867705
EK202310104391,121.20180353138335
EK202310182074,147.83401952970354
EK202310197546,166.3653027380149
EK202310237183,159.04921440078238
EK202310113688,153.36297538143842
EK202310168496,128.75612586672352
EK202310140650,132.97042233890204
EK202310202579,132.43847987307308
EK202310173337,140.32229464806687
EK202310148159,152.04243477079694
EK202310177447,133.6708627873469
EK202310172439,183.26555812434253
EK202310193776,142.41233377978938
EK202310126160,122.18123366782065
EK202310129091,147.86244681636305
EK202310180011,137.1110583776703
EK202310219524,159.05017291829702
EK202310188997,136.71199131338813
EK202310183044,142.65530492357092
EK202310192813,153.86994768849343
EK202310148696,156.79638066109646
EK202310197244,171.93292742413905
EK202310243949,124.23086150119468
EK202310223004,160.42769520351905
EK202310159964,154.5753100780639
EK202310226266,136.03076304574518
EK202310227381,141.80612008151036
EK202310143706,150.71032947786853
EK202310156505,141.53628431662202
EK202310146977,143.51484836567403
EK202310207164,163.64296641336182
EK202310115033,143.33543899963075
EK202310197774,178.37375726017348
EK202310183602,156.75079871844252
EK202310163574,140.55438843543791
EK202310139474,149.2367623349893
EK202310139787,137.34004845660107
EK202310151771,134.06235309923977
EK202310141474,140.9010689378161
EK202310201682,143.82695502848395
EK202310235051,146.114662240733
EK202310197036,141.71029970543992
EK202310208162,125.06437653213976
EK202310192736,131.94320019622856
EK202310239207,139.95387607434824
EK202310213359,110.90136803312772
EK202310165987,125.25549880716673
EK202310144351,136.4922523575203
EK202310192377,151.04791333106746
EK202310178661,149.32983571893357
EK202310133799,134.4523632887427
EK202310167137,138.4213458192382
EK202310196182,160.41506786965923
EK202310239217,127.92813192238266
EK202310163146,147.94891372568432
EK202310139455,155.0869221637074
EK202310164544,136.76018710807656
EK202310105037,152.67066949461883
EK202310168936,175.26127905256018
EK202310182321,139.92035349589165
EK202310223204,139.3514691005166
EK202310124648,123.53066756611415
EK202310133402,125.93499113259145
EK202310189249,139.06573335212516
EK202310211896,121.05401224198513
EK202310153695,135.34092155116608
EK202310197047,152.25245097450323
EK202310115358,133.08143702083416
EK202310178231,151.87251250181146
EK202310140750,173.10612604820923
EK202310196690,138.10272554112822
EK202310180158,123.0599713836605
EK202310118819,148.4722530511252
EK202310129172,114.89661285089765
EK202310160427,165.3000495759952
EK202310217514,148.32257733745615
EK202310228544,132.52301293650456
EK202310129411,147.35119473377884
EK202310120076,134.24992099517618
EK202310147682,162.7663334103468
EK202310119579,143.93169571516734
EK202310231294,133.03990897361066
EK202310205896,127.27171641778969
EK202310168792,151.44080410097973
EK202310194600,135.91627782376082
EK202310231773,119.53267213712509
EK202310197094,140.69420479140138
EK202310159125,154.35054292132
EK202310145220,139.48703003206919
EK202310109432,145.97628377489488
EK202310154128,120.8350084291201
EK202310226955,136.60032519132102
EK202310232457,129.9383983551884
EK202310196244,144.9832883397803
EK202310246079,144.3140573323303
EK202310168088,147.067326684189
EK202310128614,141.1568510108213
EK202310156766,145.69735411315506
EK202310208139,140.09140997279022
EK202310167951,141.08727263859436
EK202310140914,146.5137658320543
EK202310123858,140.99808183836817
EK202310246678,158.69863092773517
EK202310231310,142.86141038522916
EK202310145596,146.98867681284045
EK202310227515,156.44692058748498
EK202310124946,142.27443978316282
EK202310146823,132.2707714522054
EK202310135586,145.20797333113939
EK202310201307,134.48122905594613
EK202310182403,155.15160169771158
EK202310215443,126.10617383886814
EK202310126298,131.09387818717093
EK202310189734,136.24145751909833
EK202310150496,149.6409564202246
EK202310201647,139.2798862507803
EK202310236856,137.5525104551678
EK202310141840,159.7255649491661
EK202310129012,154.48161054071025
EK202310191859,131.1058287873211
EK202310128135,114.75437982501872
EK202310140784,150.84996688682145
EK202310106371,144.49699498358763
EK202310189118,136.66179680404588
EK202310185786,136.40403511850928
EK202310177437,143.86542505730458
EK202310183495,135.50892334227103
EK202310183166,150.86889406007367
EK202310121858,119.78975173938667
EK202310128877,131.38014920968897
EK202310155995,153.93499584945255
EK202310158905,133.06116388004014
EK202310197700,134.8633714873056
EK202310135362,134.24332400965486
EK202310238208,163.41843491106138
EK202310225984,143.31977294100412
EK202310196965,164.936888786913
EK202310244512,151.4831735878103
EK202310113816,140.536826249084
EK202310141423,140.5451072739408
EK202310226411,150.12160228108226
EK202310217081,138.2209221328668
EK202310161000,151.4000345356349
EK202310141027,158.42173446389597
EK202310231746,133.288017211118
EK202310209069,151.40615187142
EK202310142345,159.44111223288843
EK202310117104,148.87382726477378
EK202310108603,134.64284440444268
EK202310196141,147.64486679146242
EK202310192522,145.80105421053017
EK202310144266,132.64798211355836
EK202310203451,146.40214961422103
EK202310161877,167.5193511523652
EK202310155543,142.605964196385
EK202310123638,149.58604939716832
EK202310145309,144.70706464758229
EK202310138293,162.55572696276425
EK202310227474,136.99310276317618
EK202310227560,128.8783800945714
EK202310152889,176.4067938100386
EK202310107200,138.44525977633282
EK202310205243,132.24414020024435
EK202310203128,154.8375115134476
EK202310176303,159.50908734577604
EK202310236159,128.96388719635883
EK202310146226,137.6093437570044
EK202310114477,132.23580158028528
EK202310193701,151.96418185351502
EK202310132862,126.27969964260218
EK202310146635,134.8178085359397
EK202310118476,145.1338755530062
EK202310207776,139.23250715943308
EK202310165877,140.3966774366549
EK202320006410,143.59417671685958
EK202310111513,146.49432590825535
EK202310143909,139.1976853621345
EK202310132541,129.61777238826423
EK202310209469,160.33492282515434
EK202310103777,136.13320992883817
EK202310138311,158.8545558200378
EK202310155715,147.01504537360842
EK202310161111,176.24706747368347
EK202310231380,131.25961497864137
EK202310129520,133.88708449424547
EK202310234907,144.61684696194695
EK202310107216,99.83867464629172
EK202310106843,141.26235363835727
EK202310204308,156.73082043175583
EK202310214592,168.7496813050555
EK202310116839,153.07279854321902
EK202310180647,122.24019361073942
EK202310142824,134.12352433944025
EK202310196639,130.44941636810137
EK202310231947,134.19930260069404
EK202310135996,154.5517062516827
EK202310225970,122.59961014502643
EK202310232921,126.69770091291119
EK202310229671,145.1674957466403
EK202310143117,120.56254979671886
EK202310235001,123.37911183895899
EK202310223296,132.46333632139476
EK202310166180,148.7571619513816
EK202310144778,138.61919944530848
EK202310140206,163.167229888326
EK202310146221,129.3231248647064
EK202310191931,142.56287325580712
EK202310139195,122.17431316040768
EK202310110326,120.92077327101863
EK202310198683,151.87504126590176
EK202310108642,140.24052740699292
EK202310147919,154.5069913074517
EK202310120403,138.9236370333902
EK202310148663,154.57585544525008
EK202310194369,150.04622475827074
EK202310188744,152.85498160485625
EK202310197143,141.87507570013815
EK202310188007,156.44122683530338
EK202310230690,129.5015878499319
EK202310109322,134.26035396919832
EK202310122503,148.81295441743305
EK202310208466,138.55787537523364
EK202310169759,146.32875937669547
EK202310004770,137.10141957799678
EK202310197055,132.71990999349413
EK202310190099,142.923891832246
EK202310238226,137.17263556968308
EK202310166147,156.43216585156816
EK202320006000,170.59925541192038
EK202310214036,145.2473462304334
EK202310004510,134.47534970208304
EK202310144131,138.39178350797542
EK202310182006,168.41239676393712
EK202310115418,120.35955697010301
EK202310203399,150.32042733560672
EK202310219700,150.0754872659325
EK202310141585,143.8037784282006
EK202310236911,126.09578519439785
EK202310153553,136.6929110447895
EK202310152777,159.74868653923926
EK202310216006,136.07345705917407
EK202310159334,161.19353108434623
EK202310200189,136.55445402745409
EK202310176376,146.04746264031772
EK202310177091,150.20943042174272
EK202310135092,170.0732738147101
EK202310152730,160.67733085387277
EK202310194718,150.93722971149725
EK202310174761,165.0975272401863
EK202310187516,155.00427189013482
EK202310225948,146.26514598087175
EK202310159500,158.55209655363444
EK202320005628,148.97937266970257
EK202310150262,170.30606974282546
EK202310197555,170.88264020307642
EK202310224652,143.66989234767692
EK202310239239,128.25143838268133
EK202310222699,139.33266183668604
EK202310115560,152.1449661063679
EK202310179277,125.49602917402693
EK202310202696,170.00208487651315
EK202310154234,121.65208562124099
EK202310113254,134.855824503143
EK202310139630,147.9033918081157
EK202310202764,163.76643365623244
EK202310121640,140.85766225948518
EK202310142534,138.6047742452426
EK202310239215,141.69011304460773
EK202310244715,138.418830156624
EK202310185779,139.4297344584673
EK202310221201,132.06904756313182
EK202310206833,138.28499861541138
EK202310171904,163.13459693992394
EK202310178044,146.96701684543794
EK202310168114,164.5678962662732
EK202310138587,130.26237709487248
EK202310173356,146.05347984659832
EK202310197110,151.26492409658704
EK202310242357,126.91522731313545
EK202310208746,127.59430152512142
EK202310217847,133.55793475532352
EK202310199265,106.61029526227773
EK202310182895,147.29385691090178
EK202310107553,152.48662870159546
EK202310107608,132.3280288937563
EK202320005608,166.41596337530905
EK202310199563,135.9282363795035
EK202310141002,131.8651682168488
EK202310187238,155.13238635069635
EK202310187741,142.82676699673007
EK202310189994,157.4758173701498
EK202310147256,131.92257923321736
EK202310118527,142.90324874579807
EK202310229103,137.89004696998265
EK202310135696,119.61141962594256
EK202310165074,137.81514792770233
EK202310205649,134.92142790797038
EK202310174231,139.02413057434754
EK202310181105,134.31447929818603
EK202310173608,163.18846552748022
EK202310147350,129.53157620832192
EK202310145408,85.32576360150888
EK202310163214,130.71998985892398
EK202310141179,145.06876575025865
EK202310235877,130.14766134840266
EK202310168519,157.12778084066775
EK202310111852,143.8344898697727
EK202310120721,138.63031927855957
EK202310239396,146.18663035706905
EK202310125811,178.35721405034374
EK202310122414,158.31332786111767
EK202310109063,134.8426796399041
EK202310136944,128.52714650913325
EK202310112504,131.07463210852097
EK202310187424,152.78071065420184
EK202310107467,132.58793742710847
EK202310170488,144.60235545145395
EK202310221856,120.21056600243455
EK202310146245,135.45947425478218
EK202310211446,138.20865470514315
EK202310234464,118.11209570297585
EK202310216823,142.1817051422318
EK202310158691,143.52715298641078
EK202310130435,103.23559146468341
EK202310173064,135.6292879306026
EK202310159177,136.77151254141256
EK202310164312,127.50557610040431
EK202310190628,140.38396295145526
EK202310108846,146.05374381322815
EK202310180445,162.1774416628476
EK202310131205,156.5125762696847
EK202310164126,127.74335404690711
EK202310107936,153.77486942755507
EK202310243521,137.96310443711448
EK202310208141,132.44514767619555
EK202310190781,126.89016016174602
EK202310172000,144.0504400073061
EK202310190053,167.42204144095643
EK202310233066,108.87929619798341
EK202310131018,117.76577294081419
EK202310149945,155.21778152131864
EK202310205501,123.91767680779654
EK202310248483,125.63564655048464
EK202310129538,135.70385068799672
EK202310167469,169.31643591582718
EK202310106330,126.32548215250416
EK202310225391,143.45843052060383
EK202310125703,153.28333835860067
EK202310208418,131.58152210809013
EK202310147781,145.59692313698534
EK202310164598,148.02628752982093
EK202310214120,160.97739516158776
EK202310118444,130.4766388771172
EK202310145109,138.86688156858375
EK202310150661,157.58065870525468
EK202310134650,131.69987188296435
EK202310170695,163.37784390112265
EK202310171347,142.12443015735886
EK202310118507,126.07778342284371
EK202310135088,173.34578670651288
EK202310169570,141.520564865665
EK202310198285,153.12594886713677
EK202310244339,129.772248496392
EK202310218458,143.56859172348607
EK202310167361,153.42453779546886
EK202320006358,147.19298599039337
EK202310155685,139.813707529149
EK202310193521,156.02807488317592
EK202310178456,144.68936023368434
EK202310120435,135.61961860322364
EK202310229594,133.83727311213232
EK202310204793,138.3011731573151
EK202310128806,140.97529891340423
EK202310145561,142.31662440787196
EK202310218298,127.75444562763084
EK202310185508,161.4163477417854
EK202310169152,163.8189662456649
EK202310119338,111.51024337446908
EK202310172073,156.0797516275045
EK202310164403,151.09721587937466
EK202310228535,132.49904693333815
EK202310233245,134.3798451168452
EK202310247155,139.95391542275408
EK202310184707,160.11492589995348
EK202310244628,140.58699192947597
EK202310184991,134.99298328072425
EK202310200030,144.28770431433887
EK202310131926,131.28713129797652
EK202310183294,179.77455668352525
EK202310156979,142.70293692409768
EK202310196008,164.78172334173203
EK202310124917,144.10817871870037
EK202310182478,126.0367355086896
EK202310206853,144.9248861775957
EK202310131555,134.15723819310972
EK202310134282,154.1985037782473
EK202310120141,167.18288698262984
EK202310246441,131.71387140722047
EK202310195921,149.02811351544892
EK202310214428,134.33700697545814
EK202310124519,149.2862645178343
EK202310153352,158.9865301404663
EK202310155554,143.0698784031735
EK202310193684,119.47302202190154
EK202310225319,122.29105935290559
EK202310148621,143.20032029960913
EK202310237907,148.37016022864344
EK202310202805,138.84730018821662
EK202310161990,162.96987610369945
EK202310200477,126.44552706528171
EK202310114915,146.79823685635407
EK202310242909,138.3291157080447
EK202310142330,147.28040179246412
EK202310221377,132.79756894158066
EK202310137957,139.06936570687378
EK202310151180,152.84228419656506
EK202310182686,121.82675031715453
EK202310244166,139.19880270506982
EK202310242349,145.49185423146906
EK202310121472,120.75463610577631
EK202310192151,147.97934090472992
EK202310112554,137.6832121091709
EK202310225810,134.9335675883525
EK202310235008,141.24031991821985
EK202310217946,170.1111908951074
EK202310197822,151.11867456255294
EK202310003944,148.84682059009273
EK202310135754,128.8539020291053
EK202310235898,131.8064263540556
EK202310171140,140.0078665317013
EK202310145149,170.13888936371495
EK202310202195,141.3985292684014
EK202310220091,144.32421769815488
EK202310232376,141.28717713118164
EK202310189509,143.34609786170896
EK202310113709,152.6454794261491
EK202310119993,121.70472868581409
EK202310223647,158.11915917348554
EK202310227478,134.7643159405954
EK202310174661,131.6089794328786
EK202310165728,174.24942631488372
EK202310182436,164.23860948326984
EK202310181591,110.30044902053916
EK202310233458,143.6435975091949
EK202310138708,139.6179388845448
EK202310107419,138.33295933991843
EK202310242771,132.6832467356251
EK202310110825,117.15592919670983
EK202310148516,142.65297951579498
EK202310169259,160.76164395967578
EK202310139428,142.35243876043273
EK202320005946,167.12606331769996
EK202310212395,137.72953605549355
EK202310211186,137.4577591960636
EK202310124150,128.6573345282706
EK202310172970,145.77763170551293
EK202310212383,135.9507226971218
EK202310152532,123.94897761764724
EK202310174856,131.63750202477073
EK202310150761,131.41954807943998
EK202310192707,178.41692360436045
EK202320006514,168.13857859951457
EK202310230857,143.28866516729823
EK202310209642,156.58993014327382
EK202310244831,151.18849693884854
EK202310004958,137.22356737277133
EK202310222994,162.85347891531185
EK202310122972,141.07598087520543
EK202310240517,154.5467282619216
EK202310154489,144.77822062680286
EK202310149568,159.21974518835583
EK202310173750,150.59686819287188
EK202310127136,154.99306478930242
EK202310162460,140.75709897126157
EK202310237884,152.8069285372761
EK202310128591,131.1738477281733
EK202310167782,160.87386100216966
EK202310173162,145.7308751123581
EK202310176040,167.30011128797221
EK202310180187,125.24455339181208
EK202310205385,147.59664214643186
EK202310189417,149.66530736593347
EK202310110265,126.34009072840264
EK202310175081,159.5336511938903
EK202310241247,158.24655169743392
EK202310210940,137.921632610467
EK202310239869,137.95896434257025
EK202310208022,134.95762173625624
EK202310186683,137.9141858369838
EK202310244974,157.68984149810476
EK202310196503,134.11483380475298
EK202310147774,146.9062723042538
EK202310194263,148.6093697808398
EK202310188228,145.87963264300814
EK202310164624,148.28222724327006
EK202310153042,163.41594703058604
EK202310157883,157.62511901597392
EK202310110532,133.57748884838716
EK202310166599,162.23649821042193
EK202310153767,155.86655246909095
EK202310126138,128.6891004110627
EK202310121044,152.92792318766547
EK202310133142,151.68110802359726
EK202310128385,127.69698576840642
EK202310175042,120.42734576235607
EK202310189448,178.71505769896652
EK202310190050,172.3153833972313
EK202310172092,148.7455096607374
EK202310207334,128.111684739082
EK202310182559,128.26466751005708
EK202310137090,156.7637715831723
EK202310190532,133.18507553357227
EK202310236425,130.90289913576518
EK202310203185,121.29774493011647
EK202310168314,134.75849282437568
EK202310151263,161.16633261874654
EK202310108095,145.39668005166436
EK202310232838,141.5691213100936
EK202310135295,159.87887606912912
EK202310163910,148.91605276165646
EK202310194553,144.8792179087171
EK202310174190,133.9914419677387
EK202310231328,135.44399335269523
EK202310147991,156.39670787181802
EK202310161571,150.88379206698994
EK202310240598,136.53257542680268
EK202310236106,125.91328434333803
EK202310109500,135.8544318319632
EK202320005589,150.50661376047844
EK202310143413,147.35633332492446
EK202310153498,161.47393904293085
EK202310181818,153.5946512506082
EK202310137951,141.21436889072936
EK202310158889,155.1380667790623
EK202310147118,149.5289107360141
EK202310153978,160.43311482323907
EK202310107126,145.07551660828346
EK202310145858,127.58468259058452
EK202310220104,143.3365891711822
EK202310112400,128.62279698651625
EK202310236894,153.43001661436938
EK202310217550,133.32185081856483
EK202310236693,138.21543481153313
EK202310217785,123.63869590968227
EK202310235143,144.29189015505983
EK202310182831,144.20174561956773
EK202310117677,146.88534869616944
EK202310207224,138.94817304615106
EK202310217694,147.37703537373898
EK202310144000,145.1828530808141
EK202310165837,163.53446994284752
EK202310211421,148.0257108174313
EK202310004270,146.63698038786924
EK202310189309,167.36021471966308
EK202310127417,145.12335418551626
EK202310197347,171.1740163392391
EK202310209401,161.43817104127734
EK202310180542,128.33097015175065
EK202310162786,131.19773557344953
EK202310223059,141.98642364677676
EK202310147692,155.0387484751653
EK202310244440,155.41954094551687
EK202310180779,133.2933919676556
EK202310189325,128.843410668319
EK202310110924,118.48503292294696
EK202310157687,134.09991660601958
EK202310154799,141.61219578635445
EK202310169628,128.42810707082782
EK202310169107,173.95561464817894
EK202310105506,135.17693648680157
EK202310154969,134.61541378670196
EK202310122511,130.34908999963753
EK202310156453,172.8207331413635
EK202310246928,122.45909406498525
EK202310203362,168.24312095293726
EK202310138843,157.80602978460064
EK202310157857,158.21108374322915
EK202310236705,136.6902194837001
EK202310236064,129.7312355574709
EK202310190655,134.63550477816403
EK202310232773,173.02144052932016
EK202310209352,136.47032843836342
EK202310196574,136.51969860672455
EK202310153431,133.25739152292476
EK202310213738,151.7772223718134
EK202310159195,171.06298057842196
EK202310192497,130.46140775909828
EK202310179803,131.04721227923244
EK202310122219,137.26543983101078
EK202310121778,160.59876763372483
EK202310240799,139.0130542058565
EK202310186388,149.55344503980976
EK202310227442,146.68240088052684
EK202310236831,142.3675127212621
EK202310146534,142.32737178043809
EK202310108548,135.00316447111703
EK202310127039,133.12818207512495
EK202310239867,134.1770197542491
EK202310140091,159.38966482068858
EK202320007345,152.69569096733423
EK202310181587,136.88906534270092
EK202310183586,171.42439395303748
EK202310161537,151.47235807895368
EK202310221929,141.3860238292176
EK202310115533,131.27309360185419
EK202310245422,124.10987477683312
EK202310134303,132.5461392467806
EK202310206878,146.3136627648732
EK202310143077,132.79159358653436
EK202310187766,138.71472278063615
EK202310233861,179.80435572388538
EK202310145715,123.26057720538951
EK202310186238,128.33407266995675
EK202310168663,135.9691397169055
EK202310230983,132.37101285179878
EK202310139816,131.25999864807795
EK202310206473,127.73151755243661
EK202310153829,145.81112240515648
EK202310182371,146.18668606765533
EK202310173647,141.24574472881187
EK202310114150,144.42518084903824
EK202310242508,144.84988248687546
EK202310203427,155.03687960420237
EK202310132984,134.34793123471536
EK202310117793,108.16458856806085
EK202310138841,145.82837316792336
EK202310139058,160.18281305068066
EK202310164995,141.2089663550268
EK202310202198,170.72129941702923
EK202310160037,140.69576755156558
EK202310138091,146.48696785674997
EK202310183753,158.19893700557589
EK202310211184,124.522501143523
EK202310187233,148.36125664701683
EK202310225971,100.3213748785351
EK202310155927,130.83385387890135
EK202310123628,147.1765484929317
EK202310183593,176.81812273061888
EK202310196797,144.18742444161444
EK202310129620,148.0069597573553
EK202310157287,149.60508760623011
EK202310181152,136.84467613359556
EK202310203161,183.27731071921374
EK202310247889,131.57095449222322
EK202310205874,132.81333096688914
EK202310175828,151.4025972786328
EK202310141292,149.9395156150156
EK202310127480,136.19543634686255
EK202310112716,140.74233367025454
EK202310200229,142.66209068632654
EK202310112035,144.74428333917564
EK202310204257,133.6745779758365
EK202310145471,138.32472882373207
EK202310210409,140.66927247433028
EK202310166832,135.90098124575613
EK202310248711,133.61955263576732
EK202310177732,139.67411442565026
EK202310160771,137.96017555621705
EK202310136073,131.92621465205332
EK202310182269,152.34888158407728
EK202310240985,128.71057492084955
EK202310106392,139.76927562926238
EK202310208908,121.40558964438281
EK202310113165,132.26076110133016
EK202310152602,131.05896689027782
EK202310210636,141.2749823229154
EK202310140721,126.56418509201451
EK202310148290,142.93134123567518
EK202310199880,166.0599906836442
EK202310227144,148.3641578878093
EK202310147589,133.03325487924266
EK202310004177,159.32185653599726
EK202310138763,134.95110535873172
EK202310172464,174.97959293776313
EK202310105200,147.68787945126888
EK202310184573,149.5223454533604
EK202310208816,126.98203746878076
EK202310109118,138.76671071834014
EK202310200139,144.2462789821687
EK202310133070,126.13378386011155
EK202310122855,153.34514888546016
EK202310233834,145.83186227029688
EK202310209821,140.16418560249087
EK202310124502,136.82751997960972
EK202310187088,156.30966012536345
EK202310133122,156.1546559748811
EK202310004846,142.65288540752974
EK202310147252,137.32428720828398
EK202310175414,123.27865737543704
EK202310181170,145.68420752774477
EK202310004408,124.53811560487401
EK202310125748,172.44766649726728
EK202310131440,143.09211479406798
EK202310192559,131.55706931832535
EK202310192910,160.32053929367197
EK202310180784,158.14988339322036
EK202310236540,136.5573672126139
EK202310175339,128.6983197028071
EK202310160527,179.0948241637368
EK202310236221,149.94516913671353
EK202310238864,166.01503475394463
EK202310166680,143.71632875041092
EK202310117287,136.81522912124103
EK202310192797,154.28689374915933
EK202310200327,119.61458180413409
EK202310176045,158.5097506812539
EK202310148346,155.36196814635386
EK202310142274,139.07969051054633
EK202310122242,140.6857248567927
EK202310126568,126.99719487643122
EK202310204418,143.2294784321869
EK202310156236,156.71365180224552
EK202310189484,134.47915562714815
EK202310137543,136.0138418564222
EK202320007300,146.59019570914728
EK202310198932,125.97088636697227
EK202310108514,141.15351058295974
EK202310219932,151.1018087077103
EK202310132147,142.7033225540809
EK202310227649,160.9450085121581
EK202310224668,129.07603950864245
EK202310156447,148.4715494485653
EK202310210496,131.69340572215285
EK202310152297,149.59278171422613
EK202310187324,135.8312684030749
EK202310247309,130.85693816983027
EK202310190789,129.4027782121344
EK202310199601,136.48392162809145
EK202310239017,133.79070174005963
EK202310106841,126.1600102176402
EK202310182928,138.4417724742898
EK202310204568,134.40537057501487
EK202310243353,151.33811013099256
EK202310123522,132.2573179949928
EK202310162526,149.71557828623057
EK202310214114,161.77670211248707
EK202310197207,163.10398212940575
EK202310232110,131.4594982413389
EK202310179397,164.6759275360257
EK202310155653,130.06620204908896
EK202310004343,124.31859924048166
EK202310192586,150.96913486246186
EK202310186352,131.81042707163928
EK202310124214,131.7045666574093
EK202310228925,128.20075133672117
EK202310112746,149.8728448769642
EK202310158948,165.97147479527746
EK202310210700,136.54003926388182
EK202310164939,141.30242923168103
EK202310183358,177.96641659238338
EK202310144690,148.4248299429015
EK202310206169,138.84342102200003
EK202310107548,158.80015783155756
EK202310213425,137.57389394424692
EK202310127466,137.75211873851953
EK202310215414,183.8375413175999
EK202310113096,121.02291945492587
EK202310177778,142.93016449762618
EK202310225362,130.8571592220696
EK202310164338,162.68885586513613
EK202310247571,162.32514295829958
EK202310126985,122.22142519461988
EK202310226690,157.06868497746717
EK202310122754,112.4271507690745
EK202310114324,144.1451121359353
EK202310162544,167.38774502591204
EK202310185834,129.38436513028273
EK202310147784,150.5690024622006
EK202310122287,147.47740694238874
EK202310169104,164.0798458162164
EK202310212851,165.00481082885454
EK202310004912,147.5301198058915
EK202310122676,158.3402007508643
EK202310241678,150.8466644777014
EK202310235919,136.85171791827102
EK202310200266,149.20264136618874
EK202310229111,143.00914023480007
EK202310143535,160.79244942599786
EK202310132424,131.86173227663002
EK202310150394,156.32319011509153
EK202310121122,142.18315890966943
